Date,CPAT,CPI,EPU,FFR,INFE2,JOP,PPI,RBE,VIX,SP500,Evaluation
2000-11-10,573.967,2.870145,118.95,6.51,3.068525,5088,134.9,104.4,28.53,1365.97998,Significantly Undervalued
2000-12-26,573.967,2.972089,122.64,6.4,3.0517213,5088,134.3,103.28,28.73,1315.189941,Significantly Undervalued
2001-01-02,593.447,2.878468,231.58,5.98,2.6453361,5234,134.8,103.74,29.99,1283.27002,Significantly Undervalued
2001-01-10,593.447,2.878468,260.56,5.98,2.6453361,5234,134.8,103.74,26.8,1313.27002,Significantly Undervalued
2001-01-16,593.447,2.878468,56.8,5.98,2.6453361,5234,134.8,103.74,25.28,1326.650024,Significantly Undervalued
2001-01-17,593.447,2.878468,81.96,5.98,2.6453361,5234,134.8,103.74,24.93,1329.469971,Significantly Undervalued
2001-01-23,593.447,2.878468,57.94,5.98,2.6453361,5234,134.8,103.74,21.57,1360.400024,Undervalued
2001-01-26,593.447,2.878468,71.03,5.98,2.6453361,5234,134.8,103.74,22.57,1354.949951,Significantly Undervalued
2001-02-01,593.447,2.979742,163.54,5.49,2.6339332,5097,134.8,104.58,21.66,1373.469971,Undervalued
2001-02-23,593.447,2.979742,171.87,5.49,2.6339332,5097,134.8,104.58,27.21,1245.859985,Significantly Undervalued
2001-03-02,593.447,2.961886,135.22,5.31,2.3551451,4762,134.5,106.29,27.43,1234.180054,Significantly Undervalued
2001-03-07,593.447,2.961886,84.45,5.31,2.3551451,4762,134.5,106.29,24.12,1261.890015,Significantly Undervalued
2001-03-13,593.447,2.961886,180.89,5.31,2.3551451,4762,134.5,106.29,27.55,1197.660034,Significantly Undervalued
2001-03-29,593.447,2.961886,55.4,5.31,2.3551451,4762,134.5,106.29,29.17,1147.949951,Significantly Undervalued
2001-05-04,625.379,3.07401,44.09,4.21,2.7287533,4425,136.5,106.92,23.91,1266.609985,Undervalued
2001-05-24,625.379,3.07401,102.04,4.21,2.7287533,4425,136.5,106.92,20.57,1293.170044,Undervalued
2001-06-01,625.379,3.200619,60.75,3.97,2.7692591,4361,135.8,107.71,21.59,1260.670044,Undervalued
2001-06-05,625.379,3.200619,66.96,3.97,2.7692591,4361,135.8,107.71,19.58,1283.569946,Undervalued
2001-06-19,625.379,3.200619,91.43,3.97,2.7692591,4361,135.8,107.71,22.34,1212.579956,Significantly Undervalued
2001-06-20,625.379,3.200619,55.89,3.97,2.7692591,4361,135.8,107.71,21.71,1223.140015,Significantly Undervalued
2001-07-03,610.375,3.207811,51.96,3.77,2.7344045,4447,134.4,108.02,18.92,1234.449951,Undervalued
2001-07-06,610.375,3.207811,60.65,3.77,2.7344045,4447,134.4,108.02,21.63,1190.589966,Significantly Undervalued
2001-07-10,610.375,3.207811,51.88,3.77,2.7344045,4447,134.4,108.02,23.25,1181.52002,Significantly Undervalued
2001-07-11,610.375,3.207811,72.54,3.77,2.7344045,4447,134.4,108.02,24.01,1180.180054,Significantly Undervalued
2001-07-27,610.375,3.207811,70.18,3.77,2.7344045,4447,134.4,108.02,22,1205.819946,Significantly Undervalued
2001-08-07,610.375,3.251713,51.04,3.65,2.6213124,4024,134.6,106.16,21.01,1204.400024,Significantly Undervalued
2001-08-15,610.375,3.251713,62.21,3.65,2.6213124,4024,134.6,106.16,20.91,1178.02002,Significantly Undervalued
2001-08-17,610.375,3.251713,28.23,3.65,2.6213124,4024,134.6,106.16,23.84,1161.969971,Significantly Undervalued
2001-08-21,610.375,3.251713,284.78,3.65,2.6213124,4024,134.6,106.16,24.4,1157.26001,Significantly Undervalued
2001-08-24,610.375,3.251713,64.24,3.65,2.6213124,4024,134.6,106.16,19.71,1184.930054,Significantly Undervalued
2001-08-28,610.375,3.251713,62.82,3.65,2.6213124,4024,134.6,106.16,22,1161.51001,Significantly Undervalued
2001-08-29,610.375,3.251713,82.58,3.65,2.6213124,4024,134.6,106.16,23.03,1148.560059,Significantly Undervalued
2001-09-04,610.375,3.388746,84.6,3.07,2.8887227,4071,135.6,106.59,25.85,1132.939941,Significantly Undervalued
2001-09-27,610.375,3.388746,225.04,3.07,2.8887227,4071,135.6,106.59,34,1018.609985,Significantly Undervalued
2001-10-08,638.97,3.484066,247.37,2.49,2.3690791,3707,133.7,106.87,35.12,1062.439941,Significantly Undervalued
2001-10-31,638.97,3.484066,170.72,2.49,2.3690791,3707,133.7,106.87,33.56,1059.780029,Significantly Undervalued
2001-11-01,638.97,3.601999,204.93,2.09,2.194256,3775,132.7,107.38,32.31,1084.099976,Significantly Undervalued
2001-11-14,638.97,3.601999,178.13,2.09,2.194256,3775,132.7,107.38,26.56,1141.209961,Undervalued
2001-11-21,638.97,3.601999,91.95,2.09,2.194256,3775,132.7,107.38,24.19,1137.030029,Undervalued
2001-11-26,638.97,3.601999,117.73,2.09,2.194256,3775,132.7,107.38,23.79,1157.420044,Undervalued
2001-11-27,638.97,3.601999,126.59,2.09,2.194256,3775,132.7,107.38,24,1149.5,Undervalued
2001-12-11,638.97,3.56492,134.96,1.82,2.6112791,3677,131.6,106.95,25.3,1136.76001,Undervalued
2001-12-12,638.97,3.56492,217.98,1.82,2.6112791,3677,131.6,106.95,24.87,1137.069946,Undervalued
2001-12-21,638.97,3.56492,138.71,1.82,2.6112791,3677,131.6,106.95,22.5,1144.890015,Undervalued
2001-12-26,638.97,3.56492,85.13,1.82,2.6112791,3677,131.6,106.95,22.29,1149.369995,Undervalued
2002-01-11,722.722,3.557463,85.57,1.73,2.4847076,3699,131.7,108.06,22.6,1145.599976,Undervalued
2002-01-14,722.722,3.557463,89.58,1.73,2.4847076,3699,131.7,108.06,23.58,1138.410034,Undervalued
2002-01-17,722.722,3.557463,150.42,1.73,2.4847076,3699,131.7,108.06,22.25,1138.880005,Undervalued
2002-02-01,722.722,3.527436,52.7,1.74,2.3711401,3436,132,108.74,21.12,1122.199951,Undervalued
2002-02-12,722.722,3.527436,44,1.74,2.3711401,3436,132,108.74,21.62,1107.5,Undervalued
2002-02-20,722.722,3.527436,60.23,1.74,2.3711401,3436,132,108.74,22.66,1097.97998,Undervalued
2002-02-22,722.722,3.527436,92.85,1.74,2.3711401,3436,132,108.74,22.86,1089.839966,Significantly Undervalued
2002-02-25,722.722,3.527436,89.21,1.74,2.3711401,3436,132,108.74,21.84,1109.430054,Undervalued
2002-03-06,722.722,3.46848,45.57,1.73,2.3076717,3612,132.8,108.48,19.94,1162.77002,Overvalued
2002-03-13,722.722,3.46848,93.67,1.73,2.3076717,3612,132.8,108.48,19.46,1154.089966,Undervalued
2002-03-19,722.722,3.46848,83.47,1.73,2.3076717,3612,132.8,108.48,18.16,1170.290039,Overvalued
2002-03-21,722.722,3.46848,96.04,1.73,2.3076717,3612,132.8,108.48,18.15,1153.589966,Undervalued
2002-04-02,747.849,3.465822,41.99,1.75,2.7110517,3471,133.8,108.24,19.16,1136.76001,Undervalued
2002-04-04,747.849,3.465822,65.65,1.75,2.7110517,3471,133.8,108.24,19.78,1126.339966,Undervalued
2002-04-05,747.849,3.465822,49.59,1.75,2.7110517,3471,133.8,108.24,19.13,1122.72998,Undervalued
2002-04-19,747.849,3.465822,50.21,1.75,2.7110517,3471,133.8,108.24,18.3,1125.170044,Undervalued
2002-04-22,747.849,3.465822,96.37,1.75,2.7110517,3471,133.8,108.24,19.77,1107.829956,Undervalued
2002-05-02,747.849,3.452132,58.59,1.75,2.6334649,3457,133.5,106.72,20.07,1084.560059,Significantly Undervalued
2002-05-10,747.849,3.452132,92.73,1.75,2.6334649,3457,133.5,106.72,22.41,1054.98999,Significantly Undervalued
2002-05-14,747.849,3.452132,149.7,1.75,2.6334649,3457,133.5,106.72,19.35,1097.280029,Undervalued
2002-05-20,747.849,3.452132,100.98,1.75,2.6334649,3457,133.5,106.72,19.24,1091.880005,Undervalued
2002-05-21,747.849,3.452132,53.61,1.75,2.6334649,3457,133.5,106.72,20.05,1079.880005,Significantly Undervalued
2002-05-31,747.849,3.452132,76.14,1.75,2.6334649,3457,133.5,106.72,19.98,1067.140015,Significantly Undervalued
2002-06-03,747.849,3.241692,92.42,1.75,2.4701876,3412,133.6,105.5,23.37,1040.680054,Significantly Undervalued
2002-06-18,747.849,3.241692,71.98,1.75,2.4701876,3412,133.6,105.5,24.24,1037.140015,Significantly Undervalued
2002-06-20,747.849,3.241692,36.65,1.75,2.4701876,3412,133.6,105.5,27.48,1006.289978,Significantly Undervalued
2002-07-01,772.158,3.263706,128.21,1.73,2.4244786,3367,133.6,104.08,27.11,968.6500244,Significantly Undervalued
2002-07-03,772.158,3.263706,50.89,1.73,2.4244786,3367,133.6,104.08,29.42,953.9899902,Significantly Undervalued
2002-07-10,772.158,3.263706,80.22,1.73,2.4244786,3367,133.6,104.08,34.1,920.4699707,Significantly Undervalued
2002-07-18,772.158,3.263706,111.99,1.73,2.4244786,3367,133.6,104.08,35.12,881.5599976,Significantly Undervalued
2002-07-22,772.158,3.263706,170.2,1.73,2.4244786,3367,133.6,104.08,41.87,819.8499756,Significantly Undervalued
2002-08-06,772.158,3.146595,282.11,1.74,2.1833712,3517,133.7,105.31,42.03,859.5700073,Significantly Undervalued
2002-08-09,772.158,3.146595,98,1.74,2.1833712,3517,133.7,105.31,35.33,908.6400146,Significantly Undervalued
2002-08-12,772.158,3.146595,86.86,1.74,2.1833712,3517,133.7,105.31,37.05,903.7999878,Significantly Undervalued
2002-08-23,772.158,3.146595,32.99,1.74,2.1833712,3517,133.7,105.31,29.32,940.8599854,Significantly Undervalued
2002-08-28,772.158,3.146595,43.21,1.74,2.1833712,3517,133.7,105.31,33.32,917.8699951,Significantly Undervalued
2002-08-29,772.158,3.146595,20.29,1.74,2.1833712,3517,133.7,105.31,33.67,917.7999878,Significantly Undervalued
2002-09-12,772.158,3.026606,69.48,1.75,2.0435106,3301,135,105.81,37.5,886.9099731,Significantly Undervalued
2002-09-13,772.158,3.026606,194.68,1.75,2.0435106,3301,135,105.81,35.82,889.8099976,Significantly Undervalued
2002-09-24,772.158,3.026606,130.74,1.75,2.0435106,3301,135,105.81,40.52,819.289978,Significantly Undervalued
2002-10-01,836.039,2.937194,171.5,1.75,1.9701917,3479,135.6,106.57,34.12,847.9099731,Significantly Undervalued
2002-10-03,836.039,2.937194,63.62,1.75,1.9701917,3479,135.6,106.57,37.31,818.9500122,Significantly Undervalued
2002-10-15,836.039,2.937194,91.76,1.75,1.9701917,3479,135.6,106.57,34.02,881.2700195,Significantly Undervalued
2002-10-23,836.039,2.937194,118.06,1.75,1.9701917,3479,135.6,106.57,33.2,896.1400146,Significantly Undervalued
2002-11-15,836.039,2.824322,134.51,1.34,2.0151151,3514,134.6,105.22,26.65,909.8300171,Undervalued
2002-12-05,836.039,2.792164,168.52,1.24,2.0459363,3169,134,104.29,30.1,906.5499878,Undervalued
2002-12-18,836.039,2.792164,159.88,1.24,2.0459363,3169,134,104.29,28.29,891.1199951,Undervalued
2002-12-20,836.039,2.792164,173.39,1.24,2.0459363,3169,134,104.29,26.71,895.7600098,Undervalued
2003-01-02,807.272,2.778159,324.67,1.24,2.0717663,3441,135.7,102.92,25.39,909.0300293,Undervalued
2003-01-06,807.272,2.778159,166.02,1.24,2.0717663,3441,135.7,102.92,24.91,929.0100098,Undervalued
2003-01-08,807.272,2.778159,204.91,1.24,2.0717663,3441,135.7,102.92,25.53,909.9299927,Undervalued
2003-01-15,807.272,2.778159,153.47,1.24,2.0717663,3441,135.7,102.92,25.51,918.2199707,Undervalued
2003-01-23,807.272,2.778159,95.18,1.24,2.0717663,3441,135.7,102.92,27.53,887.3400269,Undervalued
2003-01-31,807.272,2.778159,126.75,1.24,2.0717663,3441,135.7,102.92,31.17,855.7000122,Significantly Undervalued
2003-02-13,807.272,2.69562,293.17,1.26,2.0847825,3229,137.6,103.25,33.7,817.3699951,Significantly Undervalued
2003-03-05,807.272,2.619135,152.34,1.25,1.8973156,3099,138.7,103.11,30.38,829.8499756,Significantly Undervalued
2003-03-18,807.272,2.619135,438.11,1.25,1.8973156,3099,138.7,103.11,30.43,866.4500122,Undervalued
2003-03-20,807.272,2.619135,193.85,1.25,1.8973156,3099,138.7,103.11,30.44,875.6699829,Undervalued
2003-04-04,847.592,2.450573,151.01,1.26,1.9668397,3108,136.3,102.1,29.13,878.8499756,Undervalued
2003-04-08,847.592,2.450573,150.91,1.26,1.9668397,3108,136.3,102.1,27.13,878.289978,Undervalued
2003-04-09,847.592,2.450573,118.04,1.26,1.9668397,3108,136.3,102.1,27.11,865.9899902,Undervalued
2003-04-15,847.592,2.450573,110.28,1.26,1.9668397,3108,136.3,102.1,22.56,890.8099976,Undervalued
2003-04-24,847.592,2.450573,135.15,1.26,1.9668397,3108,136.3,102.1,20.33,911.4299927,Undervalued
2003-04-25,847.592,2.450573,146.9,1.26,1.9668397,3108,136.3,102.1,20.8,898.8099976,Undervalued
2003-04-29,847.592,2.450573,67.31,1.26,1.9668397,3108,136.3,102.1,20.76,917.8400269,Overvalued
2003-05-02,847.592,2.338588,71.48,1.26,1.8937931,3289,135.8,98.46,20.63,930.0800171,Overvalued
2003-05-06,847.592,2.338588,157.9,1.26,1.8937931,3289,135.8,98.46,20.8,934.3900146,Overvalued
2003-05-23,847.592,2.338588,137.56,1.26,1.8937931,3289,135.8,98.46,19.17,933.2199707,Overvalued
2003-06-09,847.592,2.261697,136.06,1.22,2.0196281,3390,136.3,98.45,22.15,975.9299927,Significantly Overvalued
2003-06-12,847.592,2.261697,124.23,1.22,2.0196281,3390,136.3,98.45,20.41,998.5100098,Significantly Overvalued
2003-06-17,847.592,2.261697,131.17,1.22,2.0196281,3390,136.3,98.45,20.01,1011.659973,Significantly Overvalued
2003-06-26,847.592,2.261697,111.09,1.22,2.0196281,3390,136.3,98.45,19.4,985.8200073,Significantly Overvalued
2003-07-10,879.966,2.228217,72.87,1.01,1.7029904,2981,136.4,99.52,19.19,988.7000122,Significantly Overvalued
2003-07-14,879.966,2.228217,45.67,1.01,1.7029904,2981,136.4,99.52,19.59,1003.859985,Significantly Overvalued
2003-07-15,879.966,2.228217,52.31,1.01,1.7029904,2981,136.4,99.52,19.55,1000.419983,Significantly Overvalued
2003-07-16,879.966,2.228217,79.62,1.01,1.7029904,2981,136.4,99.52,19.76,994.0900269,Significantly Overvalued
2003-07-31,879.966,2.228217,124.04,1.01,1.7029904,2981,136.4,99.52,19.49,990.3099976,Significantly Overvalued
2003-08-04,879.966,2.155287,78.62,1.03,1.9821735,3190,137,100.87,21.27,982.8200073,Significantly Overvalued
2003-08-05,879.966,2.155287,56.81,1.03,1.9821735,3190,137,100.87,22.68,965.460022,Significantly Overvalued
2003-08-08,879.966,2.155287,67.18,1.03,1.9821735,3190,137,100.87,19.59,977.5900269,Significantly Overvalued
2003-09-03,879.966,2.174311,136.5,1.01,2.100063,3091,137.1,99.77,19.44,1026.27002,Significantly Overvalued
2003-09-12,879.966,2.174311,43.23,1.01,2.100063,3091,137.1,99.77,18.68,1018.630005,Significantly Overvalued
2003-09-16,879.966,2.174311,101.63,1.01,2.100063,3091,137.1,99.77,18.03,1029.319946,Significantly Overvalued
2003-09-17,879.966,2.174311,118.39,1.01,2.100063,3091,137.1,99.77,18.15,1025.969971,Significantly Overvalued
2003-09-26,879.966,2.174311,50.33,1.01,2.100063,3091,137.1,99.77,22.23,996.8499756,Significantly Overvalued
2003-10-28,918.387,2.150681,30.16,1.01,1.8492293,3305,138.2,97.48,16.82,1046.790039,Significantly Overvalued
2003-11-11,918.387,2.025956,13.5,1,2.0163405,3324,137.7,96.78,17.54,1046.569946,Significantly Overvalued
2003-11-13,918.387,2.025956,21.7,1,2.0163405,3324,137.7,96.78,16.47,1058.410034,Significantly Overvalued
2003-11-14,918.387,2.025956,34.92,1,2.0163405,3324,137.7,96.78,16.94,1050.349976,Significantly Overvalued
2003-11-17,918.387,2.025956,41.48,1,2.0163405,3324,137.7,96.78,18.6,1043.630005,Significantly Overvalued
2003-11-18,918.387,2.025956,58.06,1,2.0163405,3324,137.7,96.78,19.11,1034.150024,Significantly Overvalued
2003-11-19,918.387,2.025956,53.06,1,2.0163405,3324,137.7,96.78,18.8,1042.439941,Significantly Overvalued
2003-11-28,918.387,2.025956,30.82,1,2.0163405,3324,137.7,96.78,16.32,1058.199951,Significantly Overvalued
2003-12-18,918.387,1.967767,28.13,0.98,2.1893069,3414,137.7,95.11,16.16,1089.180054,Significantly Overvalued
2003-12-24,918.387,1.967767,40.71,0.98,2.1893069,3414,137.7,95.11,16.66,1094.040039,Significantly Overvalued
2003-12-26,918.387,1.967767,74.45,0.98,2.1893069,3414,137.7,95.11,17.45,1095.890015,Significantly Overvalued
2003-12-31,918.387,1.967767,68.15,0.98,2.1893069,3414,137.7,95.11,18.31,1111.920044,Significantly Overvalued
2004-01-06,1017.183,1.949813,53.82,1,2.0153589,3424,138.9,93.75,16.73,1123.670044,Significantly Overvalued
2004-01-08,1017.183,1.949813,47.01,1,2.0153589,3424,138.9,93.75,15.61,1131.920044,Significantly Overvalued
2004-01-13,1017.183,1.949813,95.37,1,2.0153589,3424,138.9,93.75,18.04,1121.219971,Significantly Overvalued
2004-01-27,1017.183,1.949813,154.67,1,2.0153589,3424,138.9,93.75,15.35,1144.050049,Significantly Overvalued
2004-01-28,1017.183,1.949813,55.13,1,2.0153589,3424,138.9,93.75,16.78,1128.47998,Significantly Overvalued
2004-02-09,1017.183,2.037157,73.15,1.01,2.0270527,3532,139.3,94.42,16.39,1139.810059,Significantly Overvalued
2004-02-20,1017.183,2.037157,98.7,1.01,2.0270527,3532,139.3,94.42,16.04,1144.109985,Significantly Overvalued
2004-02-27,1017.183,2.037157,56.26,1.01,2.0270527,3532,139.3,94.42,14.55,1144.939941,Significantly Overvalued
2004-03-03,1017.183,2.126567,82.43,1,1.8418985,3525,140.3,95.67,14.55,1151.030029,Significantly Overvalued
2004-03-12,1017.183,2.126567,101.09,1,1.8418985,3525,140.3,95.67,18.3,1120.569946,Significantly Overvalued
2004-03-15,1017.183,2.126567,44.24,1,1.8418985,3525,140.3,95.67,21.13,1104.48999,Significantly Overvalued
2004-03-18,1017.183,2.126567,54.52,1,1.8418985,3525,140.3,95.67,18.53,1122.319946,Significantly Overvalued
2004-03-24,1017.183,2.126567,37.44,1,1.8418985,3525,140.3,95.67,19.81,1091.329956,Overvalued
2004-03-30,1017.183,2.126567,21.32,1,1.8418985,3525,140.3,95.67,16.28,1127,Significantly Overvalued
2004-04-12,1029.643,2.247883,26.54,1,1.8951382,3511,141.8,96.37,15.28,1145.199951,Significantly Overvalued
2004-04-13,1029.643,2.247883,76.02,1,1.8951382,3511,141.8,96.37,17.26,1129.439941,Significantly Overvalued
2004-04-19,1029.643,2.247883,41.75,1,1.8951382,3511,141.8,96.37,15.42,1135.819946,Significantly Overvalued
2004-04-27,1029.643,2.247883,29.77,1,1.8951382,3511,141.8,96.37,15.07,1138.109985,Significantly Overvalued
2004-05-06,1029.643,2.228612,28.43,1,2.2316022,3710,143.3,98.26,17.05,1113.98999,Overvalued
2004-05-12,1029.643,2.228612,89.88,1,2.2316022,3710,143.3,98.26,18.14,1097.280029,Overvalued
2004-05-13,1029.643,2.228612,57.44,1,2.2316022,3710,143.3,98.26,18.86,1096.439941,Overvalued
2004-05-14,1029.643,2.228612,100.72,1,2.2316022,3710,143.3,98.26,18.47,1095.699951,Overvalued
2004-05-26,1029.643,2.228612,50.05,1,2.2316022,3710,143.3,98.26,15.97,1114.939941,Overvalued
2004-06-22,1029.643,2.370793,86.36,1.03,2.4611454,3337,142.9,97.59,14.31,1134.410034,Significantly Overvalued
2004-06-23,1029.643,2.370793,28.5,1.03,2.4611454,3337,142.9,97.59,13.98,1144.060059,Significantly Overvalued
2004-07-02,1071.377,2.254997,30.01,1.26,2.2811944,3814,143.2,96.68,15.08,1125.380005,Overvalued
2004-07-07,1071.377,2.254997,55.41,1.26,2.2811944,3814,143.2,96.68,15.81,1118.329956,Overvalued
2004-07-14,1071.377,2.254997,45.91,1.26,2.2811944,3814,143.2,96.68,13.76,1111.469971,Overvalued
2004-07-28,1071.377,2.254997,47.58,1.26,2.2811944,3814,143.2,96.68,16.15,1095.420044,Overvalued
2004-07-29,1071.377,2.254997,54.42,1.26,2.2811944,3814,143.2,96.68,15.68,1100.430054,Overvalued
2004-07-30,1071.377,2.254997,43.96,1.26,2.2811944,3814,143.2,96.68,15.32,1101.719971,Overvalued
2004-08-26,1071.377,2.249671,37.69,1.43,2.3105157,3541,143.7,96.75,14.91,1105.089966,Overvalued
2004-08-31,1071.377,2.249671,26.87,1.43,2.3105157,3541,143.7,96.75,15.29,1104.23999,Overvalued
2004-09-03,1071.377,2.23192,152.34,1.61,2.403978,3821,144.2,96.19,13.91,1113.630005,Overvalued
2004-10-11,1049.924,2.229333,153.4,1.76,2.1612211,3943,146.5,95.04,14.71,1124.390015,Overvalued
2004-10-12,1049.924,2.229333,87.77,1.76,2.1612211,3943,146.5,95.04,15.05,1121.839966,Overvalued
2004-10-13,1049.924,2.229333,105.88,1.76,2.1612211,3943,146.5,95.04,15.42,1113.650024,Overvalued
2004-10-15,1049.924,2.229333,65.62,1.76,2.1612211,3943,146.5,95.04,15.04,1108.199951,Overvalued
2004-10-18,1049.924,2.229333,103.07,1.76,2.1612211,3943,146.5,95.04,14.71,1114.02002,Overvalued
2004-10-20,1049.924,2.229333,36.91,1.76,2.1612211,3943,146.5,95.04,14.85,1103.660034,Undervalued
2004-10-21,1049.924,2.229333,44.07,1.76,2.1612211,3943,146.5,95.04,14.54,1106.48999,Undervalued
2004-10-22,1049.924,2.229333,66.65,1.76,2.1612211,3943,146.5,95.04,15.28,1095.73999,Undervalued
2004-10-27,1049.924,2.229333,177.79,1.76,2.1612211,3943,146.5,95.04,15.72,1125.400024,Overvalued
2004-11-12,1049.924,2.293798,27.22,1.93,2.176672,3472,146.1,92.4,13.33,1184.170044,Significantly Overvalued
2004-11-15,1049.924,2.293798,65.69,1.93,2.176672,3472,146.1,92.4,13.38,1183.810059,Significantly Overvalued
2004-11-29,1049.924,2.293798,32.12,1.93,2.176672,3472,146.1,92.4,13.3,1178.569946,Significantly Overvalued
2004-12-01,1049.924,2.304188,25.39,2.16,1.9994394,4074,145,90.9,12.97,1191.369995,Significantly Overvalued
2004-12-14,1049.924,2.304188,34.51,2.16,1.9994394,4074,145,90.9,12.73,1203.380005,Significantly Overvalued
2004-12-17,1049.924,2.304188,20.78,2.16,1.9994394,4074,145,90.9,11.95,1194.199951,Significantly Overvalued
2005-01-06,1104.414,2.308836,30.67,2.28,2.1829327,3804,146.2,91.59,13.58,1187.890015,Significantly Overvalued
2005-01-13,1104.414,2.308836,61.48,2.28,2.1829327,3804,146.2,91.59,12.84,1177.449951,Significantly Overvalued
2005-01-28,1104.414,2.308836,26,2.28,2.1829327,3804,146.2,91.59,13.24,1171.359985,Significantly Overvalued
2005-02-02,1104.414,2.279146,14.18,2.5,2.190567,3965,147,91.77,11.66,1193.189941,Significantly Overvalued
2005-02-08,1104.414,2.279146,127.22,2.5,2.190567,3965,147,91.77,11.6,1202.300049,Significantly Overvalued
2005-02-14,1104.414,2.279146,41.5,2.5,2.190567,3965,147,91.77,11.52,1206.140015,Significantly Overvalued
2005-02-16,1104.414,2.279146,51.12,2.5,2.190567,3965,147,91.77,11.1,1210.339966,Significantly Overvalued
2005-02-24,1104.414,2.279146,43.56,2.5,2.190567,3965,147,91.77,11.57,1200.199951,Significantly Overvalued
2005-03-01,1104.414,2.238654,35.19,2.63,2.3487516,4044,148.9,91.68,12.04,1210.410034,Significantly Overvalued
2005-03-02,1104.414,2.238654,51.54,2.63,2.3487516,4044,148.9,91.68,12.5,1210.079956,Significantly Overvalued
2005-03-03,1104.414,2.238654,43.02,2.63,2.3487516,4044,148.9,91.68,12.93,1210.469971,Significantly Overvalued
2005-03-07,1104.414,2.238654,41.82,2.63,2.3487516,4044,148.9,91.68,12.26,1225.310059,Significantly Overvalued
2005-03-28,1104.414,2.238654,84.33,2.63,2.3487516,4044,148.9,91.68,13.75,1174.280029,Overvalued
2005-04-13,1133.053,2.231837,47.86,2.79,2.4358565,4159,149.6,92.94,13.31,1173.790039,Overvalued
2005-04-14,1133.053,2.231837,41.14,2.79,2.4358565,4159,149.6,92.94,14.53,1162.050049,Overvalued
2005-05-03,1133.053,2.350311,188.48,3,2.4315978,3797,149.4,93.19,14.53,1161.170044,Overvalued
2005-05-10,1133.053,2.350311,74.58,3,2.4315978,3797,149.4,93.19,14.91,1166.219971,Overvalued
2005-05-19,1133.053,2.350311,41.57,3,2.4315978,3797,149.4,93.19,13.32,1191.079956,Overvalued
2005-05-23,1133.053,2.350311,9.69,3,2.4315978,3797,149.4,93.19,12.95,1193.859985,Significantly Overvalued
2005-06-01,1133.053,2.191008,39.45,3.04,2.275794,4062,149.6,94.3,12.36,1202.219971,Significantly Overvalued
2005-06-10,1133.053,2.191008,63.21,3.04,2.275794,4062,149.6,94.3,11.96,1198.109985,Significantly Overvalued
2005-07-05,1155.571,2.292571,73.9,3.26,2.3060153,4256,151,94.92,11.68,1204.98999,Significantly Overvalued
2005-07-07,1155.571,2.292571,37.61,3.26,2.3060153,4256,151,94.92,12.49,1197.869995,Overvalued
2005-07-29,1155.571,2.292571,38.96,3.26,2.3060153,4256,151,94.92,11.57,1234.180054,Significantly Overvalued
2005-08-16,1155.571,2.256804,24.99,3.5,2.4405891,4142,151.8,93.94,13.52,1219.339966,Significantly Overvalued
2005-08-22,1155.571,2.256804,187.42,3.5,2.4405891,4142,151.8,93.94,13.42,1221.72998,Significantly Overvalued
2005-08-26,1155.571,2.256804,61.91,3.5,2.4405891,4142,151.8,93.94,13.72,1205.099976,Overvalued
2005-08-29,1155.571,2.256804,59.48,3.5,2.4405891,4142,151.8,93.94,13.52,1212.280029,Overvalued
2005-10-05,1208.145,2.318218,22.43,3.78,2.6804109,4184,156.6,95.6,14.55,1196.390015,Overvalued
2005-10-06,1208.145,2.318218,48.52,3.78,2.6804109,4184,156.6,95.6,14.96,1191.48999,Overvalued
2005-10-10,1208.145,2.318218,36.8,3.78,2.6804109,4184,156.6,95.6,15.55,1187.329956,Undervalued
2005-10-11,1208.145,2.318218,25.29,3.78,2.6804109,4184,156.6,95.6,15.63,1184.869995,Undervalued
2005-10-12,1208.145,2.318218,52.07,3.78,2.6804109,4184,156.6,95.6,16.22,1177.680054,Undervalued
2005-10-20,1208.145,2.318218,40.69,3.78,2.6804109,4184,156.6,95.6,16.11,1177.800049,Undervalued
2005-11-10,1208.145,2.424911,36.38,4,2.8053208,4248,152.7,95.56,11.9,1230.959961,Significantly Overvalued
2005-11-14,1208.145,2.424911,30.57,4,2.8053208,4248,152.7,95.56,12.18,1233.76001,Significantly Overvalued
2005-11-17,1208.145,2.424911,82.43,4,2.8053208,4248,152.7,95.56,11.25,1242.800049,Significantly Overvalued
2005-11-22,1208.145,2.424911,26.69,4,2.8053208,4248,152.7,95.56,10.6,1261.22998,Significantly Overvalued
2005-11-29,1208.145,2.424911,40.39,4,2.8053208,4248,152.7,95.56,11.89,1257.47998,Significantly Overvalued
2005-12-05,1208.145,2.463042,40.72,4.16,2.8832347,4282,152.8,94.38,11.6,1262.089966,Significantly Overvalued
2006-01-09,1254.443,2.444816,41.45,4.29,2.4336446,4397,154.1,93.5,11.13,1290.150024,Significantly Overvalued
2006-02-03,1254.443,2.492938,46.18,4.49,2.5209066,4325,153.5,93.65,12.96,1264.030029,Significantly Overvalued
2006-02-06,1254.443,2.492938,63.82,4.49,2.5209066,4325,153.5,93.65,13.04,1265.02002,Significantly Overvalued
2006-02-08,1254.443,2.492938,27.25,4.49,2.5209066,4325,153.5,93.65,12.83,1265.650024,Significantly Overvalued
2006-02-22,1254.443,2.492938,21.65,4.49,2.5209066,4325,153.5,93.65,11.88,1292.670044,Significantly Overvalued
2006-02-23,1254.443,2.492938,23.28,4.49,2.5209066,4325,153.5,93.65,11.87,1287.790039,Significantly Overvalued
2006-02-24,1254.443,2.492938,92.74,4.49,2.5209066,4325,153.5,93.65,11.46,1289.430054,Significantly Overvalued
2006-02-27,1254.443,2.492938,101.22,4.49,2.5209066,4325,153.5,93.65,11.59,1294.119995,Significantly Overvalued
2006-03-06,1254.443,2.575349,37.49,4.59,2.1593927,4732,155,94.22,12.74,1278.26001,Significantly Overvalued
2006-03-14,1254.443,2.575349,47.5,4.59,2.1593927,4732,155,94.22,10.74,1297.47998,Significantly Overvalued
2006-03-16,1254.443,2.575349,46.26,4.59,2.1593927,4732,155,94.22,11.98,1305.329956,Significantly Overvalued
2006-03-22,1254.443,2.575349,113.35,4.59,2.1593927,4732,155,94.22,11.21,1305.040039,Significantly Overvalued
2006-03-24,1254.443,2.575349,40.62,4.59,2.1593927,4732,155,94.22,11.19,1302.949951,Significantly Overvalued
2006-03-29,1254.443,2.575349,62.11,4.59,2.1593927,4732,155,94.22,10.95,1302.890015,Significantly Overvalued
2006-03-31,1254.443,2.575349,31.92,4.59,2.1593927,4732,155,94.22,11.39,1294.869995,Significantly Overvalued
2006-04-05,1258.593,2.67529,26.97,4.79,2.6704905,4790,157.2,93.95,11.13,1311.560059,Significantly Overvalued
2006-04-06,1258.593,2.67529,79.42,4.79,2.6704905,4790,157.2,93.95,11.45,1309.040039,Significantly Overvalued
2006-04-10,1258.593,2.67529,35.01,4.79,2.6704905,4790,157.2,93.95,12.19,1296.619995,Significantly Overvalued
2006-04-17,1258.593,2.67529,54.15,4.79,2.6704905,4790,157.2,93.95,12.58,1285.329956,Significantly Overvalued
2006-04-18,1258.593,2.67529,46.95,4.79,2.6704905,4790,157.2,93.95,11.4,1307.280029,Significantly Overvalued
2006-04-20,1258.593,2.67529,21.75,4.79,2.6704905,4790,157.2,93.95,11.64,1311.459961,Significantly Overvalued
2006-04-21,1258.593,2.67529,27.01,4.79,2.6704905,4790,157.2,93.95,11.59,1311.280029,Significantly Overvalued
2006-04-27,1258.593,2.67529,47.16,4.79,2.6704905,4790,157.2,93.95,11.84,1309.719971,Significantly Overvalued
2006-05-01,1258.593,2.778406,110.12,4.94,2.7761536000000002,4463,158.5,92.28,12.54,1305.189941,Significantly Overvalued
2006-05-10,1258.593,2.778406,38.93,4.94,2.7761536000000002,4463,158.5,92.28,11.78,1322.849976,Significantly Overvalued
2006-05-19,1258.593,2.778406,63.98,4.94,2.7761536000000002,4463,158.5,92.28,17.18,1267.030029,Overvalued
2006-06-01,1258.593,3.029285,85.51,4.99,2.7155452,4614,159.5,93.73,14.52,1285.709961,Overvalued
2006-06-02,1258.593,3.029285,82.2,4.99,2.7155452,4614,159.5,93.73,14.32,1288.219971,Overvalued
2006-06-06,1258.593,3.029285,84.25,4.99,2.7155452,4614,159.5,93.73,17.34,1263.849976,Overvalued
2006-06-15,1258.593,3.029285,54.5,4.99,2.7155452,4614,159.5,93.73,15.9,1256.160034,Overvalued
2006-06-16,1258.593,3.029285,45.45,4.99,2.7155452,4614,159.5,93.73,17.25,1251.540039,Undervalued
2006-06-30,1258.593,3.029285,136.32,4.99,2.7155452,4614,159.5,93.73,13.08,1270.199951,Overvalued
2006-07-17,1288.079,3.089187,97.42,5.24,2.767961,4394,159.4,93.7,18.64,1234.48999,Undervalued
2006-07-31,1288.079,3.089187,85.5,5.24,2.767961,4394,159.4,93.7,14.95,1276.660034,Overvalued
2006-08-01,1288.079,3.219901,142.71,5.25,2.7582447,4710,159.8,93.01,15.05,1270.920044,Overvalued
2006-08-09,1288.079,3.219901,153.8,5.25,2.7582447,4710,159.8,93.01,15.2,1265.949951,Overvalued
2006-08-14,1288.079,3.219901,55.21,5.25,2.7582447,4710,159.8,93.01,14.26,1268.209961,Overvalued
2006-08-15,1288.079,3.219901,85.03,5.25,2.7582447,4710,159.8,93.01,13.42,1285.579956,Overvalued
2006-08-17,1288.079,3.219901,24.82,5.25,2.7582447,4710,159.8,93.01,12.24,1297.47998,Significantly Overvalued
2006-08-21,1288.079,3.219901,96.37,5.25,2.7582447,4710,159.8,93.01,12.22,1297.52002,Significantly Overvalued
2006-08-23,1288.079,3.219901,29.26,5.25,2.7582447,4710,159.8,93.01,12.4,1292.98999,Overvalued
2006-08-31,1288.079,3.219901,38.02,5.25,2.7582447,4710,159.8,93.01,12.31,1303.819946,Significantly Overvalued
2006-09-11,1288.079,3.207054,64.94,5.25,2.6166808,4737,156.8,92.63,12.99,1299.540039,Significantly Overvalued
2006-09-12,1288.079,3.207054,15.42,5.25,2.6166808,4737,156.8,92.63,11.92,1313,Significantly Overvalued
2006-09-20,1288.079,3.207054,28.06,5.25,2.6166808,4737,156.8,92.63,11.39,1325.180054,Significantly Overvalued
2006-10-05,1262.717,3.285968,25.16,5.25,2.4741667,4591,155.9,92.43,11.98,1353.219971,Significantly Overvalued
2006-10-23,1262.717,3.285968,40.93,5.25,2.4741667,4591,155.9,92.43,11.08,1377.02002,Significantly Overvalued
2006-10-27,1262.717,3.285968,54.44,5.25,2.4741667,4591,155.9,92.43,10.8,1377.339966,Significantly Overvalued
2006-11-01,1262.717,3.141252,26.97,5.25,2.1920057,4645,156.4,91.31,11.51,1367.810059,Significantly Overvalued
2006-11-24,1262.717,3.141252,19.73,5.25,2.1920057,4645,156.4,91.31,10.73,1400.949951,Significantly Overvalued
2006-12-14,1262.717,3.1159,19.43,5.24,2.2213158,4620,156.9,90.24,9.97,1425.48999,Significantly Overvalued
2007-01-04,1168.768,3.136734,68.55,5.25,2.6191845,4763,156.4,91.44,11.51,1418.339966,Significantly Overvalued
2007-01-05,1168.768,3.136734,67.45,5.25,2.6191845,4763,156.4,91.44,12.14,1409.709961,Significantly Overvalued
2007-01-10,1168.768,3.136734,56.43,5.25,2.6191845,4763,156.4,91.44,11.47,1414.849976,Significantly Overvalued
2007-01-12,1168.768,3.136734,10.68,5.25,2.6191845,4763,156.4,91.44,10.15,1430.72998,Significantly Overvalued
2007-01-19,1168.768,3.136734,51.87,5.25,2.6191845,4763,156.4,91.44,10.4,1430.5,Significantly Overvalued
2007-01-25,1168.768,3.136734,25.69,5.25,2.6191845,4763,156.4,91.44,11.22,1423.900024,Significantly Overvalued
2007-01-29,1168.768,3.136734,76.89,5.25,2.6191845,4763,156.4,91.44,11.45,1420.619995,Significantly Overvalued
2007-01-31,1168.768,3.136734,110.31,5.25,2.6191845,4763,156.4,91.44,10.42,1438.23999,Significantly Overvalued
2007-02-01,1168.768,3.152428,52.09,5.26,2.6283059,4699,157.7,91.22,10.31,1445.939941,Significantly Overvalued
2007-02-06,1168.768,3.152428,60.42,5.26,2.6283059,4699,157.7,91.22,10.65,1448,Significantly Overvalued
2007-02-07,1168.768,3.152428,30.99,5.26,2.6283059,4699,157.7,91.22,10.32,1450.02002,Significantly Overvalued
2007-02-12,1168.768,3.152428,110.74,5.26,2.6283059,4699,157.7,91.22,11.61,1433.369995,Significantly Overvalued
2007-03-02,1168.768,3.099888,33.44,5.26,2.6433729,4962,160.1,91.31,18.61,1387.170044,Overvalued
2007-03-06,1168.768,3.099888,29.37,5.26,2.6433729,4962,160.1,91.31,15.96,1395.410034,Overvalued
2007-03-13,1168.768,3.099888,43.65,5.26,2.6433729,4962,160.1,91.31,18.13,1377.949951,Overvalued
2007-03-27,1168.768,3.099888,30.67,5.26,2.6433729,4962,160.1,91.31,13.48,1428.609985,Significantly Overvalued
2007-03-28,1168.768,3.099888,50.68,5.26,2.6433729,4962,160.1,91.31,14.98,1417.22998,Significantly Overvalued
2007-04-11,1241.923,2.957465,19.65,5.25,2.6103851,4689,162.2,90.37,13.49,1438.869995,Significantly Overvalued
2007-04-16,1241.923,2.957465,37.84,5.25,2.6103851,4689,162.2,90.37,11.98,1468.329956,Significantly Overvalued
2007-04-18,1241.923,2.957465,7.4,5.25,2.6103851,4689,162.2,90.37,12.42,1472.5,Significantly Overvalued
2007-05-07,1241.923,2.774199,72.37,5.25,2.7137292,4657,163.8,89.99,13.15,1509.47998,Significantly Overvalued
2007-05-14,1241.923,2.774199,45.6,5.25,2.7137292,4657,163.8,89.99,13.96,1503.150024,Significantly Overvalued
2007-05-22,1241.923,2.774199,99.84,5.25,2.7137292,4657,163.8,89.99,13.06,1524.119995,Significantly Overvalued
2007-06-04,1241.923,2.621714,30.6,5.25,2.9300843,4859,163.7,89.89,13.29,1539.180054,Significantly Overvalued
2007-06-08,1241.923,2.621714,70.91,5.25,2.9300843,4859,163.7,89.89,14.84,1507.670044,Significantly Overvalued
2007-06-11,1241.923,2.621714,70.79,5.25,2.9300843,4859,163.7,89.89,14.710000000000004,1509.119995,Significantly Overvalued
2007-06-18,1241.923,2.621714,49.18,5.25,2.9300843,4859,163.7,89.89,13.42,1531.050049,Significantly Overvalued
2007-06-20,1241.923,2.621714,60.8,5.25,2.9300843,4859,163.7,89.89,14.67,1512.839966,Significantly Overvalued
2007-07-02,1213.225,2.525322,47.75,5.26,2.6288602,4598,164.9,88.51,15.4,1519.430054,Significantly Overvalued
2007-07-12,1213.225,2.525322,66.87,5.26,2.6288602,4598,164.9,88.51,15.54,1547.699951,Significantly Overvalued
2007-08-16,1213.225,2.459164,60.99,5.02,2.5801123,4546,163,88.47,30.83,1411.27002,Undervalued
2007-08-22,1213.225,2.459164,63.95,5.02,2.5801123,4546,163,88.47,22.89,1464.069946,Overvalued
2007-08-23,1213.225,2.459164,48.56,5.02,2.5801123,4546,163,88.47,22.62,1462.5,Overvalued
2007-08-27,1213.225,2.459164,47.77,5.02,2.5801123,4546,163,88.47,22.72,1466.790039,Overvalued
2007-08-28,1213.225,2.459164,67.56,5.02,2.5801123,4546,163,88.47,26.3,1432.359985,Undervalued
2007-08-30,1213.225,2.459164,28.6,5.02,2.5801123,4546,163,88.47,25.06,1457.640015,Overvalued
2007-09-05,1213.225,2.475003,57.51,4.94,2.4857913,4652,163.7,87.2,24.58,1472.290039,Overvalued
2007-09-07,1213.225,2.475003,126.77,4.94,2.4857913,4652,163.7,87.2,26.23,1453.550049,Overvalued
2007-09-20,1213.225,2.475003,65.43,4.94,2.4857913,4652,163.7,87.2,20.45,1518.75,Significantly Overvalued
2007-09-21,1213.225,2.475003,114.52,4.94,2.4857913,4652,163.7,87.2,19,1525.75,Significantly Overvalued
2007-09-27,1213.225,2.475003,53.43,4.94,2.4857913,4652,163.7,87.2,17,1531.380005,Significantly Overvalued
2007-10-05,1192.171,2.494632,59.92,4.76,2.3438004,4636,164.5,85.32,16.91,1557.589966,Significantly Overvalued
2007-10-19,1192.171,2.494632,69.28,4.76,2.3438004,4636,164.5,85.32,22.96,1500.630005,Overvalued
2007-11-09,1192.171,2.64947,124.21,4.49,2.5198819,4646,168,84.03,28.5,1453.699951,Undervalued
2007-11-13,1192.171,2.64947,66.24,4.49,2.5198819,4646,168,84.03,24.1,1481.050049,Overvalued
2007-11-15,1192.171,2.64947,73.48,4.49,2.5198819,4646,168,84.03,28.06,1451.150024,Undervalued
2007-12-14,1192.171,2.712396,89.71,4.24,2.3308079,4545,166.9,84.42,23.27,1467.949951,Undervalued
2007-12-26,1192.171,2.712396,59.3,4.24,2.3308079,4545,166.9,84.42,18.66,1497.660034,Overvalued
2007-12-27,1192.171,2.712396,43.32,4.24,2.3308079,4545,166.9,84.42,20.26,1476.27002,Undervalued
2007-12-31,1192.171,2.712396,127.28,4.24,2.3308079,4545,166.9,84.42,22.5,1468.359985,Undervalued
2008-01-02,1156.248,2.747695,83.14,3.94,2.2853259,4624,168.5,83.9,23.17,1447.160034,Undervalued
2008-01-07,1156.248,2.747695,81.57,3.94,2.2853259,4624,168.5,83.9,23.79,1416.180054,Significantly Undervalued
2008-01-10,1156.248,2.747695,110.12,3.94,2.2853259,4624,168.5,83.9,23.45,1420.329956,Significantly Undervalued
2008-01-23,1156.248,2.747695,360.3,3.94,2.2853259,4624,168.5,83.9,29.02,1338.599976,Significantly Undervalued
2008-01-24,1156.248,2.747695,194.68,3.94,2.2853259,4624,168.5,83.9,27.78,1352.069946,Significantly Undervalued
2008-02-11,1156.248,2.617738,208.67,2.98,2.103849,4279,169.6,82.75,27.6,1339.130005,Significantly Undervalued
2008-02-22,1156.248,2.617738,134.5,2.98,2.103849,4279,169.6,82.75,24.06,1353.109985,Significantly Undervalued
2008-02-27,1156.248,2.617738,139.63,2.98,2.103849,4279,169.6,82.75,22.69,1380.02002,Significantly Undervalued
2008-03-04,1156.248,2.688949,120.08,2.61,1.8695218,4225,173.4,81.49,25.52,1326.75,Significantly Undervalued
2008-03-13,1156.248,2.688949,94.21,2.61,1.8695218,4225,173.4,81.49,27.29,1315.47998,Significantly Undervalued
2008-03-27,1156.248,2.688949,89.06,2.61,1.8695218,4225,173.4,81.49,25.88,1325.76001,Significantly Undervalued
2008-03-28,1156.248,2.688949,154.34,2.61,1.8695218,4225,173.4,81.49,25.71,1315.219971,Significantly Undervalued
2008-04-08,1142.84,2.725505,73.85,2.28,1.9211771,4035,175.3,81.26,22.36,1365.540039,Significantly Undervalued
2008-04-11,1142.84,2.725505,94.47,2.28,1.9211771,4035,175.3,81.26,23.46,1332.829956,Significantly Undervalued
2008-04-15,1142.84,2.725505,119.2,2.28,1.9211771,4035,175.3,81.26,22.78,1334.430054,Significantly Undervalued
2008-05-15,1142.84,2.793043,159.26,1.98,2.1535028,4194,179.4,81.88,16.3,1423.569946,Undervalued
2008-06-12,1142.84,2.933931,126.07,2,2.4364771,3830,182,82.4,23.33,1339.869995,Significantly Undervalued
2008-06-13,1142.84,2.933931,59.79,2,2.4364771,3830,182,82.4,21.22,1360.030029,Significantly Undervalued
2008-06-25,1142.84,2.933931,126.57,2,2.4364771,3830,182,82.4,21.14,1321.969971,Significantly Undervalued
2008-06-27,1142.84,2.933931,42.74,2,2.4364771,3830,182,82.4,23.44,1278.380005,Significantly Undervalued
2008-07-03,1160.602,3.010504,77.92,2.01,2.5553495,3749,185.6,81.91,24.79,1262.900024,Significantly Undervalued
2008-07-09,1160.602,3.010504,131.56,2.01,2.5553495,3749,185.6,81.91,25.23,1244.689941,Significantly Undervalued
2008-07-14,1160.602,3.010504,49.1,2.01,2.5553495,3749,185.6,81.91,28.48,1228.300049,Significantly Undervalued
2008-07-15,1160.602,3.010504,195.94,2.01,2.5553495,3749,185.6,81.91,28.54,1214.910034,Significantly Undervalued
2008-07-16,1160.602,3.010504,285.23,2.01,2.5553495,3749,185.6,81.91,25.1,1245.359985,Significantly Undervalued
2008-07-24,1160.602,3.010504,81.76,2.01,2.5553495,3749,185.6,81.91,23.44,1252.540039,Significantly Undervalued
2008-08-05,1160.602,3.080765,73.11,2,2.5915472,3674,182.6,83.56,21.14,1284.880005,Significantly Undervalued
2008-08-13,1160.602,3.080765,91.02,2,2.5915472,3674,182.6,83.56,21.55,1285.829956,Significantly Undervalued
2008-08-25,1160.602,3.080765,87.11,2,2.5915472,3674,182.6,83.56,20.97,1266.839966,Significantly Undervalued
2008-08-29,1160.602,3.080765,114.16,2,2.5915472,3674,182.6,83.56,20.65,1282.829956,Significantly Undervalued
2008-09-02,1160.602,3.071629,91.93,1.81,2.3715854,3222,182.9,85.33,21.99,1277.579956,Significantly Undervalued
2008-09-04,1160.602,3.071629,56.18,1.81,2.3715854,3222,182.9,85.33,24.03,1236.829956,Significantly Undervalued
2008-10-08,899.117,2.922213,212.29,0.97,1.8029698,3377,176.8,90.14,57.53,984.9400024,Significantly Undervalued
2008-10-13,899.117,2.922213,147.34,0.97,1.8029698,3377,176.8,90.14,54.99,1003.349976,Significantly Undervalued
2008-10-17,899.117,2.922213,194.3,0.97,1.8029698,3377,176.8,90.14,70.33,940.5499878,Significantly Undervalued
2008-10-29,899.117,2.922213,283.86,0.97,1.8029698,3377,176.8,90.14,69.96,930.0900269,Significantly Undervalued
2008-10-31,899.117,2.922213,215.88,0.97,1.8029698,3377,176.8,90.14,59.89,968.75,Significantly Undervalued
2008-11-06,899.117,2.777101,280.67,0.39,1.3817519,3231,169.4,91.08,63.68,904.8800049,Significantly Undervalued
2008-11-13,899.117,2.777101,195.57,0.39,1.3817519,3231,169.4,91.08,59.83,911.289978,Significantly Undervalued
2008-12-01,899.117,2.614507,228.11,0.16,0.90262758,3146,164.1,89.55,68.51,816.210022,Significantly Undervalued
2008-12-05,899.117,2.614507,182.27,0.16,0.90262758,3146,164.1,89.55,59.93,876.0700073,Significantly Undervalued
2008-12-16,899.117,2.614507,121.76,0.16,0.90262758,3146,164.1,89.55,52.37,913.1799927,Significantly Undervalued
2008-12-18,899.117,2.614507,168.51,0.16,0.90262758,3146,164.1,89.55,47.34,885.2800293,Significantly Undervalued
2009-01-22,1125.534,2.535975,401.25,0.15,0.99968559,2738,164.7,90.47,47.29,827.5,Significantly Undervalued
2009-02-10,1125.534,2.54257,132.88,0.22,0.98104291,2864,163.9,92.92,46.67,827.1599731,Significantly Undervalued
2009-02-12,1125.534,2.54257,167.78,0.22,0.98104291,2864,163.9,92.92,41.25,835.1900024,Significantly Undervalued
2009-02-18,1125.534,2.54257,210.46,0.22,0.98104291,2864,163.9,92.92,48.46,788.4199829,Significantly Undervalued
2009-02-25,1125.534,2.54257,548.95,0.22,0.98104291,2864,163.9,92.92,44.67,764.9000244,Significantly Undervalued
2009-03-02,1125.534,2.437701,214.22,0.18,0.55547583,2534,162.9,93.46,52.65,700.8200073,Significantly Undervalued
2009-03-03,1125.534,2.437701,189.65,0.18,0.55547583,2534,162.9,93.46,50.93,696.3300171,Significantly Undervalued
2009-03-04,1125.534,2.437701,167.5,0.18,0.55547583,2534,162.9,93.46,47.56,712.8699951,Significantly Undervalued
2009-03-17,1125.534,2.437701,185.51,0.18,0.55547583,2534,162.9,93.46,40.8,778.1199951,Significantly Undervalued
2009-04-03,1126.565,2.359914,150.81,0.15,1.3680256,2295,164.2,91.27,39.7,842.5,Significantly Undervalued
2009-04-08,1126.565,2.359914,136.7,0.15,1.3680256,2295,164.2,91.27,38.85,825.1599731,Significantly Undervalued
2009-04-14,1126.565,2.359914,116.79,0.15,1.3680256,2295,164.2,91.27,37.67,841.5,Undervalued
2009-04-16,1126.565,2.359914,111.78,0.15,1.3680256,2295,164.2,91.27,35.79,865.2999878,Undervalued
2009-05-07,1126.565,2.273815,103.71,0.18,1.4767959,2549,165.8,88.7,33.44,907.3900146,Undervalued
2009-05-18,1126.565,2.273815,84.97,0.18,1.4767959,2549,165.8,88.7,30.24,909.710022,Undervalued
2009-05-20,1126.565,2.273815,111.98,0.18,1.4767959,2549,165.8,88.7,29.03,903.4699707,Undervalued
2009-06-08,1126.565,2.078064,92.38,0.21,1.5561764,2503,168.4,88.35,29.77,939.1400146,Undervalued
2009-06-09,1126.565,2.078064,120.48,0.21,1.5561764,2503,168.4,88.35,28.27,942.4299927,Undervalued
2009-06-17,1126.565,2.078064,59.24,0.21,1.5561764,2503,168.4,88.35,31.54,910.710022,Undervalued
2009-06-22,1126.565,2.078064,109.85,0.21,1.5561764,2503,168.4,88.35,31.17,893.039978,Undervalued
2009-07-06,1286.134,1.910212,173.43,0.16,1.6957757,2232,167.1,87.97,29,898.7199707,Undervalued
2009-08-25,1286.134,1.757047,83.96,0.16,1.9379079,2338,169.4,86.75,24.92,1028,Overvalued
2009-08-27,1286.134,1.757047,46.48,0.16,1.9379079,2338,169.4,86.75,24.68,1030.97998,Overvalued
2009-08-28,1286.134,1.757047,61.05,0.16,1.9379079,2338,169.4,86.75,24.76,1028.930054,Overvalued
2009-09-01,1286.134,1.602846,33.47,0.15,2.0714713,2487,168.6,85.98,29.15,998.039978,Overvalued
2009-09-15,1286.134,1.602846,96.54,0.15,2.0714713,2487,168.6,85.98,23.42,1052.630005,Significantly Overvalued
2009-09-18,1286.134,1.602846,74.17,0.15,2.0714713,2487,168.6,85.98,23.92,1068.300049,Significantly Overvalued
2009-09-22,1286.134,1.602846,124.7,0.15,2.0714713,2487,168.6,85.98,23.08,1071.660034,Significantly Overvalued
2009-10-07,1348.642,1.509202,55.03,0.12,1.6690348,2406,168.9,84.75,24.68,1057.579956,Significantly Overvalued
2009-10-13,1348.642,1.509202,102.13,0.12,1.6690348,2406,168.9,84.75,22.99,1073.189941,Significantly Overvalued
2009-10-15,1348.642,1.509202,82.11,0.12,1.6690348,2406,168.9,84.75,21.72,1096.560059,Significantly Overvalued
2009-11-02,1348.642,1.361569,63.75,0.12,1.78698,2503,170.7,84.17,29.78,1042.880005,Significantly Overvalued
2009-11-03,1348.642,1.361569,136.59,0.12,1.78698,2503,170.7,84.17,28.81,1045.410034,Significantly Overvalued
2009-11-06,1348.642,1.361569,90.21,0.12,1.78698,2503,170.7,84.17,24.19,1069.300049,Significantly Overvalued
2009-11-16,1348.642,1.361569,74.62,0.12,1.78698,2503,170.7,84.17,22.89,1109.300049,Significantly Overvalued
2009-11-19,1348.642,1.361569,121.51,0.12,1.78698,2503,170.7,84.17,22.63,1094.900024,Significantly Overvalued
2009-12-03,1348.642,1.318775,90.44,0.12,1.7120951,2568,170.8,84.11,22.46,1099.920044,Significantly Overvalued
2009-12-11,1348.642,1.318775,109.15,0.12,1.7120951,2568,170.8,84.11,21.59,1106.410034,Significantly Overvalued
2009-12-15,1348.642,1.318775,137.9,0.12,1.7120951,2568,170.8,84.11,21.49,1107.930054,Significantly Overvalued
2009-12-21,1348.642,1.318775,177.9,0.12,1.7120951,2568,170.8,84.11,20.49,1114.050049,Significantly Overvalued
2009-12-22,1348.642,1.318775,65.89,0.12,1.7120951,2568,170.8,84.11,19.54,1118.02002,Significantly Overvalued
2010-01-14,1428.295,1.170764,87.42,0.11,1.7684988,2837,173.1,84.38,17.63,1148.459961,Significantly Overvalued
2010-01-26,1428.295,1.170764,253.54,0.11,1.7684988,2837,173.1,84.38,24.55,1092.170044,Significantly Overvalued
2010-02-01,1428.295,1.048684,206.51,0.13,1.7430196,2666,172.2,85.16,22.59,1089.189941,Overvalued
2010-02-11,1428.295,1.048684,159.47,0.13,1.7430196,2666,172.2,85.16,23.96,1078.469971,Overvalued
2010-02-17,1428.295,1.048684,107.08,0.13,1.7430196,2666,172.2,85.16,21.72,1099.51001,Significantly Overvalued
2010-02-18,1428.295,1.048684,110.98,0.13,1.7430196,2666,172.2,85.16,20.63,1106.75,Significantly Overvalued
2010-02-19,1428.295,1.048684,143.63,0.13,1.7430196,2666,172.2,85.16,20.02,1109.170044,Significantly Overvalued
2010-03-04,1428.295,0.9255025,96.37,0.16,1.8467766,2679,173.9,84.68,18.72,1122.969971,Significantly Overvalued
2010-03-31,1428.295,0.9255025,89.89,0.16,1.8467766,2679,173.9,84.68,17.59,1169.430054,Significantly Overvalued
2010-04-05,1422.987,0.869413,94.44,0.2,1.7108385,3153,175.2,84.22,17.02,1187.439941,Significantly Overvalued
2010-04-08,1422.987,0.869413,43.73,0.2,1.7108385,3153,175.2,84.22,16.48,1186.439941,Significantly Overvalued
2010-04-20,1422.987,0.869413,73.94,0.2,1.7108385,3153,175.2,84.22,15.73,1207.170044,Significantly Overvalued
2010-04-29,1422.987,0.869413,80.39,0.2,1.7108385,3153,175.2,84.22,18.44,1206.780029,Significantly Overvalued
2010-05-06,1422.987,0.7933019,68.4,0.2,1.6779421,2988,176.1,86.74,32.8,1128.150024,Overvalued
2010-06-09,1422.987,0.7780126,145.25,0.18,1.503438,2801,174.8,87.36,33.73,1055.689941,Undervalued
2010-06-18,1422.987,0.7780126,128.67,0.18,1.503438,2801,174.8,87.36,23.95,1117.51001,Overvalued
2010-06-30,1422.987,0.7780126,190.92,0.18,1.503438,2801,174.8,87.36,34.54,1030.709961,Undervalued
2010-07-02,1571.136,0.7440706,137.95,0.18,1.241982,3082,174.7,85.85,30.12,1022.580017,Undervalued
2010-07-16,1571.136,0.7440706,223.92,0.18,1.241982,3082,174.7,85.85,26.25,1064.880005,Undervalued
2010-08-03,1571.136,0.6911157,128.04,0.19,1.402822,2999,175.3,84.96,22.63,1120.459961,Overvalued
2010-08-05,1571.136,0.6911157,91.49,0.19,1.402822,2999,175.3,84.96,22.1,1125.810059,Overvalued
2010-08-11,1571.136,0.6911157,125.01,0.19,1.402822,2999,175.3,84.96,25.39,1089.469971,Undervalued
2010-08-12,1571.136,0.6911157,154.61,0.19,1.402822,2999,175.3,84.96,25.73,1083.609985,Undervalued
2010-08-30,1571.136,0.6911157,235.2,0.19,1.402822,2999,175.3,84.96,27.21,1048.920044,Significantly Undervalued
2010-09-09,1571.136,0.6638685,208.02,0.19,1.131614,2918,175.5,83.95,22.81,1104.180054,Undervalued
2010-09-15,1571.136,0.6638685,200.01,0.19,1.131614,2918,175.5,83.95,22.1,1125.069946,Overvalued
2010-10-06,1586.412,0.6723344,146.65,0.19,1.3378753,3235,177.3,81.26,21.49,1159.969971,Significantly Overvalued
2010-10-11,1586.412,0.6723344,255.23,0.19,1.3378753,3235,177.3,81.26,18.96,1165.319946,Significantly Overvalued
2010-10-14,1586.412,0.6723344,402.91,0.19,1.3378753,3235,177.3,81.26,19.88,1173.810059,Significantly Overvalued
2010-10-26,1586.412,0.6723344,265.05,0.19,1.3378753,3235,177.3,81.26,20.22,1185.640015,Significantly Overvalued
2010-10-27,1586.412,0.6723344,163.49,0.19,1.3378753,3235,177.3,81.26,20.71,1182.449951,Significantly Overvalued
2010-11-01,1586.412,0.8233069,204.39,0.19,1.3337249,3211,178.2,81.21,21.83,1184.380005,Significantly Overvalued
2010-11-02,1586.412,0.8233069,274.36,0.19,1.3337249,3211,178.2,81.21,21.57,1193.569946,Significantly Overvalued
2010-11-05,1586.412,0.8233069,229.76,0.19,1.3337249,3211,178.2,81.21,18.26,1225.849976,Significantly Overvalued
2010-11-16,1586.412,0.8233069,123.29,0.19,1.3337249,3211,178.2,81.21,22.58,1178.339966,Significantly Overvalued
2010-11-22,1586.412,0.8233069,150.98,0.19,1.3337249,3211,178.2,81.21,18.37,1197.839966,Significantly Overvalued
2010-11-30,1586.412,0.8233069,163.66,0.19,1.3337249,3211,178.2,81.21,23.54,1180.550049,Significantly Overvalued
2010-12-13,1586.412,0.8307821,193.55,0.18,1.4672684,3058,179.1,81.7,17.55,1240.459961,Significantly Overvalued
2010-12-15,1586.412,0.8307821,153.08,0.18,1.4672684,3058,179.1,81.7,17.94,1235.22998,Significantly Overvalued
2011-01-11,1435.031,0.9539952,99.18,0.17,1.778904,3104,181.1,80.91,16.89,1274.47998,Significantly Overvalued
2011-01-27,1435.031,0.9539952,113.47,0.17,1.778904,3104,181.1,80.91,16.15,1299.540039,Significantly Overvalued
2011-02-01,1435.031,1.117829,135.88,0.16,1.8688687,3226,183.3,80.24,17.63,1307.589966,Significantly Overvalued
2011-02-03,1435.031,1.117829,62.98,0.16,1.8688687,3226,183.3,80.24,16.69,1307.099976,Significantly Overvalued
2011-02-14,1435.031,1.117829,185.5,0.16,1.8688687,3226,183.3,80.24,15.95,1332.319946,Significantly Overvalued
2011-02-18,1435.031,1.117829,97.46,0.16,1.8688687,3226,183.3,80.24,16.43,1343.01001,Significantly Overvalued
2011-02-23,1435.031,1.117829,104.96,0.16,1.8688687,3226,183.3,80.24,22.13,1307.400024,Significantly Overvalued
2011-03-01,1435.031,1.179972,140.96,0.14,1.9720195,3261,187.3,79.88,21.01,1306.329956,Significantly Overvalued
2011-03-04,1435.031,1.179972,78.77,0.14,1.9720195,3261,187.3,79.88,19.06,1321.150024,Significantly Overvalued
2011-03-07,1435.031,1.179972,141.02,0.14,1.9720195,3261,187.3,79.88,20.66,1310.130005,Significantly Overvalued
2011-03-15,1435.031,1.179972,178.36,0.14,1.9720195,3261,187.3,79.88,24.32,1281.869995,Significantly Overvalued
2011-03-23,1435.031,1.179972,106.04,0.14,1.9720195,3261,187.3,79.88,19.17,1297.540039,Significantly Overvalued
2011-03-28,1435.031,1.179972,182.28,0.14,1.9720195,3261,187.3,79.88,19.44,1310.189941,Significantly Overvalued
2011-04-19,1557.726,1.210295,129.47,0.1,1.9833295,3259,190.2,78.83,15.83,1312.619995,Significantly Overvalued
2011-04-21,1557.726,1.210295,77.9,0.1,1.9833295,3259,190.2,78.83,14.69,1337.380005,Significantly Overvalued
2011-04-27,1557.726,1.210295,83.58,0.1,1.9833295,3259,190.2,78.83,15.35,1355.660034,Significantly Overvalued
2011-05-11,1557.726,1.256079,71.52,0.09,2.0433638,3179,191.9,78.99,16.95,1342.079956,Significantly Overvalued
2011-05-12,1557.726,1.256079,62.3,0.09,2.0433638,3179,191.9,78.99,16.03,1348.650024,Significantly Overvalued
2011-05-13,1557.726,1.256079,94.82,0.09,2.0433638,3179,191.9,78.99,17.07,1337.77002,Significantly Overvalued
2011-05-23,1557.726,1.256079,121.54,0.09,2.0433638,3179,191.9,78.99,18.27,1317.369995,Significantly Overvalued
2011-06-06,1557.726,1.29395,107.05,0.09,1.8845743,3455,191.1,78.96,18.49,1286.170044,Overvalued
2011-06-21,1557.726,1.29395,95.73,0.09,1.8845743,3455,191.1,78.96,18.86,1295.52002,Overvalued
2011-06-23,1557.726,1.29395,109.84,0.09,1.8845743,3455,191.1,78.96,19.29,1283.5,Overvalued
2011-06-24,1557.726,1.29395,124.95,0.09,1.8845743,3455,191.1,78.96,21.1,1268.449951,Overvalued
2011-07-20,1615.871,1.41844,116.97,0.07,2.0802072,3623,191.7,78.43,19.09,1325.839966,Overvalued
2011-07-28,1615.871,1.41844,254.85,0.07,2.0802072,3623,191.7,78.43,23.74,1300.670044,Overvalued
2011-08-16,1615.871,1.651442,203.84,0.1,1.5134029,3329,190.7,78.86,32.85,1192.76001,Undervalued
2011-08-18,1615.871,1.651442,173.87,0.1,1.5134029,3329,190.7,78.86,42.67,1140.650024,Significantly Undervalued
2011-09-07,1615.871,1.721515,185.2,0.08,1.1812453,3774,191.5,80.98,33.38,1198.619995,Undervalued
2011-09-09,1615.871,1.721515,277.01,0.08,1.1812453,3774,191.5,80.98,38.52,1154.22998,Significantly Undervalued
2011-09-26,1615.871,1.721515,273.93,0.08,1.1812453,3774,191.5,80.98,39.02,1162.949951,Significantly Undervalued
2011-10-13,1718.029,1.835844,144,0.07,1.4065078,3619,190.2,81.47,30.7,1203.660034,Undervalued
2011-10-14,1718.029,1.835844,393.25,0.07,1.4065078,3619,190.2,81.47,28.24,1224.579956,Undervalued
2011-10-19,1718.029,1.835844,104.7,0.07,1.4065078,3619,190.2,81.47,34.44,1209.880005,Undervalued
2011-10-21,1718.029,1.835844,106.79,0.07,1.4065078,3619,190.2,81.47,31.32,1238.25,Undervalued
2011-10-27,1718.029,1.835844,73.65,0.07,1.4065078,3619,190.2,81.47,25.46,1284.589966,Overvalued
2011-10-28,1718.029,1.835844,123.53,0.07,1.4065078,3619,190.2,81.47,24.53,1285.089966,Overvalued
2011-11-01,1718.029,1.835434,85.57,0.08,1.4350988,3565,190.6,81.79,34.77,1218.280029,Undervalued
2011-11-02,1718.029,1.835434,82.6,0.08,1.4350988,3565,190.6,81.79,32.74,1237.900024,Undervalued
2011-11-08,1718.029,1.835434,102.3,0.08,1.4350988,3565,190.6,81.79,27.48,1275.920044,Overvalued
2011-11-25,1718.029,1.835434,165.18,0.08,1.4350988,3565,190.6,81.79,34.47,1158.670044,Significantly Undervalued
2011-12-12,1718.029,2.045078,270.45,0.07,1.5504819,3768,189.6,82.1,25.67,1236.469971,Undervalued
2011-12-13,1718.029,2.045078,198.44,0.07,1.5504819,3768,189.6,82.1,25.41,1225.72998,Undervalued
2011-12-16,1718.029,2.045078,164.61,0.07,1.5504819,3768,189.6,82.1,24.29,1219.660034,Undervalued
2011-12-21,1718.029,2.045078,180.75,0.07,1.5504819,3768,189.6,82.1,21.43,1243.719971,Undervalued
2011-12-27,1718.029,2.045078,219.79,0.07,1.5504819,3768,189.6,82.1,21.91,1265.430054,Undervalued
2011-12-30,1718.029,2.045078,140.77,0.07,1.5504819,3768,189.6,82.1,23.4,1257.599976,Undervalued
2012-01-05,1758.696,2.113351,92.24,0.08,1.415498,3909,191.1,81.82,21.48,1281.060059,Overvalued
2012-02-01,1758.696,2.01608,123.13,0.1,1.4005995,3616,192.1,80.5,18.55,1324.089966,Overvalued
2012-02-02,1758.696,2.01608,103.72,0.1,1.4005995,3616,192.1,80.5,17.98,1325.540039,Overvalued
2012-02-07,1758.696,2.01608,103.69,0.1,1.4005995,3616,192.1,80.5,17.65,1347.050049,Significantly Overvalued
2012-02-16,1758.696,2.01608,128.4,0.1,1.4005995,3616,192.1,80.5,19.22,1358.040039,Significantly Overvalued
2012-02-17,1758.696,2.01608,180.16,0.1,1.4005995,3616,192.1,80.5,17.78,1361.22998,Significantly Overvalued
2012-02-23,1758.696,2.01608,58.2,0.1,1.4005995,3616,192.1,80.5,16.8,1363.459961,Significantly Overvalued
2012-02-28,1758.696,2.01608,73.57,0.1,1.4005995,3616,192.1,80.5,17.96,1372.180054,Significantly Overvalued
2012-03-07,1758.696,2.122799,90.74,0.13,1.3571739,3979,194.3,81.22,19.07,1352.630005,Significantly Overvalued
2012-03-20,1758.696,2.122799,63.51,0.13,1.3571739,3979,194.3,81.22,15.58,1405.52002,Significantly Overvalued
2012-03-29,1758.696,2.122799,99.07,0.13,1.3571739,3979,194.3,81.22,15.48,1403.280029,Significantly Overvalued
2012-04-10,1729.414,2.191796,78.05,0.14,1.5452227,3793,194.7,81.56,20.39,1358.589966,Significantly Overvalued
2012-04-18,1729.414,2.191796,90.56,0.14,1.5452227,3793,194.7,81.56,18.64,1385.140015,Significantly Overvalued
2012-04-19,1729.414,2.191796,89.96,0.14,1.5452227,3793,194.7,81.56,18.36,1376.920044,Significantly Overvalued
2012-04-24,1729.414,2.191796,199.47,0.14,1.5452227,3793,194.7,81.56,18.1,1371.969971,Significantly Overvalued
2012-04-26,1729.414,2.191796,89.07,0.14,1.5452227,3793,194.7,81.56,16.24,1399.97998,Significantly Overvalued
2012-04-27,1729.414,2.191796,177.79,0.14,1.5452227,3793,194.7,81.56,16.32,1403.359985,Significantly Overvalued
2012-05-04,1729.414,2.188203,87.03,0.16,1.4563831,3835,193.6,83.02,19.16,1369.099976,Significantly Overvalued
2012-05-07,1729.414,2.188203,164.79,0.16,1.4563831,3835,193.6,83.02,18.94,1369.579956,Significantly Overvalued
2012-05-15,1729.414,2.188203,146.71,0.16,1.4563831,3835,193.6,83.02,21.97,1330.660034,Overvalued
2012-05-17,1729.414,2.188203,93.44,0.16,1.4563831,3835,193.6,83.02,24.49,1304.859985,Overvalued
2012-05-31,1729.414,2.188203,108.36,0.16,1.4563831,3835,193.6,83.02,24.06,1310.329956,Overvalued
2012-06-04,1729.414,2.238926,173.04,0.16,1.0054631,3911,191.7,84.19,26.12,1278.180054,Undervalued
2012-06-27,1729.414,2.238926,190.31,0.16,1.0054631,3911,191.7,84.19,19.45,1331.849976,Overvalued
2012-07-12,1705.305,2.260479,184.75,0.16,1.2763383,3735,191.2,83.64,18.33,1334.76001,Overvalued
2012-07-20,1705.305,2.260479,172.74,0.16,1.2763383,3735,191.2,83.64,16.27,1362.660034,Overvalued
2012-07-23,1705.305,2.260479,157.65,0.16,1.2763383,3735,191.2,83.64,18.62,1350.52002,Overvalued
2012-08-02,1705.305,2.17107,130.32,0.13,1.3143955,3809,193.5,83.06,17.57,1365,Overvalued
2012-08-03,1705.305,2.17107,168.04,0.13,1.3143955,3809,193.5,83.06,15.64,1390.98999,Significantly Overvalued
2012-08-20,1705.305,2.17107,110.74,0.13,1.3143955,3809,193.5,83.06,14.02,1418.130005,Significantly Overvalued
2012-08-29,1705.305,2.17107,110.02,0.13,1.3143955,3809,193.5,83.06,17.06,1410.48999,Significantly Overvalued
2012-08-31,1705.305,2.17107,259.97,0.13,1.3143955,3809,193.5,83.06,17.47,1406.579956,Significantly Overvalued
2012-09-07,1705.305,2.219253,195.5,0.14,1.6019767,3882,195.4,81.8,14.38,1437.920044,Significantly Overvalued
2012-09-11,1705.305,2.219253,68.01,0.14,1.6019767,3882,195.4,81.8,16.41,1433.560059,Significantly Overvalued
2012-09-12,1705.305,2.219253,121.8,0.14,1.6019767,3882,195.4,81.8,15.8,1436.560059,Significantly Overvalued
2012-09-13,1705.305,2.219253,150.37,0.14,1.6019767,3882,195.4,81.8,14.05,1459.98999,Significantly Overvalued
2012-09-17,1705.305,2.219253,112.47,0.14,1.6019767,3882,195.4,81.8,14.59,1461.189941,Significantly Overvalued
2012-09-25,1705.305,2.219253,126.11,0.14,1.6019767,3882,195.4,81.8,15.43,1441.589966,Significantly Overvalued
2012-10-03,1699.163,2.206525,152.28,0.16,1.436218,3775,195.1,81.32,15.43,1450.98999,Significantly Overvalued
2012-10-08,1699.163,2.206525,130.89,0.16,1.436218,3775,195.1,81.32,15.11,1455.880005,Significantly Overvalued
2012-10-16,1699.163,2.206525,199.82,0.16,1.436218,3775,195.1,81.32,15.22,1454.920044,Significantly Overvalued
2012-10-19,1699.163,2.206525,170.07,0.16,1.436218,3775,195.1,81.32,17.06,1433.189941,Significantly Overvalued
2012-10-25,1699.163,2.206525,128.87,0.16,1.436218,3775,195.1,81.32,18.12,1412.969971,Overvalued
2012-11-09,1699.163,2.195661,278.07,0.16,1.4722702,3878,192.6,81.48,18.61,1379.849976,Overvalued
2012-11-13,1699.163,2.195661,207.36,0.16,1.4722702,3878,192.6,81.48,16.65,1374.530029,Overvalued
2012-12-06,1699.163,2.107127,244.15,0.16,1.6780195,3970,191.8,80.5,16.58,1413.939941,Overvalued
2012-12-18,1699.163,2.107127,136.6,0.16,1.6780195,3970,191.8,80.5,15.57,1446.790039,Significantly Overvalued
2012-12-27,1699.163,2.107127,350.12,0.16,1.6780195,3970,191.8,80.5,19.47,1418.099976,Overvalued
2013-01-15,1699.634,2.065935,133.24,0.14,1.2937453,3923,192.6,80.7,13.55,1472.339966,Significantly Overvalued
2013-01-18,1699.634,2.065935,247.95,0.14,1.2937453,3923,192.6,80.7,12.46,1485.97998,Significantly Overvalued
2013-01-25,1699.634,2.065935,174.97,0.14,1.2937453,3923,192.6,80.7,12.89,1502.959961,Significantly Overvalued
2013-01-28,1699.634,2.065935,103.21,0.14,1.2937453,3923,192.6,80.7,13.57,1500.180054,Significantly Overvalued
2013-01-30,1699.634,2.065935,154.76,0.14,1.2937453,3923,192.6,80.7,14.32,1501.959961,Significantly Overvalued
2013-02-07,1699.634,2.143683,91.62,0.15,1.3478604,4004,195.2,81.38,13.5,1509.390015,Significantly Overvalued
2013-02-12,1699.634,2.143683,106.26,0.15,1.3478604,4004,195.2,81.38,12.64,1519.430054,Significantly Overvalued
2013-02-13,1699.634,2.143683,112.16,0.15,1.3478604,4004,195.2,81.38,12.98,1520.329956,Significantly Overvalued
2013-02-14,1699.634,2.143683,94.18,0.15,1.3478604,4004,195.2,81.38,12.66,1521.380005,Significantly Overvalued
2013-03-01,1699.634,2.096923,324.04,0.14,1.1118621,4076,194.5,82.27,15.36,1518.199951,Significantly Overvalued
2013-03-06,1699.634,2.096923,172.55,0.14,1.1118621,4076,194.5,82.27,13.53,1541.459961,Significantly Overvalued
2013-03-14,1699.634,2.096923,58.06,0.14,1.1118621,4076,194.5,82.27,11.3,1563.22998,Significantly Overvalued
2013-03-19,1699.634,2.096923,130.57,0.14,1.1118621,4076,194.5,82.27,14.39,1548.339966,Significantly Overvalued
2013-03-28,1699.634,2.096923,72.92,0.14,1.1118621,4076,194.5,82.27,12.7,1569.189941,Significantly Overvalued
2013-04-17,1703.325,1.932255,86.66,0.15,1.3474958,3988,194,81.79,16.51,1552.01001,Significantly Overvalued
2013-04-22,1703.325,1.932255,64.71,0.15,1.3474958,3988,194,81.79,14.39,1562.5,Significantly Overvalued
2013-04-23,1703.325,1.932255,111.75,0.15,1.3474958,3988,194,81.79,13.48,1578.780029,Significantly Overvalued
2013-04-24,1703.325,1.932255,126.26,0.15,1.3474958,3988,194,81.79,13.61,1578.790039,Significantly Overvalued
2013-05-09,1703.325,1.905048,30.12,0.11,1.187589,4145,194,82.38,13.13,1626.670044,Significantly Overvalued
2013-05-15,1703.325,1.905048,60.66,0.11,1.187589,4145,194,82.38,12.81,1658.780029,Significantly Overvalued
2013-05-17,1703.325,1.905048,27.77,0.11,1.187589,4145,194,82.38,12.45,1667.469971,Significantly Overvalued
2013-05-21,1703.325,1.905048,54.39,0.11,1.187589,4145,194,82.38,13.37,1669.160034,Significantly Overvalued
2013-05-22,1703.325,1.905048,78.07,0.11,1.187589,4145,194,82.38,13.82,1655.349976,Significantly Overvalued
2013-05-31,1703.325,1.905048,66.84,0.11,1.187589,4145,194,82.38,16.3,1630.73999,Significantly Overvalued
2013-06-14,1703.325,1.874046,89.93,0.09,1.3466257,4150,193.9,83.07,17.15,1626.72998,Significantly Overvalued
2013-06-18,1703.325,1.874046,96.83,0.09,1.3466257,4150,193.9,83.07,16.61,1651.810059,Significantly Overvalued
2013-06-19,1703.325,1.874046,117.49,0.09,1.3466257,4150,193.9,83.07,16.64,1628.930054,Significantly Overvalued
2013-07-02,1720.44,1.865294,89.93,0.09,1.2295753,3885,194,83.52,16.44,1614.079956,Significantly Overvalued
2013-07-08,1720.44,1.865294,153.37,0.09,1.2295753,3885,194,83.52,14.78,1640.459961,Significantly Overvalued
2013-07-11,1720.44,1.865294,26.79,0.09,1.2295753,3885,194,83.52,14.01,1675.02002,Significantly Overvalued
2013-07-24,1720.44,1.865294,107.63,0.09,1.2295753,3885,194,83.52,13.18,1685.939941,Significantly Overvalued
2013-08-05,1720.44,1.911745,65.12,0.08,1.6620122,4085,194.6,83.26,11.84,1707.140015,Significantly Overvalued
2013-08-06,1720.44,1.911745,60.63,0.08,1.6620122,4085,194.6,83.26,12.72,1697.369995,Significantly Overvalued
2013-08-07,1720.44,1.911745,100.46,0.08,1.6620122,4085,194.6,83.26,12.98,1690.910034,Significantly Overvalued
2013-08-14,1720.44,1.911745,65.28,0.08,1.6620122,4085,194.6,83.26,13.04,1685.390015,Significantly Overvalued
2013-08-20,1720.44,1.911745,111.56,0.08,1.6620122,4085,194.6,83.26,14.91,1652.349976,Significantly Overvalued
2013-09-03,1720.44,1.888205,168.05,0.08,1.9087309,4128,194.3,82.86,16.61,1639.77002,Significantly Overvalued
2013-09-09,1720.44,1.888205,59.96,0.08,1.9087309,4128,194.3,82.86,15.63,1671.709961,Significantly Overvalued
2013-09-17,1720.44,1.888205,127.79,0.08,1.9087309,4128,194.3,82.86,14.53,1704.76001,Significantly Overvalued
2013-09-25,1720.44,1.888205,134.2,0.08,1.9087309,4128,194.3,82.86,14.01,1692.77002,Significantly Overvalued
2013-09-30,1720.44,1.888205,156.8,0.08,1.9087309,4128,194.3,82.86,16.6,1681.550049,Significantly Overvalued
2013-10-02,1751.49,1.866698,205.03,0.09,1.5375874,4222,193.7,81.7,16.6,1693.869995,Significantly Overvalued
2013-10-04,1751.49,1.866698,187.28,0.09,1.5375874,4222,193.7,81.7,16.74,1690.5,Significantly Overvalued
2013-10-10,1751.49,1.866698,208.16,0.09,1.5375874,4222,193.7,81.7,16.48,1692.560059,Significantly Overvalued
2013-10-24,1751.49,1.866698,85.92,0.09,1.5375874,4222,193.7,81.7,13.2,1752.069946,Significantly Overvalued
2013-11-27,1751.49,1.890963,41.47,0.08,1.4801659,4119,192.7,82.11,12.98,1807.22998,Significantly Overvalued
2013-12-17,1751.49,1.872378,99.02,0.09,1.7340897,4121,193.2,82.06,16.21,1781,Significantly Overvalued
2013-12-18,1751.49,1.872378,97.71,0.09,1.7340897,4121,193.2,82.06,13.8,1810.650024,Significantly Overvalued
2013-12-27,1751.49,1.872378,71.17,0.09,1.7340897,4121,193.2,82.06,12.46,1841.400024,Significantly Overvalued
2014-01-09,1652.642,1.821944,60.31,0.07,1.6355563,4127,194.2,82.96,12.89,1838.130005,Significantly Overvalued
2014-01-13,1652.642,1.821944,100.01,0.07,1.6355563,4127,194.2,82.96,13.28,1819.199951,Significantly Overvalued
2014-01-23,1652.642,1.821944,92.85,0.07,1.6355563,4127,194.2,82.96,13.77,1828.459961,Significantly Overvalued
2014-01-31,1652.642,1.821944,44.12,0.07,1.6355563,4127,194.2,82.96,18.41,1782.589966,Significantly Overvalued
2014-02-05,1652.642,1.789204,103.64,0.07,1.5657335,4373,195.2,83.04,19.95,1751.640015,Overvalued
2014-02-18,1652.642,1.789204,64.56,0.07,1.5657335,4373,195.2,83.04,13.87,1840.76001,Significantly Overvalued
2014-02-19,1652.642,1.789204,64.88,0.07,1.5657335,4373,195.2,83.04,15.5,1828.75,Significantly Overvalued
2014-02-20,1652.642,1.789204,67.61,0.07,1.5657335,4373,195.2,83.04,14.79,1839.780029,Significantly Overvalued
2014-02-21,1652.642,1.789204,120.78,0.07,1.5657335,4373,195.2,83.04,14.68,1836.25,Significantly Overvalued
2014-02-24,1652.642,1.789204,130.38,0.07,1.5657335,4373,195.2,83.04,14.23,1847.609985,Significantly Overvalued
2014-03-13,1652.642,1.821445,45.47,0.08,1.3828281,4388,196.2,83.33,16.22,1846.339966,Significantly Overvalued
2014-03-14,1652.642,1.821445,74,0.08,1.3828281,4388,196.2,83.33,17.82,1841.130005,Significantly Overvalued
2014-03-17,1652.642,1.821445,76.93,0.08,1.3828281,4388,196.2,83.33,15.64,1858.829956,Significantly Overvalued
2014-03-21,1652.642,1.821445,118.59,0.08,1.3828281,4388,196.2,83.33,15,1866.52002,Significantly Overvalued
2014-03-31,1652.642,1.821445,45.06,0.08,1.3828281,4388,196.2,83.33,13.88,1872.339966,Significantly Overvalued
2014-04-01,1801.772,2.025724,78.62,0.09,1.6562364,4566,197.5,83.17,13.1,1885.52002,Significantly Overvalued
2014-04-09,1801.772,2.025724,48.04,0.09,1.6562364,4566,197.5,83.17,13.82,1872.180054,Significantly Overvalued
2014-05-20,1801.772,2.127518,69.59,0.09,1.7065438,4747,197.2,83.1,12.96,1872.829956,Significantly Overvalued
2014-05-22,1801.772,2.127518,33.53,0.09,1.7065438,4747,197.2,83.1,12.03,1892.48999,Significantly Overvalued
2014-06-19,1801.772,2.142724,81.39,0.1,1.572693,4982,197.2,83.38,10.62,1959.47998,Significantly Overvalued
2014-06-20,1801.772,2.142724,57.19,0.1,1.572693,4982,197.2,83.38,10.85,1962.869995,Significantly Overvalued
2014-06-25,1801.772,2.142724,54.36,0.1,1.572693,4982,197.2,83.38,11.59,1959.530029,Significantly Overvalued
2014-07-14,1889.023,2.098319,124.54,0.09,1.7538415,4846,197.4,83.14,11.82,1977.099976,Significantly Overvalued
2014-07-28,1889.023,2.098319,49.75,0.09,1.7538415,4846,197.4,83.14,12.56,1978.910034,Significantly Overvalued
2014-08-19,1889.023,1.959017,40.12,0.09,1.7376574,5349,197.4,83.61,12.21,1981.599976,Significantly Overvalued
2014-08-21,1889.023,1.959017,24.43,0.09,1.7376574,5349,197.4,83.61,11.76,1992.369995,Significantly Overvalued
2014-08-25,1889.023,1.959017,54.94,0.09,1.7376574,5349,197.4,83.61,11.7,1997.920044,Significantly Overvalued
2014-08-26,1889.023,1.959017,32.55,0.09,1.7376574,5349,197.4,83.61,11.63,2000.02002,Significantly Overvalued
2014-08-27,1889.023,1.959017,40.32,0.09,1.7376574,5349,197.4,83.61,11.78,2000.119995,Significantly Overvalued
2014-09-08,1889.023,1.95017,23.52,0.09,1.8962823,4914,196.8,84.63,12.66,2001.540039,Significantly Overvalued
2014-09-24,1889.023,1.95017,46.11,0.09,1.8962823,4914,196.8,84.63,13.27,1998.300049,Significantly Overvalued
2014-09-26,1889.023,1.95017,49.29,0.09,1.8962823,4914,196.8,84.63,14.85,1982.849976,Significantly Overvalued
2014-09-30,1889.023,1.95017,41.03,0.09,1.8962823,4914,196.8,84.63,16.31,1972.290039,Significantly Overvalued
2014-10-03,1880.338,2.001463,103.26,0.09,1.6372688,5012,194.8,85.4,14.55,1967.900024,Significantly Overvalued
2014-10-06,1880.338,2.001463,135.43,0.09,1.6372688,5012,194.8,85.4,15.46,1964.819946,Significantly Overvalued
2014-10-07,1880.338,2.001463,89.8,0.09,1.6372688,5012,194.8,85.4,17.2,1935.099976,Overvalued
2014-10-14,1880.338,2.001463,62.32,0.09,1.6372688,5012,194.8,85.4,22.79,1877.699951,Undervalued
2014-10-15,1880.338,2.001463,68.64,0.09,1.6372688,5012,194.8,85.4,26.25,1862.48999,Undervalued
2014-10-24,1880.338,2.001463,43.41,0.09,1.6372688,5012,194.8,85.4,16.11,1964.579956,Significantly Overvalued
2014-10-31,1880.338,2.001463,103.08,0.09,1.6372688,5012,194.8,85.4,14.03,2018.050049,Significantly Overvalued
2014-11-17,1880.338,1.999148,151.19,0.09,1.4820998,4843,192.7,86.34,13.99,2041.319946,Significantly Overvalued
2014-12-03,1880.338,1.961226,76.65,0.12,1.9005034,5130,189.1,87.77,12.47,2074.330078,Significantly Overvalued
2014-12-09,1880.338,1.961226,58.26,0.12,1.9005034,5130,189.1,87.77,14.89,2059.820068,Significantly Overvalued
2014-12-10,1880.338,1.961226,39.55,0.12,1.9005034,5130,189.1,87.77,18.53,2026.140015,Significantly Overvalued
2014-12-12,1880.338,1.961226,42.58,0.12,1.9005034,5130,189.1,87.77,21.08,2002.329956,Significantly Overvalued
2015-01-02,1826.631,1.976365,93.14,0.11,1.2512601,5344,185,89.45,17.79,2058.199951,Significantly Overvalued
2015-01-12,1826.631,1.976365,99.54,0.11,1.2512601,5344,185,89.45,19.6,2028.26001,Significantly Overvalued
2015-01-26,1826.631,1.976365,54.5,0.11,1.2512601,5344,185,89.45,15.52,2057.090088,Significantly Overvalued
2015-02-02,1826.631,1.972517,79.45,0.11,0.90803706,5466,185.4,90.55,19.43,2020.849976,Overvalued
2015-02-09,1826.631,1.972517,87.49,0.11,0.90803706,5466,185.4,90.55,18.55,2046.73999,Significantly Overvalued
2015-02-12,1826.631,1.972517,26.96,0.11,0.90803706,5466,185.4,90.55,15.34,2088.47998,Significantly Overvalued
2015-03-23,1826.631,1.989606,108.15,0.11,1.1905723,5210,186.2,92.44,13.41,2104.419922,Significantly Overvalued
2015-03-25,1826.631,1.989606,52.7,0.11,1.1905723,5210,186.2,92.44,15.44,2061.050049,Significantly Overvalued
2015-04-01,1799.6,2.05371,85.27,0.12,1.5536333,5598,185.7,91.93,15.11,2059.689941,Significantly Overvalued
2015-04-14,1799.6,2.05371,66.77,0.12,1.5536333,5598,185.7,91.93,13.67,2095.840088,Significantly Overvalued
2015-04-15,1799.6,2.05371,310.25,0.12,1.5536333,5598,185.7,91.93,12.84,2106.629883,Significantly Overvalued
2015-04-29,1799.6,2.05371,30.76,0.12,1.5536333,5598,185.7,91.93,13.39,2106.850098,Significantly Overvalued
2015-05-29,1799.6,2.056561,39.59,0.12,1.6479847,5563,188.2,91.52,13.84,2107.389893,Significantly Overvalued
2015-06-26,1799.6,2.103732,79.86,0.13,1.6951142,5248,188.9,92.4,14.02,2101.48999,Significantly Overvalued
2015-06-29,1799.6,2.103732,78.5,0.13,1.6951142,5248,188.9,92.4,18.85,2057.639893,Overvalued
2015-07-13,1780.289,2.130475,79.98,0.13,1.7368344,6056,188.5,93.87,13.9,2099.600098,Overvalued
2015-07-17,1780.289,2.130475,42.31,0.13,1.7368344,6056,188.5,93.87,11.95,2126.639893,Significantly Overvalued
2015-07-24,1780.289,2.130475,60.12,0.13,1.7368344,6056,188.5,93.87,13.74,2079.649902,Overvalued
2015-07-29,1780.289,2.130475,53.93,0.13,1.7368344,6056,188.5,93.87,12.5,2108.570068,Significantly Overvalued
2015-08-13,1780.289,2.169207,35.58,0.14,1.6649923,5467,187,95.19,13.49,2083.389893,Overvalued
2015-08-17,1780.289,2.169207,26.3,0.14,1.6649923,5467,187,95.19,13.02,2102.439941,Overvalued
2015-08-21,1780.289,2.169207,80.21,0.14,1.6649923,5467,187,95.19,28.03,1970.890015,Significantly Undervalued
2015-09-08,1780.289,2.268536,69.15,0.14,1.77111202,5488,184.3,95.55,24.9,1969.410034,Significantly Undervalued
2015-10-14,1701.493,2.335492,59.36,0.12,1.4303623,5773,183.7,94.62,18.03,1994.23999,Undervalued
2015-10-16,1701.493,2.335492,51.22,0.12,1.4303623,5773,183.7,94.62,15.05,2033.109985,Undervalued
2015-10-30,1701.493,2.335492,38.41,0.12,1.4303623,5773,183.7,94.62,15.07,2079.360107,Overvalued
2015-11-05,1701.493,2.394625,33.09,0.12,1.4600444,5708,182.9,95.95,15.05,2099.929932,Overvalued
2015-11-12,1701.493,2.394625,20.53,0.12,1.4600444,5708,182.9,95.95,18.37,2045.969971,Undervalued
2015-11-23,1701.493,2.394625,13.92,0.12,1.4600444,5708,182.9,95.95,15.62,2086.590088,Overvalued
2015-11-25,1701.493,2.394625,20.42,0.12,1.4600444,5708,182.9,95.95,15.19,2088.870117,Overvalued
2015-11-27,1701.493,2.394625,45.15,0.12,1.4600444,5708,182.9,95.95,15.12,2090.110107,Overvalued
2015-12-01,1701.493,2.437497,48.27,0.24,1.54426566,5845,180.8,96.42,14.67,2102.629883,Overvalued
2015-12-17,1701.493,2.437497,100.26,0.24,1.54426566,5845,180.8,96.42,18.94,2041.890015,Undervalued
2015-12-18,1701.493,2.437497,86.5,0.24,1.54426566,5845,180.8,96.42,20.7,2005.550049,Significantly Undervalued
2015-12-23,1701.493,2.437497,75.23,0.24,1.54426566,5845,180.8,96.42,15.57,2064.290039,Overvalued
2015-12-28,1701.493,2.437497,106.39,0.24,1.54426566,5845,180.8,96.42,16.91,2056.5,Undervalued
2016-01-05,1777.476,2.460879,52.8,0.34,1.56591799,6012,179.7,98.74,19.34,2016.709961,Undervalued
2016-01-12,1777.476,2.460879,67.32,0.34,1.56591799,6012,179.7,98.74,22.47,1938.680054,Significantly Undervalued
2016-02-01,1777.476,2.538253,183.2,0.38,1.32438879,5770,178.7,97.36,19.98,1939.380005,Significantly Undervalued
2016-02-09,1777.476,2.538253,38.4,0.38,1.32438879,5770,178.7,97.36,26.54,1852.209961,Significantly Undervalued
2016-02-23,1777.476,2.538253,57.33,0.38,1.32438879,5770,178.7,97.36,20.98,1921.27002,Significantly Undervalued
2016-02-24,1777.476,2.538253,62.26,0.38,1.32438879,5770,178.7,97.36,20.72,1929.800049,Significantly Undervalued
2016-03-01,1777.476,2.526214,49.35,0.36,1.13880477,6129,179.3,95.73,17.7,1978.349976,Undervalued
2016-03-07,1777.476,2.526214,59.99,0.36,1.13880477,6129,179.3,95.73,17.35,2001.76001,Undervalued
2016-03-09,1777.476,2.526214,46.99,0.36,1.13880477,6129,179.3,95.73,18.34,1989.26001,Undervalued
2016-03-14,1777.476,2.526214,54.04,0.36,1.13880477,6129,179.3,95.73,16.92,2019.640015,Undervalued
2016-03-15,1777.476,2.526214,45.63,0.36,1.13880477,6129,179.3,95.73,16.84,2015.930054,Undervalued
2016-03-16,1777.476,2.526214,48.66,0.36,1.13880477,6129,179.3,95.73,14.99,2027.219971,Undervalued
2016-03-21,1777.476,2.526214,89.85,0.36,1.13880477,6129,179.3,95.73,13.79,2051.600098,Overvalued
2016-05-13,1733.129,2.565678,59.77,0.37,1.60055369,5777,181.9,95.82,15.04,2046.609985,Overvalued
2016-05-19,1733.129,2.565678,58.53,0.37,1.60055369,5777,181.9,95.82,16.33,2040.040039,Overvalued
2016-05-25,1733.129,2.565678,51.51,0.37,1.60055369,5777,181.9,95.82,13.9,2090.540039,Overvalued
2016-06-01,1733.129,2.563629,48.39,0.38,1.41347644,5742,183.6,96.44,14.2,2099.330078,Overvalued
2016-06-22,1733.129,2.563629,146.78,0.38,1.41347644,5742,183.6,96.44,21.17,2085.449951,Overvalued
2016-07-08,1754.784,2.569655,105.65,0.39,1.52588979,5962,183.4,96.85,13.2,2129.899902,Significantly Overvalued
2016-07-15,1754.784,2.569655,34.4,0.39,1.52588979,5962,183.4,96.85,12.67,2161.73999,Significantly Overvalued
2016-07-26,1754.784,2.569655,56.4,0.39,1.52588979,5962,183.4,96.85,13.05,2169.179932,Significantly Overvalued
2016-07-28,1754.784,2.569655,76.37,0.39,1.52588979,5962,183.4,96.85,12.72,2170.060059,Significantly Overvalued
2016-07-29,1754.784,2.569655,78.16,0.39,1.52588979,5962,183.4,96.85,11.87,2173.600098,Significantly Overvalued
2016-08-09,1754.784,2.716347,61.67,0.4,1.50597183,5677,182.5,95.99,11.66,2181.73999,Significantly Overvalued
2016-08-17,1754.784,2.716347,83.6,0.4,1.50597183,5677,182.5,95.99,12.19,2182.219971,Significantly Overvalued
2016-08-31,1754.784,2.716347,45.98,0.4,1.50597183,5677,182.5,95.99,13.42,2170.949951,Significantly Overvalued
2016-09-02,1754.784,2.624799,40.85,0.4,1.7703013,5868,183,96.61,11.98,2179.97998,Significantly Overvalued
2016-09-08,1754.784,2.624799,27.04,0.4,1.7703013,5868,183,96.61,12.51,2181.300049,Significantly Overvalued
2016-09-14,1754.784,2.624799,28.87,0.4,1.7703013,5868,183,96.61,18.14,2125.77002,Overvalued
2016-09-20,1754.784,2.624799,58.92,0.4,1.7703013,5868,183,96.61,15.92,2139.76001,Overvalued
2016-09-22,1754.784,2.624799,64.81,0.4,1.7703013,5868,183,96.61,12.02,2177.179932,Significantly Overvalued
2016-09-23,1754.784,2.624799,60.71,0.4,1.7703013,5868,183,96.61,12.29,2164.689941,Significantly Overvalued
2016-09-29,1754.784,2.624799,51.81,0.4,1.7703013,5868,183,96.61,14.02,2151.129883,Significantly Overvalued
2016-10-06,1807.72,2.502268,58.51,0.4,1.60811718,5591,183.7,97.39,12.84,2160.77002,Significantly Overvalued
2016-10-07,1807.72,2.502268,57.08,0.4,1.60811718,5591,183.7,97.39,13.48,2153.73999,Significantly Overvalued
2016-10-17,1807.72,2.502268,115.14,0.4,1.60811718,5591,183.7,97.39,16.21,2126.5,Overvalued
2016-10-19,1807.72,2.502268,61.32,0.4,1.60811718,5591,183.7,97.39,14.41,2144.290039,Overvalued
2016-10-26,1807.72,2.502268,40.45,0.4,1.60811718,5591,183.7,97.39,14.24,2139.429932,Overvalued
2016-10-27,1807.72,2.502268,85.31,0.4,1.60811718,5591,183.7,97.39,15.36,2133.040039,Overvalued
2016-10-28,1807.72,2.502268,74.06,0.4,1.60811718,5591,183.7,97.39,16.19,2126.409912,Overvalued
2016-11-02,1807.72,2.518564,60.79,0.41,1.70959141,5971,183.2,99.66,19.32,2097.939941,Overvalued
2016-11-08,1807.72,2.518564,119.44,0.41,1.70959141,5971,183.2,99.66,18.74,2139.560059,Overvalued
2016-11-16,1807.72,2.518564,135.29,0.41,1.70959141,5971,183.2,99.66,13.72,2176.939941,Significantly Overvalued
2016-11-17,1807.72,2.518564,111,0.41,1.70959141,5971,183.2,99.66,13.35,2187.120117,Significantly Overvalued
2016-11-29,1807.72,2.518564,56.24,0.41,1.70959141,5971,183.2,99.66,12.9,2204.659912,Significantly Overvalued
2016-12-06,1807.72,2.585286,158.64,0.54,2.00056006,5964,183.9,101.16,11.79,2212.22998,Significantly Overvalued
2016-12-08,1807.72,2.585286,125.48,0.54,2.00056006,5964,183.9,101.16,12.64,2246.189941,Significantly Overvalued
2016-12-09,1807.72,2.585286,97.26,0.54,2.00056006,5964,183.9,101.16,11.75,2259.530029,Significantly Overvalued
2016-12-12,1807.72,2.585286,99.45,0.54,2.00056006,5964,183.9,101.16,12.64,2256.959961,Significantly Overvalued
2016-12-20,1807.72,2.585286,59.25,0.54,2.00056006,5964,183.9,101.16,11.45,2270.76001,Significantly Overvalued
2016-12-23,1807.72,2.585286,35.7,0.54,2.00056006,5964,183.9,101.16,11.44,2263.790039,Significantly Overvalued
2016-12-27,1807.72,2.585286,108.11,0.54,2.00056006,5964,183.9,101.16,11.99,2268.879883,Significantly Overvalued
2017-01-04,1911.361,2.651739,101.99,0.65,1.90844919,5617,185.6,101.35,11.85,2270.75,Significantly Overvalued
2017-01-10,1911.361,2.651739,121.9,0.65,1.90844919,5617,185.6,101.35,11.49,2268.899902,Significantly Overvalued
2017-01-19,1911.361,2.651739,95.56,0.65,1.90844919,5617,185.6,101.35,12.78,2263.689941,Significantly Overvalued
2017-02-07,1911.361,2.664566,121.82,0.66,1.83305118,5923,186.2,99.84,11.29,2293.080078,Significantly Overvalued
2017-02-08,1911.361,2.664566,118.99,0.66,1.83305118,5923,186.2,99.84,11.45,2294.669922,Significantly Overvalued
2017-02-14,1911.361,2.664566,120.2,0.66,1.83305118,5923,186.2,99.84,10.74,2337.580078,Significantly Overvalued
2017-02-15,1911.361,2.664566,130.16,0.66,1.83305118,5923,186.2,99.84,11.97,2349.25,Significantly Overvalued
2017-02-21,1911.361,2.664566,87.54,0.66,1.83305118,5923,186.2,99.84,11.57,2365.379883,Significantly Overvalued
2017-02-23,1911.361,2.664566,84.74,0.66,1.83305118,5923,186.2,99.84,11.71,2363.810059,Significantly Overvalued
2017-02-28,1911.361,2.664566,114.25,0.66,1.83305118,5923,186.2,99.84,12.92,2363.639893,Significantly Overvalued
2017-03-02,1911.361,2.436586,125.27,0.79,1.62156608,5811,186.7,99.29,11.81,2381.919922,Significantly Overvalued
2017-03-08,1911.361,2.436586,124.51,0.79,1.62156608,5811,186.7,99.29,11.86,2362.97998,Significantly Overvalued
2017-03-09,1911.361,2.436586,95.37,0.79,1.62156608,5811,186.7,99.29,12.3,2364.870117,Significantly Overvalued
2017-03-10,1911.361,2.436586,81.65,0.79,1.62156608,5811,186.7,99.29,11.66,2372.600098,Significantly Overvalued
2017-03-15,1911.361,2.436586,159.48,0.79,1.62156608,5811,186.7,99.29,11.63,2385.26001,Significantly Overvalued
2017-03-20,1911.361,2.436586,161.69,0.79,1.62156608,5811,186.7,99.29,11.34,2373.469971,Significantly Overvalued
2017-03-22,1911.361,2.436586,65.8,0.79,1.62156608,5811,186.7,99.29,12.81,2348.449951,Significantly Overvalued
2017-03-30,1911.361,2.436586,91.55,0.79,1.62156608,5811,186.7,99.29,11.54,2368.060059,Significantly Overvalued
2017-04-17,1896.913,2.235672,119.99,0.9,1.70730304,6091,187.6,98.55,14.66,2349.01001,Significantly Overvalued
2017-04-21,1896.913,2.235672,124.51,0.9,1.70730304,6091,187.6,98.55,14.63,2348.689941,Significantly Overvalued
2017-04-25,1896.913,2.235672,58.82,0.9,1.70730304,6091,187.6,98.55,10.76,2388.610107,Significantly Overvalued
2017-05-04,1896.913,2.139634,184.47,0.91,1.62428943,5826,187.3,98.14,10.46,2389.52002,Significantly Overvalued
2017-05-09,1896.913,2.139634,84.95,0.91,1.62428943,5826,187.3,98.14,9.96,2396.919922,Significantly Overvalued
2017-06-01,1896.913,2.122109,100.04,1.04,1.28483615,6305,187.6,96.85,9.89,2430.060059,Significantly Overvalued
2017-06-14,1896.913,2.122109,48.72,1.04,1.28483615,6305,187.6,96.85,10.64,2437.919922,Significantly Overvalued
2017-06-15,1896.913,2.122109,67.05,1.04,1.28483615,6305,187.6,96.85,10.9,2432.459961,Significantly Overvalued
2017-06-21,1896.913,2.122109,90.96,1.04,1.28483615,6305,187.6,96.85,10.75,2435.610107,Significantly Overvalued
2017-06-30,1896.913,2.122109,111.89,1.04,1.28483615,6305,187.6,96.85,11.18,2423.409912,Significantly Overvalued
2017-07-03,1927.001,2.131777,101.66,1.15,1.70031704,6238,187.3,95.47,11.22,2429.01001,Significantly Overvalued
2017-07-11,1927.001,2.131777,85.23,1.15,1.70031704,6238,187.3,95.47,10.89,2425.530029,Significantly Overvalued
2017-07-19,1927.001,2.131777,51.42,1.15,1.70031704,6238,187.3,95.47,9.79,2473.830078,Significantly Overvalued
2017-07-31,1927.001,2.131777,80.96,1.15,1.70031704,6238,187.3,95.47,10.26,2470.300049,Significantly Overvalued
2017-08-11,1927.001,2.075047,41.93,1.16,1.65485624,6276,188.4,94.27,15.51,2441.320068,Significantly Overvalued
2017-08-25,1927.001,2.075047,72.15,1.16,1.65485624,6276,188.4,94.27,11.28,2443.050049,Significantly Overvalued
2017-09-11,1927.001,2.091354,94.13,1.15,1.86086154,6320,189.6,93.58,10.73,2488.110107,Significantly Overvalued
2017-09-15,1927.001,2.091354,72.36,1.15,1.86086154,6320,189.6,93.58,10.17,2500.22998,Significantly Overvalued
2017-09-18,1927.001,2.091354,68.55,1.15,1.86086154,6320,189.6,93.58,10.15,2503.870117,Significantly Overvalued
2017-09-19,1927.001,2.091354,58.25,1.15,1.86086154,6320,189.6,93.58,10.18,2506.649902,Significantly Overvalued
2017-09-26,1927.001,2.091354,58.14,1.15,1.86086154,6320,189.6,93.58,10.17,2496.840088,Significantly Overvalued
2017-09-29,1927.001,2.091354,107.61,1.15,1.86086154,6320,189.6,93.58,9.51,2519.360107,Significantly Overvalued
2017-10-03,1977.064,2.177581,52.47,1.15,1.83747409,6408,190.2,95.04,9.51,2534.580078,Significantly Overvalued
2017-10-11,1977.064,2.177581,60.44,1.15,1.83747409,6408,190.2,95.04,9.85,2555.23999,Significantly Overvalued
2017-10-12,1977.064,2.177581,37.61,1.15,1.83747409,6408,190.2,95.04,9.91,2550.929932,Significantly Overvalued
2017-10-19,1977.064,2.177581,82.48,1.15,1.83747409,6408,190.2,95.04,10.05,2562.100098,Significantly Overvalued
2017-10-26,1977.064,2.177581,114.37,1.15,1.83747409,6408,190.2,95.04,11.3,2560.399902,Significantly Overvalued
2017-11-09,1977.064,2.099803,65.11,1.16,1.9103705,6271,191.2,95.02,10.5,2584.620117,Significantly Overvalued
2017-12-01,1977.064,2.117186,86.95,1.3,2.30590212,6336,191.3,94.38,11.43,2642.219971,Significantly Overvalued
2017-12-07,1977.064,2.117186,40.69,1.3,2.30590212,6336,191.3,94.38,10.16,2636.97998,Significantly Overvalued
2017-12-11,1977.064,2.117186,81.46,1.3,2.30590212,6336,191.3,94.38,9.34,2659.98999,Significantly Overvalued
2017-12-12,1977.064,2.117186,66.43,1.3,2.30590212,6336,191.3,94.38,9.92,2664.110107,Significantly Overvalued
2017-12-18,1977.064,2.117186,94.77,1.3,2.30590212,6336,191.3,94.38,9.53,2690.159912,Significantly Overvalued
2017-12-19,1977.064,2.117186,82.4,1.3,2.30590212,6336,191.3,94.38,10.03,2681.469971,Significantly Overvalued
2017-12-26,1977.064,2.117186,106.31,1.3,2.30590212,6336,191.3,94.38,10.25,2680.5,Significantly Overvalued
2018-01-02,2028.401,2.157823,111.2,1.41,1.8553355,6621,192.6,92.7,9.77,2695.810059,Significantly Overvalued
2018-01-04,2028.401,2.157823,243.48,1.41,1.8553355,6621,192.6,92.7,9.22,2723.98999,Significantly Overvalued
2018-01-05,2028.401,2.157823,108.68,1.41,1.8553355,6621,192.6,92.7,9.22,2743.149902,Significantly Overvalued
2018-01-23,2028.401,2.157823,74.52,1.41,1.8553355,6621,192.6,92.7,11.1,2839.129883,Significantly Overvalued
2018-02-09,2028.401,2.123101,82.68,1.42,2.03024294,6552,193.5,91.69,29.06,2619.550049,Overvalued
2018-02-12,2028.401,2.123101,80.89,1.42,2.03024294,6552,193.5,91.69,25.61,2656,Significantly Overvalued
2018-02-22,2028.401,2.123101,50.25,1.42,2.03024294,6552,193.5,91.69,18.72,2703.959961,Significantly Overvalued
2018-03-06,2028.401,2.366926,133.87,1.51,1.77299649,6818,194,92.18,18.36,2728.120117,Significantly Overvalued
2018-03-09,2028.401,2.366926,132.57,1.51,1.77299649,6818,194,92.18,14.64,2786.570068,Significantly Overvalued
2018-03-22,2028.401,2.366926,57.36,1.51,1.77299649,6818,194,92.18,23.34,2643.689941,Overvalued
2018-04-04,2070.954,2.491592,52.9,1.69,1.85654229,6877,195.3,92.43,20.06,2644.689941,Overvalued
2018-04-24,2070.954,2.491592,35.09,1.69,1.85654229,6877,195.3,92.43,18.02,2634.560059,Overvalued
2018-05-01,2070.954,2.543212,101.87,1.7,1.97104317,7016,197.7,95.3,15.49,2654.800049,Overvalued
2018-05-09,2070.954,2.543212,62.2,1.7,1.97104317,7016,197.7,95.3,13.42,2697.790039,Overvalued
2018-05-17,2070.954,2.543212,74.49,1.7,1.97104317,7016,197.7,95.3,13.43,2720.129883,Significantly Overvalued
2018-06-13,2070.954,2.551897,137.07,1.82,1.77214047,7230,198.4,96.91,12.94,2775.629883,Significantly Overvalued
2018-06-25,2070.954,2.551897,63.53,1.82,1.77214047,7230,198.4,96.91,17.33,2717.070068,Overvalued
2018-07-06,2071.997,2.518753,184.49,1.91,2.04854296,7190,198.5,97.16,13.37,2759.820068,Significantly Overvalued
2018-07-09,2071.997,2.518753,110.48,1.91,2.04854296,7190,198.5,97.16,12.69,2784.169922,Significantly Overvalued
2018-07-13,2071.997,2.518753,74.75,1.91,2.04854296,7190,198.5,97.16,12.18,2801.310059,Significantly Overvalued
2018-07-16,2071.997,2.518753,89.31,1.91,2.04854296,7190,198.5,97.16,12.83,2798.429932,Significantly Overvalued
2018-07-24,2071.997,2.518753,77.37,1.91,2.04854296,7190,198.5,97.16,12.41,2820.399902,Significantly Overvalued
2018-08-17,2071.997,2.432443,62.36,1.91,2.07587707,7208,198.6,97.63,12.64,2850.129883,Significantly Overvalued
2018-08-20,2071.997,2.432443,45.18,1.91,2.07587707,7208,198.6,97.63,12.49,2857.050049,Significantly Overvalued
2018-08-31,2071.997,2.432443,121.46,1.91,2.07587707,7208,198.6,97.63,12.86,2901.52002,Significantly Overvalued
2018-09-06,2071.997,2.462881,68.5,1.95,2.20600214,7411,198.9,97.62,14.65,2878.050049,Significantly Overvalued
2018-09-17,2071.997,2.462881,100.71,1.95,2.20600214,7411,198.9,97.62,13.68,2888.800049,Significantly Overvalued
2018-09-18,2071.997,2.462881,71.72,1.95,2.20600214,7411,198.9,97.62,12.79,2904.310059,Significantly Overvalued
2018-09-24,2071.997,2.462881,89.13,1.95,2.20600214,7411,198.9,97.62,12.2,2919.370117,Significantly Overvalued
2018-10-26,2099.624,2.415236,65.53,2.19,2.13500161,7304,200.4,98.16,24.16,2658.689941,Undervalued
2018-10-30,2099.624,2.415236,51.28,2.19,2.13500161,7304,200.4,98.16,23.35,2682.629883,Undervalued
2018-11-07,2099.624,2.476418,61.17,2.2,2.11248367,7594,198.4,99.04,16.36,2813.889893,Overvalued
2018-12-07,2099.624,2.456173,101.45,2.27,1.99598892,7489,195.2,98.55,23.23,2633.080078,Significantly Undervalued
2018-12-11,2099.624,2.456173,88.44,2.27,1.99598892,7489,195.2,98.55,21.76,2636.780029,Significantly Undervalued
2018-12-17,2099.624,2.456173,101.75,2.27,1.99598892,7489,195.2,98.55,24.52,2545.939941,Significantly Undervalued
2018-12-18,2099.624,2.456173,103.24,2.27,1.99598892,7489,195.2,98.55,25.58,2546.159912,Significantly Undervalued
2018-12-24,2099.624,2.456173,141.79,2.27,1.99598892,7489,195.2,98.55,36.07,2351.100098,Significantly Undervalued
2018-12-27,2099.624,2.456173,161.1,2.27,1.99598892,7489,195.2,98.55,29.96,2488.830078,Significantly Undervalued
2019-01-07,2133.343,2.375054,148.61,2.4,1.84144659,7502,194.3,97.4,21.4,2549.689941,Significantly Undervalued
2019-01-09,2133.343,2.375054,120.42,2.4,1.84144659,7502,194.3,97.4,19.98,2584.959961,Significantly Undervalued
2019-01-17,2133.343,2.375054,168.92,2.4,1.84144659,7502,194.3,97.4,18.06,2635.959961,Undervalued
2019-01-23,2133.343,2.375054,88.26,2.4,1.84144659,7502,194.3,97.4,19.52,2638.699951,Undervalued
2019-01-25,2133.343,2.375054,105.17,2.4,1.84144659,7502,194.3,97.4,17.42,2664.76001,Undervalued
2019-02-11,2133.343,2.375943,59.53,2.4,1.8401524,7066,195.4,97.11,15.970000000000002,2709.800049,Undervalued
2019-02-12,2133.343,2.375943,45.91,2.4,1.8401524,7066,195.4,97.11,15.43,2744.72998,Overvalued
2019-02-20,2133.343,2.375943,65.36,2.4,1.8401524,7066,195.4,97.11,14.02,2784.699951,Overvalued
2019-02-26,2133.343,2.375943,68.54,2.4,1.8401524,7066,195.4,97.11,15.17,2793.899902,Overvalued
2019-03-14,2133.343,2.356946,56.33,2.41,1.49661857,7317,197.4,97.69,13.5,2808.47998,Overvalued
2019-03-15,2133.343,2.356946,66.48,2.41,1.49661857,7317,197.4,97.69,12.88,2822.47998,Overvalued
2019-03-26,2133.343,2.356946,78.28,2.41,1.49661857,7317,197.4,97.69,14.68,2818.459961,Overvalued
2019-03-27,2133.343,2.356946,92.66,2.41,1.49661857,7317,197.4,97.69,15.15,2805.370117,Overvalued
2019-04-17,2160.739,2.392773,63.24,2.42,1.83210405,7272,199.2,98.02,12.6,2900.449951,Significantly Overvalued
2019-05-09,2160.739,2.360903,67.46,2.39,1.92982464,7275,199.1,99.12,19.1,2870.719971,Overvalued
2019-05-20,2160.739,2.360903,95.08,2.39,1.92982464,7275,199.1,99.12,16.31,2840.22998,Overvalued
2019-05-21,2160.739,2.360903,73.8,2.39,1.92982464,7275,199.1,99.12,14.95,2864.360107,Overvalued
2019-06-14,2160.739,2.392597,145.07,2.38,1.56961619,7194,197,98.76,15.28,2886.97998,Overvalued
2019-06-21,2160.739,2.392597,178.92,2.38,1.56961619,7194,197,98.76,15.4,2950.459961,Significantly Overvalued
2019-06-25,2160.739,2.392597,74.19,2.38,1.56961619,7194,197,98.76,16.28,2917.379883,Significantly Overvalued
2019-06-28,2160.739,2.392597,129.48,2.38,1.56961619,7194,197,98.76,15.08,2941.76001,Significantly Overvalued
2019-07-02,2204.873,2.475923,144.12,2.4,1.64996184,7042,197.5,98.38,12.93,2973.01001,Significantly Overvalued
2019-07-15,2204.873,2.475923,72.19,2.4,1.64996184,7042,197.5,98.38,12.68,3014.300049,Significantly Overvalued
2019-07-17,2204.873,2.475923,77.06,2.4,1.64996184,7042,197.5,98.38,13.97,2984.419922,Significantly Overvalued
2019-07-23,2204.873,2.475923,114.24,2.4,1.64996184,7042,197.5,98.38,12.61,3005.469971,Significantly Overvalued
2019-07-24,2204.873,2.475923,79.72,2.4,1.64996184,7042,197.5,98.38,12.07,3019.560059,Significantly Overvalued
2019-07-30,2204.873,2.475923,139.24,2.4,1.64996184,7042,197.5,98.38,13.94,3013.179932,Significantly Overvalued
2019-07-31,2204.873,2.475923,103.01,2.4,1.64996184,7042,197.5,98.38,16.12,2980.379883,Significantly Overvalued
2019-08-07,2204.873,2.630398,92.22,2.13,1.62190871,7178,196.4,99.98,19.49,2883.97998,Overvalued
2019-08-08,2204.873,2.630398,93.48,2.13,1.62190871,7178,196.4,99.98,16.91,2938.090088,Overvalued
2019-08-12,2204.873,2.630398,109.59,2.13,1.62190871,7178,196.4,99.98,21.09,2882.699951,Overvalued
2019-08-20,2204.873,2.630398,229.29,2.13,1.62190871,7178,196.4,99.98,17.5,2900.51001,Overvalued
2019-08-21,2204.873,2.630398,278.29,2.13,1.62190871,7178,196.4,99.98,15.8,2924.429932,Overvalued
2019-08-22,2204.873,2.630398,186.06,2.13,1.62190871,7178,196.4,99.98,16.68,2922.949951,Overvalued
2019-08-23,2204.873,2.630398,268.83,2.13,1.62190871,7178,196.4,99.98,19.87,2847.110107,Overvalued
2019-08-28,2204.873,2.630398,132.75,2.13,1.62190871,7178,196.4,99.98,19.35,2887.939941,Overvalued
2019-08-30,2204.873,2.630398,116.43,2.13,1.62190871,7178,196.4,99.98,18.98,2926.459961,Overvalued
2019-09-13,2204.873,2.622934,103.12,2.04,1.5320552,7124,195.9,100.11,13.74,3007.389893,Significantly Overvalued
2019-09-23,2204.873,2.622934,134.52,2.04,1.5320552,7124,195.9,100.11,14.910000000000002,2991.780029,Significantly Overvalued
2019-10-01,2197.55,2.747596,65.08,1.83,1.60812094,7289,196.6,99.42,18.56,2940.25,Overvalued
2019-10-09,2197.55,2.747596,62.58,1.83,1.60812094,7289,196.6,99.42,18.64,2919.399902,Overvalued
2019-10-16,2197.55,2.747596,114.65,1.83,1.60812094,7289,196.6,99.42,13.68,2989.689941,Significantly Overvalued
2019-10-23,2197.55,2.747596,80.02,1.83,1.60812094,7289,196.6,99.42,14.01,3004.52002,Significantly Overvalued
2019-10-24,2197.55,2.747596,56.27,1.83,1.60812094,7289,196.6,99.42,13.71,3010.290039,Significantly Overvalued
2019-10-25,2197.55,2.747596,67.88,1.83,1.60812094,7289,196.6,99.42,12.65,3022.550049,Significantly Overvalued
2019-11-06,2197.55,2.772021,48.77,1.55,1.60960034,6888,196.5,98.89,12.62,3076.780029,Significantly Overvalued
2019-11-12,2197.55,2.772021,89.57,1.55,1.60960034,6888,196.5,98.89,12.68,3091.840088,Significantly Overvalued
2019-11-13,2197.55,2.772021,106.88,1.55,1.60960034,6888,196.5,98.89,13,3094.040039,Significantly Overvalued
2019-11-29,2197.55,2.772021,122.19,1.55,1.60960034,6888,196.5,98.89,12.62,3140.97998,Significantly Overvalued
2019-12-03,2197.55,2.752609,69.28,1.55,1.63171633,6699,196.4,98.12,15.96,3093.199951,Significantly Overvalued
2019-12-13,2197.55,2.752609,164.4,1.55,1.63171633,6699,196.4,98.12,12.63,3168.800049,Significantly Overvalued
2019-12-20,2197.55,2.752609,141.48,1.55,1.63171633,6699,196.4,98.12,12.51,3221.219971,Significantly Overvalued
2020-01-08,1993.666,2.800205,91.15,1.55,1.68281369,7124,196.6,97.65,13.45,3253.050049,Significantly Overvalued
2020-01-21,1993.666,2.800205,87.56,1.55,1.68281369,7124,196.6,97.65,12.85,3320.790039,Significantly Overvalued
2020-02-07,1993.666,2.792299,130.27,1.58,1.54870456,6966,195.1,98.76,15.47,3327.709961,Significantly Overvalued
2020-03-31,1993.666,2.592275,516.55,0.65,1.08291786,5894,192.3,102.42,53.54,2584.590088,Significantly Undervalued
2020-04-17,1821.924,2.160688,573.7,0.05,0.50532993,4606,186.1,104.41,38.15,2874.560059,Undervalued
2020-04-21,1821.924,2.160688,599.13,0.05,0.50532993,4606,186.1,104.41,45.41,2736.560059,Significantly Undervalued
2020-05-07,1821.924,2.000025,504.24,0.05,0.42402389,5612,188.9,103.91,31.44,2881.189941,Undervalued
2020-05-11,1821.924,2.000025,527.36,0.05,0.42402389,5612,188.9,103.91,27.57,2930.189941,Undervalued
2020-05-15,1821.924,2.000025,374.22,0.05,0.42402389,5612,188.9,103.91,31.89,2863.699951,Undervalued
2020-05-26,1821.924,2.000025,389.21,0.05,0.42402389,5612,188.9,103.91,28.01,2991.77002,Overvalued
2020-06-05,1821.924,1.998261,235.07,0.08,0.80270935,6129,190.2,101.77,24.52,3193.929932,Overvalued
2020-06-11,1821.924,1.998261,317.86,0.08,0.80270935,6129,190.2,101.77,40.79,3002.100098,Overvalued
2020-06-15,1821.924,1.998261,300.34,0.08,0.80270935,6129,190.2,101.77,34.400000000000006,3066.590088,Overvalued
2020-06-30,1821.924,1.998261,292.37,0.08,0.80270935,6129,190.2,101.77,30.43,3100.290039,Overvalued
2020-07-09,2407.402,2.287039,267.49,0.09,1.35251073,6530,192.3,101.24,29.26,3152.050049,Overvalued
2020-07-22,2407.402,2.287039,297.02,0.09,1.35251073,6530,192.3,101.24,24.32,3276.02002,Significantly Overvalued
2020-07-27,2407.402,2.287039,521.96,0.09,1.35251073,6530,192.3,101.24,24.74,3239.409912,Significantly Overvalued
2020-07-31,2407.402,2.287039,384.08,0.09,1.35251073,6530,192.3,101.24,24.46,3271.120117,Significantly Overvalued
2020-08-03,2407.402,2.22202,271.04,0.1,1.38970582,6429,193,99.94,24.28,3294.610107,Significantly Overvalued
2020-08-10,2407.402,2.22202,388.62,0.1,1.38970582,6429,193,99.94,22.13,3360.469971,Significantly Overvalued
2020-08-18,2407.402,2.22202,341.68,0.1,1.38970582,6429,193,99.94,21.51,3389.780029,Significantly Overvalued
2020-09-02,2407.402,1.991587,237.83,0.09,1.346501,6511,192.9,99.25,26.57,3580.840088,Significantly Overvalued
2020-09-08,2407.402,1.991587,208.78,0.09,1.346501,6511,192.9,99.25,31.46,3331.840088,Significantly Overvalued
2020-09-09,2407.402,1.991587,209.54,0.09,1.346501,6511,192.9,99.25,28.81,3398.959961,Significantly Overvalued
2020-09-16,2407.402,1.991587,244.64,0.09,1.346501,6511,192.9,99.25,26.04,3385.48999,Significantly Overvalued
2020-09-23,2407.402,1.991587,161.46,0.09,1.346501,6511,192.9,99.25,28.58,3236.919922,Overvalued
2020-09-29,2407.402,1.991587,185.6,0.09,1.346501,6511,192.9,99.25,26.27,3335.469971,Overvalued
2020-10-07,2175.004,1.74961,426.88,0.09,1.2495818,6798,193.7,98.56,28.06,3419.439941,Significantly Overvalued
2020-10-19,2175.004,1.74961,249.35,0.09,1.2495818,6798,193.7,98.56,29.18,3426.919922,Significantly Overvalued
2020-10-22,2175.004,1.74961,167.77,0.09,1.2495818,6798,193.7,98.56,28.11,3453.48999,Significantly Overvalued
2020-10-26,2175.004,1.74961,294.62,0.09,1.2495818,6798,193.7,98.56,32.46,3400.969971,Significantly Overvalued
2020-11-04,2175.004,1.707378,370.7,0.09,1.2784134,6820,194.5,97.02,29.57,3443.439941,Significantly Overvalued
2020-11-13,2175.004,1.707378,123.79,0.09,1.2784134,6820,194.5,97.02,23.1,3585.149902,Significantly Overvalued
2020-12-02,2175.004,1.603908,156.7,0.09,1.40430401,6773,196.7,95.06,21.17,3669.01001,Significantly Overvalued
2020-12-04,2175.004,1.603908,215.13,0.09,1.40430401,6773,196.7,95.06,20.79,3699.120117,Significantly Overvalued
2021-01-19,2476.858,1.391588,170.18,0.09,1.28735871,7204,199.6,94.62,23.24,3798.909912,Significantly Overvalued
2021-02-01,2476.858,1.403014,144.04,0.08,1.41831029,7752,203.1,94.99,30.24,3773.860107,Significantly Overvalued
2021-02-04,2476.858,1.403014,129.36,0.08,1.41831029,7752,203.1,94.99,21.77,3871.73999,Significantly Overvalued
2021-02-22,2476.858,1.403014,132.3,0.08,1.41831029,7752,203.1,94.99,23.45,3876.5,Significantly Overvalued
2021-02-24,2476.858,1.403014,186.94,0.08,1.41831029,7752,203.1,94.99,21.34,3925.429932,Significantly Overvalued
2021-03-03,2476.858,1.592602,103.44,0.07,1.38816905,8470,207.9,96.76,26.67,3819.719971,Significantly Overvalued
2021-03-18,2476.858,1.592602,180.02,0.07,1.38816905,8470,207.9,96.76,21.58,3915.459961,Significantly Overvalued
2021-03-19,2476.858,1.592602,211.66,0.07,1.38816905,8470,207.9,96.76,20.95,3913.100098,Significantly Overvalued
2021-04-06,2679.371,2.212664,125.46,0.07,1.55547772,9356,210.1,96.82,18.12,4073.939941,Significantly Overvalued
2021-04-07,2679.371,2.212664,205.44,0.07,1.55547772,9356,210.1,96.82,17.16,4079.949951,Significantly Overvalued
2021-04-12,2679.371,2.212664,69.6,0.07,1.55547772,9356,210.1,96.82,16.91,4127.990234,Significantly Overvalued
2021-04-29,2679.371,2.212664,153.32,0.07,1.55547772,9356,210.1,96.82,17.61,4211.470215,Significantly Overvalued
2021-05-03,2679.371,2.569395,297.27,0.06,1.60378084,9905,215.1,96.22,18.31,4192.660156,Significantly Overvalued
2021-05-13,2679.371,2.569395,94.65,0.06,1.60378084,9905,215.1,96.22,23.13,4112.5,Significantly Overvalued
2021-05-18,2679.371,2.569395,96.41,0.06,1.60378084,9905,215.1,96.22,21.34,4127.830078,Significantly Overvalued
2021-05-28,2679.371,2.569395,171.86,0.06,1.60378084,9905,215.1,96.22,16.76,4204.109863,Significantly Overvalued
2021-06-11,2679.371,2.564809,97.74,0.08,1.70412347,10298,217.9,97.19,15.65,4247.439941,Significantly Overvalued
2021-06-22,2679.371,2.564809,100,0.08,1.70412347,10298,217.9,97.19,16.66,4246.439941,Significantly Overvalued
2021-06-25,2679.371,2.564809,92.88,0.08,1.70412347,10298,217.9,97.19,15.62,4280.700195,Significantly Overvalued
2021-07-02,2660.598,2.330438,133.09,0.1,1.72471671,11049,219.492,98.56,15.07,4352.339844,Significantly Overvalued
2021-07-07,2660.598,2.330438,57.23,0.1,1.72471671,11049,219.492,98.56,16.2,4358.129883,Significantly Overvalued
2021-07-16,2660.598,2.330438,140.71,0.1,1.72471671,11049,219.492,98.56,18.45,4327.160156,Significantly Overvalued
2021-07-22,2660.598,2.330438,91.1,0.1,1.72471671,11049,219.492,98.56,17.69,4367.47998,Significantly Overvalued
2021-07-28,2660.598,2.330438,152.66,0.1,1.72471671,11049,219.492,98.56,18.31,4400.640137,Significantly Overvalued
2021-07-30,2660.598,2.330438,133.44,0.1,1.72471671,11049,219.492,98.56,18.24,4395.259766,Significantly Overvalued
2021-08-04,2660.598,2.335721,67.39,0.09,1.87371462,10956,220.114,98.78,17.97,4402.660156,Significantly Overvalued
2021-08-05,2660.598,2.335721,179.01,0.09,1.87371462,10956,220.114,98.78,17.28,4429.100098,Significantly Overvalued
2021-08-18,2660.598,2.335721,113.23,0.09,1.87371462,10956,220.114,98.78,21.57,4400.27002,Significantly Overvalued
2021-08-24,2660.598,2.335721,86.77,0.09,1.87371462,10956,220.114,98.78,17.22,4486.22998,Significantly Overvalued
2021-09-02,2660.598,2.607496,72.75,0.08,2.00717467,10879,221.869,98.68,16.41,4536.950195,Significantly Overvalued
2021-09-10,2660.598,2.607496,72.22,0.08,2.00717467,10879,221.869,98.68,20.95,4458.580078,Significantly Overvalued
2021-09-14,2660.598,2.607496,135.76,0.08,2.00717467,10879,221.869,98.68,19.46,4443.049805,Significantly Overvalued
2021-09-24,2660.598,2.607496,86.86,0.08,2.00717467,10879,221.869,98.68,17.75,4455.47998,Significantly Overvalued
2021-09-30,2660.598,2.607496,142.53,0.08,2.00717467,10879,221.869,98.68,23.14,4307.540039,Overvalued
2021-10-07,2636.571,3.009235,100.93,0.08,1.61472482,11341,225.478,99.5,19.54,4399.759766,Significantly Overvalued
2021-10-11,2636.571,3.009235,85.57,0.08,1.61472482,11341,225.478,99.5,20,4361.189941,Overvalued
2021-10-12,2636.571,3.009235,90.52,0.08,1.61472482,11341,225.478,99.5,19.85,4350.649902,Overvalued
2021-10-27,2636.571,3.009235,63.73,0.08,1.61472482,11341,225.478,99.5,16.98,4551.680176,Significantly Overvalued
2021-11-02,2636.571,3.189375,110.75,0.08,1.9874101,11119,227.109,100.32,16.03,4630.649902,Significantly Overvalued
2021-11-15,2636.571,3.189375,107.9,0.08,1.9874101,11119,227.109,100.32,16.49,4682.799805,Significantly Overvalued
2021-11-23,2636.571,3.189375,98.64,0.08,1.9874101,11119,227.109,100.32,19.38,4690.700195,Significantly Overvalued
2022-01-04,2566.259,3.966999,192.08,0.08,1.89256809,11238,231.495,100.89,16.91,4793.540039,Significantly Overvalued
2022-01-10,2566.259,3.966999,120.25,0.08,1.89256809,11238,231.495,100.89,19.4,4670.290039,Significantly Overvalued
2022-02-08,2566.259,4.2841,115.82,0.08,2.14411316,11661,237.245,100.82,21.44,4521.540039,Overvalued
2022-02-15,2566.259,4.2841,109.46,0.08,2.14411316,11661,237.245,100.82,25.7,4471.069824,Overvalued
2022-02-16,2566.259,4.2841,73.91,0.08,2.14411316,11661,237.245,100.82,24.29,4475.009766,Overvalued
2022-02-25,2566.259,4.2841,161.59,0.08,2.14411316,11661,237.245,100.82,27.59,4384.649902,Overvalued
2022-03-01,2566.259,4.538679,188.05,0.2,2.37197211,12134,245.404,102.44,33.32,4306.259766,Undervalued
2022-03-04,2566.259,4.538679,219.09,0.2,2.37197211,12134,245.404,102.44,31.98,4328.870117,Undervalued
2022-03-09,2566.259,4.538679,142.59,0.2,2.37197211,12134,245.404,102.44,32.45,4277.879883,Undervalued
2022-03-14,2566.259,4.538679,222.54,0.2,2.37197211,12134,245.404,102.44,31.77,4173.109863,Significantly Undervalued
2022-03-17,2566.259,4.538679,137.82,0.2,2.37197211,12134,245.404,102.44,25.67,4411.669922,Overvalued
2022-04-26,2728.056,4.70841,130.06,0.33,2.67083134,11881,249.56,103.16,33.52,4175.200195,Significantly Undervalued
2022-06-01,2728.056,5.40253,161.66,1.21,3.18112765,11256,262.418,107.42,25.69,4101.22998,Significantly Undervalued
2022-06-08,2728.056,5.40253,110.13,1.21,3.18112765,11256,262.418,107.42,23.96,4115.77002,Significantly Undervalued
2022-06-09,2728.056,5.40253,112.11,1.21,3.18112765,11256,262.418,107.42,26.09,4017.820068,Significantly Undervalued
2022-06-10,2728.056,5.40253,93.65,1.21,3.18112765,11256,262.418,107.42,27.75,3900.860107,Significantly Undervalued
2022-06-13,2728.056,5.40253,95.37,1.21,3.18112765,11256,262.418,107.42,34.02,3749.629883,Significantly Undervalued
2022-06-30,2728.056,5.40253,158.37,1.21,3.18112765,11256,262.418,107.42,28.71,3785.379883,Significantly Undervalued
2022-07-12,2845.696,5.593246,126.67,1.68,2.67646389,11610,256.526,109.2,27.29,3818.800049,Significantly Undervalued
2022-07-21,2845.696,5.593246,132.76,1.68,2.67646389,11610,256.526,109.2,23.11,3998.949951,Significantly Undervalued
2022-07-25,2845.696,5.593246,120.62,1.68,2.67646389,11610,256.526,109.2,23.36,3966.840088,Significantly Undervalued
2022-07-28,2845.696,5.593246,111,1.68,2.67646389,11610,256.526,109.2,22.33,4072.429932,Significantly Undervalued
2022-07-29,2845.696,5.593246,130.23,1.68,2.67646389,11610,256.526,109.2,21.33,4130.290039,Undervalued
2022-08-11,2845.696,5.952632,99.36,2.33,2.6593637,10148,251.494,108.69,20.2,4207.27002,Undervalued
2022-08-17,2845.696,5.952632,75.77,2.33,2.6593637,10148,251.494,108.69,19.9,4274.040039,Undervalued
2022-08-31,2845.696,5.952632,126.46,2.33,2.6593637,10148,251.494,108.69,25.87,3955,Significantly Undervalued
2022-09-02,2845.696,6.344649,65.23,2.56,3.18169492,10812,251.891,111.26,25.47,3924.26001,Significantly Undervalued
2022-09-08,2845.696,6.344649,47.62,2.56,3.18169492,10812,251.891,111.26,23.61,4006.179932,Significantly Undervalued
2022-09-09,2845.696,6.344649,66.03,2.56,3.18169492,10812,251.891,111.26,22.79,4067.360107,Undervalued
2022-09-12,2845.696,6.344649,162.37,2.56,3.18169492,10812,251.891,111.26,23.87,4110.410156,Undervalued
2022-09-15,2845.696,6.344649,118.58,2.56,3.18169492,10812,251.891,111.26,26.27,3901.350098,Significantly Undervalued
2022-09-16,2845.696,6.344649,123.3,2.56,3.18169492,10812,251.891,111.26,26.3,3873.330078,Significantly Undervalued
2022-09-20,2845.696,6.344649,78.61,2.56,3.18169492,10812,251.891,111.26,27.16,3855.929932,Significantly Undervalued
2022-09-23,2845.696,6.344649,133.87,2.56,3.18169492,10812,251.891,111.26,29.92,3693.22998,Significantly Undervalued
2022-10-05,2809.855,6.315609,153.24,3.08,2.59486632,10488,254.03,112.99,28.55,3783.280029,Significantly Undervalued
2022-10-17,2809.855,6.315609,129.16,3.08,2.59486632,10488,254.03,112.99,31.37,3677.949951,Significantly Undervalued
2022-11-04,2809.855,6.430319,122.07,3.78,2.82678789,10619,252.905,110.19,24.55,3770.550049,Significantly Undervalued
2022-11-21,2809.855,6.430319,122.23,3.78,2.82678789,10619,252.905,110.19,22.36,3949.939941,Undervalued
2022-11-29,2809.855,6.430319,90.52,3.78,2.82678789,10619,252.905,110.19,21.89,3957.629883,Undervalued
2022-12-02,2809.855,6.545514,48.03,4.1,2.53473811,10876,245.115,107.44,19.06,4071.699951,Undervalued
2022-12-08,2809.855,6.545514,81.81,4.1,2.53473811,10876,245.115,107.44,22.29,3963.51001,Undervalued
2022-12-09,2809.855,6.545514,114.31,4.1,2.53473811,10876,245.115,107.44,22.83,3934.379883,Undervalued
2022-12-12,2809.855,6.545514,169.7,4.1,2.53473811,10876,245.115,107.44,25,3990.560059,Undervalued
2022-12-15,2809.855,6.545514,114.95,4.1,2.53473811,10876,245.115,107.44,22.83,3895.75,Undervalued
2022-12-16,2809.855,6.545514,99.07,4.1,2.53473811,10876,245.115,107.44,22.62,3852.360107,Undervalued
2022-12-19,2809.855,6.545514,87.27,4.1,2.53473811,10876,245.115,107.44,22.42,3817.659912,Significantly Undervalued
2022-12-21,2809.855,6.545514,147.63,4.1,2.53473811,10876,245.115,107.44,20.07,3878.439941,Undervalued
2022-12-23,2809.855,6.545514,84.14,4.1,2.53473811,10876,245.115,107.44,20.87,3844.820068,Undervalued
2022-12-29,2809.855,6.545514,123.69,4.1,2.53473811,10876,245.115,107.44,21.44,3849.280029,Undervalued
