Date,CPI
2000/11/01,2.870145
2000/11/02,2.870145
2000/11/03,2.870145
2000/11/04,2.870145
2000/11/05,2.870145
2000/11/06,2.870145
2000/11/07,2.870145
2000/11/08,2.870145
2000/11/09,2.870145
2000/11/10,2.870145
2000/11/11,2.870145
2000/11/12,2.870145
2000/11/13,2.870145
2000/11/14,2.870145
2000/11/15,2.870145
2000/11/16,2.870145
2000/11/17,2.870145
2000/11/18,2.870145
2000/11/19,2.870145
2000/11/20,2.870145
2000/11/21,2.870145
2000/11/22,2.870145
2000/11/23,2.870145
2000/11/24,2.870145
2000/11/25,2.870145
2000/11/26,2.870145
2000/11/27,2.870145
2000/11/28,2.870145
2000/11/29,2.870145
2000/11/30,2.870145
2000/12/01,2.972089
2000/12/02,2.972089
2000/12/03,2.972089
2000/12/04,2.972089
2000/12/05,2.972089
2000/12/06,2.972089
2000/12/07,2.972089
2000/12/08,2.972089
2000/12/09,2.972089
2000/12/10,2.972089
2000/12/11,2.972089
2000/12/12,2.972089
2000/12/13,2.972089
2000/12/14,2.972089
2000/12/15,2.972089
2000/12/16,2.972089
2000/12/17,2.972089
2000/12/18,2.972089
2000/12/19,2.972089
2000/12/20,2.972089
2000/12/21,2.972089
2000/12/22,2.972089
2000/12/23,2.972089
2000/12/24,2.972089
2000/12/25,2.972089
2000/12/26,2.972089
2000/12/27,2.972089
2000/12/28,2.972089
2000/12/29,2.972089
2000/12/30,2.972089
2000/12/31,2.972089
2001/01/01,2.878468
2001/01/02,2.878468
2001/01/03,2.878468
2001/01/04,2.878468
2001/01/05,2.878468
2001/01/06,2.878468
2001/01/07,2.878468
2001/01/08,2.878468
2001/01/09,2.878468
2001/01/10,2.878468
2001/01/11,2.878468
2001/01/12,2.878468
2001/01/13,2.878468
2001/01/14,2.878468
2001/01/15,2.878468
2001/01/16,2.878468
2001/01/17,2.878468
2001/01/18,2.878468
2001/01/19,2.878468
2001/01/20,2.878468
2001/01/21,2.878468
2001/01/22,2.878468
2001/01/23,2.878468
2001/01/24,2.878468
2001/01/25,2.878468
2001/01/26,2.878468
2001/01/27,2.878468
2001/01/28,2.878468
2001/01/29,2.878468
2001/01/30,2.878468
2001/01/31,2.878468
2001/02/01,2.979742
2001/02/02,2.979742
2001/02/03,2.979742
2001/02/04,2.979742
2001/02/05,2.979742
2001/02/06,2.979742
2001/02/07,2.979742
2001/02/08,2.979742
2001/02/09,2.979742
2001/02/10,2.979742
2001/02/11,2.979742
2001/02/12,2.979742
2001/02/13,2.979742
2001/02/14,2.979742
2001/02/15,2.979742
2001/02/16,2.979742
2001/02/17,2.979742
2001/02/18,2.979742
2001/02/19,2.979742
2001/02/20,2.979742
2001/02/21,2.979742
2001/02/22,2.979742
2001/02/23,2.979742
2001/02/24,2.979742
2001/02/25,2.979742
2001/02/26,2.979742
2001/02/27,2.979742
2001/02/28,2.979742
2001/03/01,2.961886
2001/03/02,2.961886
2001/03/03,2.961886
2001/03/04,2.961886
2001/03/05,2.961886
2001/03/06,2.961886
2001/03/07,2.961886
2001/03/08,2.961886
2001/03/09,2.961886
2001/03/10,2.961886
2001/03/11,2.961886
2001/03/12,2.961886
2001/03/13,2.961886
2001/03/14,2.961886
2001/03/15,2.961886
2001/03/16,2.961886
2001/03/17,2.961886
2001/03/18,2.961886
2001/03/19,2.961886
2001/03/20,2.961886
2001/03/21,2.961886
2001/03/22,2.961886
2001/03/23,2.961886
2001/03/24,2.961886
2001/03/25,2.961886
2001/03/26,2.961886
2001/03/27,2.961886
2001/03/28,2.961886
2001/03/29,2.961886
2001/03/30,2.961886
2001/03/31,2.961886
2001/04/01,3.091112
2001/04/02,3.091112
2001/04/03,3.091112
2001/04/04,3.091112
2001/04/05,3.091112
2001/04/06,3.091112
2001/04/07,3.091112
2001/04/08,3.091112
2001/04/09,3.091112
2001/04/10,3.091112
2001/04/11,3.091112
2001/04/12,3.091112
2001/04/13,3.091112
2001/04/14,3.091112
2001/04/15,3.091112
2001/04/16,3.091112
2001/04/17,3.091112
2001/04/18,3.091112
2001/04/19,3.091112
2001/04/20,3.091112
2001/04/21,3.091112
2001/04/22,3.091112
2001/04/23,3.091112
2001/04/24,3.091112
2001/04/25,3.091112
2001/04/26,3.091112
2001/04/27,3.091112
2001/04/28,3.091112
2001/04/29,3.091112
2001/04/30,3.091112
2001/05/01,3.07401
2001/05/02,3.07401
2001/05/03,3.07401
2001/05/04,3.07401
2001/05/05,3.07401
2001/05/06,3.07401
2001/05/07,3.07401
2001/05/08,3.07401
2001/05/09,3.07401
2001/05/10,3.07401
2001/05/11,3.07401
2001/05/12,3.07401
2001/05/13,3.07401
2001/05/14,3.07401
2001/05/15,3.07401
2001/05/16,3.07401
2001/05/17,3.07401
2001/05/18,3.07401
2001/05/19,3.07401
2001/05/20,3.07401
2001/05/21,3.07401
2001/05/22,3.07401
2001/05/23,3.07401
2001/05/24,3.07401
2001/05/25,3.07401
2001/05/26,3.07401
2001/05/27,3.07401
2001/05/28,3.07401
2001/05/29,3.07401
2001/05/30,3.07401
2001/05/31,3.07401
2001/06/01,3.200619
2001/06/02,3.200619
2001/06/03,3.200619
2001/06/04,3.200619
2001/06/05,3.200619
2001/06/06,3.200619
2001/06/07,3.200619
2001/06/08,3.200619
2001/06/09,3.200619
2001/06/10,3.200619
2001/06/11,3.200619
2001/06/12,3.200619
2001/06/13,3.200619
2001/06/14,3.200619
2001/06/15,3.200619
2001/06/16,3.200619
2001/06/17,3.200619
2001/06/18,3.200619
2001/06/19,3.200619
2001/06/20,3.200619
2001/06/21,3.200619
2001/06/22,3.200619
2001/06/23,3.200619
2001/06/24,3.200619
2001/06/25,3.200619
2001/06/26,3.200619
2001/06/27,3.200619
2001/06/28,3.200619
2001/06/29,3.200619
2001/06/30,3.200619
2001/07/01,3.207811
2001/07/02,3.207811
2001/07/03,3.207811
2001/07/04,3.207811
2001/07/05,3.207811
2001/07/06,3.207811
2001/07/07,3.207811
2001/07/08,3.207811
2001/07/09,3.207811
2001/07/10,3.207811
2001/07/11,3.207811
2001/07/12,3.207811
2001/07/13,3.207811
2001/07/14,3.207811
2001/07/15,3.207811
2001/07/16,3.207811
2001/07/17,3.207811
2001/07/18,3.207811
2001/07/19,3.207811
2001/07/20,3.207811
2001/07/21,3.207811
2001/07/22,3.207811
2001/07/23,3.207811
2001/07/24,3.207811
2001/07/25,3.207811
2001/07/26,3.207811
2001/07/27,3.207811
2001/07/28,3.207811
2001/07/29,3.207811
2001/07/30,3.207811
2001/07/31,3.207811
2001/08/01,3.251713
2001/08/02,3.251713
2001/08/03,3.251713
2001/08/04,3.251713
2001/08/05,3.251713
2001/08/06,3.251713
2001/08/07,3.251713
2001/08/08,3.251713
2001/08/09,3.251713
2001/08/10,3.251713
2001/08/11,3.251713
2001/08/12,3.251713
2001/08/13,3.251713
2001/08/14,3.251713
2001/08/15,3.251713
2001/08/16,3.251713
2001/08/17,3.251713
2001/08/18,3.251713
2001/08/19,3.251713
2001/08/20,3.251713
2001/08/21,3.251713
2001/08/22,3.251713
2001/08/23,3.251713
2001/08/24,3.251713
2001/08/25,3.251713
2001/08/26,3.251713
2001/08/27,3.251713
2001/08/28,3.251713
2001/08/29,3.251713
2001/08/30,3.251713
2001/08/31,3.251713
2001/09/01,3.388746
2001/09/02,3.388746
2001/09/03,3.388746
2001/09/04,3.388746
2001/09/05,3.388746
2001/09/06,3.388746
2001/09/07,3.388746
2001/09/08,3.388746
2001/09/09,3.388746
2001/09/10,3.388746
2001/09/11,3.388746
2001/09/12,3.388746
2001/09/13,3.388746
2001/09/14,3.388746
2001/09/15,3.388746
2001/09/16,3.388746
2001/09/17,3.388746
2001/09/18,3.388746
2001/09/19,3.388746
2001/09/20,3.388746
2001/09/21,3.388746
2001/09/22,3.388746
2001/09/23,3.388746
2001/09/24,3.388746
2001/09/25,3.388746
2001/09/26,3.388746
2001/09/27,3.388746
2001/09/28,3.388746
2001/09/29,3.388746
2001/09/30,3.388746
2001/10/01,3.484066
2001/10/02,3.484066
2001/10/03,3.484066
2001/10/04,3.484066
2001/10/05,3.484066
2001/10/06,3.484066
2001/10/07,3.484066
2001/10/08,3.484066
2001/10/09,3.484066
2001/10/10,3.484066
2001/10/11,3.484066
2001/10/12,3.484066
2001/10/13,3.484066
2001/10/14,3.484066
2001/10/15,3.484066
2001/10/16,3.484066
2001/10/17,3.484066
2001/10/18,3.484066
2001/10/19,3.484066
2001/10/20,3.484066
2001/10/21,3.484066
2001/10/22,3.484066
2001/10/23,3.484066
2001/10/24,3.484066
2001/10/25,3.484066
2001/10/26,3.484066
2001/10/27,3.484066
2001/10/28,3.484066
2001/10/29,3.484066
2001/10/30,3.484066
2001/10/31,3.484066
2001/11/01,3.601999
2001/11/02,3.601999
2001/11/03,3.601999
2001/11/04,3.601999
2001/11/05,3.601999
2001/11/06,3.601999
2001/11/07,3.601999
2001/11/08,3.601999
2001/11/09,3.601999
2001/11/10,3.601999
2001/11/11,3.601999
2001/11/12,3.601999
2001/11/13,3.601999
2001/11/14,3.601999
2001/11/15,3.601999
2001/11/16,3.601999
2001/11/17,3.601999
2001/11/18,3.601999
2001/11/19,3.601999
2001/11/20,3.601999
2001/11/21,3.601999
2001/11/22,3.601999
2001/11/23,3.601999
2001/11/24,3.601999
2001/11/25,3.601999
2001/11/26,3.601999
2001/11/27,3.601999
2001/11/28,3.601999
2001/11/29,3.601999
2001/11/30,3.601999
2001/12/01,3.56492
2001/12/02,3.56492
2001/12/03,3.56492
2001/12/04,3.56492
2001/12/05,3.56492
2001/12/06,3.56492
2001/12/07,3.56492
2001/12/08,3.56492
2001/12/09,3.56492
2001/12/10,3.56492
2001/12/11,3.56492
2001/12/12,3.56492
2001/12/13,3.56492
2001/12/14,3.56492
2001/12/15,3.56492
2001/12/16,3.56492
2001/12/17,3.56492
2001/12/18,3.56492
2001/12/19,3.56492
2001/12/20,3.56492
2001/12/21,3.56492
2001/12/22,3.56492
2001/12/23,3.56492
2001/12/24,3.56492
2001/12/25,3.56492
2001/12/26,3.56492
2001/12/27,3.56492
2001/12/28,3.56492
2001/12/29,3.56492
2001/12/30,3.56492
2001/12/31,3.56492
2002/01/01,3.557463
2002/01/02,3.557463
2002/01/03,3.557463
2002/01/04,3.557463
2002/01/05,3.557463
2002/01/06,3.557463
2002/01/07,3.557463
2002/01/08,3.557463
2002/01/09,3.557463
2002/01/10,3.557463
2002/01/11,3.557463
2002/01/12,3.557463
2002/01/13,3.557463
2002/01/14,3.557463
2002/01/15,3.557463
2002/01/16,3.557463
2002/01/17,3.557463
2002/01/18,3.557463
2002/01/19,3.557463
2002/01/20,3.557463
2002/01/21,3.557463
2002/01/22,3.557463
2002/01/23,3.557463
2002/01/24,3.557463
2002/01/25,3.557463
2002/01/26,3.557463
2002/01/27,3.557463
2002/01/28,3.557463
2002/01/29,3.557463
2002/01/30,3.557463
2002/01/31,3.557463
2002/02/01,3.527436
2002/02/02,3.527436
2002/02/03,3.527436
2002/02/04,3.527436
2002/02/05,3.527436
2002/02/06,3.527436
2002/02/07,3.527436
2002/02/08,3.527436
2002/02/09,3.527436
2002/02/10,3.527436
2002/02/11,3.527436
2002/02/12,3.527436
2002/02/13,3.527436
2002/02/14,3.527436
2002/02/15,3.527436
2002/02/16,3.527436
2002/02/17,3.527436
2002/02/18,3.527436
2002/02/19,3.527436
2002/02/20,3.527436
2002/02/21,3.527436
2002/02/22,3.527436
2002/02/23,3.527436
2002/02/24,3.527436
2002/02/25,3.527436
2002/02/26,3.527436
2002/02/27,3.527436
2002/02/28,3.527436
2002/03/01,3.46848
2002/03/02,3.46848
2002/03/03,3.46848
2002/03/04,3.46848
2002/03/05,3.46848
2002/03/06,3.46848
2002/03/07,3.46848
2002/03/08,3.46848
2002/03/09,3.46848
2002/03/10,3.46848
2002/03/11,3.46848
2002/03/12,3.46848
2002/03/13,3.46848
2002/03/14,3.46848
2002/03/15,3.46848
2002/03/16,3.46848
2002/03/17,3.46848
2002/03/18,3.46848
2002/03/19,3.46848
2002/03/20,3.46848
2002/03/21,3.46848
2002/03/22,3.46848
2002/03/23,3.46848
2002/03/24,3.46848
2002/03/25,3.46848
2002/03/26,3.46848
2002/03/27,3.46848
2002/03/28,3.46848
2002/03/29,3.46848
2002/03/30,3.46848
2002/03/31,3.46848
2002/04/01,3.465822
2002/04/02,3.465822
2002/04/03,3.465822
2002/04/04,3.465822
2002/04/05,3.465822
2002/04/06,3.465822
2002/04/07,3.465822
2002/04/08,3.465822
2002/04/09,3.465822
2002/04/10,3.465822
2002/04/11,3.465822
2002/04/12,3.465822
2002/04/13,3.465822
2002/04/14,3.465822
2002/04/15,3.465822
2002/04/16,3.465822
2002/04/17,3.465822
2002/04/18,3.465822
2002/04/19,3.465822
2002/04/20,3.465822
2002/04/21,3.465822
2002/04/22,3.465822
2002/04/23,3.465822
2002/04/24,3.465822
2002/04/25,3.465822
2002/04/26,3.465822
2002/04/27,3.465822
2002/04/28,3.465822
2002/04/29,3.465822
2002/04/30,3.465822
2002/05/01,3.452132
2002/05/02,3.452132
2002/05/03,3.452132
2002/05/04,3.452132
2002/05/05,3.452132
2002/05/06,3.452132
2002/05/07,3.452132
2002/05/08,3.452132
2002/05/09,3.452132
2002/05/10,3.452132
2002/05/11,3.452132
2002/05/12,3.452132
2002/05/13,3.452132
2002/05/14,3.452132
2002/05/15,3.452132
2002/05/16,3.452132
2002/05/17,3.452132
2002/05/18,3.452132
2002/05/19,3.452132
2002/05/20,3.452132
2002/05/21,3.452132
2002/05/22,3.452132
2002/05/23,3.452132
2002/05/24,3.452132
2002/05/25,3.452132
2002/05/26,3.452132
2002/05/27,3.452132
2002/05/28,3.452132
2002/05/29,3.452132
2002/05/30,3.452132
2002/05/31,3.452132
2002/06/01,3.241692
2002/06/02,3.241692
2002/06/03,3.241692
2002/06/04,3.241692
2002/06/05,3.241692
2002/06/06,3.241692
2002/06/07,3.241692
2002/06/08,3.241692
2002/06/09,3.241692
2002/06/10,3.241692
2002/06/11,3.241692
2002/06/12,3.241692
2002/06/13,3.241692
2002/06/14,3.241692
2002/06/15,3.241692
2002/06/16,3.241692
2002/06/17,3.241692
2002/06/18,3.241692
2002/06/19,3.241692
2002/06/20,3.241692
2002/06/21,3.241692
2002/06/22,3.241692
2002/06/23,3.241692
2002/06/24,3.241692
2002/06/25,3.241692
2002/06/26,3.241692
2002/06/27,3.241692
2002/06/28,3.241692
2002/06/29,3.241692
2002/06/30,3.241692
2002/07/01,3.263706
2002/07/02,3.263706
2002/07/03,3.263706
2002/07/04,3.263706
2002/07/05,3.263706
2002/07/06,3.263706
2002/07/07,3.263706
2002/07/08,3.263706
2002/07/09,3.263706
2002/07/10,3.263706
2002/07/11,3.263706
2002/07/12,3.263706
2002/07/13,3.263706
2002/07/14,3.263706
2002/07/15,3.263706
2002/07/16,3.263706
2002/07/17,3.263706
2002/07/18,3.263706
2002/07/19,3.263706
2002/07/20,3.263706
2002/07/21,3.263706
2002/07/22,3.263706
2002/07/23,3.263706
2002/07/24,3.263706
2002/07/25,3.263706
2002/07/26,3.263706
2002/07/27,3.263706
2002/07/28,3.263706
2002/07/29,3.263706
2002/07/30,3.263706
2002/07/31,3.263706
2002/08/01,3.146595
2002/08/02,3.146595
2002/08/03,3.146595
2002/08/04,3.146595
2002/08/05,3.146595
2002/08/06,3.146595
2002/08/07,3.146595
2002/08/08,3.146595
2002/08/09,3.146595
2002/08/10,3.146595
2002/08/11,3.146595
2002/08/12,3.146595
2002/08/13,3.146595
2002/08/14,3.146595
2002/08/15,3.146595
2002/08/16,3.146595
2002/08/17,3.146595
2002/08/18,3.146595
2002/08/19,3.146595
2002/08/20,3.146595
2002/08/21,3.146595
2002/08/22,3.146595
2002/08/23,3.146595
2002/08/24,3.146595
2002/08/25,3.146595
2002/08/26,3.146595
2002/08/27,3.146595
2002/08/28,3.146595
2002/08/29,3.146595
2002/08/30,3.146595
2002/08/31,3.146595
2002/09/01,3.026606
2002/09/02,3.026606
2002/09/03,3.026606
2002/09/04,3.026606
2002/09/05,3.026606
2002/09/06,3.026606
2002/09/07,3.026606
2002/09/08,3.026606
2002/09/09,3.026606
2002/09/10,3.026606
2002/09/11,3.026606
2002/09/12,3.026606
2002/09/13,3.026606
2002/09/14,3.026606
2002/09/15,3.026606
2002/09/16,3.026606
2002/09/17,3.026606
2002/09/18,3.026606
2002/09/19,3.026606
2002/09/20,3.026606
2002/09/21,3.026606
2002/09/22,3.026606
2002/09/23,3.026606
2002/09/24,3.026606
2002/09/25,3.026606
2002/09/26,3.026606
2002/09/27,3.026606
2002/09/28,3.026606
2002/09/29,3.026606
2002/09/30,3.026606
2002/10/01,2.937194
2002/10/02,2.937194
2002/10/03,2.937194
2002/10/04,2.937194
2002/10/05,2.937194
2002/10/06,2.937194
2002/10/07,2.937194
2002/10/08,2.937194
2002/10/09,2.937194
2002/10/10,2.937194
2002/10/11,2.937194
2002/10/12,2.937194
2002/10/13,2.937194
2002/10/14,2.937194
2002/10/15,2.937194
2002/10/16,2.937194
2002/10/17,2.937194
2002/10/18,2.937194
2002/10/19,2.937194
2002/10/20,2.937194
2002/10/21,2.937194
2002/10/22,2.937194
2002/10/23,2.937194
2002/10/24,2.937194
2002/10/25,2.937194
2002/10/26,2.937194
2002/10/27,2.937194
2002/10/28,2.937194
2002/10/29,2.937194
2002/10/30,2.937194
2002/10/31,2.937194
2002/11/01,2.824322
2002/11/02,2.824322
2002/11/03,2.824322
2002/11/04,2.824322
2002/11/05,2.824322
2002/11/06,2.824322
2002/11/07,2.824322
2002/11/08,2.824322
2002/11/09,2.824322
2002/11/10,2.824322
2002/11/11,2.824322
2002/11/12,2.824322
2002/11/13,2.824322
2002/11/14,2.824322
2002/11/15,2.824322
2002/11/16,2.824322
2002/11/17,2.824322
2002/11/18,2.824322
2002/11/19,2.824322
2002/11/20,2.824322
2002/11/21,2.824322
2002/11/22,2.824322
2002/11/23,2.824322
2002/11/24,2.824322
2002/11/25,2.824322
2002/11/26,2.824322
2002/11/27,2.824322
2002/11/28,2.824322
2002/11/29,2.824322
2002/11/30,2.824322
2002/12/01,2.792164
2002/12/02,2.792164
2002/12/03,2.792164
2002/12/04,2.792164
2002/12/05,2.792164
2002/12/06,2.792164
2002/12/07,2.792164
2002/12/08,2.792164
2002/12/09,2.792164
2002/12/10,2.792164
2002/12/11,2.792164
2002/12/12,2.792164
2002/12/13,2.792164
2002/12/14,2.792164
2002/12/15,2.792164
2002/12/16,2.792164
2002/12/17,2.792164
2002/12/18,2.792164
2002/12/19,2.792164
2002/12/20,2.792164
2002/12/21,2.792164
2002/12/22,2.792164
2002/12/23,2.792164
2002/12/24,2.792164
2002/12/25,2.792164
2002/12/26,2.792164
2002/12/27,2.792164
2002/12/28,2.792164
2002/12/29,2.792164
2002/12/30,2.792164
2002/12/31,2.792164
2003/01/01,2.778159
2003/01/02,2.778159
2003/01/03,2.778159
2003/01/04,2.778159
2003/01/05,2.778159
2003/01/06,2.778159
2003/01/07,2.778159
2003/01/08,2.778159
2003/01/09,2.778159
2003/01/10,2.778159
2003/01/11,2.778159
2003/01/12,2.778159
2003/01/13,2.778159
2003/01/14,2.778159
2003/01/15,2.778159
2003/01/16,2.778159
2003/01/17,2.778159
2003/01/18,2.778159
2003/01/19,2.778159
2003/01/20,2.778159
2003/01/21,2.778159
2003/01/22,2.778159
2003/01/23,2.778159
2003/01/24,2.778159
2003/01/25,2.778159
2003/01/26,2.778159
2003/01/27,2.778159
2003/01/28,2.778159
2003/01/29,2.778159
2003/01/30,2.778159
2003/01/31,2.778159
2003/02/01,2.69562
2003/02/02,2.69562
2003/02/03,2.69562
2003/02/04,2.69562
2003/02/05,2.69562
2003/02/06,2.69562
2003/02/07,2.69562
2003/02/08,2.69562
2003/02/09,2.69562
2003/02/10,2.69562
2003/02/11,2.69562
2003/02/12,2.69562
2003/02/13,2.69562
2003/02/14,2.69562
2003/02/15,2.69562
2003/02/16,2.69562
2003/02/17,2.69562
2003/02/18,2.69562
2003/02/19,2.69562
2003/02/20,2.69562
2003/02/21,2.69562
2003/02/22,2.69562
2003/02/23,2.69562
2003/02/24,2.69562
2003/02/25,2.69562
2003/02/26,2.69562
2003/02/27,2.69562
2003/02/28,2.69562
2003/03/01,2.619135
2003/03/02,2.619135
2003/03/03,2.619135
2003/03/04,2.619135
2003/03/05,2.619135
2003/03/06,2.619135
2003/03/07,2.619135
2003/03/08,2.619135
2003/03/09,2.619135
2003/03/10,2.619135
2003/03/11,2.619135
2003/03/12,2.619135
2003/03/13,2.619135
2003/03/14,2.619135
2003/03/15,2.619135
2003/03/16,2.619135
2003/03/17,2.619135
2003/03/18,2.619135
2003/03/19,2.619135
2003/03/20,2.619135
2003/03/21,2.619135
2003/03/22,2.619135
2003/03/23,2.619135
2003/03/24,2.619135
2003/03/25,2.619135
2003/03/26,2.619135
2003/03/27,2.619135
2003/03/28,2.619135
2003/03/29,2.619135
2003/03/30,2.619135
2003/03/31,2.619135
2003/04/01,2.450573
2003/04/02,2.450573
2003/04/03,2.450573
2003/04/04,2.450573
2003/04/05,2.450573
2003/04/06,2.450573
2003/04/07,2.450573
2003/04/08,2.450573
2003/04/09,2.450573
2003/04/10,2.450573
2003/04/11,2.450573
2003/04/12,2.450573
2003/04/13,2.450573
2003/04/14,2.450573
2003/04/15,2.450573
2003/04/16,2.450573
2003/04/17,2.450573
2003/04/18,2.450573
2003/04/19,2.450573
2003/04/20,2.450573
2003/04/21,2.450573
2003/04/22,2.450573
2003/04/23,2.450573
2003/04/24,2.450573
2003/04/25,2.450573
2003/04/26,2.450573
2003/04/27,2.450573
2003/04/28,2.450573
2003/04/29,2.450573
2003/04/30,2.450573
2003/05/01,2.338588
2003/05/02,2.338588
2003/05/03,2.338588
2003/05/04,2.338588
2003/05/05,2.338588
2003/05/06,2.338588
2003/05/07,2.338588
2003/05/08,2.338588
2003/05/09,2.338588
2003/05/10,2.338588
2003/05/11,2.338588
2003/05/12,2.338588
2003/05/13,2.338588
2003/05/14,2.338588
2003/05/15,2.338588
2003/05/16,2.338588
2003/05/17,2.338588
2003/05/18,2.338588
2003/05/19,2.338588
2003/05/20,2.338588
2003/05/21,2.338588
2003/05/22,2.338588
2003/05/23,2.338588
2003/05/24,2.338588
2003/05/25,2.338588
2003/05/26,2.338588
2003/05/27,2.338588
2003/05/28,2.338588
2003/05/29,2.338588
2003/05/30,2.338588
2003/05/31,2.338588
2003/06/01,2.261697
2003/06/02,2.261697
2003/06/03,2.261697
2003/06/04,2.261697
2003/06/05,2.261697
2003/06/06,2.261697
2003/06/07,2.261697
2003/06/08,2.261697
2003/06/09,2.261697
2003/06/10,2.261697
2003/06/11,2.261697
2003/06/12,2.261697
2003/06/13,2.261697
2003/06/14,2.261697
2003/06/15,2.261697
2003/06/16,2.261697
2003/06/17,2.261697
2003/06/18,2.261697
2003/06/19,2.261697
2003/06/20,2.261697
2003/06/21,2.261697
2003/06/22,2.261697
2003/06/23,2.261697
2003/06/24,2.261697
2003/06/25,2.261697
2003/06/26,2.261697
2003/06/27,2.261697
2003/06/28,2.261697
2003/06/29,2.261697
2003/06/30,2.261697
2003/07/01,2.228217
2003/07/02,2.228217
2003/07/03,2.228217
2003/07/04,2.228217
2003/07/05,2.228217
2003/07/06,2.228217
2003/07/07,2.228217
2003/07/08,2.228217
2003/07/09,2.228217
2003/07/10,2.228217
2003/07/11,2.228217
2003/07/12,2.228217
2003/07/13,2.228217
2003/07/14,2.228217
2003/07/15,2.228217
2003/07/16,2.228217
2003/07/17,2.228217
2003/07/18,2.228217
2003/07/19,2.228217
2003/07/20,2.228217
2003/07/21,2.228217
2003/07/22,2.228217
2003/07/23,2.228217
2003/07/24,2.228217
2003/07/25,2.228217
2003/07/26,2.228217
2003/07/27,2.228217
2003/07/28,2.228217
2003/07/29,2.228217
2003/07/30,2.228217
2003/07/31,2.228217
2003/08/01,2.155287
2003/08/02,2.155287
2003/08/03,2.155287
2003/08/04,2.155287
2003/08/05,2.155287
2003/08/06,2.155287
2003/08/07,2.155287
2003/08/08,2.155287
2003/08/09,2.155287
2003/08/10,2.155287
2003/08/11,2.155287
2003/08/12,2.155287
2003/08/13,2.155287
2003/08/14,2.155287
2003/08/15,2.155287
2003/08/16,2.155287
2003/08/17,2.155287
2003/08/18,2.155287
2003/08/19,2.155287
2003/08/20,2.155287
2003/08/21,2.155287
2003/08/22,2.155287
2003/08/23,2.155287
2003/08/24,2.155287
2003/08/25,2.155287
2003/08/26,2.155287
2003/08/27,2.155287
2003/08/28,2.155287
2003/08/29,2.155287
2003/08/30,2.155287
2003/08/31,2.155287
2003/09/01,2.174311
2003/09/02,2.174311
2003/09/03,2.174311
2003/09/04,2.174311
2003/09/05,2.174311
2003/09/06,2.174311
2003/09/07,2.174311
2003/09/08,2.174311
2003/09/09,2.174311
2003/09/10,2.174311
2003/09/11,2.174311
2003/09/12,2.174311
2003/09/13,2.174311
2003/09/14,2.174311
2003/09/15,2.174311
2003/09/16,2.174311
2003/09/17,2.174311
2003/09/18,2.174311
2003/09/19,2.174311
2003/09/20,2.174311
2003/09/21,2.174311
2003/09/22,2.174311
2003/09/23,2.174311
2003/09/24,2.174311
2003/09/25,2.174311
2003/09/26,2.174311
2003/09/27,2.174311
2003/09/28,2.174311
2003/09/29,2.174311
2003/09/30,2.174311
2003/10/01,2.150681
2003/10/02,2.150681
2003/10/03,2.150681
2003/10/04,2.150681
2003/10/05,2.150681
2003/10/06,2.150681
2003/10/07,2.150681
2003/10/08,2.150681
2003/10/09,2.150681
2003/10/10,2.150681
2003/10/11,2.150681
2003/10/12,2.150681
2003/10/13,2.150681
2003/10/14,2.150681
2003/10/15,2.150681
2003/10/16,2.150681
2003/10/17,2.150681
2003/10/18,2.150681
2003/10/19,2.150681
2003/10/20,2.150681
2003/10/21,2.150681
2003/10/22,2.150681
2003/10/23,2.150681
2003/10/24,2.150681
2003/10/25,2.150681
2003/10/26,2.150681
2003/10/27,2.150681
2003/10/28,2.150681
2003/10/29,2.150681
2003/10/30,2.150681
2003/10/31,2.150681
2003/11/01,2.025956
2003/11/02,2.025956
2003/11/03,2.025956
2003/11/04,2.025956
2003/11/05,2.025956
2003/11/06,2.025956
2003/11/07,2.025956
2003/11/08,2.025956
2003/11/09,2.025956
2003/11/10,2.025956
2003/11/11,2.025956
2003/11/12,2.025956
2003/11/13,2.025956
2003/11/14,2.025956
2003/11/15,2.025956
2003/11/16,2.025956
2003/11/17,2.025956
2003/11/18,2.025956
2003/11/19,2.025956
2003/11/20,2.025956
2003/11/21,2.025956
2003/11/22,2.025956
2003/11/23,2.025956
2003/11/24,2.025956
2003/11/25,2.025956
2003/11/26,2.025956
2003/11/27,2.025956
2003/11/28,2.025956
2003/11/29,2.025956
2003/11/30,2.025956
2003/12/01,1.967767
2003/12/02,1.967767
2003/12/03,1.967767
2003/12/04,1.967767
2003/12/05,1.967767
2003/12/06,1.967767
2003/12/07,1.967767
2003/12/08,1.967767
2003/12/09,1.967767
2003/12/10,1.967767
2003/12/11,1.967767
2003/12/12,1.967767
2003/12/13,1.967767
2003/12/14,1.967767
2003/12/15,1.967767
2003/12/16,1.967767
2003/12/17,1.967767
2003/12/18,1.967767
2003/12/19,1.967767
2003/12/20,1.967767
2003/12/21,1.967767
2003/12/22,1.967767
2003/12/23,1.967767
2003/12/24,1.967767
2003/12/25,1.967767
2003/12/26,1.967767
2003/12/27,1.967767
2003/12/28,1.967767
2003/12/29,1.967767
2003/12/30,1.967767
2003/12/31,1.967767
2004/01/01,1.949813
2004/01/02,1.949813
2004/01/03,1.949813
2004/01/04,1.949813
2004/01/05,1.949813
2004/01/06,1.949813
2004/01/07,1.949813
2004/01/08,1.949813
2004/01/09,1.949813
2004/01/10,1.949813
2004/01/11,1.949813
2004/01/12,1.949813
2004/01/13,1.949813
2004/01/14,1.949813
2004/01/15,1.949813
2004/01/16,1.949813
2004/01/17,1.949813
2004/01/18,1.949813
2004/01/19,1.949813
2004/01/20,1.949813
2004/01/21,1.949813
2004/01/22,1.949813
2004/01/23,1.949813
2004/01/24,1.949813
2004/01/25,1.949813
2004/01/26,1.949813
2004/01/27,1.949813
2004/01/28,1.949813
2004/01/29,1.949813
2004/01/30,1.949813
2004/01/31,1.949813
2004/02/01,2.037157
2004/02/02,2.037157
2004/02/03,2.037157
2004/02/04,2.037157
2004/02/05,2.037157
2004/02/06,2.037157
2004/02/07,2.037157
2004/02/08,2.037157
2004/02/09,2.037157
2004/02/10,2.037157
2004/02/11,2.037157
2004/02/12,2.037157
2004/02/13,2.037157
2004/02/14,2.037157
2004/02/15,2.037157
2004/02/16,2.037157
2004/02/17,2.037157
2004/02/18,2.037157
2004/02/19,2.037157
2004/02/20,2.037157
2004/02/21,2.037157
2004/02/22,2.037157
2004/02/23,2.037157
2004/02/24,2.037157
2004/02/25,2.037157
2004/02/26,2.037157
2004/02/27,2.037157
2004/02/28,2.037157
2004/02/29,2.037157
2004/03/01,2.126567
2004/03/02,2.126567
2004/03/03,2.126567
2004/03/04,2.126567
2004/03/05,2.126567
2004/03/06,2.126567
2004/03/07,2.126567
2004/03/08,2.126567
2004/03/09,2.126567
2004/03/10,2.126567
2004/03/11,2.126567
2004/03/12,2.126567
2004/03/13,2.126567
2004/03/14,2.126567
2004/03/15,2.126567
2004/03/16,2.126567
2004/03/17,2.126567
2004/03/18,2.126567
2004/03/19,2.126567
2004/03/20,2.126567
2004/03/21,2.126567
2004/03/22,2.126567
2004/03/23,2.126567
2004/03/24,2.126567
2004/03/25,2.126567
2004/03/26,2.126567
2004/03/27,2.126567
2004/03/28,2.126567
2004/03/29,2.126567
2004/03/30,2.126567
2004/03/31,2.126567
2004/04/01,2.247883
2004/04/02,2.247883
2004/04/03,2.247883
2004/04/04,2.247883
2004/04/05,2.247883
2004/04/06,2.247883
2004/04/07,2.247883
2004/04/08,2.247883
2004/04/09,2.247883
2004/04/10,2.247883
2004/04/11,2.247883
2004/04/12,2.247883
2004/04/13,2.247883
2004/04/14,2.247883
2004/04/15,2.247883
2004/04/16,2.247883
2004/04/17,2.247883
2004/04/18,2.247883
2004/04/19,2.247883
2004/04/20,2.247883
2004/04/21,2.247883
2004/04/22,2.247883
2004/04/23,2.247883
2004/04/24,2.247883
2004/04/25,2.247883
2004/04/26,2.247883
2004/04/27,2.247883
2004/04/28,2.247883
2004/04/29,2.247883
2004/04/30,2.247883
2004/05/01,2.228612
2004/05/02,2.228612
2004/05/03,2.228612
2004/05/04,2.228612
2004/05/05,2.228612
2004/05/06,2.228612
2004/05/07,2.228612
2004/05/08,2.228612
2004/05/09,2.228612
2004/05/10,2.228612
2004/05/11,2.228612
2004/05/12,2.228612
2004/05/13,2.228612
2004/05/14,2.228612
2004/05/15,2.228612
2004/05/16,2.228612
2004/05/17,2.228612
2004/05/18,2.228612
2004/05/19,2.228612
2004/05/20,2.228612
2004/05/21,2.228612
2004/05/22,2.228612
2004/05/23,2.228612
2004/05/24,2.228612
2004/05/25,2.228612
2004/05/26,2.228612
2004/05/27,2.228612
2004/05/28,2.228612
2004/05/29,2.228612
2004/05/30,2.228612
2004/05/31,2.228612
2004/06/01,2.370793
2004/06/02,2.370793
2004/06/03,2.370793
2004/06/04,2.370793
2004/06/05,2.370793
2004/06/06,2.370793
2004/06/07,2.370793
2004/06/08,2.370793
2004/06/09,2.370793
2004/06/10,2.370793
2004/06/11,2.370793
2004/06/12,2.370793
2004/06/13,2.370793
2004/06/14,2.370793
2004/06/15,2.370793
2004/06/16,2.370793
2004/06/17,2.370793
2004/06/18,2.370793
2004/06/19,2.370793
2004/06/20,2.370793
2004/06/21,2.370793
2004/06/22,2.370793
2004/06/23,2.370793
2004/06/24,2.370793
2004/06/25,2.370793
2004/06/26,2.370793
2004/06/27,2.370793
2004/06/28,2.370793
2004/06/29,2.370793
2004/06/30,2.370793
2004/07/01,2.254997
2004/07/02,2.254997
2004/07/03,2.254997
2004/07/04,2.254997
2004/07/05,2.254997
2004/07/06,2.254997
2004/07/07,2.254997
2004/07/08,2.254997
2004/07/09,2.254997
2004/07/10,2.254997
2004/07/11,2.254997
2004/07/12,2.254997
2004/07/13,2.254997
2004/07/14,2.254997
2004/07/15,2.254997
2004/07/16,2.254997
2004/07/17,2.254997
2004/07/18,2.254997
2004/07/19,2.254997
2004/07/20,2.254997
2004/07/21,2.254997
2004/07/22,2.254997
2004/07/23,2.254997
2004/07/24,2.254997
2004/07/25,2.254997
2004/07/26,2.254997
2004/07/27,2.254997
2004/07/28,2.254997
2004/07/29,2.254997
2004/07/30,2.254997
2004/07/31,2.254997
2004/08/01,2.249671
2004/08/02,2.249671
2004/08/03,2.249671
2004/08/04,2.249671
2004/08/05,2.249671
2004/08/06,2.249671
2004/08/07,2.249671
2004/08/08,2.249671
2004/08/09,2.249671
2004/08/10,2.249671
2004/08/11,2.249671
2004/08/12,2.249671
2004/08/13,2.249671
2004/08/14,2.249671
2004/08/15,2.249671
2004/08/16,2.249671
2004/08/17,2.249671
2004/08/18,2.249671
2004/08/19,2.249671
2004/08/20,2.249671
2004/08/21,2.249671
2004/08/22,2.249671
2004/08/23,2.249671
2004/08/24,2.249671
2004/08/25,2.249671
2004/08/26,2.249671
2004/08/27,2.249671
2004/08/28,2.249671
2004/08/29,2.249671
2004/08/30,2.249671
2004/08/31,2.249671
2004/09/01,2.23192
2004/09/02,2.23192
2004/09/03,2.23192
2004/09/04,2.23192
2004/09/05,2.23192
2004/09/06,2.23192
2004/09/07,2.23192
2004/09/08,2.23192
2004/09/09,2.23192
2004/09/10,2.23192
2004/09/11,2.23192
2004/09/12,2.23192
2004/09/13,2.23192
2004/09/14,2.23192
2004/09/15,2.23192
2004/09/16,2.23192
2004/09/17,2.23192
2004/09/18,2.23192
2004/09/19,2.23192
2004/09/20,2.23192
2004/09/21,2.23192
2004/09/22,2.23192
2004/09/23,2.23192
2004/09/24,2.23192
2004/09/25,2.23192
2004/09/26,2.23192
2004/09/27,2.23192
2004/09/28,2.23192
2004/09/29,2.23192
2004/09/30,2.23192
2004/10/01,2.229333
2004/10/02,2.229333
2004/10/03,2.229333
2004/10/04,2.229333
2004/10/05,2.229333
2004/10/06,2.229333
2004/10/07,2.229333
2004/10/08,2.229333
2004/10/09,2.229333
2004/10/10,2.229333
2004/10/11,2.229333
2004/10/12,2.229333
2004/10/13,2.229333
2004/10/14,2.229333
2004/10/15,2.229333
2004/10/16,2.229333
2004/10/17,2.229333
2004/10/18,2.229333
2004/10/19,2.229333
2004/10/20,2.229333
2004/10/21,2.229333
2004/10/22,2.229333
2004/10/23,2.229333
2004/10/24,2.229333
2004/10/25,2.229333
2004/10/26,2.229333
2004/10/27,2.229333
2004/10/28,2.229333
2004/10/29,2.229333
2004/10/30,2.229333
2004/10/31,2.229333
2004/11/01,2.293798
2004/11/02,2.293798
2004/11/03,2.293798
2004/11/04,2.293798
2004/11/05,2.293798
2004/11/06,2.293798
2004/11/07,2.293798
2004/11/08,2.293798
2004/11/09,2.293798
2004/11/10,2.293798
2004/11/11,2.293798
2004/11/12,2.293798
2004/11/13,2.293798
2004/11/14,2.293798
2004/11/15,2.293798
2004/11/16,2.293798
2004/11/17,2.293798
2004/11/18,2.293798
2004/11/19,2.293798
2004/11/20,2.293798
2004/11/21,2.293798
2004/11/22,2.293798
2004/11/23,2.293798
2004/11/24,2.293798
2004/11/25,2.293798
2004/11/26,2.293798
2004/11/27,2.293798
2004/11/28,2.293798
2004/11/29,2.293798
2004/11/30,2.293798
2004/12/01,2.304188
2004/12/02,2.304188
2004/12/03,2.304188
2004/12/04,2.304188
2004/12/05,2.304188
2004/12/06,2.304188
2004/12/07,2.304188
2004/12/08,2.304188
2004/12/09,2.304188
2004/12/10,2.304188
2004/12/11,2.304188
2004/12/12,2.304188
2004/12/13,2.304188
2004/12/14,2.304188
2004/12/15,2.304188
2004/12/16,2.304188
2004/12/17,2.304188
2004/12/18,2.304188
2004/12/19,2.304188
2004/12/20,2.304188
2004/12/21,2.304188
2004/12/22,2.304188
2004/12/23,2.304188
2004/12/24,2.304188
2004/12/25,2.304188
2004/12/26,2.304188
2004/12/27,2.304188
2004/12/28,2.304188
2004/12/29,2.304188
2004/12/30,2.304188
2004/12/31,2.304188
2005/01/01,2.308836
2005/01/02,2.308836
2005/01/03,2.308836
2005/01/04,2.308836
2005/01/05,2.308836
2005/01/06,2.308836
2005/01/07,2.308836
2005/01/08,2.308836
2005/01/09,2.308836
2005/01/10,2.308836
2005/01/11,2.308836
2005/01/12,2.308836
2005/01/13,2.308836
2005/01/14,2.308836
2005/01/15,2.308836
2005/01/16,2.308836
2005/01/17,2.308836
2005/01/18,2.308836
2005/01/19,2.308836
2005/01/20,2.308836
2005/01/21,2.308836
2005/01/22,2.308836
2005/01/23,2.308836
2005/01/24,2.308836
2005/01/25,2.308836
2005/01/26,2.308836
2005/01/27,2.308836
2005/01/28,2.308836
2005/01/29,2.308836
2005/01/30,2.308836
2005/01/31,2.308836
2005/02/01,2.279146
2005/02/02,2.279146
2005/02/03,2.279146
2005/02/04,2.279146
2005/02/05,2.279146
2005/02/06,2.279146
2005/02/07,2.279146
2005/02/08,2.279146
2005/02/09,2.279146
2005/02/10,2.279146
2005/02/11,2.279146
2005/02/12,2.279146
2005/02/13,2.279146
2005/02/14,2.279146
2005/02/15,2.279146
2005/02/16,2.279146
2005/02/17,2.279146
2005/02/18,2.279146
2005/02/19,2.279146
2005/02/20,2.279146
2005/02/21,2.279146
2005/02/22,2.279146
2005/02/23,2.279146
2005/02/24,2.279146
2005/02/25,2.279146
2005/02/26,2.279146
2005/02/27,2.279146
2005/02/28,2.279146
2005/03/01,2.238654
2005/03/02,2.238654
2005/03/03,2.238654
2005/03/04,2.238654
2005/03/05,2.238654
2005/03/06,2.238654
2005/03/07,2.238654
2005/03/08,2.238654
2005/03/09,2.238654
2005/03/10,2.238654
2005/03/11,2.238654
2005/03/12,2.238654
2005/03/13,2.238654
2005/03/14,2.238654
2005/03/15,2.238654
2005/03/16,2.238654
2005/03/17,2.238654
2005/03/18,2.238654
2005/03/19,2.238654
2005/03/20,2.238654
2005/03/21,2.238654
2005/03/22,2.238654
2005/03/23,2.238654
2005/03/24,2.238654
2005/03/25,2.238654
2005/03/26,2.238654
2005/03/27,2.238654
2005/03/28,2.238654
2005/03/29,2.238654
2005/03/30,2.238654
2005/03/31,2.238654
2005/04/01,2.231837
2005/04/02,2.231837
2005/04/03,2.231837
2005/04/04,2.231837
2005/04/05,2.231837
2005/04/06,2.231837
2005/04/07,2.231837
2005/04/08,2.231837
2005/04/09,2.231837
2005/04/10,2.231837
2005/04/11,2.231837
2005/04/12,2.231837
2005/04/13,2.231837
2005/04/14,2.231837
2005/04/15,2.231837
2005/04/16,2.231837
2005/04/17,2.231837
2005/04/18,2.231837
2005/04/19,2.231837
2005/04/20,2.231837
2005/04/21,2.231837
2005/04/22,2.231837
2005/04/23,2.231837
2005/04/24,2.231837
2005/04/25,2.231837
2005/04/26,2.231837
2005/04/27,2.231837
2005/04/28,2.231837
2005/04/29,2.231837
2005/04/30,2.231837
2005/05/01,2.350311
2005/05/02,2.350311
2005/05/03,2.350311
2005/05/04,2.350311
2005/05/05,2.350311
2005/05/06,2.350311
2005/05/07,2.350311
2005/05/08,2.350311
2005/05/09,2.350311
2005/05/10,2.350311
2005/05/11,2.350311
2005/05/12,2.350311
2005/05/13,2.350311
2005/05/14,2.350311
2005/05/15,2.350311
2005/05/16,2.350311
2005/05/17,2.350311
2005/05/18,2.350311
2005/05/19,2.350311
2005/05/20,2.350311
2005/05/21,2.350311
2005/05/22,2.350311
2005/05/23,2.350311
2005/05/24,2.350311
2005/05/25,2.350311
2005/05/26,2.350311
2005/05/27,2.350311
2005/05/28,2.350311
2005/05/29,2.350311
2005/05/30,2.350311
2005/05/31,2.350311
2005/06/01,2.191008
2005/06/02,2.191008
2005/06/03,2.191008
2005/06/04,2.191008
2005/06/05,2.191008
2005/06/06,2.191008
2005/06/07,2.191008
2005/06/08,2.191008
2005/06/09,2.191008
2005/06/10,2.191008
2005/06/11,2.191008
2005/06/12,2.191008
2005/06/13,2.191008
2005/06/14,2.191008
2005/06/15,2.191008
2005/06/16,2.191008
2005/06/17,2.191008
2005/06/18,2.191008
2005/06/19,2.191008
2005/06/20,2.191008
2005/06/21,2.191008
2005/06/22,2.191008
2005/06/23,2.191008
2005/06/24,2.191008
2005/06/25,2.191008
2005/06/26,2.191008
2005/06/27,2.191008
2005/06/28,2.191008
2005/06/29,2.191008
2005/06/30,2.191008
2005/07/01,2.292571
2005/07/02,2.292571
2005/07/03,2.292571
2005/07/04,2.292571
2005/07/05,2.292571
2005/07/06,2.292571
2005/07/07,2.292571
2005/07/08,2.292571
2005/07/09,2.292571
2005/07/10,2.292571
2005/07/11,2.292571
2005/07/12,2.292571
2005/07/13,2.292571
2005/07/14,2.292571
2005/07/15,2.292571
2005/07/16,2.292571
2005/07/17,2.292571
2005/07/18,2.292571
2005/07/19,2.292571
2005/07/20,2.292571
2005/07/21,2.292571
2005/07/22,2.292571
2005/07/23,2.292571
2005/07/24,2.292571
2005/07/25,2.292571
2005/07/26,2.292571
2005/07/27,2.292571
2005/07/28,2.292571
2005/07/29,2.292571
2005/07/30,2.292571
2005/07/31,2.292571
2005/08/01,2.256804
2005/08/02,2.256804
2005/08/03,2.256804
2005/08/04,2.256804
2005/08/05,2.256804
2005/08/06,2.256804
2005/08/07,2.256804
2005/08/08,2.256804
2005/08/09,2.256804
2005/08/10,2.256804
2005/08/11,2.256804
2005/08/12,2.256804
2005/08/13,2.256804
2005/08/14,2.256804
2005/08/15,2.256804
2005/08/16,2.256804
2005/08/17,2.256804
2005/08/18,2.256804
2005/08/19,2.256804
2005/08/20,2.256804
2005/08/21,2.256804
2005/08/22,2.256804
2005/08/23,2.256804
2005/08/24,2.256804
2005/08/25,2.256804
2005/08/26,2.256804
2005/08/27,2.256804
2005/08/28,2.256804
2005/08/29,2.256804
2005/08/30,2.256804
2005/08/31,2.256804
2005/09/01,2.326514
2005/09/02,2.326514
2005/09/03,2.326514
2005/09/04,2.326514
2005/09/05,2.326514
2005/09/06,2.326514
2005/09/07,2.326514
2005/09/08,2.326514
2005/09/09,2.326514
2005/09/10,2.326514
2005/09/11,2.326514
2005/09/12,2.326514
2005/09/13,2.326514
2005/09/14,2.326514
2005/09/15,2.326514
2005/09/16,2.326514
2005/09/17,2.326514
2005/09/18,2.326514
2005/09/19,2.326514
2005/09/20,2.326514
2005/09/21,2.326514
2005/09/22,2.326514
2005/09/23,2.326514
2005/09/24,2.326514
2005/09/25,2.326514
2005/09/26,2.326514
2005/09/27,2.326514
2005/09/28,2.326514
2005/09/29,2.326514
2005/09/30,2.326514
2005/10/01,2.318218
2005/10/02,2.318218
2005/10/03,2.318218
2005/10/04,2.318218
2005/10/05,2.318218
2005/10/06,2.318218
2005/10/07,2.318218
2005/10/08,2.318218
2005/10/09,2.318218
2005/10/10,2.318218
2005/10/11,2.318218
2005/10/12,2.318218
2005/10/13,2.318218
2005/10/14,2.318218
2005/10/15,2.318218
2005/10/16,2.318218
2005/10/17,2.318218
2005/10/18,2.318218
2005/10/19,2.318218
2005/10/20,2.318218
2005/10/21,2.318218
2005/10/22,2.318218
2005/10/23,2.318218
2005/10/24,2.318218
2005/10/25,2.318218
2005/10/26,2.318218
2005/10/27,2.318218
2005/10/28,2.318218
2005/10/29,2.318218
2005/10/30,2.318218
2005/10/31,2.318218
2005/11/01,2.424911
2005/11/02,2.424911
2005/11/03,2.424911
2005/11/04,2.424911
2005/11/05,2.424911
2005/11/06,2.424911
2005/11/07,2.424911
2005/11/08,2.424911
2005/11/09,2.424911
2005/11/10,2.424911
2005/11/11,2.424911
2005/11/12,2.424911
2005/11/13,2.424911
2005/11/14,2.424911
2005/11/15,2.424911
2005/11/16,2.424911
2005/11/17,2.424911
2005/11/18,2.424911
2005/11/19,2.424911
2005/11/20,2.424911
2005/11/21,2.424911
2005/11/22,2.424911
2005/11/23,2.424911
2005/11/24,2.424911
2005/11/25,2.424911
2005/11/26,2.424911
2005/11/27,2.424911
2005/11/28,2.424911
2005/11/29,2.424911
2005/11/30,2.424911
2005/12/01,2.463042
2005/12/02,2.463042
2005/12/03,2.463042
2005/12/04,2.463042
2005/12/05,2.463042
2005/12/06,2.463042
2005/12/07,2.463042
2005/12/08,2.463042
2005/12/09,2.463042
2005/12/10,2.463042
2005/12/11,2.463042
2005/12/12,2.463042
2005/12/13,2.463042
2005/12/14,2.463042
2005/12/15,2.463042
2005/12/16,2.463042
2005/12/17,2.463042
2005/12/18,2.463042
2005/12/19,2.463042
2005/12/20,2.463042
2005/12/21,2.463042
2005/12/22,2.463042
2005/12/23,2.463042
2005/12/24,2.463042
2005/12/25,2.463042
2005/12/26,2.463042
2005/12/27,2.463042
2005/12/28,2.463042
2005/12/29,2.463042
2005/12/30,2.463042
2005/12/31,2.463042
2006/01/01,2.444816
2006/01/02,2.444816
2006/01/03,2.444816
2006/01/04,2.444816
2006/01/05,2.444816
2006/01/06,2.444816
2006/01/07,2.444816
2006/01/08,2.444816
2006/01/09,2.444816
2006/01/10,2.444816
2006/01/11,2.444816
2006/01/12,2.444816
2006/01/13,2.444816
2006/01/14,2.444816
2006/01/15,2.444816
2006/01/16,2.444816
2006/01/17,2.444816
2006/01/18,2.444816
2006/01/19,2.444816
2006/01/20,2.444816
2006/01/21,2.444816
2006/01/22,2.444816
2006/01/23,2.444816
2006/01/24,2.444816
2006/01/25,2.444816
2006/01/26,2.444816
2006/01/27,2.444816
2006/01/28,2.444816
2006/01/29,2.444816
2006/01/30,2.444816
2006/01/31,2.444816
2006/02/01,2.492938
2006/02/02,2.492938
2006/02/03,2.492938
2006/02/04,2.492938
2006/02/05,2.492938
2006/02/06,2.492938
2006/02/07,2.492938
2006/02/08,2.492938
2006/02/09,2.492938
2006/02/10,2.492938
2006/02/11,2.492938
2006/02/12,2.492938
2006/02/13,2.492938
2006/02/14,2.492938
2006/02/15,2.492938
2006/02/16,2.492938
2006/02/17,2.492938
2006/02/18,2.492938
2006/02/19,2.492938
2006/02/20,2.492938
2006/02/21,2.492938
2006/02/22,2.492938
2006/02/23,2.492938
2006/02/24,2.492938
2006/02/25,2.492938
2006/02/26,2.492938
2006/02/27,2.492938
2006/02/28,2.492938
2006/03/01,2.575349
2006/03/02,2.575349
2006/03/03,2.575349
2006/03/04,2.575349
2006/03/05,2.575349
2006/03/06,2.575349
2006/03/07,2.575349
2006/03/08,2.575349
2006/03/09,2.575349
2006/03/10,2.575349
2006/03/11,2.575349
2006/03/12,2.575349
2006/03/13,2.575349
2006/03/14,2.575349
2006/03/15,2.575349
2006/03/16,2.575349
2006/03/17,2.575349
2006/03/18,2.575349
2006/03/19,2.575349
2006/03/20,2.575349
2006/03/21,2.575349
2006/03/22,2.575349
2006/03/23,2.575349
2006/03/24,2.575349
2006/03/25,2.575349
2006/03/26,2.575349
2006/03/27,2.575349
2006/03/28,2.575349
2006/03/29,2.575349
2006/03/30,2.575349
2006/03/31,2.575349
2006/04/01,2.67529
2006/04/02,2.67529
2006/04/03,2.67529
2006/04/04,2.67529
2006/04/05,2.67529
2006/04/06,2.67529
2006/04/07,2.67529
2006/04/08,2.67529
2006/04/09,2.67529
2006/04/10,2.67529
2006/04/11,2.67529
2006/04/12,2.67529
2006/04/13,2.67529
2006/04/14,2.67529
2006/04/15,2.67529
2006/04/16,2.67529
2006/04/17,2.67529
2006/04/18,2.67529
2006/04/19,2.67529
2006/04/20,2.67529
2006/04/21,2.67529
2006/04/22,2.67529
2006/04/23,2.67529
2006/04/24,2.67529
2006/04/25,2.67529
2006/04/26,2.67529
2006/04/27,2.67529
2006/04/28,2.67529
2006/04/29,2.67529
2006/04/30,2.67529
2006/05/01,2.778406
2006/05/02,2.778406
2006/05/03,2.778406
2006/05/04,2.778406
2006/05/05,2.778406
2006/05/06,2.778406
2006/05/07,2.778406
2006/05/08,2.778406
2006/05/09,2.778406
2006/05/10,2.778406
2006/05/11,2.778406
2006/05/12,2.778406
2006/05/13,2.778406
2006/05/14,2.778406
2006/05/15,2.778406
2006/05/16,2.778406
2006/05/17,2.778406
2006/05/18,2.778406
2006/05/19,2.778406
2006/05/20,2.778406
2006/05/21,2.778406
2006/05/22,2.778406
2006/05/23,2.778406
2006/05/24,2.778406
2006/05/25,2.778406
2006/05/26,2.778406
2006/05/27,2.778406
2006/05/28,2.778406
2006/05/29,2.778406
2006/05/30,2.778406
2006/05/31,2.778406
2006/06/01,3.029285
2006/06/02,3.029285
2006/06/03,3.029285
2006/06/04,3.029285
2006/06/05,3.029285
2006/06/06,3.029285
2006/06/07,3.029285
2006/06/08,3.029285
2006/06/09,3.029285
2006/06/10,3.029285
2006/06/11,3.029285
2006/06/12,3.029285
2006/06/13,3.029285
2006/06/14,3.029285
2006/06/15,3.029285
2006/06/16,3.029285
2006/06/17,3.029285
2006/06/18,3.029285
2006/06/19,3.029285
2006/06/20,3.029285
2006/06/21,3.029285
2006/06/22,3.029285
2006/06/23,3.029285
2006/06/24,3.029285
2006/06/25,3.029285
2006/06/26,3.029285
2006/06/27,3.029285
2006/06/28,3.029285
2006/06/29,3.029285
2006/06/30,3.029285
2006/07/01,3.089187
2006/07/02,3.089187
2006/07/03,3.089187
2006/07/04,3.089187
2006/07/05,3.089187
2006/07/06,3.089187
2006/07/07,3.089187
2006/07/08,3.089187
2006/07/09,3.089187
2006/07/10,3.089187
2006/07/11,3.089187
2006/07/12,3.089187
2006/07/13,3.089187
2006/07/14,3.089187
2006/07/15,3.089187
2006/07/16,3.089187
2006/07/17,3.089187
2006/07/18,3.089187
2006/07/19,3.089187
2006/07/20,3.089187
2006/07/21,3.089187
2006/07/22,3.089187
2006/07/23,3.089187
2006/07/24,3.089187
2006/07/25,3.089187
2006/07/26,3.089187
2006/07/27,3.089187
2006/07/28,3.089187
2006/07/29,3.089187
2006/07/30,3.089187
2006/07/31,3.089187
2006/08/01,3.219901
2006/08/02,3.219901
2006/08/03,3.219901
2006/08/04,3.219901
2006/08/05,3.219901
2006/08/06,3.219901
2006/08/07,3.219901
2006/08/08,3.219901
2006/08/09,3.219901
2006/08/10,3.219901
2006/08/11,3.219901
2006/08/12,3.219901
2006/08/13,3.219901
2006/08/14,3.219901
2006/08/15,3.219901
2006/08/16,3.219901
2006/08/17,3.219901
2006/08/18,3.219901
2006/08/19,3.219901
2006/08/20,3.219901
2006/08/21,3.219901
2006/08/22,3.219901
2006/08/23,3.219901
2006/08/24,3.219901
2006/08/25,3.219901
2006/08/26,3.219901
2006/08/27,3.219901
2006/08/28,3.219901
2006/08/29,3.219901
2006/08/30,3.219901
2006/08/31,3.219901
2006/09/01,3.207054
2006/09/02,3.207054
2006/09/03,3.207054
2006/09/04,3.207054
2006/09/05,3.207054
2006/09/06,3.207054
2006/09/07,3.207054
2006/09/08,3.207054
2006/09/09,3.207054
2006/09/10,3.207054
2006/09/11,3.207054
2006/09/12,3.207054
2006/09/13,3.207054
2006/09/14,3.207054
2006/09/15,3.207054
2006/09/16,3.207054
2006/09/17,3.207054
2006/09/18,3.207054
2006/09/19,3.207054
2006/09/20,3.207054
2006/09/21,3.207054
2006/09/22,3.207054
2006/09/23,3.207054
2006/09/24,3.207054
2006/09/25,3.207054
2006/09/26,3.207054
2006/09/27,3.207054
2006/09/28,3.207054
2006/09/29,3.207054
2006/09/30,3.207054
2006/10/01,3.285968
2006/10/02,3.285968
2006/10/03,3.285968
2006/10/04,3.285968
2006/10/05,3.285968
2006/10/06,3.285968
2006/10/07,3.285968
2006/10/08,3.285968
2006/10/09,3.285968
2006/10/10,3.285968
2006/10/11,3.285968
2006/10/12,3.285968
2006/10/13,3.285968
2006/10/14,3.285968
2006/10/15,3.285968
2006/10/16,3.285968
2006/10/17,3.285968
2006/10/18,3.285968
2006/10/19,3.285968
2006/10/20,3.285968
2006/10/21,3.285968
2006/10/22,3.285968
2006/10/23,3.285968
2006/10/24,3.285968
2006/10/25,3.285968
2006/10/26,3.285968
2006/10/27,3.285968
2006/10/28,3.285968
2006/10/29,3.285968
2006/10/30,3.285968
2006/10/31,3.285968
2006/11/01,3.141252
2006/11/02,3.141252
2006/11/03,3.141252
2006/11/04,3.141252
2006/11/05,3.141252
2006/11/06,3.141252
2006/11/07,3.141252
2006/11/08,3.141252
2006/11/09,3.141252
2006/11/10,3.141252
2006/11/11,3.141252
2006/11/12,3.141252
2006/11/13,3.141252
2006/11/14,3.141252
2006/11/15,3.141252
2006/11/16,3.141252
2006/11/17,3.141252
2006/11/18,3.141252
2006/11/19,3.141252
2006/11/20,3.141252
2006/11/21,3.141252
2006/11/22,3.141252
2006/11/23,3.141252
2006/11/24,3.141252
2006/11/25,3.141252
2006/11/26,3.141252
2006/11/27,3.141252
2006/11/28,3.141252
2006/11/29,3.141252
2006/11/30,3.141252
2006/12/01,3.1159
2006/12/02,3.1159
2006/12/03,3.1159
2006/12/04,3.1159
2006/12/05,3.1159
2006/12/06,3.1159
2006/12/07,3.1159
2006/12/08,3.1159
2006/12/09,3.1159
2006/12/10,3.1159
2006/12/11,3.1159
2006/12/12,3.1159
2006/12/13,3.1159
2006/12/14,3.1159
2006/12/15,3.1159
2006/12/16,3.1159
2006/12/17,3.1159
2006/12/18,3.1159
2006/12/19,3.1159
2006/12/20,3.1159
2006/12/21,3.1159
2006/12/22,3.1159
2006/12/23,3.1159
2006/12/24,3.1159
2006/12/25,3.1159
2006/12/26,3.1159
2006/12/27,3.1159
2006/12/28,3.1159
2006/12/29,3.1159
2006/12/30,3.1159
2006/12/31,3.1159
2007/01/01,3.136734
2007/01/02,3.136734
2007/01/03,3.136734
2007/01/04,3.136734
2007/01/05,3.136734
2007/01/06,3.136734
2007/01/07,3.136734
2007/01/08,3.136734
2007/01/09,3.136734
2007/01/10,3.136734
2007/01/11,3.136734
2007/01/12,3.136734
2007/01/13,3.136734
2007/01/14,3.136734
2007/01/15,3.136734
2007/01/16,3.136734
2007/01/17,3.136734
2007/01/18,3.136734
2007/01/19,3.136734
2007/01/20,3.136734
2007/01/21,3.136734
2007/01/22,3.136734
2007/01/23,3.136734
2007/01/24,3.136734
2007/01/25,3.136734
2007/01/26,3.136734
2007/01/27,3.136734
2007/01/28,3.136734
2007/01/29,3.136734
2007/01/30,3.136734
2007/01/31,3.136734
2007/02/01,3.152428
2007/02/02,3.152428
2007/02/03,3.152428
2007/02/04,3.152428
2007/02/05,3.152428
2007/02/06,3.152428
2007/02/07,3.152428
2007/02/08,3.152428
2007/02/09,3.152428
2007/02/10,3.152428
2007/02/11,3.152428
2007/02/12,3.152428
2007/02/13,3.152428
2007/02/14,3.152428
2007/02/15,3.152428
2007/02/16,3.152428
2007/02/17,3.152428
2007/02/18,3.152428
2007/02/19,3.152428
2007/02/20,3.152428
2007/02/21,3.152428
2007/02/22,3.152428
2007/02/23,3.152428
2007/02/24,3.152428
2007/02/25,3.152428
2007/02/26,3.152428
2007/02/27,3.152428
2007/02/28,3.152428
2007/03/01,3.099888
2007/03/02,3.099888
2007/03/03,3.099888
2007/03/04,3.099888
2007/03/05,3.099888
2007/03/06,3.099888
2007/03/07,3.099888
2007/03/08,3.099888
2007/03/09,3.099888
2007/03/10,3.099888
2007/03/11,3.099888
2007/03/12,3.099888
2007/03/13,3.099888
2007/03/14,3.099888
2007/03/15,3.099888
2007/03/16,3.099888
2007/03/17,3.099888
2007/03/18,3.099888
2007/03/19,3.099888
2007/03/20,3.099888
2007/03/21,3.099888
2007/03/22,3.099888
2007/03/23,3.099888
2007/03/24,3.099888
2007/03/25,3.099888
2007/03/26,3.099888
2007/03/27,3.099888
2007/03/28,3.099888
2007/03/29,3.099888
2007/03/30,3.099888
2007/03/31,3.099888
2007/04/01,2.957465
2007/04/02,2.957465
2007/04/03,2.957465
2007/04/04,2.957465
2007/04/05,2.957465
2007/04/06,2.957465
2007/04/07,2.957465
2007/04/08,2.957465
2007/04/09,2.957465
2007/04/10,2.957465
2007/04/11,2.957465
2007/04/12,2.957465
2007/04/13,2.957465
2007/04/14,2.957465
2007/04/15,2.957465
2007/04/16,2.957465
2007/04/17,2.957465
2007/04/18,2.957465
2007/04/19,2.957465
2007/04/20,2.957465
2007/04/21,2.957465
2007/04/22,2.957465
2007/04/23,2.957465
2007/04/24,2.957465
2007/04/25,2.957465
2007/04/26,2.957465
2007/04/27,2.957465
2007/04/28,2.957465
2007/04/29,2.957465
2007/04/30,2.957465
2007/05/01,2.774199
2007/05/02,2.774199
2007/05/03,2.774199
2007/05/04,2.774199
2007/05/05,2.774199
2007/05/06,2.774199
2007/05/07,2.774199
2007/05/08,2.774199
2007/05/09,2.774199
2007/05/10,2.774199
2007/05/11,2.774199
2007/05/12,2.774199
2007/05/13,2.774199
2007/05/14,2.774199
2007/05/15,2.774199
2007/05/16,2.774199
2007/05/17,2.774199
2007/05/18,2.774199
2007/05/19,2.774199
2007/05/20,2.774199
2007/05/21,2.774199
2007/05/22,2.774199
2007/05/23,2.774199
2007/05/24,2.774199
2007/05/25,2.774199
2007/05/26,2.774199
2007/05/27,2.774199
2007/05/28,2.774199
2007/05/29,2.774199
2007/05/30,2.774199
2007/05/31,2.774199
2007/06/01,2.621714
2007/06/02,2.621714
2007/06/03,2.621714
2007/06/04,2.621714
2007/06/05,2.621714
2007/06/06,2.621714
2007/06/07,2.621714
2007/06/08,2.621714
2007/06/09,2.621714
2007/06/10,2.621714
2007/06/11,2.621714
2007/06/12,2.621714
2007/06/13,2.621714
2007/06/14,2.621714
2007/06/15,2.621714
2007/06/16,2.621714
2007/06/17,2.621714
2007/06/18,2.621714
2007/06/19,2.621714
2007/06/20,2.621714
2007/06/21,2.621714
2007/06/22,2.621714
2007/06/23,2.621714
2007/06/24,2.621714
2007/06/25,2.621714
2007/06/26,2.621714
2007/06/27,2.621714
2007/06/28,2.621714
2007/06/29,2.621714
2007/06/30,2.621714
2007/07/01,2.525322
2007/07/02,2.525322
2007/07/03,2.525322
2007/07/04,2.525322
2007/07/05,2.525322
2007/07/06,2.525322
2007/07/07,2.525322
2007/07/08,2.525322
2007/07/09,2.525322
2007/07/10,2.525322
2007/07/11,2.525322
2007/07/12,2.525322
2007/07/13,2.525322
2007/07/14,2.525322
2007/07/15,2.525322
2007/07/16,2.525322
2007/07/17,2.525322
2007/07/18,2.525322
2007/07/19,2.525322
2007/07/20,2.525322
2007/07/21,2.525322
2007/07/22,2.525322
2007/07/23,2.525322
2007/07/24,2.525322
2007/07/25,2.525322
2007/07/26,2.525322
2007/07/27,2.525322
2007/07/28,2.525322
2007/07/29,2.525322
2007/07/30,2.525322
2007/07/31,2.525322
2007/08/01,2.459164
2007/08/02,2.459164
2007/08/03,2.459164
2007/08/04,2.459164
2007/08/05,2.459164
2007/08/06,2.459164
2007/08/07,2.459164
2007/08/08,2.459164
2007/08/09,2.459164
2007/08/10,2.459164
2007/08/11,2.459164
2007/08/12,2.459164
2007/08/13,2.459164
2007/08/14,2.459164
2007/08/15,2.459164
2007/08/16,2.459164
2007/08/17,2.459164
2007/08/18,2.459164
2007/08/19,2.459164
2007/08/20,2.459164
2007/08/21,2.459164
2007/08/22,2.459164
2007/08/23,2.459164
2007/08/24,2.459164
2007/08/25,2.459164
2007/08/26,2.459164
2007/08/27,2.459164
2007/08/28,2.459164
2007/08/29,2.459164
2007/08/30,2.459164
2007/08/31,2.459164
2007/09/01,2.475003
2007/09/02,2.475003
2007/09/03,2.475003
2007/09/04,2.475003
2007/09/05,2.475003
2007/09/06,2.475003
2007/09/07,2.475003
2007/09/08,2.475003
2007/09/09,2.475003
2007/09/10,2.475003
2007/09/11,2.475003
2007/09/12,2.475003
2007/09/13,2.475003
2007/09/14,2.475003
2007/09/15,2.475003
2007/09/16,2.475003
2007/09/17,2.475003
2007/09/18,2.475003
2007/09/19,2.475003
2007/09/20,2.475003
2007/09/21,2.475003
2007/09/22,2.475003
2007/09/23,2.475003
2007/09/24,2.475003
2007/09/25,2.475003
2007/09/26,2.475003
2007/09/27,2.475003
2007/09/28,2.475003
2007/09/29,2.475003
2007/09/30,2.475003
2007/10/01,2.494632
2007/10/02,2.494632
2007/10/03,2.494632
2007/10/04,2.494632
2007/10/05,2.494632
2007/10/06,2.494632
2007/10/07,2.494632
2007/10/08,2.494632
2007/10/09,2.494632
2007/10/10,2.494632
2007/10/11,2.494632
2007/10/12,2.494632
2007/10/13,2.494632
2007/10/14,2.494632
2007/10/15,2.494632
2007/10/16,2.494632
2007/10/17,2.494632
2007/10/18,2.494632
2007/10/19,2.494632
2007/10/20,2.494632
2007/10/21,2.494632
2007/10/22,2.494632
2007/10/23,2.494632
2007/10/24,2.494632
2007/10/25,2.494632
2007/10/26,2.494632
2007/10/27,2.494632
2007/10/28,2.494632
2007/10/29,2.494632
2007/10/30,2.494632
2007/10/31,2.494632
2007/11/01,2.64947
2007/11/02,2.64947
2007/11/03,2.64947
2007/11/04,2.64947
2007/11/05,2.64947
2007/11/06,2.64947
2007/11/07,2.64947
2007/11/08,2.64947
2007/11/09,2.64947
2007/11/10,2.64947
2007/11/11,2.64947
2007/11/12,2.64947
2007/11/13,2.64947
2007/11/14,2.64947
2007/11/15,2.64947
2007/11/16,2.64947
2007/11/17,2.64947
2007/11/18,2.64947
2007/11/19,2.64947
2007/11/20,2.64947
2007/11/21,2.64947
2007/11/22,2.64947
2007/11/23,2.64947
2007/11/24,2.64947
2007/11/25,2.64947
2007/11/26,2.64947
2007/11/27,2.64947
2007/11/28,2.64947
2007/11/29,2.64947
2007/11/30,2.64947
2007/12/01,2.712396
2007/12/02,2.712396
2007/12/03,2.712396
2007/12/04,2.712396
2007/12/05,2.712396
2007/12/06,2.712396
2007/12/07,2.712396
2007/12/08,2.712396
2007/12/09,2.712396
2007/12/10,2.712396
2007/12/11,2.712396
2007/12/12,2.712396
2007/12/13,2.712396
2007/12/14,2.712396
2007/12/15,2.712396
2007/12/16,2.712396
2007/12/17,2.712396
2007/12/18,2.712396
2007/12/19,2.712396
2007/12/20,2.712396
2007/12/21,2.712396
2007/12/22,2.712396
2007/12/23,2.712396
2007/12/24,2.712396
2007/12/25,2.712396
2007/12/26,2.712396
2007/12/27,2.712396
2007/12/28,2.712396
2007/12/29,2.712396
2007/12/30,2.712396
2007/12/31,2.712396
2008/01/01,2.747695
2008/01/02,2.747695
2008/01/03,2.747695
2008/01/04,2.747695
2008/01/05,2.747695
2008/01/06,2.747695
2008/01/07,2.747695
2008/01/08,2.747695
2008/01/09,2.747695
2008/01/10,2.747695
2008/01/11,2.747695
2008/01/12,2.747695
2008/01/13,2.747695
2008/01/14,2.747695
2008/01/15,2.747695
2008/01/16,2.747695
2008/01/17,2.747695
2008/01/18,2.747695
2008/01/19,2.747695
2008/01/20,2.747695
2008/01/21,2.747695
2008/01/22,2.747695
2008/01/23,2.747695
2008/01/24,2.747695
2008/01/25,2.747695
2008/01/26,2.747695
2008/01/27,2.747695
2008/01/28,2.747695
2008/01/29,2.747695
2008/01/30,2.747695
2008/01/31,2.747695
2008/02/01,2.617738
2008/02/02,2.617738
2008/02/03,2.617738
2008/02/04,2.617738
2008/02/05,2.617738
2008/02/06,2.617738
2008/02/07,2.617738
2008/02/08,2.617738
2008/02/09,2.617738
2008/02/10,2.617738
2008/02/11,2.617738
2008/02/12,2.617738
2008/02/13,2.617738
2008/02/14,2.617738
2008/02/15,2.617738
2008/02/16,2.617738
2008/02/17,2.617738
2008/02/18,2.617738
2008/02/19,2.617738
2008/02/20,2.617738
2008/02/21,2.617738
2008/02/22,2.617738
2008/02/23,2.617738
2008/02/24,2.617738
2008/02/25,2.617738
2008/02/26,2.617738
2008/02/27,2.617738
2008/02/28,2.617738
2008/02/29,2.617738
2008/03/01,2.688949
2008/03/02,2.688949
2008/03/03,2.688949
2008/03/04,2.688949
2008/03/05,2.688949
2008/03/06,2.688949
2008/03/07,2.688949
2008/03/08,2.688949
2008/03/09,2.688949
2008/03/10,2.688949
2008/03/11,2.688949
2008/03/12,2.688949
2008/03/13,2.688949
2008/03/14,2.688949
2008/03/15,2.688949
2008/03/16,2.688949
2008/03/17,2.688949
2008/03/18,2.688949
2008/03/19,2.688949
2008/03/20,2.688949
2008/03/21,2.688949
2008/03/22,2.688949
2008/03/23,2.688949
2008/03/24,2.688949
2008/03/25,2.688949
2008/03/26,2.688949
2008/03/27,2.688949
2008/03/28,2.688949
2008/03/29,2.688949
2008/03/30,2.688949
2008/03/31,2.688949
2008/04/01,2.725505
2008/04/02,2.725505
2008/04/03,2.725505
2008/04/04,2.725505
2008/04/05,2.725505
2008/04/06,2.725505
2008/04/07,2.725505
2008/04/08,2.725505
2008/04/09,2.725505
2008/04/10,2.725505
2008/04/11,2.725505
2008/04/12,2.725505
2008/04/13,2.725505
2008/04/14,2.725505
2008/04/15,2.725505
2008/04/16,2.725505
2008/04/17,2.725505
2008/04/18,2.725505
2008/04/19,2.725505
2008/04/20,2.725505
2008/04/21,2.725505
2008/04/22,2.725505
2008/04/23,2.725505
2008/04/24,2.725505
2008/04/25,2.725505
2008/04/26,2.725505
2008/04/27,2.725505
2008/04/28,2.725505
2008/04/29,2.725505
2008/04/30,2.725505
2008/05/01,2.793043
2008/05/02,2.793043
2008/05/03,2.793043
2008/05/04,2.793043
2008/05/05,2.793043
2008/05/06,2.793043
2008/05/07,2.793043
2008/05/08,2.793043
2008/05/09,2.793043
2008/05/10,2.793043
2008/05/11,2.793043
2008/05/12,2.793043
2008/05/13,2.793043
2008/05/14,2.793043
2008/05/15,2.793043
2008/05/16,2.793043
2008/05/17,2.793043
2008/05/18,2.793043
2008/05/19,2.793043
2008/05/20,2.793043
2008/05/21,2.793043
2008/05/22,2.793043
2008/05/23,2.793043
2008/05/24,2.793043
2008/05/25,2.793043
2008/05/26,2.793043
2008/05/27,2.793043
2008/05/28,2.793043
2008/05/29,2.793043
2008/05/30,2.793043
2008/05/31,2.793043
2008/06/01,2.933931
2008/06/02,2.933931
2008/06/03,2.933931
2008/06/04,2.933931
2008/06/05,2.933931
2008/06/06,2.933931
2008/06/07,2.933931
2008/06/08,2.933931
2008/06/09,2.933931
2008/06/10,2.933931
2008/06/11,2.933931
2008/06/12,2.933931
2008/06/13,2.933931
2008/06/14,2.933931
2008/06/15,2.933931
2008/06/16,2.933931
2008/06/17,2.933931
2008/06/18,2.933931
2008/06/19,2.933931
2008/06/20,2.933931
2008/06/21,2.933931
2008/06/22,2.933931
2008/06/23,2.933931
2008/06/24,2.933931
2008/06/25,2.933931
2008/06/26,2.933931
2008/06/27,2.933931
2008/06/28,2.933931
2008/06/29,2.933931
2008/06/30,2.933931
2008/07/01,3.010504
2008/07/02,3.010504
2008/07/03,3.010504
2008/07/04,3.010504
2008/07/05,3.010504
2008/07/06,3.010504
2008/07/07,3.010504
2008/07/08,3.010504
2008/07/09,3.010504
2008/07/10,3.010504
2008/07/11,3.010504
2008/07/12,3.010504
2008/07/13,3.010504
2008/07/14,3.010504
2008/07/15,3.010504
2008/07/16,3.010504
2008/07/17,3.010504
2008/07/18,3.010504
2008/07/19,3.010504
2008/07/20,3.010504
2008/07/21,3.010504
2008/07/22,3.010504
2008/07/23,3.010504
2008/07/24,3.010504
2008/07/25,3.010504
2008/07/26,3.010504
2008/07/27,3.010504
2008/07/28,3.010504
2008/07/29,3.010504
2008/07/30,3.010504
2008/07/31,3.010504
2008/08/01,3.080765
2008/08/02,3.080765
2008/08/03,3.080765
2008/08/04,3.080765
2008/08/05,3.080765
2008/08/06,3.080765
2008/08/07,3.080765
2008/08/08,3.080765
2008/08/09,3.080765
2008/08/10,3.080765
2008/08/11,3.080765
2008/08/12,3.080765
2008/08/13,3.080765
2008/08/14,3.080765
2008/08/15,3.080765
2008/08/16,3.080765
2008/08/17,3.080765
2008/08/18,3.080765
2008/08/19,3.080765
2008/08/20,3.080765
2008/08/21,3.080765
2008/08/22,3.080765
2008/08/23,3.080765
2008/08/24,3.080765
2008/08/25,3.080765
2008/08/26,3.080765
2008/08/27,3.080765
2008/08/28,3.080765
2008/08/29,3.080765
2008/08/30,3.080765
2008/08/31,3.080765
2008/09/01,3.071629
2008/09/02,3.071629
2008/09/03,3.071629
2008/09/04,3.071629
2008/09/05,3.071629
2008/09/06,3.071629
2008/09/07,3.071629
2008/09/08,3.071629
2008/09/09,3.071629
2008/09/10,3.071629
2008/09/11,3.071629
2008/09/12,3.071629
2008/09/13,3.071629
2008/09/14,3.071629
2008/09/15,3.071629
2008/09/16,3.071629
2008/09/17,3.071629
2008/09/18,3.071629
2008/09/19,3.071629
2008/09/20,3.071629
2008/09/21,3.071629
2008/09/22,3.071629
2008/09/23,3.071629
2008/09/24,3.071629
2008/09/25,3.071629
2008/09/26,3.071629
2008/09/27,3.071629
2008/09/28,3.071629
2008/09/29,3.071629
2008/09/30,3.071629
2008/10/01,2.922213
2008/10/02,2.922213
2008/10/03,2.922213
2008/10/04,2.922213
2008/10/05,2.922213
2008/10/06,2.922213
2008/10/07,2.922213
2008/10/08,2.922213
2008/10/09,2.922213
2008/10/10,2.922213
2008/10/11,2.922213
2008/10/12,2.922213
2008/10/13,2.922213
2008/10/14,2.922213
2008/10/15,2.922213
2008/10/16,2.922213
2008/10/17,2.922213
2008/10/18,2.922213
2008/10/19,2.922213
2008/10/20,2.922213
2008/10/21,2.922213
2008/10/22,2.922213
2008/10/23,2.922213
2008/10/24,2.922213
2008/10/25,2.922213
2008/10/26,2.922213
2008/10/27,2.922213
2008/10/28,2.922213
2008/10/29,2.922213
2008/10/30,2.922213
2008/10/31,2.922213
2008/11/01,2.777101
2008/11/02,2.777101
2008/11/03,2.777101
2008/11/04,2.777101
2008/11/05,2.777101
2008/11/06,2.777101
2008/11/07,2.777101
2008/11/08,2.777101
2008/11/09,2.777101
2008/11/10,2.777101
2008/11/11,2.777101
2008/11/12,2.777101
2008/11/13,2.777101
2008/11/14,2.777101
2008/11/15,2.777101
2008/11/16,2.777101
2008/11/17,2.777101
2008/11/18,2.777101
2008/11/19,2.777101
2008/11/20,2.777101
2008/11/21,2.777101
2008/11/22,2.777101
2008/11/23,2.777101
2008/11/24,2.777101
2008/11/25,2.777101
2008/11/26,2.777101
2008/11/27,2.777101
2008/11/28,2.777101
2008/11/29,2.777101
2008/11/30,2.777101
2008/12/01,2.614507
2008/12/02,2.614507
2008/12/03,2.614507
2008/12/04,2.614507
2008/12/05,2.614507
2008/12/06,2.614507
2008/12/07,2.614507
2008/12/08,2.614507
2008/12/09,2.614507
2008/12/10,2.614507
2008/12/11,2.614507
2008/12/12,2.614507
2008/12/13,2.614507
2008/12/14,2.614507
2008/12/15,2.614507
2008/12/16,2.614507
2008/12/17,2.614507
2008/12/18,2.614507
2008/12/19,2.614507
2008/12/20,2.614507
2008/12/21,2.614507
2008/12/22,2.614507
2008/12/23,2.614507
2008/12/24,2.614507
2008/12/25,2.614507
2008/12/26,2.614507
2008/12/27,2.614507
2008/12/28,2.614507
2008/12/29,2.614507
2008/12/30,2.614507
2008/12/31,2.614507
2009/01/01,2.535975
2009/01/02,2.535975
2009/01/03,2.535975
2009/01/04,2.535975
2009/01/05,2.535975
2009/01/06,2.535975
2009/01/07,2.535975
2009/01/08,2.535975
2009/01/09,2.535975
2009/01/10,2.535975
2009/01/11,2.535975
2009/01/12,2.535975
2009/01/13,2.535975
2009/01/14,2.535975
2009/01/15,2.535975
2009/01/16,2.535975
2009/01/17,2.535975
2009/01/18,2.535975
2009/01/19,2.535975
2009/01/20,2.535975
2009/01/21,2.535975
2009/01/22,2.535975
2009/01/23,2.535975
2009/01/24,2.535975
2009/01/25,2.535975
2009/01/26,2.535975
2009/01/27,2.535975
2009/01/28,2.535975
2009/01/29,2.535975
2009/01/30,2.535975
2009/01/31,2.535975
2009/02/01,2.54257
2009/02/02,2.54257
2009/02/03,2.54257
2009/02/04,2.54257
2009/02/05,2.54257
2009/02/06,2.54257
2009/02/07,2.54257
2009/02/08,2.54257
2009/02/09,2.54257
2009/02/10,2.54257
2009/02/11,2.54257
2009/02/12,2.54257
2009/02/13,2.54257
2009/02/14,2.54257
2009/02/15,2.54257
2009/02/16,2.54257
2009/02/17,2.54257
2009/02/18,2.54257
2009/02/19,2.54257
2009/02/20,2.54257
2009/02/21,2.54257
2009/02/22,2.54257
2009/02/23,2.54257
2009/02/24,2.54257
2009/02/25,2.54257
2009/02/26,2.54257
2009/02/27,2.54257
2009/02/28,2.54257
2009/03/01,2.437701
2009/03/02,2.437701
2009/03/03,2.437701
2009/03/04,2.437701
2009/03/05,2.437701
2009/03/06,2.437701
2009/03/07,2.437701
2009/03/08,2.437701
2009/03/09,2.437701
2009/03/10,2.437701
2009/03/11,2.437701
2009/03/12,2.437701
2009/03/13,2.437701
2009/03/14,2.437701
2009/03/15,2.437701
2009/03/16,2.437701
2009/03/17,2.437701
2009/03/18,2.437701
2009/03/19,2.437701
2009/03/20,2.437701
2009/03/21,2.437701
2009/03/22,2.437701
2009/03/23,2.437701
2009/03/24,2.437701
2009/03/25,2.437701
2009/03/26,2.437701
2009/03/27,2.437701
2009/03/28,2.437701
2009/03/29,2.437701
2009/03/30,2.437701
2009/03/31,2.437701
2009/04/01,2.359914
2009/04/02,2.359914
2009/04/03,2.359914
2009/04/04,2.359914
2009/04/05,2.359914
2009/04/06,2.359914
2009/04/07,2.359914
2009/04/08,2.359914
2009/04/09,2.359914
2009/04/10,2.359914
2009/04/11,2.359914
2009/04/12,2.359914
2009/04/13,2.359914
2009/04/14,2.359914
2009/04/15,2.359914
2009/04/16,2.359914
2009/04/17,2.359914
2009/04/18,2.359914
2009/04/19,2.359914
2009/04/20,2.359914
2009/04/21,2.359914
2009/04/22,2.359914
2009/04/23,2.359914
2009/04/24,2.359914
2009/04/25,2.359914
2009/04/26,2.359914
2009/04/27,2.359914
2009/04/28,2.359914
2009/04/29,2.359914
2009/04/30,2.359914
2009/05/01,2.273815
2009/05/02,2.273815
2009/05/03,2.273815
2009/05/04,2.273815
2009/05/05,2.273815
2009/05/06,2.273815
2009/05/07,2.273815
2009/05/08,2.273815
2009/05/09,2.273815
2009/05/10,2.273815
2009/05/11,2.273815
2009/05/12,2.273815
2009/05/13,2.273815
2009/05/14,2.273815
2009/05/15,2.273815
2009/05/16,2.273815
2009/05/17,2.273815
2009/05/18,2.273815
2009/05/19,2.273815
2009/05/20,2.273815
2009/05/21,2.273815
2009/05/22,2.273815
2009/05/23,2.273815
2009/05/24,2.273815
2009/05/25,2.273815
2009/05/26,2.273815
2009/05/27,2.273815
2009/05/28,2.273815
2009/05/29,2.273815
2009/05/30,2.273815
2009/05/31,2.273815
2009/06/01,2.078064
2009/06/02,2.078064
2009/06/03,2.078064
2009/06/04,2.078064
2009/06/05,2.078064
2009/06/06,2.078064
2009/06/07,2.078064
2009/06/08,2.078064
2009/06/09,2.078064
2009/06/10,2.078064
2009/06/11,2.078064
2009/06/12,2.078064
2009/06/13,2.078064
2009/06/14,2.078064
2009/06/15,2.078064
2009/06/16,2.078064
2009/06/17,2.078064
2009/06/18,2.078064
2009/06/19,2.078064
2009/06/20,2.078064
2009/06/21,2.078064
2009/06/22,2.078064
2009/06/23,2.078064
2009/06/24,2.078064
2009/06/25,2.078064
2009/06/26,2.078064
2009/06/27,2.078064
2009/06/28,2.078064
2009/06/29,2.078064
2009/06/30,2.078064
2009/07/01,1.910212
2009/07/02,1.910212
2009/07/03,1.910212
2009/07/04,1.910212
2009/07/05,1.910212
2009/07/06,1.910212
2009/07/07,1.910212
2009/07/08,1.910212
2009/07/09,1.910212
2009/07/10,1.910212
2009/07/11,1.910212
2009/07/12,1.910212
2009/07/13,1.910212
2009/07/14,1.910212
2009/07/15,1.910212
2009/07/16,1.910212
2009/07/17,1.910212
2009/07/18,1.910212
2009/07/19,1.910212
2009/07/20,1.910212
2009/07/21,1.910212
2009/07/22,1.910212
2009/07/23,1.910212
2009/07/24,1.910212
2009/07/25,1.910212
2009/07/26,1.910212
2009/07/27,1.910212
2009/07/28,1.910212
2009/07/29,1.910212
2009/07/30,1.910212
2009/07/31,1.910212
2009/08/01,1.757047
2009/08/02,1.757047
2009/08/03,1.757047
2009/08/04,1.757047
2009/08/05,1.757047
2009/08/06,1.757047
2009/08/07,1.757047
2009/08/08,1.757047
2009/08/09,1.757047
2009/08/10,1.757047
2009/08/11,1.757047
2009/08/12,1.757047
2009/08/13,1.757047
2009/08/14,1.757047
2009/08/15,1.757047
2009/08/16,1.757047
2009/08/17,1.757047
2009/08/18,1.757047
2009/08/19,1.757047
2009/08/20,1.757047
2009/08/21,1.757047
2009/08/22,1.757047
2009/08/23,1.757047
2009/08/24,1.757047
2009/08/25,1.757047
2009/08/26,1.757047
2009/08/27,1.757047
2009/08/28,1.757047
2009/08/29,1.757047
2009/08/30,1.757047
2009/08/31,1.757047
2009/09/01,1.602846
2009/09/02,1.602846
2009/09/03,1.602846
2009/09/04,1.602846
2009/09/05,1.602846
2009/09/06,1.602846
2009/09/07,1.602846
2009/09/08,1.602846
2009/09/09,1.602846
2009/09/10,1.602846
2009/09/11,1.602846
2009/09/12,1.602846
2009/09/13,1.602846
2009/09/14,1.602846
2009/09/15,1.602846
2009/09/16,1.602846
2009/09/17,1.602846
2009/09/18,1.602846
2009/09/19,1.602846
2009/09/20,1.602846
2009/09/21,1.602846
2009/09/22,1.602846
2009/09/23,1.602846
2009/09/24,1.602846
2009/09/25,1.602846
2009/09/26,1.602846
2009/09/27,1.602846
2009/09/28,1.602846
2009/09/29,1.602846
2009/09/30,1.602846
2009/10/01,1.509202
2009/10/02,1.509202
2009/10/03,1.509202
2009/10/04,1.509202
2009/10/05,1.509202
2009/10/06,1.509202
2009/10/07,1.509202
2009/10/08,1.509202
2009/10/09,1.509202
2009/10/10,1.509202
2009/10/11,1.509202
2009/10/12,1.509202
2009/10/13,1.509202
2009/10/14,1.509202
2009/10/15,1.509202
2009/10/16,1.509202
2009/10/17,1.509202
2009/10/18,1.509202
2009/10/19,1.509202
2009/10/20,1.509202
2009/10/21,1.509202
2009/10/22,1.509202
2009/10/23,1.509202
2009/10/24,1.509202
2009/10/25,1.509202
2009/10/26,1.509202
2009/10/27,1.509202
2009/10/28,1.509202
2009/10/29,1.509202
2009/10/30,1.509202
2009/10/31,1.509202
2009/11/01,1.361569
2009/11/02,1.361569
2009/11/03,1.361569
2009/11/04,1.361569
2009/11/05,1.361569
2009/11/06,1.361569
2009/11/07,1.361569
2009/11/08,1.361569
2009/11/09,1.361569
2009/11/10,1.361569
2009/11/11,1.361569
2009/11/12,1.361569
2009/11/13,1.361569
2009/11/14,1.361569
2009/11/15,1.361569
2009/11/16,1.361569
2009/11/17,1.361569
2009/11/18,1.361569
2009/11/19,1.361569
2009/11/20,1.361569
2009/11/21,1.361569
2009/11/22,1.361569
2009/11/23,1.361569
2009/11/24,1.361569
2009/11/25,1.361569
2009/11/26,1.361569
2009/11/27,1.361569
2009/11/28,1.361569
2009/11/29,1.361569
2009/11/30,1.361569
2009/12/01,1.318775
2009/12/02,1.318775
2009/12/03,1.318775
2009/12/04,1.318775
2009/12/05,1.318775
2009/12/06,1.318775
2009/12/07,1.318775
2009/12/08,1.318775
2009/12/09,1.318775
2009/12/10,1.318775
2009/12/11,1.318775
2009/12/12,1.318775
2009/12/13,1.318775
2009/12/14,1.318775
2009/12/15,1.318775
2009/12/16,1.318775
2009/12/17,1.318775
2009/12/18,1.318775
2009/12/19,1.318775
2009/12/20,1.318775
2009/12/21,1.318775
2009/12/22,1.318775
2009/12/23,1.318775
2009/12/24,1.318775
2009/12/25,1.318775
2009/12/26,1.318775
2009/12/27,1.318775
2009/12/28,1.318775
2009/12/29,1.318775
2009/12/30,1.318775
2009/12/31,1.318775
2010/01/01,1.170764
2010/01/02,1.170764
2010/01/03,1.170764
2010/01/04,1.170764
2010/01/05,1.170764
2010/01/06,1.170764
2010/01/07,1.170764
2010/01/08,1.170764
2010/01/09,1.170764
2010/01/10,1.170764
2010/01/11,1.170764
2010/01/12,1.170764
2010/01/13,1.170764
2010/01/14,1.170764
2010/01/15,1.170764
2010/01/16,1.170764
2010/01/17,1.170764
2010/01/18,1.170764
2010/01/19,1.170764
2010/01/20,1.170764
2010/01/21,1.170764
2010/01/22,1.170764
2010/01/23,1.170764
2010/01/24,1.170764
2010/01/25,1.170764
2010/01/26,1.170764
2010/01/27,1.170764
2010/01/28,1.170764
2010/01/29,1.170764
2010/01/30,1.170764
2010/01/31,1.170764
2010/02/01,1.048684
2010/02/02,1.048684
2010/02/03,1.048684
2010/02/04,1.048684
2010/02/05,1.048684
2010/02/06,1.048684
2010/02/07,1.048684
2010/02/08,1.048684
2010/02/09,1.048684
2010/02/10,1.048684
2010/02/11,1.048684
2010/02/12,1.048684
2010/02/13,1.048684
2010/02/14,1.048684
2010/02/15,1.048684
2010/02/16,1.048684
2010/02/17,1.048684
2010/02/18,1.048684
2010/02/19,1.048684
2010/02/20,1.048684
2010/02/21,1.048684
2010/02/22,1.048684
2010/02/23,1.048684
2010/02/24,1.048684
2010/02/25,1.048684
2010/02/26,1.048684
2010/02/27,1.048684
2010/02/28,1.048684
2010/03/01,0.9255025
2010/03/02,0.9255025
2010/03/03,0.9255025
2010/03/04,0.9255025
2010/03/05,0.9255025
2010/03/06,0.9255025
2010/03/07,0.9255025
2010/03/08,0.9255025
2010/03/09,0.9255025
2010/03/10,0.9255025
2010/03/11,0.9255025
2010/03/12,0.9255025
2010/03/13,0.9255025
2010/03/14,0.9255025
2010/03/15,0.9255025
2010/03/16,0.9255025
2010/03/17,0.9255025
2010/03/18,0.9255025
2010/03/19,0.9255025
2010/03/20,0.9255025
2010/03/21,0.9255025
2010/03/22,0.9255025
2010/03/23,0.9255025
2010/03/24,0.9255025
2010/03/25,0.9255025
2010/03/26,0.9255025
2010/03/27,0.9255025
2010/03/28,0.9255025
2010/03/29,0.9255025
2010/03/30,0.9255025
2010/03/31,0.9255025
2010/04/01,0.869413
2010/04/02,0.869413
2010/04/03,0.869413
2010/04/04,0.869413
2010/04/05,0.869413
2010/04/06,0.869413
2010/04/07,0.869413
2010/04/08,0.869413
2010/04/09,0.869413
2010/04/10,0.869413
2010/04/11,0.869413
2010/04/12,0.869413
2010/04/13,0.869413
2010/04/14,0.869413
2010/04/15,0.869413
2010/04/16,0.869413
2010/04/17,0.869413
2010/04/18,0.869413
2010/04/19,0.869413
2010/04/20,0.869413
2010/04/21,0.869413
2010/04/22,0.869413
2010/04/23,0.869413
2010/04/24,0.869413
2010/04/25,0.869413
2010/04/26,0.869413
2010/04/27,0.869413
2010/04/28,0.869413
2010/04/29,0.869413
2010/04/30,0.869413
2010/05/01,0.7933019
2010/05/02,0.7933019
2010/05/03,0.7933019
2010/05/04,0.7933019
2010/05/05,0.7933019
2010/05/06,0.7933019
2010/05/07,0.7933019
2010/05/08,0.7933019
2010/05/09,0.7933019
2010/05/10,0.7933019
2010/05/11,0.7933019
2010/05/12,0.7933019
2010/05/13,0.7933019
2010/05/14,0.7933019
2010/05/15,0.7933019
2010/05/16,0.7933019
2010/05/17,0.7933019
2010/05/18,0.7933019
2010/05/19,0.7933019
2010/05/20,0.7933019
2010/05/21,0.7933019
2010/05/22,0.7933019
2010/05/23,0.7933019
2010/05/24,0.7933019
2010/05/25,0.7933019
2010/05/26,0.7933019
2010/05/27,0.7933019
2010/05/28,0.7933019
2010/05/29,0.7933019
2010/05/30,0.7933019
2010/05/31,0.7933019
2010/06/01,0.7780126
2010/06/02,0.7780126
2010/06/03,0.7780126
2010/06/04,0.7780126
2010/06/05,0.7780126
2010/06/06,0.7780126
2010/06/07,0.7780126
2010/06/08,0.7780126
2010/06/09,0.7780126
2010/06/10,0.7780126
2010/06/11,0.7780126
2010/06/12,0.7780126
2010/06/13,0.7780126
2010/06/14,0.7780126
2010/06/15,0.7780126
2010/06/16,0.7780126
2010/06/17,0.7780126
2010/06/18,0.7780126
2010/06/19,0.7780126
2010/06/20,0.7780126
2010/06/21,0.7780126
2010/06/22,0.7780126
2010/06/23,0.7780126
2010/06/24,0.7780126
2010/06/25,0.7780126
2010/06/26,0.7780126
2010/06/27,0.7780126
2010/06/28,0.7780126
2010/06/29,0.7780126
2010/06/30,0.7780126
2010/07/01,0.7440706
2010/07/02,0.7440706
2010/07/03,0.7440706
2010/07/04,0.7440706
2010/07/05,0.7440706
2010/07/06,0.7440706
2010/07/07,0.7440706
2010/07/08,0.7440706
2010/07/09,0.7440706
2010/07/10,0.7440706
2010/07/11,0.7440706
2010/07/12,0.7440706
2010/07/13,0.7440706
2010/07/14,0.7440706
2010/07/15,0.7440706
2010/07/16,0.7440706
2010/07/17,0.7440706
2010/07/18,0.7440706
2010/07/19,0.7440706
2010/07/20,0.7440706
2010/07/21,0.7440706
2010/07/22,0.7440706
2010/07/23,0.7440706
2010/07/24,0.7440706
2010/07/25,0.7440706
2010/07/26,0.7440706
2010/07/27,0.7440706
2010/07/28,0.7440706
2010/07/29,0.7440706
2010/07/30,0.7440706
2010/07/31,0.7440706
2010/08/01,0.6911157
2010/08/02,0.6911157
2010/08/03,0.6911157
2010/08/04,0.6911157
2010/08/05,0.6911157
2010/08/06,0.6911157
2010/08/07,0.6911157
2010/08/08,0.6911157
2010/08/09,0.6911157
2010/08/10,0.6911157
2010/08/11,0.6911157
2010/08/12,0.6911157
2010/08/13,0.6911157
2010/08/14,0.6911157
2010/08/15,0.6911157
2010/08/16,0.6911157
2010/08/17,0.6911157
2010/08/18,0.6911157
2010/08/19,0.6911157
2010/08/20,0.6911157
2010/08/21,0.6911157
2010/08/22,0.6911157
2010/08/23,0.6911157
2010/08/24,0.6911157
2010/08/25,0.6911157
2010/08/26,0.6911157
2010/08/27,0.6911157
2010/08/28,0.6911157
2010/08/29,0.6911157
2010/08/30,0.6911157
2010/08/31,0.6911157
2010/09/01,0.6638685
2010/09/02,0.6638685
2010/09/03,0.6638685
2010/09/04,0.6638685
2010/09/05,0.6638685
2010/09/06,0.6638685
2010/09/07,0.6638685
2010/09/08,0.6638685
2010/09/09,0.6638685
2010/09/10,0.6638685
2010/09/11,0.6638685
2010/09/12,0.6638685
2010/09/13,0.6638685
2010/09/14,0.6638685
2010/09/15,0.6638685
2010/09/16,0.6638685
2010/09/17,0.6638685
2010/09/18,0.6638685
2010/09/19,0.6638685
2010/09/20,0.6638685
2010/09/21,0.6638685
2010/09/22,0.6638685
2010/09/23,0.6638685
2010/09/24,0.6638685
2010/09/25,0.6638685
2010/09/26,0.6638685
2010/09/27,0.6638685
2010/09/28,0.6638685
2010/09/29,0.6638685
2010/09/30,0.6638685
2010/10/01,0.6723344
2010/10/02,0.6723344
2010/10/03,0.6723344
2010/10/04,0.6723344
2010/10/05,0.6723344
2010/10/06,0.6723344
2010/10/07,0.6723344
2010/10/08,0.6723344
2010/10/09,0.6723344
2010/10/10,0.6723344
2010/10/11,0.6723344
2010/10/12,0.6723344
2010/10/13,0.6723344
2010/10/14,0.6723344
2010/10/15,0.6723344
2010/10/16,0.6723344
2010/10/17,0.6723344
2010/10/18,0.6723344
2010/10/19,0.6723344
2010/10/20,0.6723344
2010/10/21,0.6723344
2010/10/22,0.6723344
2010/10/23,0.6723344
2010/10/24,0.6723344
2010/10/25,0.6723344
2010/10/26,0.6723344
2010/10/27,0.6723344
2010/10/28,0.6723344
2010/10/29,0.6723344
2010/10/30,0.6723344
2010/10/31,0.6723344
2010/11/01,0.8233069
2010/11/02,0.8233069
2010/11/03,0.8233069
2010/11/04,0.8233069
2010/11/05,0.8233069
2010/11/06,0.8233069
2010/11/07,0.8233069
2010/11/08,0.8233069
2010/11/09,0.8233069
2010/11/10,0.8233069
2010/11/11,0.8233069
2010/11/12,0.8233069
2010/11/13,0.8233069
2010/11/14,0.8233069
2010/11/15,0.8233069
2010/11/16,0.8233069
2010/11/17,0.8233069
2010/11/18,0.8233069
2010/11/19,0.8233069
2010/11/20,0.8233069
2010/11/21,0.8233069
2010/11/22,0.8233069
2010/11/23,0.8233069
2010/11/24,0.8233069
2010/11/25,0.8233069
2010/11/26,0.8233069
2010/11/27,0.8233069
2010/11/28,0.8233069
2010/11/29,0.8233069
2010/11/30,0.8233069
2010/12/01,0.8307821
2010/12/02,0.8307821
2010/12/03,0.8307821
2010/12/04,0.8307821
2010/12/05,0.8307821
2010/12/06,0.8307821
2010/12/07,0.8307821
2010/12/08,0.8307821
2010/12/09,0.8307821
2010/12/10,0.8307821
2010/12/11,0.8307821
2010/12/12,0.8307821
2010/12/13,0.8307821
2010/12/14,0.8307821
2010/12/15,0.8307821
2010/12/16,0.8307821
2010/12/17,0.8307821
2010/12/18,0.8307821
2010/12/19,0.8307821
2010/12/20,0.8307821
2010/12/21,0.8307821
2010/12/22,0.8307821
2010/12/23,0.8307821
2010/12/24,0.8307821
2010/12/25,0.8307821
2010/12/26,0.8307821
2010/12/27,0.8307821
2010/12/28,0.8307821
2010/12/29,0.8307821
2010/12/30,0.8307821
2010/12/31,0.8307821
2011/01/01,0.9539952
2011/01/02,0.9539952
2011/01/03,0.9539952
2011/01/04,0.9539952
2011/01/05,0.9539952
2011/01/06,0.9539952
2011/01/07,0.9539952
2011/01/08,0.9539952
2011/01/09,0.9539952
2011/01/10,0.9539952
2011/01/11,0.9539952
2011/01/12,0.9539952
2011/01/13,0.9539952
2011/01/14,0.9539952
2011/01/15,0.9539952
2011/01/16,0.9539952
2011/01/17,0.9539952
2011/01/18,0.9539952
2011/01/19,0.9539952
2011/01/20,0.9539952
2011/01/21,0.9539952
2011/01/22,0.9539952
2011/01/23,0.9539952
2011/01/24,0.9539952
2011/01/25,0.9539952
2011/01/26,0.9539952
2011/01/27,0.9539952
2011/01/28,0.9539952
2011/01/29,0.9539952
2011/01/30,0.9539952
2011/01/31,0.9539952
2011/02/01,1.117829
2011/02/02,1.117829
2011/02/03,1.117829
2011/02/04,1.117829
2011/02/05,1.117829
2011/02/06,1.117829
2011/02/07,1.117829
2011/02/08,1.117829
2011/02/09,1.117829
2011/02/10,1.117829
2011/02/11,1.117829
2011/02/12,1.117829
2011/02/13,1.117829
2011/02/14,1.117829
2011/02/15,1.117829
2011/02/16,1.117829
2011/02/17,1.117829
2011/02/18,1.117829
2011/02/19,1.117829
2011/02/20,1.117829
2011/02/21,1.117829
2011/02/22,1.117829
2011/02/23,1.117829
2011/02/24,1.117829
2011/02/25,1.117829
2011/02/26,1.117829
2011/02/27,1.117829
2011/02/28,1.117829
2011/03/01,1.179972
2011/03/02,1.179972
2011/03/03,1.179972
2011/03/04,1.179972
2011/03/05,1.179972
2011/03/06,1.179972
2011/03/07,1.179972
2011/03/08,1.179972
2011/03/09,1.179972
2011/03/10,1.179972
2011/03/11,1.179972
2011/03/12,1.179972
2011/03/13,1.179972
2011/03/14,1.179972
2011/03/15,1.179972
2011/03/16,1.179972
2011/03/17,1.179972
2011/03/18,1.179972
2011/03/19,1.179972
2011/03/20,1.179972
2011/03/21,1.179972
2011/03/22,1.179972
2011/03/23,1.179972
2011/03/24,1.179972
2011/03/25,1.179972
2011/03/26,1.179972
2011/03/27,1.179972
2011/03/28,1.179972
2011/03/29,1.179972
2011/03/30,1.179972
2011/03/31,1.179972
2011/04/01,1.210295
2011/04/02,1.210295
2011/04/03,1.210295
2011/04/04,1.210295
2011/04/05,1.210295
2011/04/06,1.210295
2011/04/07,1.210295
2011/04/08,1.210295
2011/04/09,1.210295
2011/04/10,1.210295
2011/04/11,1.210295
2011/04/12,1.210295
2011/04/13,1.210295
2011/04/14,1.210295
2011/04/15,1.210295
2011/04/16,1.210295
2011/04/17,1.210295
2011/04/18,1.210295
2011/04/19,1.210295
2011/04/20,1.210295
2011/04/21,1.210295
2011/04/22,1.210295
2011/04/23,1.210295
2011/04/24,1.210295
2011/04/25,1.210295
2011/04/26,1.210295
2011/04/27,1.210295
2011/04/28,1.210295
2011/04/29,1.210295
2011/04/30,1.210295
2011/05/01,1.256079
2011/05/02,1.256079
2011/05/03,1.256079
2011/05/04,1.256079
2011/05/05,1.256079
2011/05/06,1.256079
2011/05/07,1.256079
2011/05/08,1.256079
2011/05/09,1.256079
2011/05/10,1.256079
2011/05/11,1.256079
2011/05/12,1.256079
2011/05/13,1.256079
2011/05/14,1.256079
2011/05/15,1.256079
2011/05/16,1.256079
2011/05/17,1.256079
2011/05/18,1.256079
2011/05/19,1.256079
2011/05/20,1.256079
2011/05/21,1.256079
2011/05/22,1.256079
2011/05/23,1.256079
2011/05/24,1.256079
2011/05/25,1.256079
2011/05/26,1.256079
2011/05/27,1.256079
2011/05/28,1.256079
2011/05/29,1.256079
2011/05/30,1.256079
2011/05/31,1.256079
2011/06/01,1.29395
2011/06/02,1.29395
2011/06/03,1.29395
2011/06/04,1.29395
2011/06/05,1.29395
2011/06/06,1.29395
2011/06/07,1.29395
2011/06/08,1.29395
2011/06/09,1.29395
2011/06/10,1.29395
2011/06/11,1.29395
2011/06/12,1.29395
2011/06/13,1.29395
2011/06/14,1.29395
2011/06/15,1.29395
2011/06/16,1.29395
2011/06/17,1.29395
2011/06/18,1.29395
2011/06/19,1.29395
2011/06/20,1.29395
2011/06/21,1.29395
2011/06/22,1.29395
2011/06/23,1.29395
2011/06/24,1.29395
2011/06/25,1.29395
2011/06/26,1.29395
2011/06/27,1.29395
2011/06/28,1.29395
2011/06/29,1.29395
2011/06/30,1.29395
2011/07/01,1.41844
2011/07/02,1.41844
2011/07/03,1.41844
2011/07/04,1.41844
2011/07/05,1.41844
2011/07/06,1.41844
2011/07/07,1.41844
2011/07/08,1.41844
2011/07/09,1.41844
2011/07/10,1.41844
2011/07/11,1.41844
2011/07/12,1.41844
2011/07/13,1.41844
2011/07/14,1.41844
2011/07/15,1.41844
2011/07/16,1.41844
2011/07/17,1.41844
2011/07/18,1.41844
2011/07/19,1.41844
2011/07/20,1.41844
2011/07/21,1.41844
2011/07/22,1.41844
2011/07/23,1.41844
2011/07/24,1.41844
2011/07/25,1.41844
2011/07/26,1.41844
2011/07/27,1.41844
2011/07/28,1.41844
2011/07/29,1.41844
2011/07/30,1.41844
2011/07/31,1.41844
2011/08/01,1.651442
2011/08/02,1.651442
2011/08/03,1.651442
2011/08/04,1.651442
2011/08/05,1.651442
2011/08/06,1.651442
2011/08/07,1.651442
2011/08/08,1.651442
2011/08/09,1.651442
2011/08/10,1.651442
2011/08/11,1.651442
2011/08/12,1.651442
2011/08/13,1.651442
2011/08/14,1.651442
2011/08/15,1.651442
2011/08/16,1.651442
2011/08/17,1.651442
2011/08/18,1.651442
2011/08/19,1.651442
2011/08/20,1.651442
2011/08/21,1.651442
2011/08/22,1.651442
2011/08/23,1.651442
2011/08/24,1.651442
2011/08/25,1.651442
2011/08/26,1.651442
2011/08/27,1.651442
2011/08/28,1.651442
2011/08/29,1.651442
2011/08/30,1.651442
2011/08/31,1.651442
2011/09/01,1.721515
2011/09/02,1.721515
2011/09/03,1.721515
2011/09/04,1.721515
2011/09/05,1.721515
2011/09/06,1.721515
2011/09/07,1.721515
2011/09/08,1.721515
2011/09/09,1.721515
2011/09/10,1.721515
2011/09/11,1.721515
2011/09/12,1.721515
2011/09/13,1.721515
2011/09/14,1.721515
2011/09/15,1.721515
2011/09/16,1.721515
2011/09/17,1.721515
2011/09/18,1.721515
2011/09/19,1.721515
2011/09/20,1.721515
2011/09/21,1.721515
2011/09/22,1.721515
2011/09/23,1.721515
2011/09/24,1.721515
2011/09/25,1.721515
2011/09/26,1.721515
2011/09/27,1.721515
2011/09/28,1.721515
2011/09/29,1.721515
2011/09/30,1.721515
2011/10/01,1.835844
2011/10/02,1.835844
2011/10/03,1.835844
2011/10/04,1.835844
2011/10/05,1.835844
2011/10/06,1.835844
2011/10/07,1.835844
2011/10/08,1.835844
2011/10/09,1.835844
2011/10/10,1.835844
2011/10/11,1.835844
2011/10/12,1.835844
2011/10/13,1.835844
2011/10/14,1.835844
2011/10/15,1.835844
2011/10/16,1.835844
2011/10/17,1.835844
2011/10/18,1.835844
2011/10/19,1.835844
2011/10/20,1.835844
2011/10/21,1.835844
2011/10/22,1.835844
2011/10/23,1.835844
2011/10/24,1.835844
2011/10/25,1.835844
2011/10/26,1.835844
2011/10/27,1.835844
2011/10/28,1.835844
2011/10/29,1.835844
2011/10/30,1.835844
2011/10/31,1.835844
2011/11/01,1.835434
2011/11/02,1.835434
2011/11/03,1.835434
2011/11/04,1.835434
2011/11/05,1.835434
2011/11/06,1.835434
2011/11/07,1.835434
2011/11/08,1.835434
2011/11/09,1.835434
2011/11/10,1.835434
2011/11/11,1.835434
2011/11/12,1.835434
2011/11/13,1.835434
2011/11/14,1.835434
2011/11/15,1.835434
2011/11/16,1.835434
2011/11/17,1.835434
2011/11/18,1.835434
2011/11/19,1.835434
2011/11/20,1.835434
2011/11/21,1.835434
2011/11/22,1.835434
2011/11/23,1.835434
2011/11/24,1.835434
2011/11/25,1.835434
2011/11/26,1.835434
2011/11/27,1.835434
2011/11/28,1.835434
2011/11/29,1.835434
2011/11/30,1.835434
2011/12/01,2.045078
2011/12/02,2.045078
2011/12/03,2.045078
2011/12/04,2.045078
2011/12/05,2.045078
2011/12/06,2.045078
2011/12/07,2.045078
2011/12/08,2.045078
2011/12/09,2.045078
2011/12/10,2.045078
2011/12/11,2.045078
2011/12/12,2.045078
2011/12/13,2.045078
2011/12/14,2.045078
2011/12/15,2.045078
2011/12/16,2.045078
2011/12/17,2.045078
2011/12/18,2.045078
2011/12/19,2.045078
2011/12/20,2.045078
2011/12/21,2.045078
2011/12/22,2.045078
2011/12/23,2.045078
2011/12/24,2.045078
2011/12/25,2.045078
2011/12/26,2.045078
2011/12/27,2.045078
2011/12/28,2.045078
2011/12/29,2.045078
2011/12/30,2.045078
2011/12/31,2.045078
2012/01/01,2.113351
2012/01/02,2.113351
2012/01/03,2.113351
2012/01/04,2.113351
2012/01/05,2.113351
2012/01/06,2.113351
2012/01/07,2.113351
2012/01/08,2.113351
2012/01/09,2.113351
2012/01/10,2.113351
2012/01/11,2.113351
2012/01/12,2.113351
2012/01/13,2.113351
2012/01/14,2.113351
2012/01/15,2.113351
2012/01/16,2.113351
2012/01/17,2.113351
2012/01/18,2.113351
2012/01/19,2.113351
2012/01/20,2.113351
2012/01/21,2.113351
2012/01/22,2.113351
2012/01/23,2.113351
2012/01/24,2.113351
2012/01/25,2.113351
2012/01/26,2.113351
2012/01/27,2.113351
2012/01/28,2.113351
2012/01/29,2.113351
2012/01/30,2.113351
2012/01/31,2.113351
2012/02/01,2.01608
2012/02/02,2.01608
2012/02/03,2.01608
2012/02/04,2.01608
2012/02/05,2.01608
2012/02/06,2.01608
2012/02/07,2.01608
2012/02/08,2.01608
2012/02/09,2.01608
2012/02/10,2.01608
2012/02/11,2.01608
2012/02/12,2.01608
2012/02/13,2.01608
2012/02/14,2.01608
2012/02/15,2.01608
2012/02/16,2.01608
2012/02/17,2.01608
2012/02/18,2.01608
2012/02/19,2.01608
2012/02/20,2.01608
2012/02/21,2.01608
2012/02/22,2.01608
2012/02/23,2.01608
2012/02/24,2.01608
2012/02/25,2.01608
2012/02/26,2.01608
2012/02/27,2.01608
2012/02/28,2.01608
2012/02/29,2.01608
2012/03/01,2.122799
2012/03/02,2.122799
2012/03/03,2.122799
2012/03/04,2.122799
2012/03/05,2.122799
2012/03/06,2.122799
2012/03/07,2.122799
2012/03/08,2.122799
2012/03/09,2.122799
2012/03/10,2.122799
2012/03/11,2.122799
2012/03/12,2.122799
2012/03/13,2.122799
2012/03/14,2.122799
2012/03/15,2.122799
2012/03/16,2.122799
2012/03/17,2.122799
2012/03/18,2.122799
2012/03/19,2.122799
2012/03/20,2.122799
2012/03/21,2.122799
2012/03/22,2.122799
2012/03/23,2.122799
2012/03/24,2.122799
2012/03/25,2.122799
2012/03/26,2.122799
2012/03/27,2.122799
2012/03/28,2.122799
2012/03/29,2.122799
2012/03/30,2.122799
2012/03/31,2.122799
2012/04/01,2.191796
2012/04/02,2.191796
2012/04/03,2.191796
2012/04/04,2.191796
2012/04/05,2.191796
2012/04/06,2.191796
2012/04/07,2.191796
2012/04/08,2.191796
2012/04/09,2.191796
2012/04/10,2.191796
2012/04/11,2.191796
2012/04/12,2.191796
2012/04/13,2.191796
2012/04/14,2.191796
2012/04/15,2.191796
2012/04/16,2.191796
2012/04/17,2.191796
2012/04/18,2.191796
2012/04/19,2.191796
2012/04/20,2.191796
2012/04/21,2.191796
2012/04/22,2.191796
2012/04/23,2.191796
2012/04/24,2.191796
2012/04/25,2.191796
2012/04/26,2.191796
2012/04/27,2.191796
2012/04/28,2.191796
2012/04/29,2.191796
2012/04/30,2.191796
2012/05/01,2.188203
2012/05/02,2.188203
2012/05/03,2.188203
2012/05/04,2.188203
2012/05/05,2.188203
2012/05/06,2.188203
2012/05/07,2.188203
2012/05/08,2.188203
2012/05/09,2.188203
2012/05/10,2.188203
2012/05/11,2.188203
2012/05/12,2.188203
2012/05/13,2.188203
2012/05/14,2.188203
2012/05/15,2.188203
2012/05/16,2.188203
2012/05/17,2.188203
2012/05/18,2.188203
2012/05/19,2.188203
2012/05/20,2.188203
2012/05/21,2.188203
2012/05/22,2.188203
2012/05/23,2.188203
2012/05/24,2.188203
2012/05/25,2.188203
2012/05/26,2.188203
2012/05/27,2.188203
2012/05/28,2.188203
2012/05/29,2.188203
2012/05/30,2.188203
2012/05/31,2.188203
2012/06/01,2.238926
2012/06/02,2.238926
2012/06/03,2.238926
2012/06/04,2.238926
2012/06/05,2.238926
2012/06/06,2.238926
2012/06/07,2.238926
2012/06/08,2.238926
2012/06/09,2.238926
2012/06/10,2.238926
2012/06/11,2.238926
2012/06/12,2.238926
2012/06/13,2.238926
2012/06/14,2.238926
2012/06/15,2.238926
2012/06/16,2.238926
2012/06/17,2.238926
2012/06/18,2.238926
2012/06/19,2.238926
2012/06/20,2.238926
2012/06/21,2.238926
2012/06/22,2.238926
2012/06/23,2.238926
2012/06/24,2.238926
2012/06/25,2.238926
2012/06/26,2.238926
2012/06/27,2.238926
2012/06/28,2.238926
2012/06/29,2.238926
2012/06/30,2.238926
2012/07/01,2.260479
2012/07/02,2.260479
2012/07/03,2.260479
2012/07/04,2.260479
2012/07/05,2.260479
2012/07/06,2.260479
2012/07/07,2.260479
2012/07/08,2.260479
2012/07/09,2.260479
2012/07/10,2.260479
2012/07/11,2.260479
2012/07/12,2.260479
2012/07/13,2.260479
2012/07/14,2.260479
2012/07/15,2.260479
2012/07/16,2.260479
2012/07/17,2.260479
2012/07/18,2.260479
2012/07/19,2.260479
2012/07/20,2.260479
2012/07/21,2.260479
2012/07/22,2.260479
2012/07/23,2.260479
2012/07/24,2.260479
2012/07/25,2.260479
2012/07/26,2.260479
2012/07/27,2.260479
2012/07/28,2.260479
2012/07/29,2.260479
2012/07/30,2.260479
2012/07/31,2.260479
2012/08/01,2.17107
2012/08/02,2.17107
2012/08/03,2.17107
2012/08/04,2.17107
2012/08/05,2.17107
2012/08/06,2.17107
2012/08/07,2.17107
2012/08/08,2.17107
2012/08/09,2.17107
2012/08/10,2.17107
2012/08/11,2.17107
2012/08/12,2.17107
2012/08/13,2.17107
2012/08/14,2.17107
2012/08/15,2.17107
2012/08/16,2.17107
2012/08/17,2.17107
2012/08/18,2.17107
2012/08/19,2.17107
2012/08/20,2.17107
2012/08/21,2.17107
2012/08/22,2.17107
2012/08/23,2.17107
2012/08/24,2.17107
2012/08/25,2.17107
2012/08/26,2.17107
2012/08/27,2.17107
2012/08/28,2.17107
2012/08/29,2.17107
2012/08/30,2.17107
2012/08/31,2.17107
2012/09/01,2.219253
2012/09/02,2.219253
2012/09/03,2.219253
2012/09/04,2.219253
2012/09/05,2.219253
2012/09/06,2.219253
2012/09/07,2.219253
2012/09/08,2.219253
2012/09/09,2.219253
2012/09/10,2.219253
2012/09/11,2.219253
2012/09/12,2.219253
2012/09/13,2.219253
2012/09/14,2.219253
2012/09/15,2.219253
2012/09/16,2.219253
2012/09/17,2.219253
2012/09/18,2.219253
2012/09/19,2.219253
2012/09/20,2.219253
2012/09/21,2.219253
2012/09/22,2.219253
2012/09/23,2.219253
2012/09/24,2.219253
2012/09/25,2.219253
2012/09/26,2.219253
2012/09/27,2.219253
2012/09/28,2.219253
2012/09/29,2.219253
2012/09/30,2.219253
2012/10/01,2.206525
2012/10/02,2.206525
2012/10/03,2.206525
2012/10/04,2.206525
2012/10/05,2.206525
2012/10/06,2.206525
2012/10/07,2.206525
2012/10/08,2.206525
2012/10/09,2.206525
2012/10/10,2.206525
2012/10/11,2.206525
2012/10/12,2.206525
2012/10/13,2.206525
2012/10/14,2.206525
2012/10/15,2.206525
2012/10/16,2.206525
2012/10/17,2.206525
2012/10/18,2.206525
2012/10/19,2.206525
2012/10/20,2.206525
2012/10/21,2.206525
2012/10/22,2.206525
2012/10/23,2.206525
2012/10/24,2.206525
2012/10/25,2.206525
2012/10/26,2.206525
2012/10/27,2.206525
2012/10/28,2.206525
2012/10/29,2.206525
2012/10/30,2.206525
2012/10/31,2.206525
2012/11/01,2.195661
2012/11/02,2.195661
2012/11/03,2.195661
2012/11/04,2.195661
2012/11/05,2.195661
2012/11/06,2.195661
2012/11/07,2.195661
2012/11/08,2.195661
2012/11/09,2.195661
2012/11/10,2.195661
2012/11/11,2.195661
2012/11/12,2.195661
2012/11/13,2.195661
2012/11/14,2.195661
2012/11/15,2.195661
2012/11/16,2.195661
2012/11/17,2.195661
2012/11/18,2.195661
2012/11/19,2.195661
2012/11/20,2.195661
2012/11/21,2.195661
2012/11/22,2.195661
2012/11/23,2.195661
2012/11/24,2.195661
2012/11/25,2.195661
2012/11/26,2.195661
2012/11/27,2.195661
2012/11/28,2.195661
2012/11/29,2.195661
2012/11/30,2.195661
2012/12/01,2.107127
2012/12/02,2.107127
2012/12/03,2.107127
2012/12/04,2.107127
2012/12/05,2.107127
2012/12/06,2.107127
2012/12/07,2.107127
2012/12/08,2.107127
2012/12/09,2.107127
2012/12/10,2.107127
2012/12/11,2.107127
2012/12/12,2.107127
2012/12/13,2.107127
2012/12/14,2.107127
2012/12/15,2.107127
2012/12/16,2.107127
2012/12/17,2.107127
2012/12/18,2.107127
2012/12/19,2.107127
2012/12/20,2.107127
2012/12/21,2.107127
2012/12/22,2.107127
2012/12/23,2.107127
2012/12/24,2.107127
2012/12/25,2.107127
2012/12/26,2.107127
2012/12/27,2.107127
2012/12/28,2.107127
2012/12/29,2.107127
2012/12/30,2.107127
2012/12/31,2.107127
2013/01/01,2.065935
2013/01/02,2.065935
2013/01/03,2.065935
2013/01/04,2.065935
2013/01/05,2.065935
2013/01/06,2.065935
2013/01/07,2.065935
2013/01/08,2.065935
2013/01/09,2.065935
2013/01/10,2.065935
2013/01/11,2.065935
2013/01/12,2.065935
2013/01/13,2.065935
2013/01/14,2.065935
2013/01/15,2.065935
2013/01/16,2.065935
2013/01/17,2.065935
2013/01/18,2.065935
2013/01/19,2.065935
2013/01/20,2.065935
2013/01/21,2.065935
2013/01/22,2.065935
2013/01/23,2.065935
2013/01/24,2.065935
2013/01/25,2.065935
2013/01/26,2.065935
2013/01/27,2.065935
2013/01/28,2.065935
2013/01/29,2.065935
2013/01/30,2.065935
2013/01/31,2.065935
2013/02/01,2.143683
2013/02/02,2.143683
2013/02/03,2.143683
2013/02/04,2.143683
2013/02/05,2.143683
2013/02/06,2.143683
2013/02/07,2.143683
2013/02/08,2.143683
2013/02/09,2.143683
2013/02/10,2.143683
2013/02/11,2.143683
2013/02/12,2.143683
2013/02/13,2.143683
2013/02/14,2.143683
2013/02/15,2.143683
2013/02/16,2.143683
2013/02/17,2.143683
2013/02/18,2.143683
2013/02/19,2.143683
2013/02/20,2.143683
2013/02/21,2.143683
2013/02/22,2.143683
2013/02/23,2.143683
2013/02/24,2.143683
2013/02/25,2.143683
2013/02/26,2.143683
2013/02/27,2.143683
2013/02/28,2.143683
2013/03/01,2.096923
2013/03/02,2.096923
2013/03/03,2.096923
2013/03/04,2.096923
2013/03/05,2.096923
2013/03/06,2.096923
2013/03/07,2.096923
2013/03/08,2.096923
2013/03/09,2.096923
2013/03/10,2.096923
2013/03/11,2.096923
2013/03/12,2.096923
2013/03/13,2.096923
2013/03/14,2.096923
2013/03/15,2.096923
2013/03/16,2.096923
2013/03/17,2.096923
2013/03/18,2.096923
2013/03/19,2.096923
2013/03/20,2.096923
2013/03/21,2.096923
2013/03/22,2.096923
2013/03/23,2.096923
2013/03/24,2.096923
2013/03/25,2.096923
2013/03/26,2.096923
2013/03/27,2.096923
2013/03/28,2.096923
2013/03/29,2.096923
2013/03/30,2.096923
2013/03/31,2.096923
2013/04/01,1.932255
2013/04/02,1.932255
2013/04/03,1.932255
2013/04/04,1.932255
2013/04/05,1.932255
2013/04/06,1.932255
2013/04/07,1.932255
2013/04/08,1.932255
2013/04/09,1.932255
2013/04/10,1.932255
2013/04/11,1.932255
2013/04/12,1.932255
2013/04/13,1.932255
2013/04/14,1.932255
2013/04/15,1.932255
2013/04/16,1.932255
2013/04/17,1.932255
2013/04/18,1.932255
2013/04/19,1.932255
2013/04/20,1.932255
2013/04/21,1.932255
2013/04/22,1.932255
2013/04/23,1.932255
2013/04/24,1.932255
2013/04/25,1.932255
2013/04/26,1.932255
2013/04/27,1.932255
2013/04/28,1.932255
2013/04/29,1.932255
2013/04/30,1.932255
2013/05/01,1.905048
2013/05/02,1.905048
2013/05/03,1.905048
2013/05/04,1.905048
2013/05/05,1.905048
2013/05/06,1.905048
2013/05/07,1.905048
2013/05/08,1.905048
2013/05/09,1.905048
2013/05/10,1.905048
2013/05/11,1.905048
2013/05/12,1.905048
2013/05/13,1.905048
2013/05/14,1.905048
2013/05/15,1.905048
2013/05/16,1.905048
2013/05/17,1.905048
2013/05/18,1.905048
2013/05/19,1.905048
2013/05/20,1.905048
2013/05/21,1.905048
2013/05/22,1.905048
2013/05/23,1.905048
2013/05/24,1.905048
2013/05/25,1.905048
2013/05/26,1.905048
2013/05/27,1.905048
2013/05/28,1.905048
2013/05/29,1.905048
2013/05/30,1.905048
2013/05/31,1.905048
2013/06/01,1.874046
2013/06/02,1.874046
2013/06/03,1.874046
2013/06/04,1.874046
2013/06/05,1.874046
2013/06/06,1.874046
2013/06/07,1.874046
2013/06/08,1.874046
2013/06/09,1.874046
2013/06/10,1.874046
2013/06/11,1.874046
2013/06/12,1.874046
2013/06/13,1.874046
2013/06/14,1.874046
2013/06/15,1.874046
2013/06/16,1.874046
2013/06/17,1.874046
2013/06/18,1.874046
2013/06/19,1.874046
2013/06/20,1.874046
2013/06/21,1.874046
2013/06/22,1.874046
2013/06/23,1.874046
2013/06/24,1.874046
2013/06/25,1.874046
2013/06/26,1.874046
2013/06/27,1.874046
2013/06/28,1.874046
2013/06/29,1.874046
2013/06/30,1.874046
2013/07/01,1.865294
2013/07/02,1.865294
2013/07/03,1.865294
2013/07/04,1.865294
2013/07/05,1.865294
2013/07/06,1.865294
2013/07/07,1.865294
2013/07/08,1.865294
2013/07/09,1.865294
2013/07/10,1.865294
2013/07/11,1.865294
2013/07/12,1.865294
2013/07/13,1.865294
2013/07/14,1.865294
2013/07/15,1.865294
2013/07/16,1.865294
2013/07/17,1.865294
2013/07/18,1.865294
2013/07/19,1.865294
2013/07/20,1.865294
2013/07/21,1.865294
2013/07/22,1.865294
2013/07/23,1.865294
2013/07/24,1.865294
2013/07/25,1.865294
2013/07/26,1.865294
2013/07/27,1.865294
2013/07/28,1.865294
2013/07/29,1.865294
2013/07/30,1.865294
2013/07/31,1.865294
2013/08/01,1.911745
2013/08/02,1.911745
2013/08/03,1.911745
2013/08/04,1.911745
2013/08/05,1.911745
2013/08/06,1.911745
2013/08/07,1.911745
2013/08/08,1.911745
2013/08/09,1.911745
2013/08/10,1.911745
2013/08/11,1.911745
2013/08/12,1.911745
2013/08/13,1.911745
2013/08/14,1.911745
2013/08/15,1.911745
2013/08/16,1.911745
2013/08/17,1.911745
2013/08/18,1.911745
2013/08/19,1.911745
2013/08/20,1.911745
2013/08/21,1.911745
2013/08/22,1.911745
2013/08/23,1.911745
2013/08/24,1.911745
2013/08/25,1.911745
2013/08/26,1.911745
2013/08/27,1.911745
2013/08/28,1.911745
2013/08/29,1.911745
2013/08/30,1.911745
2013/08/31,1.911745
2013/09/01,1.888205
2013/09/02,1.888205
2013/09/03,1.888205
2013/09/04,1.888205
2013/09/05,1.888205
2013/09/06,1.888205
2013/09/07,1.888205
2013/09/08,1.888205
2013/09/09,1.888205
2013/09/10,1.888205
2013/09/11,1.888205
2013/09/12,1.888205
2013/09/13,1.888205
2013/09/14,1.888205
2013/09/15,1.888205
2013/09/16,1.888205
2013/09/17,1.888205
2013/09/18,1.888205
2013/09/19,1.888205
2013/09/20,1.888205
2013/09/21,1.888205
2013/09/22,1.888205
2013/09/23,1.888205
2013/09/24,1.888205
2013/09/25,1.888205
2013/09/26,1.888205
2013/09/27,1.888205
2013/09/28,1.888205
2013/09/29,1.888205
2013/09/30,1.888205
2013/10/01,1.866698
2013/10/02,1.866698
2013/10/03,1.866698
2013/10/04,1.866698
2013/10/05,1.866698
2013/10/06,1.866698
2013/10/07,1.866698
2013/10/08,1.866698
2013/10/09,1.866698
2013/10/10,1.866698
2013/10/11,1.866698
2013/10/12,1.866698
2013/10/13,1.866698
2013/10/14,1.866698
2013/10/15,1.866698
2013/10/16,1.866698
2013/10/17,1.866698
2013/10/18,1.866698
2013/10/19,1.866698
2013/10/20,1.866698
2013/10/21,1.866698
2013/10/22,1.866698
2013/10/23,1.866698
2013/10/24,1.866698
2013/10/25,1.866698
2013/10/26,1.866698
2013/10/27,1.866698
2013/10/28,1.866698
2013/10/29,1.866698
2013/10/30,1.866698
2013/10/31,1.866698
2013/11/01,1.890963
2013/11/02,1.890963
2013/11/03,1.890963
2013/11/04,1.890963
2013/11/05,1.890963
2013/11/06,1.890963
2013/11/07,1.890963
2013/11/08,1.890963
2013/11/09,1.890963
2013/11/10,1.890963
2013/11/11,1.890963
2013/11/12,1.890963
2013/11/13,1.890963
2013/11/14,1.890963
2013/11/15,1.890963
2013/11/16,1.890963
2013/11/17,1.890963
2013/11/18,1.890963
2013/11/19,1.890963
2013/11/20,1.890963
2013/11/21,1.890963
2013/11/22,1.890963
2013/11/23,1.890963
2013/11/24,1.890963
2013/11/25,1.890963
2013/11/26,1.890963
2013/11/27,1.890963
2013/11/28,1.890963
2013/11/29,1.890963
2013/11/30,1.890963
2013/12/01,1.872378
2013/12/02,1.872378
2013/12/03,1.872378
2013/12/04,1.872378
2013/12/05,1.872378
2013/12/06,1.872378
2013/12/07,1.872378
2013/12/08,1.872378
2013/12/09,1.872378
2013/12/10,1.872378
2013/12/11,1.872378
2013/12/12,1.872378
2013/12/13,1.872378
2013/12/14,1.872378
2013/12/15,1.872378
2013/12/16,1.872378
2013/12/17,1.872378
2013/12/18,1.872378
2013/12/19,1.872378
2013/12/20,1.872378
2013/12/21,1.872378
2013/12/22,1.872378
2013/12/23,1.872378
2013/12/24,1.872378
2013/12/25,1.872378
2013/12/26,1.872378
2013/12/27,1.872378
2013/12/28,1.872378
2013/12/29,1.872378
2013/12/30,1.872378
2013/12/31,1.872378
2014/01/01,1.821944
2014/01/02,1.821944
2014/01/03,1.821944
2014/01/04,1.821944
2014/01/05,1.821944
2014/01/06,1.821944
2014/01/07,1.821944
2014/01/08,1.821944
2014/01/09,1.821944
2014/01/10,1.821944
2014/01/11,1.821944
2014/01/12,1.821944
2014/01/13,1.821944
2014/01/14,1.821944
2014/01/15,1.821944
2014/01/16,1.821944
2014/01/17,1.821944
2014/01/18,1.821944
2014/01/19,1.821944
2014/01/20,1.821944
2014/01/21,1.821944
2014/01/22,1.821944
2014/01/23,1.821944
2014/01/24,1.821944
2014/01/25,1.821944
2014/01/26,1.821944
2014/01/27,1.821944
2014/01/28,1.821944
2014/01/29,1.821944
2014/01/30,1.821944
2014/01/31,1.821944
2014/02/01,1.789204
2014/02/02,1.789204
2014/02/03,1.789204
2014/02/04,1.789204
2014/02/05,1.789204
2014/02/06,1.789204
2014/02/07,1.789204
2014/02/08,1.789204
2014/02/09,1.789204
2014/02/10,1.789204
2014/02/11,1.789204
2014/02/12,1.789204
2014/02/13,1.789204
2014/02/14,1.789204
2014/02/15,1.789204
2014/02/16,1.789204
2014/02/17,1.789204
2014/02/18,1.789204
2014/02/19,1.789204
2014/02/20,1.789204
2014/02/21,1.789204
2014/02/22,1.789204
2014/02/23,1.789204
2014/02/24,1.789204
2014/02/25,1.789204
2014/02/26,1.789204
2014/02/27,1.789204
2014/02/28,1.789204
2014/03/01,1.821445
2014/03/02,1.821445
2014/03/03,1.821445
2014/03/04,1.821445
2014/03/05,1.821445
2014/03/06,1.821445
2014/03/07,1.821445
2014/03/08,1.821445
2014/03/09,1.821445
2014/03/10,1.821445
2014/03/11,1.821445
2014/03/12,1.821445
2014/03/13,1.821445
2014/03/14,1.821445
2014/03/15,1.821445
2014/03/16,1.821445
2014/03/17,1.821445
2014/03/18,1.821445
2014/03/19,1.821445
2014/03/20,1.821445
2014/03/21,1.821445
2014/03/22,1.821445
2014/03/23,1.821445
2014/03/24,1.821445
2014/03/25,1.821445
2014/03/26,1.821445
2014/03/27,1.821445
2014/03/28,1.821445
2014/03/29,1.821445
2014/03/30,1.821445
2014/03/31,1.821445
2014/04/01,2.025724
2014/04/02,2.025724
2014/04/03,2.025724
2014/04/04,2.025724
2014/04/05,2.025724
2014/04/06,2.025724
2014/04/07,2.025724
2014/04/08,2.025724
2014/04/09,2.025724
2014/04/10,2.025724
2014/04/11,2.025724
2014/04/12,2.025724
2014/04/13,2.025724
2014/04/14,2.025724
2014/04/15,2.025724
2014/04/16,2.025724
2014/04/17,2.025724
2014/04/18,2.025724
2014/04/19,2.025724
2014/04/20,2.025724
2014/04/21,2.025724
2014/04/22,2.025724
2014/04/23,2.025724
2014/04/24,2.025724
2014/04/25,2.025724
2014/04/26,2.025724
2014/04/27,2.025724
2014/04/28,2.025724
2014/04/29,2.025724
2014/04/30,2.025724
2014/05/01,2.127518
2014/05/02,2.127518
2014/05/03,2.127518
2014/05/04,2.127518
2014/05/05,2.127518
2014/05/06,2.127518
2014/05/07,2.127518
2014/05/08,2.127518
2014/05/09,2.127518
2014/05/10,2.127518
2014/05/11,2.127518
2014/05/12,2.127518
2014/05/13,2.127518
2014/05/14,2.127518
2014/05/15,2.127518
2014/05/16,2.127518
2014/05/17,2.127518
2014/05/18,2.127518
2014/05/19,2.127518
2014/05/20,2.127518
2014/05/21,2.127518
2014/05/22,2.127518
2014/05/23,2.127518
2014/05/24,2.127518
2014/05/25,2.127518
2014/05/26,2.127518
2014/05/27,2.127518
2014/05/28,2.127518
2014/05/29,2.127518
2014/05/30,2.127518
2014/05/31,2.127518
2014/06/01,2.142724
2014/06/02,2.142724
2014/06/03,2.142724
2014/06/04,2.142724
2014/06/05,2.142724
2014/06/06,2.142724
2014/06/07,2.142724
2014/06/08,2.142724
2014/06/09,2.142724
2014/06/10,2.142724
2014/06/11,2.142724
2014/06/12,2.142724
2014/06/13,2.142724
2014/06/14,2.142724
2014/06/15,2.142724
2014/06/16,2.142724
2014/06/17,2.142724
2014/06/18,2.142724
2014/06/19,2.142724
2014/06/20,2.142724
2014/06/21,2.142724
2014/06/22,2.142724
2014/06/23,2.142724
2014/06/24,2.142724
2014/06/25,2.142724
2014/06/26,2.142724
2014/06/27,2.142724
2014/06/28,2.142724
2014/06/29,2.142724
2014/06/30,2.142724
2014/07/01,2.098319
2014/07/02,2.098319
2014/07/03,2.098319
2014/07/04,2.098319
2014/07/05,2.098319
2014/07/06,2.098319
2014/07/07,2.098319
2014/07/08,2.098319
2014/07/09,2.098319
2014/07/10,2.098319
2014/07/11,2.098319
2014/07/12,2.098319
2014/07/13,2.098319
2014/07/14,2.098319
2014/07/15,2.098319
2014/07/16,2.098319
2014/07/17,2.098319
2014/07/18,2.098319
2014/07/19,2.098319
2014/07/20,2.098319
2014/07/21,2.098319
2014/07/22,2.098319
2014/07/23,2.098319
2014/07/24,2.098319
2014/07/25,2.098319
2014/07/26,2.098319
2014/07/27,2.098319
2014/07/28,2.098319
2014/07/29,2.098319
2014/07/30,2.098319
2014/07/31,2.098319
2014/08/01,1.959017
2014/08/02,1.959017
2014/08/03,1.959017
2014/08/04,1.959017
2014/08/05,1.959017
2014/08/06,1.959017
2014/08/07,1.959017
2014/08/08,1.959017
2014/08/09,1.959017
2014/08/10,1.959017
2014/08/11,1.959017
2014/08/12,1.959017
2014/08/13,1.959017
2014/08/14,1.959017
2014/08/15,1.959017
2014/08/16,1.959017
2014/08/17,1.959017
2014/08/18,1.959017
2014/08/19,1.959017
2014/08/20,1.959017
2014/08/21,1.959017
2014/08/22,1.959017
2014/08/23,1.959017
2014/08/24,1.959017
2014/08/25,1.959017
2014/08/26,1.959017
2014/08/27,1.959017
2014/08/28,1.959017
2014/08/29,1.959017
2014/08/30,1.959017
2014/08/31,1.959017
2014/09/01,1.95017
2014/09/02,1.95017
2014/09/03,1.95017
2014/09/04,1.95017
2014/09/05,1.95017
2014/09/06,1.95017
2014/09/07,1.95017
2014/09/08,1.95017
2014/09/09,1.95017
2014/09/10,1.95017
2014/09/11,1.95017
2014/09/12,1.95017
2014/09/13,1.95017
2014/09/14,1.95017
2014/09/15,1.95017
2014/09/16,1.95017
2014/09/17,1.95017
2014/09/18,1.95017
2014/09/19,1.95017
2014/09/20,1.95017
2014/09/21,1.95017
2014/09/22,1.95017
2014/09/23,1.95017
2014/09/24,1.95017
2014/09/25,1.95017
2014/09/26,1.95017
2014/09/27,1.95017
2014/09/28,1.95017
2014/09/29,1.95017
2014/09/30,1.95017
2014/10/01,2.001463
2014/10/02,2.001463
2014/10/03,2.001463
2014/10/04,2.001463
2014/10/05,2.001463
2014/10/06,2.001463
2014/10/07,2.001463
2014/10/08,2.001463
2014/10/09,2.001463
2014/10/10,2.001463
2014/10/11,2.001463
2014/10/12,2.001463
2014/10/13,2.001463
2014/10/14,2.001463
2014/10/15,2.001463
2014/10/16,2.001463
2014/10/17,2.001463
2014/10/18,2.001463
2014/10/19,2.001463
2014/10/20,2.001463
2014/10/21,2.001463
2014/10/22,2.001463
2014/10/23,2.001463
2014/10/24,2.001463
2014/10/25,2.001463
2014/10/26,2.001463
2014/10/27,2.001463
2014/10/28,2.001463
2014/10/29,2.001463
2014/10/30,2.001463
2014/10/31,2.001463
2014/11/01,1.999148
2014/11/02,1.999148
2014/11/03,1.999148
2014/11/04,1.999148
2014/11/05,1.999148
2014/11/06,1.999148
2014/11/07,1.999148
2014/11/08,1.999148
2014/11/09,1.999148
2014/11/10,1.999148
2014/11/11,1.999148
2014/11/12,1.999148
2014/11/13,1.999148
2014/11/14,1.999148
2014/11/15,1.999148
2014/11/16,1.999148
2014/11/17,1.999148
2014/11/18,1.999148
2014/11/19,1.999148
2014/11/20,1.999148
2014/11/21,1.999148
2014/11/22,1.999148
2014/11/23,1.999148
2014/11/24,1.999148
2014/11/25,1.999148
2014/11/26,1.999148
2014/11/27,1.999148
2014/11/28,1.999148
2014/11/29,1.999148
2014/11/30,1.999148
2014/12/01,1.961226
2014/12/02,1.961226
2014/12/03,1.961226
2014/12/04,1.961226
2014/12/05,1.961226
2014/12/06,1.961226
2014/12/07,1.961226
2014/12/08,1.961226
2014/12/09,1.961226
2014/12/10,1.961226
2014/12/11,1.961226
2014/12/12,1.961226
2014/12/13,1.961226
2014/12/14,1.961226
2014/12/15,1.961226
2014/12/16,1.961226
2014/12/17,1.961226
2014/12/18,1.961226
2014/12/19,1.961226
2014/12/20,1.961226
2014/12/21,1.961226
2014/12/22,1.961226
2014/12/23,1.961226
2014/12/24,1.961226
2014/12/25,1.961226
2014/12/26,1.961226
2014/12/27,1.961226
2014/12/28,1.961226
2014/12/29,1.961226
2014/12/30,1.961226
2014/12/31,1.961226
2015/01/01,1.976365
2015/01/02,1.976365
2015/01/03,1.976365
2015/01/04,1.976365
2015/01/05,1.976365
2015/01/06,1.976365
2015/01/07,1.976365
2015/01/08,1.976365
2015/01/09,1.976365
2015/01/10,1.976365
2015/01/11,1.976365
2015/01/12,1.976365
2015/01/13,1.976365
2015/01/14,1.976365
2015/01/15,1.976365
2015/01/16,1.976365
2015/01/17,1.976365
2015/01/18,1.976365
2015/01/19,1.976365
2015/01/20,1.976365
2015/01/21,1.976365
2015/01/22,1.976365
2015/01/23,1.976365
2015/01/24,1.976365
2015/01/25,1.976365
2015/01/26,1.976365
2015/01/27,1.976365
2015/01/28,1.976365
2015/01/29,1.976365
2015/01/30,1.976365
2015/01/31,1.976365
2015/02/01,1.972517
2015/02/02,1.972517
2015/02/03,1.972517
2015/02/04,1.972517
2015/02/05,1.972517
2015/02/06,1.972517
2015/02/07,1.972517
2015/02/08,1.972517
2015/02/09,1.972517
2015/02/10,1.972517
2015/02/11,1.972517
2015/02/12,1.972517
2015/02/13,1.972517
2015/02/14,1.972517
2015/02/15,1.972517
2015/02/16,1.972517
2015/02/17,1.972517
2015/02/18,1.972517
2015/02/19,1.972517
2015/02/20,1.972517
2015/02/21,1.972517
2015/02/22,1.972517
2015/02/23,1.972517
2015/02/24,1.972517
2015/02/25,1.972517
2015/02/26,1.972517
2015/02/27,1.972517
2015/02/28,1.972517
2015/03/01,1.989606
2015/03/02,1.989606
2015/03/03,1.989606
2015/03/04,1.989606
2015/03/05,1.989606
2015/03/06,1.989606
2015/03/07,1.989606
2015/03/08,1.989606
2015/03/09,1.989606
2015/03/10,1.989606
2015/03/11,1.989606
2015/03/12,1.989606
2015/03/13,1.989606
2015/03/14,1.989606
2015/03/15,1.989606
2015/03/16,1.989606
2015/03/17,1.989606
2015/03/18,1.989606
2015/03/19,1.989606
2015/03/20,1.989606
2015/03/21,1.989606
2015/03/22,1.989606
2015/03/23,1.989606
2015/03/24,1.989606
2015/03/25,1.989606
2015/03/26,1.989606
2015/03/27,1.989606
2015/03/28,1.989606
2015/03/29,1.989606
2015/03/30,1.989606
2015/03/31,1.989606
2015/04/01,2.05371
2015/04/02,2.05371
2015/04/03,2.05371
2015/04/04,2.05371
2015/04/05,2.05371
2015/04/06,2.05371
2015/04/07,2.05371
2015/04/08,2.05371
2015/04/09,2.05371
2015/04/10,2.05371
2015/04/11,2.05371
2015/04/12,2.05371
2015/04/13,2.05371
2015/04/14,2.05371
2015/04/15,2.05371
2015/04/16,2.05371
2015/04/17,2.05371
2015/04/18,2.05371
2015/04/19,2.05371
2015/04/20,2.05371
2015/04/21,2.05371
2015/04/22,2.05371
2015/04/23,2.05371
2015/04/24,2.05371
2015/04/25,2.05371
2015/04/26,2.05371
2015/04/27,2.05371
2015/04/28,2.05371
2015/04/29,2.05371
2015/04/30,2.05371
2015/05/01,2.056561
2015/05/02,2.056561
2015/05/03,2.056561
2015/05/04,2.056561
2015/05/05,2.056561
2015/05/06,2.056561
2015/05/07,2.056561
2015/05/08,2.056561
2015/05/09,2.056561
2015/05/10,2.056561
2015/05/11,2.056561
2015/05/12,2.056561
2015/05/13,2.056561
2015/05/14,2.056561
2015/05/15,2.056561
2015/05/16,2.056561
2015/05/17,2.056561
2015/05/18,2.056561
2015/05/19,2.056561
2015/05/20,2.056561
2015/05/21,2.056561
2015/05/22,2.056561
2015/05/23,2.056561
2015/05/24,2.056561
2015/05/25,2.056561
2015/05/26,2.056561
2015/05/27,2.056561
2015/05/28,2.056561
2015/05/29,2.056561
2015/05/30,2.056561
2015/05/31,2.056561
2015/06/01,2.103732
2015/06/02,2.103732
2015/06/03,2.103732
2015/06/04,2.103732
2015/06/05,2.103732
2015/06/06,2.103732
2015/06/07,2.103732
2015/06/08,2.103732
2015/06/09,2.103732
2015/06/10,2.103732
2015/06/11,2.103732
2015/06/12,2.103732
2015/06/13,2.103732
2015/06/14,2.103732
2015/06/15,2.103732
2015/06/16,2.103732
2015/06/17,2.103732
2015/06/18,2.103732
2015/06/19,2.103732
2015/06/20,2.103732
2015/06/21,2.103732
2015/06/22,2.103732
2015/06/23,2.103732
2015/06/24,2.103732
2015/06/25,2.103732
2015/06/26,2.103732
2015/06/27,2.103732
2015/06/28,2.103732
2015/06/29,2.103732
2015/06/30,2.103732
2015/07/01,2.130475
2015/07/02,2.130475
2015/07/03,2.130475
2015/07/04,2.130475
2015/07/05,2.130475
2015/07/06,2.130475
2015/07/07,2.130475
2015/07/08,2.130475
2015/07/09,2.130475
2015/07/10,2.130475
2015/07/11,2.130475
2015/07/12,2.130475
2015/07/13,2.130475
2015/07/14,2.130475
2015/07/15,2.130475
2015/07/16,2.130475
2015/07/17,2.130475
2015/07/18,2.130475
2015/07/19,2.130475
2015/07/20,2.130475
2015/07/21,2.130475
2015/07/22,2.130475
2015/07/23,2.130475
2015/07/24,2.130475
2015/07/25,2.130475
2015/07/26,2.130475
2015/07/27,2.130475
2015/07/28,2.130475
2015/07/29,2.130475
2015/07/30,2.130475
2015/07/31,2.130475
2015/08/01,2.169207
2015/08/02,2.169207
2015/08/03,2.169207
2015/08/04,2.169207
2015/08/05,2.169207
2015/08/06,2.169207
2015/08/07,2.169207
2015/08/08,2.169207
2015/08/09,2.169207
2015/08/10,2.169207
2015/08/11,2.169207
2015/08/12,2.169207
2015/08/13,2.169207
2015/08/14,2.169207
2015/08/15,2.169207
2015/08/16,2.169207
2015/08/17,2.169207
2015/08/18,2.169207
2015/08/19,2.169207
2015/08/20,2.169207
2015/08/21,2.169207
2015/08/22,2.169207
2015/08/23,2.169207
2015/08/24,2.169207
2015/08/25,2.169207
2015/08/26,2.169207
2015/08/27,2.169207
2015/08/28,2.169207
2015/08/29,2.169207
2015/08/30,2.169207
2015/08/31,2.169207
2015/09/01,2.268536
2015/09/02,2.268536
2015/09/03,2.268536
2015/09/04,2.268536
2015/09/05,2.268536
2015/09/06,2.268536
2015/09/07,2.268536
2015/09/08,2.268536
2015/09/09,2.268536
2015/09/10,2.268536
2015/09/11,2.268536
2015/09/12,2.268536
2015/09/13,2.268536
2015/09/14,2.268536
2015/09/15,2.268536
2015/09/16,2.268536
2015/09/17,2.268536
2015/09/18,2.268536
2015/09/19,2.268536
2015/09/20,2.268536
2015/09/21,2.268536
2015/09/22,2.268536
2015/09/23,2.268536
2015/09/24,2.268536
2015/09/25,2.268536
2015/09/26,2.268536
2015/09/27,2.268536
2015/09/28,2.268536
2015/09/29,2.268536
2015/09/30,2.268536
2015/10/01,2.335492
2015/10/02,2.335492
2015/10/03,2.335492
2015/10/04,2.335492
2015/10/05,2.335492
2015/10/06,2.335492
2015/10/07,2.335492
2015/10/08,2.335492
2015/10/09,2.335492
2015/10/10,2.335492
2015/10/11,2.335492
2015/10/12,2.335492
2015/10/13,2.335492
2015/10/14,2.335492
2015/10/15,2.335492
2015/10/16,2.335492
2015/10/17,2.335492
2015/10/18,2.335492
2015/10/19,2.335492
2015/10/20,2.335492
2015/10/21,2.335492
2015/10/22,2.335492
2015/10/23,2.335492
2015/10/24,2.335492
2015/10/25,2.335492
2015/10/26,2.335492
2015/10/27,2.335492
2015/10/28,2.335492
2015/10/29,2.335492
2015/10/30,2.335492
2015/10/31,2.335492
2015/11/01,2.394625
2015/11/02,2.394625
2015/11/03,2.394625
2015/11/04,2.394625
2015/11/05,2.394625
2015/11/06,2.394625
2015/11/07,2.394625
2015/11/08,2.394625
2015/11/09,2.394625
2015/11/10,2.394625
2015/11/11,2.394625
2015/11/12,2.394625
2015/11/13,2.394625
2015/11/14,2.394625
2015/11/15,2.394625
2015/11/16,2.394625
2015/11/17,2.394625
2015/11/18,2.394625
2015/11/19,2.394625
2015/11/20,2.394625
2015/11/21,2.394625
2015/11/22,2.394625
2015/11/23,2.394625
2015/11/24,2.394625
2015/11/25,2.394625
2015/11/26,2.394625
2015/11/27,2.394625
2015/11/28,2.394625
2015/11/29,2.394625
2015/11/30,2.394625
2015/12/01,2.437497
2015/12/02,2.437497
2015/12/03,2.437497
2015/12/04,2.437497
2015/12/05,2.437497
2015/12/06,2.437497
2015/12/07,2.437497
2015/12/08,2.437497
2015/12/09,2.437497
2015/12/10,2.437497
2015/12/11,2.437497
2015/12/12,2.437497
2015/12/13,2.437497
2015/12/14,2.437497
2015/12/15,2.437497
2015/12/16,2.437497
2015/12/17,2.437497
2015/12/18,2.437497
2015/12/19,2.437497
2015/12/20,2.437497
2015/12/21,2.437497
2015/12/22,2.437497
2015/12/23,2.437497
2015/12/24,2.437497
2015/12/25,2.437497
2015/12/26,2.437497
2015/12/27,2.437497
2015/12/28,2.437497
2015/12/29,2.437497
2015/12/30,2.437497
2015/12/31,2.437497
2016/01/01,2.460879
2016/01/02,2.460879
2016/01/03,2.460879
2016/01/04,2.460879
2016/01/05,2.460879
2016/01/06,2.460879
2016/01/07,2.460879
2016/01/08,2.460879
2016/01/09,2.460879
2016/01/10,2.460879
2016/01/11,2.460879
2016/01/12,2.460879
2016/01/13,2.460879
2016/01/14,2.460879
2016/01/15,2.460879
2016/01/16,2.460879
2016/01/17,2.460879
2016/01/18,2.460879
2016/01/19,2.460879
2016/01/20,2.460879
2016/01/21,2.460879
2016/01/22,2.460879
2016/01/23,2.460879
2016/01/24,2.460879
2016/01/25,2.460879
2016/01/26,2.460879
2016/01/27,2.460879
2016/01/28,2.460879
2016/01/29,2.460879
2016/01/30,2.460879
2016/01/31,2.460879
2016/02/01,2.538253
2016/02/02,2.538253
2016/02/03,2.538253
2016/02/04,2.538253
2016/02/05,2.538253
2016/02/06,2.538253
2016/02/07,2.538253
2016/02/08,2.538253
2016/02/09,2.538253
2016/02/10,2.538253
2016/02/11,2.538253
2016/02/12,2.538253
2016/02/13,2.538253
2016/02/14,2.538253
2016/02/15,2.538253
2016/02/16,2.538253
2016/02/17,2.538253
2016/02/18,2.538253
2016/02/19,2.538253
2016/02/20,2.538253
2016/02/21,2.538253
2016/02/22,2.538253
2016/02/23,2.538253
2016/02/24,2.538253
2016/02/25,2.538253
2016/02/26,2.538253
2016/02/27,2.538253
2016/02/28,2.538253
2016/02/29,2.538253
2016/03/01,2.526214
2016/03/02,2.526214
2016/03/03,2.526214
2016/03/04,2.526214
2016/03/05,2.526214
2016/03/06,2.526214
2016/03/07,2.526214
2016/03/08,2.526214
2016/03/09,2.526214
2016/03/10,2.526214
2016/03/11,2.526214
2016/03/12,2.526214
2016/03/13,2.526214
2016/03/14,2.526214
2016/03/15,2.526214
2016/03/16,2.526214
2016/03/17,2.526214
2016/03/18,2.526214
2016/03/19,2.526214
2016/03/20,2.526214
2016/03/21,2.526214
2016/03/22,2.526214
2016/03/23,2.526214
2016/03/24,2.526214
2016/03/25,2.526214
2016/03/26,2.526214
2016/03/27,2.526214
2016/03/28,2.526214
2016/03/29,2.526214
2016/03/30,2.526214
2016/03/31,2.526214
2016/04/01,2.53143
2016/04/02,2.53143
2016/04/03,2.53143
2016/04/04,2.53143
2016/04/05,2.53143
2016/04/06,2.53143
2016/04/07,2.53143
2016/04/08,2.53143
2016/04/09,2.53143
2016/04/10,2.53143
2016/04/11,2.53143
2016/04/12,2.53143
2016/04/13,2.53143
2016/04/14,2.53143
2016/04/15,2.53143
2016/04/16,2.53143
2016/04/17,2.53143
2016/04/18,2.53143
2016/04/19,2.53143
2016/04/20,2.53143
2016/04/21,2.53143
2016/04/22,2.53143
2016/04/23,2.53143
2016/04/24,2.53143
2016/04/25,2.53143
2016/04/26,2.53143
2016/04/27,2.53143
2016/04/28,2.53143
2016/04/29,2.53143
2016/04/30,2.53143
2016/05/01,2.565678
2016/05/02,2.565678
2016/05/03,2.565678
2016/05/04,2.565678
2016/05/05,2.565678
2016/05/06,2.565678
2016/05/07,2.565678
2016/05/08,2.565678
2016/05/09,2.565678
2016/05/10,2.565678
2016/05/11,2.565678
2016/05/12,2.565678
2016/05/13,2.565678
2016/05/14,2.565678
2016/05/15,2.565678
2016/05/16,2.565678
2016/05/17,2.565678
2016/05/18,2.565678
2016/05/19,2.565678
2016/05/20,2.565678
2016/05/21,2.565678
2016/05/22,2.565678
2016/05/23,2.565678
2016/05/24,2.565678
2016/05/25,2.565678
2016/05/26,2.565678
2016/05/27,2.565678
2016/05/28,2.565678
2016/05/29,2.565678
2016/05/30,2.565678
2016/05/31,2.565678
2016/06/01,2.563629
2016/06/02,2.563629
2016/06/03,2.563629
2016/06/04,2.563629
2016/06/05,2.563629
2016/06/06,2.563629
2016/06/07,2.563629
2016/06/08,2.563629
2016/06/09,2.563629
2016/06/10,2.563629
2016/06/11,2.563629
2016/06/12,2.563629
2016/06/13,2.563629
2016/06/14,2.563629
2016/06/15,2.563629
2016/06/16,2.563629
2016/06/17,2.563629
2016/06/18,2.563629
2016/06/19,2.563629
2016/06/20,2.563629
2016/06/21,2.563629
2016/06/22,2.563629
2016/06/23,2.563629
2016/06/24,2.563629
2016/06/25,2.563629
2016/06/26,2.563629
2016/06/27,2.563629
2016/06/28,2.563629
2016/06/29,2.563629
2016/06/30,2.563629
2016/07/01,2.569655
2016/07/02,2.569655
2016/07/03,2.569655
2016/07/04,2.569655
2016/07/05,2.569655
2016/07/06,2.569655
2016/07/07,2.569655
2016/07/08,2.569655
2016/07/09,2.569655
2016/07/10,2.569655
2016/07/11,2.569655
2016/07/12,2.569655
2016/07/13,2.569655
2016/07/14,2.569655
2016/07/15,2.569655
2016/07/16,2.569655
2016/07/17,2.569655
2016/07/18,2.569655
2016/07/19,2.569655
2016/07/20,2.569655
2016/07/21,2.569655
2016/07/22,2.569655
2016/07/23,2.569655
2016/07/24,2.569655
2016/07/25,2.569655
2016/07/26,2.569655
2016/07/27,2.569655
2016/07/28,2.569655
2016/07/29,2.569655
2016/07/30,2.569655
2016/07/31,2.569655
2016/08/01,2.716347
2016/08/02,2.716347
2016/08/03,2.716347
2016/08/04,2.716347
2016/08/05,2.716347
2016/08/06,2.716347
2016/08/07,2.716347
2016/08/08,2.716347
2016/08/09,2.716347
2016/08/10,2.716347
2016/08/11,2.716347
2016/08/12,2.716347
2016/08/13,2.716347
2016/08/14,2.716347
2016/08/15,2.716347
2016/08/16,2.716347
2016/08/17,2.716347
2016/08/18,2.716347
2016/08/19,2.716347
2016/08/20,2.716347
2016/08/21,2.716347
2016/08/22,2.716347
2016/08/23,2.716347
2016/08/24,2.716347
2016/08/25,2.716347
2016/08/26,2.716347
2016/08/27,2.716347
2016/08/28,2.716347
2016/08/29,2.716347
2016/08/30,2.716347
2016/08/31,2.716347
2016/09/01,2.624799
2016/09/02,2.624799
2016/09/03,2.624799
2016/09/04,2.624799
2016/09/05,2.624799
2016/09/06,2.624799
2016/09/07,2.624799
2016/09/08,2.624799
2016/09/09,2.624799
2016/09/10,2.624799
2016/09/11,2.624799
2016/09/12,2.624799
2016/09/13,2.624799
2016/09/14,2.624799
2016/09/15,2.624799
2016/09/16,2.624799
2016/09/17,2.624799
2016/09/18,2.624799
2016/09/19,2.624799
2016/09/20,2.624799
2016/09/21,2.624799
2016/09/22,2.624799
2016/09/23,2.624799
2016/09/24,2.624799
2016/09/25,2.624799
2016/09/26,2.624799
2016/09/27,2.624799
2016/09/28,2.624799
2016/09/29,2.624799
2016/09/30,2.624799
2016/10/01,2.502268
2016/10/02,2.502268
2016/10/03,2.502268
2016/10/04,2.502268
2016/10/05,2.502268
2016/10/06,2.502268
2016/10/07,2.502268
2016/10/08,2.502268
2016/10/09,2.502268
2016/10/10,2.502268
2016/10/11,2.502268
2016/10/12,2.502268
2016/10/13,2.502268
2016/10/14,2.502268
2016/10/15,2.502268
2016/10/16,2.502268
2016/10/17,2.502268
2016/10/18,2.502268
2016/10/19,2.502268
2016/10/20,2.502268
2016/10/21,2.502268
2016/10/22,2.502268
2016/10/23,2.502268
2016/10/24,2.502268
2016/10/25,2.502268
2016/10/26,2.502268
2016/10/27,2.502268
2016/10/28,2.502268
2016/10/29,2.502268
2016/10/30,2.502268
2016/10/31,2.502268
2016/11/01,2.518564
2016/11/02,2.518564
2016/11/03,2.518564
2016/11/04,2.518564
2016/11/05,2.518564
2016/11/06,2.518564
2016/11/07,2.518564
2016/11/08,2.518564
2016/11/09,2.518564
2016/11/10,2.518564
2016/11/11,2.518564
2016/11/12,2.518564
2016/11/13,2.518564
2016/11/14,2.518564
2016/11/15,2.518564
2016/11/16,2.518564
2016/11/17,2.518564
2016/11/18,2.518564
2016/11/19,2.518564
2016/11/20,2.518564
2016/11/21,2.518564
2016/11/22,2.518564
2016/11/23,2.518564
2016/11/24,2.518564
2016/11/25,2.518564
2016/11/26,2.518564
2016/11/27,2.518564
2016/11/28,2.518564
2016/11/29,2.518564
2016/11/30,2.518564
2016/12/01,2.585286
2016/12/02,2.585286
2016/12/03,2.585286
2016/12/04,2.585286
2016/12/05,2.585286
2016/12/06,2.585286
2016/12/07,2.585286
2016/12/08,2.585286
2016/12/09,2.585286
2016/12/10,2.585286
2016/12/11,2.585286
2016/12/12,2.585286
2016/12/13,2.585286
2016/12/14,2.585286
2016/12/15,2.585286
2016/12/16,2.585286
2016/12/17,2.585286
2016/12/18,2.585286
2016/12/19,2.585286
2016/12/20,2.585286
2016/12/21,2.585286
2016/12/22,2.585286
2016/12/23,2.585286
2016/12/24,2.585286
2016/12/25,2.585286
2016/12/26,2.585286
2016/12/27,2.585286
2016/12/28,2.585286
2016/12/29,2.585286
2016/12/30,2.585286
2016/12/31,2.585286
2017/01/01,2.651739
2017/01/02,2.651739
2017/01/03,2.651739
2017/01/04,2.651739
2017/01/05,2.651739
2017/01/06,2.651739
2017/01/07,2.651739
2017/01/08,2.651739
2017/01/09,2.651739
2017/01/10,2.651739
2017/01/11,2.651739
2017/01/12,2.651739
2017/01/13,2.651739
2017/01/14,2.651739
2017/01/15,2.651739
2017/01/16,2.651739
2017/01/17,2.651739
2017/01/18,2.651739
2017/01/19,2.651739
2017/01/20,2.651739
2017/01/21,2.651739
2017/01/22,2.651739
2017/01/23,2.651739
2017/01/24,2.651739
2017/01/25,2.651739
2017/01/26,2.651739
2017/01/27,2.651739
2017/01/28,2.651739
2017/01/29,2.651739
2017/01/30,2.651739
2017/01/31,2.651739
2017/02/01,2.664566
2017/02/02,2.664566
2017/02/03,2.664566
2017/02/04,2.664566
2017/02/05,2.664566
2017/02/06,2.664566
2017/02/07,2.664566
2017/02/08,2.664566
2017/02/09,2.664566
2017/02/10,2.664566
2017/02/11,2.664566
2017/02/12,2.664566
2017/02/13,2.664566
2017/02/14,2.664566
2017/02/15,2.664566
2017/02/16,2.664566
2017/02/17,2.664566
2017/02/18,2.664566
2017/02/19,2.664566
2017/02/20,2.664566
2017/02/21,2.664566
2017/02/22,2.664566
2017/02/23,2.664566
2017/02/24,2.664566
2017/02/25,2.664566
2017/02/26,2.664566
2017/02/27,2.664566
2017/02/28,2.664566
2017/03/01,2.436586
2017/03/02,2.436586
2017/03/03,2.436586
2017/03/04,2.436586
2017/03/05,2.436586
2017/03/06,2.436586
2017/03/07,2.436586
2017/03/08,2.436586
2017/03/09,2.436586
2017/03/10,2.436586
2017/03/11,2.436586
2017/03/12,2.436586
2017/03/13,2.436586
2017/03/14,2.436586
2017/03/15,2.436586
2017/03/16,2.436586
2017/03/17,2.436586
2017/03/18,2.436586
2017/03/19,2.436586
2017/03/20,2.436586
2017/03/21,2.436586
2017/03/22,2.436586
2017/03/23,2.436586
2017/03/24,2.436586
2017/03/25,2.436586
2017/03/26,2.436586
2017/03/27,2.436586
2017/03/28,2.436586
2017/03/29,2.436586
2017/03/30,2.436586
2017/03/31,2.436586
2017/04/01,2.235672
2017/04/02,2.235672
2017/04/03,2.235672
2017/04/04,2.235672
2017/04/05,2.235672
2017/04/06,2.235672
2017/04/07,2.235672
2017/04/08,2.235672
2017/04/09,2.235672
2017/04/10,2.235672
2017/04/11,2.235672
2017/04/12,2.235672
2017/04/13,2.235672
2017/04/14,2.235672
2017/04/15,2.235672
2017/04/16,2.235672
2017/04/17,2.235672
2017/04/18,2.235672
2017/04/19,2.235672
2017/04/20,2.235672
2017/04/21,2.235672
2017/04/22,2.235672
2017/04/23,2.235672
2017/04/24,2.235672
2017/04/25,2.235672
2017/04/26,2.235672
2017/04/27,2.235672
2017/04/28,2.235672
2017/04/29,2.235672
2017/04/30,2.235672
2017/05/01,2.139634
2017/05/02,2.139634
2017/05/03,2.139634
2017/05/04,2.139634
2017/05/05,2.139634
2017/05/06,2.139634
2017/05/07,2.139634
2017/05/08,2.139634
2017/05/09,2.139634
2017/05/10,2.139634
2017/05/11,2.139634
2017/05/12,2.139634
2017/05/13,2.139634
2017/05/14,2.139634
2017/05/15,2.139634
2017/05/16,2.139634
2017/05/17,2.139634
2017/05/18,2.139634
2017/05/19,2.139634
2017/05/20,2.139634
2017/05/21,2.139634
2017/05/22,2.139634
2017/05/23,2.139634
2017/05/24,2.139634
2017/05/25,2.139634
2017/05/26,2.139634
2017/05/27,2.139634
2017/05/28,2.139634
2017/05/29,2.139634
2017/05/30,2.139634
2017/05/31,2.139634
2017/06/01,2.122109
2017/06/02,2.122109
2017/06/03,2.122109
2017/06/04,2.122109
2017/06/05,2.122109
2017/06/06,2.122109
2017/06/07,2.122109
2017/06/08,2.122109
2017/06/09,2.122109
2017/06/10,2.122109
2017/06/11,2.122109
2017/06/12,2.122109
2017/06/13,2.122109
2017/06/14,2.122109
2017/06/15,2.122109
2017/06/16,2.122109
2017/06/17,2.122109
2017/06/18,2.122109
2017/06/19,2.122109
2017/06/20,2.122109
2017/06/21,2.122109
2017/06/22,2.122109
2017/06/23,2.122109
2017/06/24,2.122109
2017/06/25,2.122109
2017/06/26,2.122109
2017/06/27,2.122109
2017/06/28,2.122109
2017/06/29,2.122109
2017/06/30,2.122109
2017/07/01,2.131777
2017/07/02,2.131777
2017/07/03,2.131777
2017/07/04,2.131777
2017/07/05,2.131777
2017/07/06,2.131777
2017/07/07,2.131777
2017/07/08,2.131777
2017/07/09,2.131777
2017/07/10,2.131777
2017/07/11,2.131777
2017/07/12,2.131777
2017/07/13,2.131777
2017/07/14,2.131777
2017/07/15,2.131777
2017/07/16,2.131777
2017/07/17,2.131777
2017/07/18,2.131777
2017/07/19,2.131777
2017/07/20,2.131777
2017/07/21,2.131777
2017/07/22,2.131777
2017/07/23,2.131777
2017/07/24,2.131777
2017/07/25,2.131777
2017/07/26,2.131777
2017/07/27,2.131777
2017/07/28,2.131777
2017/07/29,2.131777
2017/07/30,2.131777
2017/07/31,2.131777
2017/08/01,2.075047
2017/08/02,2.075047
2017/08/03,2.075047
2017/08/04,2.075047
2017/08/05,2.075047
2017/08/06,2.075047
2017/08/07,2.075047
2017/08/08,2.075047
2017/08/09,2.075047
2017/08/10,2.075047
2017/08/11,2.075047
2017/08/12,2.075047
2017/08/13,2.075047
2017/08/14,2.075047
2017/08/15,2.075047
2017/08/16,2.075047
2017/08/17,2.075047
2017/08/18,2.075047
2017/08/19,2.075047
2017/08/20,2.075047
2017/08/21,2.075047
2017/08/22,2.075047
2017/08/23,2.075047
2017/08/24,2.075047
2017/08/25,2.075047
2017/08/26,2.075047
2017/08/27,2.075047
2017/08/28,2.075047
2017/08/29,2.075047
2017/08/30,2.075047
2017/08/31,2.075047
2017/09/01,2.091354
2017/09/02,2.091354
2017/09/03,2.091354
2017/09/04,2.091354
2017/09/05,2.091354
2017/09/06,2.091354
2017/09/07,2.091354
2017/09/08,2.091354
2017/09/09,2.091354
2017/09/10,2.091354
2017/09/11,2.091354
2017/09/12,2.091354
2017/09/13,2.091354
2017/09/14,2.091354
2017/09/15,2.091354
2017/09/16,2.091354
2017/09/17,2.091354
2017/09/18,2.091354
2017/09/19,2.091354
2017/09/20,2.091354
2017/09/21,2.091354
2017/09/22,2.091354
2017/09/23,2.091354
2017/09/24,2.091354
2017/09/25,2.091354
2017/09/26,2.091354
2017/09/27,2.091354
2017/09/28,2.091354
2017/09/29,2.091354
2017/09/30,2.091354
2017/10/01,2.177581
2017/10/02,2.177581
2017/10/03,2.177581
2017/10/04,2.177581
2017/10/05,2.177581
2017/10/06,2.177581
2017/10/07,2.177581
2017/10/08,2.177581
2017/10/09,2.177581
2017/10/10,2.177581
2017/10/11,2.177581
2017/10/12,2.177581
2017/10/13,2.177581
2017/10/14,2.177581
2017/10/15,2.177581
2017/10/16,2.177581
2017/10/17,2.177581
2017/10/18,2.177581
2017/10/19,2.177581
2017/10/20,2.177581
2017/10/21,2.177581
2017/10/22,2.177581
2017/10/23,2.177581
2017/10/24,2.177581
2017/10/25,2.177581
2017/10/26,2.177581
2017/10/27,2.177581
2017/10/28,2.177581
2017/10/29,2.177581
2017/10/30,2.177581
2017/10/31,2.177581
2017/11/01,2.099803
2017/11/02,2.099803
2017/11/03,2.099803
2017/11/04,2.099803
2017/11/05,2.099803
2017/11/06,2.099803
2017/11/07,2.099803
2017/11/08,2.099803
2017/11/09,2.099803
2017/11/10,2.099803
2017/11/11,2.099803
2017/11/12,2.099803
2017/11/13,2.099803
2017/11/14,2.099803
2017/11/15,2.099803
2017/11/16,2.099803
2017/11/17,2.099803
2017/11/18,2.099803
2017/11/19,2.099803
2017/11/20,2.099803
2017/11/21,2.099803
2017/11/22,2.099803
2017/11/23,2.099803
2017/11/24,2.099803
2017/11/25,2.099803
2017/11/26,2.099803
2017/11/27,2.099803
2017/11/28,2.099803
2017/11/29,2.099803
2017/11/30,2.099803
2017/12/01,2.117186
2017/12/02,2.117186
2017/12/03,2.117186
2017/12/04,2.117186
2017/12/05,2.117186
2017/12/06,2.117186
2017/12/07,2.117186
2017/12/08,2.117186
2017/12/09,2.117186
2017/12/10,2.117186
2017/12/11,2.117186
2017/12/12,2.117186
2017/12/13,2.117186
2017/12/14,2.117186
2017/12/15,2.117186
2017/12/16,2.117186
2017/12/17,2.117186
2017/12/18,2.117186
2017/12/19,2.117186
2017/12/20,2.117186
2017/12/21,2.117186
2017/12/22,2.117186
2017/12/23,2.117186
2017/12/24,2.117186
2017/12/25,2.117186
2017/12/26,2.117186
2017/12/27,2.117186
2017/12/28,2.117186
2017/12/29,2.117186
2017/12/30,2.117186
2017/12/31,2.117186
2018/01/01,2.157823
2018/01/02,2.157823
2018/01/03,2.157823
2018/01/04,2.157823
2018/01/05,2.157823
2018/01/06,2.157823
2018/01/07,2.157823
2018/01/08,2.157823
2018/01/09,2.157823
2018/01/10,2.157823
2018/01/11,2.157823
2018/01/12,2.157823
2018/01/13,2.157823
2018/01/14,2.157823
2018/01/15,2.157823
2018/01/16,2.157823
2018/01/17,2.157823
2018/01/18,2.157823
2018/01/19,2.157823
2018/01/20,2.157823
2018/01/21,2.157823
2018/01/22,2.157823
2018/01/23,2.157823
2018/01/24,2.157823
2018/01/25,2.157823
2018/01/26,2.157823
2018/01/27,2.157823
2018/01/28,2.157823
2018/01/29,2.157823
2018/01/30,2.157823
2018/01/31,2.157823
2018/02/01,2.123101
2018/02/02,2.123101
2018/02/03,2.123101
2018/02/04,2.123101
2018/02/05,2.123101
2018/02/06,2.123101
2018/02/07,2.123101
2018/02/08,2.123101
2018/02/09,2.123101
2018/02/10,2.123101
2018/02/11,2.123101
2018/02/12,2.123101
2018/02/13,2.123101
2018/02/14,2.123101
2018/02/15,2.123101
2018/02/16,2.123101
2018/02/17,2.123101
2018/02/18,2.123101
2018/02/19,2.123101
2018/02/20,2.123101
2018/02/21,2.123101
2018/02/22,2.123101
2018/02/23,2.123101
2018/02/24,2.123101
2018/02/25,2.123101
2018/02/26,2.123101
2018/02/27,2.123101
2018/02/28,2.123101
2018/03/01,2.366926
2018/03/02,2.366926
2018/03/03,2.366926
2018/03/04,2.366926
2018/03/05,2.366926
2018/03/06,2.366926
2018/03/07,2.366926
2018/03/08,2.366926
2018/03/09,2.366926
2018/03/10,2.366926
2018/03/11,2.366926
2018/03/12,2.366926
2018/03/13,2.366926
2018/03/14,2.366926
2018/03/15,2.366926
2018/03/16,2.366926
2018/03/17,2.366926
2018/03/18,2.366926
2018/03/19,2.366926
2018/03/20,2.366926
2018/03/21,2.366926
2018/03/22,2.366926
2018/03/23,2.366926
2018/03/24,2.366926
2018/03/25,2.366926
2018/03/26,2.366926
2018/03/27,2.366926
2018/03/28,2.366926
2018/03/29,2.366926
2018/03/30,2.366926
2018/03/31,2.366926
2018/04/01,2.491592
2018/04/02,2.491592
2018/04/03,2.491592
2018/04/04,2.491592
2018/04/05,2.491592
2018/04/06,2.491592
2018/04/07,2.491592
2018/04/08,2.491592
2018/04/09,2.491592
2018/04/10,2.491592
2018/04/11,2.491592
2018/04/12,2.491592
2018/04/13,2.491592
2018/04/14,2.491592
2018/04/15,2.491592
2018/04/16,2.491592
2018/04/17,2.491592
2018/04/18,2.491592
2018/04/19,2.491592
2018/04/20,2.491592
2018/04/21,2.491592
2018/04/22,2.491592
2018/04/23,2.491592
2018/04/24,2.491592
2018/04/25,2.491592
2018/04/26,2.491592
2018/04/27,2.491592
2018/04/28,2.491592
2018/04/29,2.491592
2018/04/30,2.491592
2018/05/01,2.543212
2018/05/02,2.543212
2018/05/03,2.543212
2018/05/04,2.543212
2018/05/05,2.543212
2018/05/06,2.543212
2018/05/07,2.543212
2018/05/08,2.543212
2018/05/09,2.543212
2018/05/10,2.543212
2018/05/11,2.543212
2018/05/12,2.543212
2018/05/13,2.543212
2018/05/14,2.543212
2018/05/15,2.543212
2018/05/16,2.543212
2018/05/17,2.543212
2018/05/18,2.543212
2018/05/19,2.543212
2018/05/20,2.543212
2018/05/21,2.543212
2018/05/22,2.543212
2018/05/23,2.543212
2018/05/24,2.543212
2018/05/25,2.543212
2018/05/26,2.543212
2018/05/27,2.543212
2018/05/28,2.543212
2018/05/29,2.543212
2018/05/30,2.543212
2018/05/31,2.543212
2018/06/01,2.551897
2018/06/02,2.551897
2018/06/03,2.551897
2018/06/04,2.551897
2018/06/05,2.551897
2018/06/06,2.551897
2018/06/07,2.551897
2018/06/08,2.551897
2018/06/09,2.551897
2018/06/10,2.551897
2018/06/11,2.551897
2018/06/12,2.551897
2018/06/13,2.551897
2018/06/14,2.551897
2018/06/15,2.551897
2018/06/16,2.551897
2018/06/17,2.551897
2018/06/18,2.551897
2018/06/19,2.551897
2018/06/20,2.551897
2018/06/21,2.551897
2018/06/22,2.551897
2018/06/23,2.551897
2018/06/24,2.551897
2018/06/25,2.551897
2018/06/26,2.551897
2018/06/27,2.551897
2018/06/28,2.551897
2018/06/29,2.551897
2018/06/30,2.551897
2018/07/01,2.518753
2018/07/02,2.518753
2018/07/03,2.518753
2018/07/04,2.518753
2018/07/05,2.518753
2018/07/06,2.518753
2018/07/07,2.518753
2018/07/08,2.518753
2018/07/09,2.518753
2018/07/10,2.518753
2018/07/11,2.518753
2018/07/12,2.518753
2018/07/13,2.518753
2018/07/14,2.518753
2018/07/15,2.518753
2018/07/16,2.518753
2018/07/17,2.518753
2018/07/18,2.518753
2018/07/19,2.518753
2018/07/20,2.518753
2018/07/21,2.518753
2018/07/22,2.518753
2018/07/23,2.518753
2018/07/24,2.518753
2018/07/25,2.518753
2018/07/26,2.518753
2018/07/27,2.518753
2018/07/28,2.518753
2018/07/29,2.518753
2018/07/30,2.518753
2018/07/31,2.518753
2018/08/01,2.432443
2018/08/02,2.432443
2018/08/03,2.432443
2018/08/04,2.432443
2018/08/05,2.432443
2018/08/06,2.432443
2018/08/07,2.432443
2018/08/08,2.432443
2018/08/09,2.432443
2018/08/10,2.432443
2018/08/11,2.432443
2018/08/12,2.432443
2018/08/13,2.432443
2018/08/14,2.432443
2018/08/15,2.432443
2018/08/16,2.432443
2018/08/17,2.432443
2018/08/18,2.432443
2018/08/19,2.432443
2018/08/20,2.432443
2018/08/21,2.432443
2018/08/22,2.432443
2018/08/23,2.432443
2018/08/24,2.432443
2018/08/25,2.432443
2018/08/26,2.432443
2018/08/27,2.432443
2018/08/28,2.432443
2018/08/29,2.432443
2018/08/30,2.432443
2018/08/31,2.432443
2018/09/01,2.462881
2018/09/02,2.462881
2018/09/03,2.462881
2018/09/04,2.462881
2018/09/05,2.462881
2018/09/06,2.462881
2018/09/07,2.462881
2018/09/08,2.462881
2018/09/09,2.462881
2018/09/10,2.462881
2018/09/11,2.462881
2018/09/12,2.462881
2018/09/13,2.462881
2018/09/14,2.462881
2018/09/15,2.462881
2018/09/16,2.462881
2018/09/17,2.462881
2018/09/18,2.462881
2018/09/19,2.462881
2018/09/20,2.462881
2018/09/21,2.462881
2018/09/22,2.462881
2018/09/23,2.462881
2018/09/24,2.462881
2018/09/25,2.462881
2018/09/26,2.462881
2018/09/27,2.462881
2018/09/28,2.462881
2018/09/29,2.462881
2018/09/30,2.462881
2018/10/01,2.415236
2018/10/02,2.415236
2018/10/03,2.415236
2018/10/04,2.415236
2018/10/05,2.415236
2018/10/06,2.415236
2018/10/07,2.415236
2018/10/08,2.415236
2018/10/09,2.415236
2018/10/10,2.415236
2018/10/11,2.415236
2018/10/12,2.415236
2018/10/13,2.415236
2018/10/14,2.415236
2018/10/15,2.415236
2018/10/16,2.415236
2018/10/17,2.415236
2018/10/18,2.415236
2018/10/19,2.415236
2018/10/20,2.415236
2018/10/21,2.415236
2018/10/22,2.415236
2018/10/23,2.415236
2018/10/24,2.415236
2018/10/25,2.415236
2018/10/26,2.415236
2018/10/27,2.415236
2018/10/28,2.415236
2018/10/29,2.415236
2018/10/30,2.415236
2018/10/31,2.415236
2018/11/01,2.476418
2018/11/02,2.476418
2018/11/03,2.476418
2018/11/04,2.476418
2018/11/05,2.476418
2018/11/06,2.476418
2018/11/07,2.476418
2018/11/08,2.476418
2018/11/09,2.476418
2018/11/10,2.476418
2018/11/11,2.476418
2018/11/12,2.476418
2018/11/13,2.476418
2018/11/14,2.476418
2018/11/15,2.476418
2018/11/16,2.476418
2018/11/17,2.476418
2018/11/18,2.476418
2018/11/19,2.476418
2018/11/20,2.476418
2018/11/21,2.476418
2018/11/22,2.476418
2018/11/23,2.476418
2018/11/24,2.476418
2018/11/25,2.476418
2018/11/26,2.476418
2018/11/27,2.476418
2018/11/28,2.476418
2018/11/29,2.476418
2018/11/30,2.476418
2018/12/01,2.456173
2018/12/02,2.456173
2018/12/03,2.456173
2018/12/04,2.456173
2018/12/05,2.456173
2018/12/06,2.456173
2018/12/07,2.456173
2018/12/08,2.456173
2018/12/09,2.456173
2018/12/10,2.456173
2018/12/11,2.456173
2018/12/12,2.456173
2018/12/13,2.456173
2018/12/14,2.456173
2018/12/15,2.456173
2018/12/16,2.456173
2018/12/17,2.456173
2018/12/18,2.456173
2018/12/19,2.456173
2018/12/20,2.456173
2018/12/21,2.456173
2018/12/22,2.456173
2018/12/23,2.456173
2018/12/24,2.456173
2018/12/25,2.456173
2018/12/26,2.456173
2018/12/27,2.456173
2018/12/28,2.456173
2018/12/29,2.456173
2018/12/30,2.456173
2018/12/31,2.456173
2019/01/01,2.375054
2019/01/02,2.375054
2019/01/03,2.375054
2019/01/04,2.375054
2019/01/05,2.375054
2019/01/06,2.375054
2019/01/07,2.375054
2019/01/08,2.375054
2019/01/09,2.375054
2019/01/10,2.375054
2019/01/11,2.375054
2019/01/12,2.375054
2019/01/13,2.375054
2019/01/14,2.375054
2019/01/15,2.375054
2019/01/16,2.375054
2019/01/17,2.375054
2019/01/18,2.375054
2019/01/19,2.375054
2019/01/20,2.375054
2019/01/21,2.375054
2019/01/22,2.375054
2019/01/23,2.375054
2019/01/24,2.375054
2019/01/25,2.375054
2019/01/26,2.375054
2019/01/27,2.375054
2019/01/28,2.375054
2019/01/29,2.375054
2019/01/30,2.375054
2019/01/31,2.375054
2019/02/01,2.375943
2019/02/02,2.375943
2019/02/03,2.375943
2019/02/04,2.375943
2019/02/05,2.375943
2019/02/06,2.375943
2019/02/07,2.375943
2019/02/08,2.375943
2019/02/09,2.375943
2019/02/10,2.375943
2019/02/11,2.375943
2019/02/12,2.375943
2019/02/13,2.375943
2019/02/14,2.375943
2019/02/15,2.375943
2019/02/16,2.375943
2019/02/17,2.375943
2019/02/18,2.375943
2019/02/19,2.375943
2019/02/20,2.375943
2019/02/21,2.375943
2019/02/22,2.375943
2019/02/23,2.375943
2019/02/24,2.375943
2019/02/25,2.375943
2019/02/26,2.375943
2019/02/27,2.375943
2019/02/28,2.375943
2019/03/01,2.356946
2019/03/02,2.356946
2019/03/03,2.356946
2019/03/04,2.356946
2019/03/05,2.356946
2019/03/06,2.356946
2019/03/07,2.356946
2019/03/08,2.356946
2019/03/09,2.356946
2019/03/10,2.356946
2019/03/11,2.356946
2019/03/12,2.356946
2019/03/13,2.356946
2019/03/14,2.356946
2019/03/15,2.356946
2019/03/16,2.356946
2019/03/17,2.356946
2019/03/18,2.356946
2019/03/19,2.356946
2019/03/20,2.356946
2019/03/21,2.356946
2019/03/22,2.356946
2019/03/23,2.356946
2019/03/24,2.356946
2019/03/25,2.356946
2019/03/26,2.356946
2019/03/27,2.356946
2019/03/28,2.356946
2019/03/29,2.356946
2019/03/30,2.356946
2019/03/31,2.356946
2019/04/01,2.392773
2019/04/02,2.392773
2019/04/03,2.392773
2019/04/04,2.392773
2019/04/05,2.392773
2019/04/06,2.392773
2019/04/07,2.392773
2019/04/08,2.392773
2019/04/09,2.392773
2019/04/10,2.392773
2019/04/11,2.392773
2019/04/12,2.392773
2019/04/13,2.392773
2019/04/14,2.392773
2019/04/15,2.392773
2019/04/16,2.392773
2019/04/17,2.392773
2019/04/18,2.392773
2019/04/19,2.392773
2019/04/20,2.392773
2019/04/21,2.392773
2019/04/22,2.392773
2019/04/23,2.392773
2019/04/24,2.392773
2019/04/25,2.392773
2019/04/26,2.392773
2019/04/27,2.392773
2019/04/28,2.392773
2019/04/29,2.392773
2019/04/30,2.392773
2019/05/01,2.360903
2019/05/02,2.360903
2019/05/03,2.360903
2019/05/04,2.360903
2019/05/05,2.360903
2019/05/06,2.360903
2019/05/07,2.360903
2019/05/08,2.360903
2019/05/09,2.360903
2019/05/10,2.360903
2019/05/11,2.360903
2019/05/12,2.360903
2019/05/13,2.360903
2019/05/14,2.360903
2019/05/15,2.360903
2019/05/16,2.360903
2019/05/17,2.360903
2019/05/18,2.360903
2019/05/19,2.360903
2019/05/20,2.360903
2019/05/21,2.360903
2019/05/22,2.360903
2019/05/23,2.360903
2019/05/24,2.360903
2019/05/25,2.360903
2019/05/26,2.360903
2019/05/27,2.360903
2019/05/28,2.360903
2019/05/29,2.360903
2019/05/30,2.360903
2019/05/31,2.360903
2019/06/01,2.392597
2019/06/02,2.392597
2019/06/03,2.392597
2019/06/04,2.392597
2019/06/05,2.392597
2019/06/06,2.392597
2019/06/07,2.392597
2019/06/08,2.392597
2019/06/09,2.392597
2019/06/10,2.392597
2019/06/11,2.392597
2019/06/12,2.392597
2019/06/13,2.392597
2019/06/14,2.392597
2019/06/15,2.392597
2019/06/16,2.392597
2019/06/17,2.392597
2019/06/18,2.392597
2019/06/19,2.392597
2019/06/20,2.392597
2019/06/21,2.392597
2019/06/22,2.392597
2019/06/23,2.392597
2019/06/24,2.392597
2019/06/25,2.392597
2019/06/26,2.392597
2019/06/27,2.392597
2019/06/28,2.392597
2019/06/29,2.392597
2019/06/30,2.392597
2019/07/01,2.475923
2019/07/02,2.475923
2019/07/03,2.475923
2019/07/04,2.475923
2019/07/05,2.475923
2019/07/06,2.475923
2019/07/07,2.475923
2019/07/08,2.475923
2019/07/09,2.475923
2019/07/10,2.475923
2019/07/11,2.475923
2019/07/12,2.475923
2019/07/13,2.475923
2019/07/14,2.475923
2019/07/15,2.475923
2019/07/16,2.475923
2019/07/17,2.475923
2019/07/18,2.475923
2019/07/19,2.475923
2019/07/20,2.475923
2019/07/21,2.475923
2019/07/22,2.475923
2019/07/23,2.475923
2019/07/24,2.475923
2019/07/25,2.475923
2019/07/26,2.475923
2019/07/27,2.475923
2019/07/28,2.475923
2019/07/29,2.475923
2019/07/30,2.475923
2019/07/31,2.475923
2019/08/01,2.630398
2019/08/02,2.630398
2019/08/03,2.630398
2019/08/04,2.630398
2019/08/05,2.630398
2019/08/06,2.630398
2019/08/07,2.630398
2019/08/08,2.630398
2019/08/09,2.630398
2019/08/10,2.630398
2019/08/11,2.630398
2019/08/12,2.630398
2019/08/13,2.630398
2019/08/14,2.630398
2019/08/15,2.630398
2019/08/16,2.630398
2019/08/17,2.630398
2019/08/18,2.630398
2019/08/19,2.630398
2019/08/20,2.630398
2019/08/21,2.630398
2019/08/22,2.630398
2019/08/23,2.630398
2019/08/24,2.630398
2019/08/25,2.630398
2019/08/26,2.630398
2019/08/27,2.630398
2019/08/28,2.630398
2019/08/29,2.630398
2019/08/30,2.630398
2019/08/31,2.630398
2019/09/01,2.622934
2019/09/02,2.622934
2019/09/03,2.622934
2019/09/04,2.622934
2019/09/05,2.622934
2019/09/06,2.622934
2019/09/07,2.622934
2019/09/08,2.622934
2019/09/09,2.622934
2019/09/10,2.622934
2019/09/11,2.622934
2019/09/12,2.622934
2019/09/13,2.622934
2019/09/14,2.622934
2019/09/15,2.622934
2019/09/16,2.622934
2019/09/17,2.622934
2019/09/18,2.622934
2019/09/19,2.622934
2019/09/20,2.622934
2019/09/21,2.622934
2019/09/22,2.622934
2019/09/23,2.622934
2019/09/24,2.622934
2019/09/25,2.622934
2019/09/26,2.622934
2019/09/27,2.622934
2019/09/28,2.622934
2019/09/29,2.622934
2019/09/30,2.622934
2019/10/01,2.747596
2019/10/02,2.747596
2019/10/03,2.747596
2019/10/04,2.747596
2019/10/05,2.747596
2019/10/06,2.747596
2019/10/07,2.747596
2019/10/08,2.747596
2019/10/09,2.747596
2019/10/10,2.747596
2019/10/11,2.747596
2019/10/12,2.747596
2019/10/13,2.747596
2019/10/14,2.747596
2019/10/15,2.747596
2019/10/16,2.747596
2019/10/17,2.747596
2019/10/18,2.747596
2019/10/19,2.747596
2019/10/20,2.747596
2019/10/21,2.747596
2019/10/22,2.747596
2019/10/23,2.747596
2019/10/24,2.747596
2019/10/25,2.747596
2019/10/26,2.747596
2019/10/27,2.747596
2019/10/28,2.747596
2019/10/29,2.747596
2019/10/30,2.747596
2019/10/31,2.747596
2019/11/01,2.772021
2019/11/02,2.772021
2019/11/03,2.772021
2019/11/04,2.772021
2019/11/05,2.772021
2019/11/06,2.772021
2019/11/07,2.772021
2019/11/08,2.772021
2019/11/09,2.772021
2019/11/10,2.772021
2019/11/11,2.772021
2019/11/12,2.772021
2019/11/13,2.772021
2019/11/14,2.772021
2019/11/15,2.772021
2019/11/16,2.772021
2019/11/17,2.772021
2019/11/18,2.772021
2019/11/19,2.772021
2019/11/20,2.772021
2019/11/21,2.772021
2019/11/22,2.772021
2019/11/23,2.772021
2019/11/24,2.772021
2019/11/25,2.772021
2019/11/26,2.772021
2019/11/27,2.772021
2019/11/28,2.772021
2019/11/29,2.772021
2019/11/30,2.772021
2019/12/01,2.752609
2019/12/02,2.752609
2019/12/03,2.752609
2019/12/04,2.752609
2019/12/05,2.752609
2019/12/06,2.752609
2019/12/07,2.752609
2019/12/08,2.752609
2019/12/09,2.752609
2019/12/10,2.752609
2019/12/11,2.752609
2019/12/12,2.752609
2019/12/13,2.752609
2019/12/14,2.752609
2019/12/15,2.752609
2019/12/16,2.752609
2019/12/17,2.752609
2019/12/18,2.752609
2019/12/19,2.752609
2019/12/20,2.752609
2019/12/21,2.752609
2019/12/22,2.752609
2019/12/23,2.752609
2019/12/24,2.752609
2019/12/25,2.752609
2019/12/26,2.752609
2019/12/27,2.752609
2019/12/28,2.752609
2019/12/29,2.752609
2019/12/30,2.752609
2019/12/31,2.752609
2020/01/01,2.800205
2020/01/02,2.800205
2020/01/03,2.800205
2020/01/04,2.800205
2020/01/05,2.800205
2020/01/06,2.800205
2020/01/07,2.800205
2020/01/08,2.800205
2020/01/09,2.800205
2020/01/10,2.800205
2020/01/11,2.800205
2020/01/12,2.800205
2020/01/13,2.800205
2020/01/14,2.800205
2020/01/15,2.800205
2020/01/16,2.800205
2020/01/17,2.800205
2020/01/18,2.800205
2020/01/19,2.800205
2020/01/20,2.800205
2020/01/21,2.800205
2020/01/22,2.800205
2020/01/23,2.800205
2020/01/24,2.800205
2020/01/25,2.800205
2020/01/26,2.800205
2020/01/27,2.800205
2020/01/28,2.800205
2020/01/29,2.800205
2020/01/30,2.800205
2020/01/31,2.800205
2020/02/01,2.792299
2020/02/02,2.792299
2020/02/03,2.792299
2020/02/04,2.792299
2020/02/05,2.792299
2020/02/06,2.792299
2020/02/07,2.792299
2020/02/08,2.792299
2020/02/09,2.792299
2020/02/10,2.792299
2020/02/11,2.792299
2020/02/12,2.792299
2020/02/13,2.792299
2020/02/14,2.792299
2020/02/15,2.792299
2020/02/16,2.792299
2020/02/17,2.792299
2020/02/18,2.792299
2020/02/19,2.792299
2020/02/20,2.792299
2020/02/21,2.792299
2020/02/22,2.792299
2020/02/23,2.792299
2020/02/24,2.792299
2020/02/25,2.792299
2020/02/26,2.792299
2020/02/27,2.792299
2020/02/28,2.792299
2020/02/29,2.792299
2020/03/01,2.592275
2020/03/02,2.592275
2020/03/03,2.592275
2020/03/04,2.592275
2020/03/05,2.592275
2020/03/06,2.592275
2020/03/07,2.592275
2020/03/08,2.592275
2020/03/09,2.592275
2020/03/10,2.592275
2020/03/11,2.592275
2020/03/12,2.592275
2020/03/13,2.592275
2020/03/14,2.592275
2020/03/15,2.592275
2020/03/16,2.592275
2020/03/17,2.592275
2020/03/18,2.592275
2020/03/19,2.592275
2020/03/20,2.592275
2020/03/21,2.592275
2020/03/22,2.592275
2020/03/23,2.592275
2020/03/24,2.592275
2020/03/25,2.592275
2020/03/26,2.592275
2020/03/27,2.592275
2020/03/28,2.592275
2020/03/29,2.592275
2020/03/30,2.592275
2020/03/31,2.592275
2020/04/01,2.160688
2020/04/02,2.160688
2020/04/03,2.160688
2020/04/04,2.160688
2020/04/05,2.160688
2020/04/06,2.160688
2020/04/07,2.160688
2020/04/08,2.160688
2020/04/09,2.160688
2020/04/10,2.160688
2020/04/11,2.160688
2020/04/12,2.160688
2020/04/13,2.160688
2020/04/14,2.160688
2020/04/15,2.160688
2020/04/16,2.160688
2020/04/17,2.160688
2020/04/18,2.160688
2020/04/19,2.160688
2020/04/20,2.160688
2020/04/21,2.160688
2020/04/22,2.160688
2020/04/23,2.160688
2020/04/24,2.160688
2020/04/25,2.160688
2020/04/26,2.160688
2020/04/27,2.160688
2020/04/28,2.160688
2020/04/29,2.160688
2020/04/30,2.160688
2020/05/01,2.000025
2020/05/02,2.000025
2020/05/03,2.000025
2020/05/04,2.000025
2020/05/05,2.000025
2020/05/06,2.000025
2020/05/07,2.000025
2020/05/08,2.000025
2020/05/09,2.000025
2020/05/10,2.000025
2020/05/11,2.000025
2020/05/12,2.000025
2020/05/13,2.000025
2020/05/14,2.000025
2020/05/15,2.000025
2020/05/16,2.000025
2020/05/17,2.000025
2020/05/18,2.000025
2020/05/19,2.000025
2020/05/20,2.000025
2020/05/21,2.000025
2020/05/22,2.000025
2020/05/23,2.000025
2020/05/24,2.000025
2020/05/25,2.000025
2020/05/26,2.000025
2020/05/27,2.000025
2020/05/28,2.000025
2020/05/29,2.000025
2020/05/30,2.000025
2020/05/31,2.000025
2020/06/01,1.998261
2020/06/02,1.998261
2020/06/03,1.998261
2020/06/04,1.998261
2020/06/05,1.998261
2020/06/06,1.998261
2020/06/07,1.998261
2020/06/08,1.998261
2020/06/09,1.998261
2020/06/10,1.998261
2020/06/11,1.998261
2020/06/12,1.998261
2020/06/13,1.998261
2020/06/14,1.998261
2020/06/15,1.998261
2020/06/16,1.998261
2020/06/17,1.998261
2020/06/18,1.998261
2020/06/19,1.998261
2020/06/20,1.998261
2020/06/21,1.998261
2020/06/22,1.998261
2020/06/23,1.998261
2020/06/24,1.998261
2020/06/25,1.998261
2020/06/26,1.998261
2020/06/27,1.998261
2020/06/28,1.998261
2020/06/29,1.998261
2020/06/30,1.998261
2020/07/01,2.287039
2020/07/02,2.287039
2020/07/03,2.287039
2020/07/04,2.287039
2020/07/05,2.287039
2020/07/06,2.287039
2020/07/07,2.287039
2020/07/08,2.287039
2020/07/09,2.287039
2020/07/10,2.287039
2020/07/11,2.287039
2020/07/12,2.287039
2020/07/13,2.287039
2020/07/14,2.287039
2020/07/15,2.287039
2020/07/16,2.287039
2020/07/17,2.287039
2020/07/18,2.287039
2020/07/19,2.287039
2020/07/20,2.287039
2020/07/21,2.287039
2020/07/22,2.287039
2020/07/23,2.287039
2020/07/24,2.287039
2020/07/25,2.287039
2020/07/26,2.287039
2020/07/27,2.287039
2020/07/28,2.287039
2020/07/29,2.287039
2020/07/30,2.287039
2020/07/31,2.287039
2020/08/01,2.22202
2020/08/02,2.22202
2020/08/03,2.22202
2020/08/04,2.22202
2020/08/05,2.22202
2020/08/06,2.22202
2020/08/07,2.22202
2020/08/08,2.22202
2020/08/09,2.22202
2020/08/10,2.22202
2020/08/11,2.22202
2020/08/12,2.22202
2020/08/13,2.22202
2020/08/14,2.22202
2020/08/15,2.22202
2020/08/16,2.22202
2020/08/17,2.22202
2020/08/18,2.22202
2020/08/19,2.22202
2020/08/20,2.22202
2020/08/21,2.22202
2020/08/22,2.22202
2020/08/23,2.22202
2020/08/24,2.22202
2020/08/25,2.22202
2020/08/26,2.22202
2020/08/27,2.22202
2020/08/28,2.22202
2020/08/29,2.22202
2020/08/30,2.22202
2020/08/31,2.22202
2020/09/01,1.991587
2020/09/02,1.991587
2020/09/03,1.991587
2020/09/04,1.991587
2020/09/05,1.991587
2020/09/06,1.991587
2020/09/07,1.991587
2020/09/08,1.991587
2020/09/09,1.991587
2020/09/10,1.991587
2020/09/11,1.991587
2020/09/12,1.991587
2020/09/13,1.991587
2020/09/14,1.991587
2020/09/15,1.991587
2020/09/16,1.991587
2020/09/17,1.991587
2020/09/18,1.991587
2020/09/19,1.991587
2020/09/20,1.991587
2020/09/21,1.991587
2020/09/22,1.991587
2020/09/23,1.991587
2020/09/24,1.991587
2020/09/25,1.991587
2020/09/26,1.991587
2020/09/27,1.991587
2020/09/28,1.991587
2020/09/29,1.991587
2020/09/30,1.991587
2020/10/01,1.74961
2020/10/02,1.74961
2020/10/03,1.74961
2020/10/04,1.74961
2020/10/05,1.74961
2020/10/06,1.74961
2020/10/07,1.74961
2020/10/08,1.74961
2020/10/09,1.74961
2020/10/10,1.74961
2020/10/11,1.74961
2020/10/12,1.74961
2020/10/13,1.74961
2020/10/14,1.74961
2020/10/15,1.74961
2020/10/16,1.74961
2020/10/17,1.74961
2020/10/18,1.74961
2020/10/19,1.74961
2020/10/20,1.74961
2020/10/21,1.74961
2020/10/22,1.74961
2020/10/23,1.74961
2020/10/24,1.74961
2020/10/25,1.74961
2020/10/26,1.74961
2020/10/27,1.74961
2020/10/28,1.74961
2020/10/29,1.74961
2020/10/30,1.74961
2020/10/31,1.74961
2020/11/01,1.707378
2020/11/02,1.707378
2020/11/03,1.707378
2020/11/04,1.707378
2020/11/05,1.707378
2020/11/06,1.707378
2020/11/07,1.707378
2020/11/08,1.707378
2020/11/09,1.707378
2020/11/10,1.707378
2020/11/11,1.707378
2020/11/12,1.707378
2020/11/13,1.707378
2020/11/14,1.707378
2020/11/15,1.707378
2020/11/16,1.707378
2020/11/17,1.707378
2020/11/18,1.707378
2020/11/19,1.707378
2020/11/20,1.707378
2020/11/21,1.707378
2020/11/22,1.707378
2020/11/23,1.707378
2020/11/24,1.707378
2020/11/25,1.707378
2020/11/26,1.707378
2020/11/27,1.707378
2020/11/28,1.707378
2020/11/29,1.707378
2020/11/30,1.707378
2020/12/01,1.603908
2020/12/02,1.603908
2020/12/03,1.603908
2020/12/04,1.603908
2020/12/05,1.603908
2020/12/06,1.603908
2020/12/07,1.603908
2020/12/08,1.603908
2020/12/09,1.603908
2020/12/10,1.603908
2020/12/11,1.603908
2020/12/12,1.603908
2020/12/13,1.603908
2020/12/14,1.603908
2020/12/15,1.603908
2020/12/16,1.603908
2020/12/17,1.603908
2020/12/18,1.603908
2020/12/19,1.603908
2020/12/20,1.603908
2020/12/21,1.603908
2020/12/22,1.603908
2020/12/23,1.603908
2020/12/24,1.603908
2020/12/25,1.603908
2020/12/26,1.603908
2020/12/27,1.603908
2020/12/28,1.603908
2020/12/29,1.603908
2020/12/30,1.603908
2020/12/31,1.603908
2021/01/01,1.391588
2021/01/02,1.391588
2021/01/03,1.391588
2021/01/04,1.391588
2021/01/05,1.391588
2021/01/06,1.391588
2021/01/07,1.391588
2021/01/08,1.391588
2021/01/09,1.391588
2021/01/10,1.391588
2021/01/11,1.391588
2021/01/12,1.391588
2021/01/13,1.391588
2021/01/14,1.391588
2021/01/15,1.391588
2021/01/16,1.391588
2021/01/17,1.391588
2021/01/18,1.391588
2021/01/19,1.391588
2021/01/20,1.391588
2021/01/21,1.391588
2021/01/22,1.391588
2021/01/23,1.391588
2021/01/24,1.391588
2021/01/25,1.391588
2021/01/26,1.391588
2021/01/27,1.391588
2021/01/28,1.391588
2021/01/29,1.391588
2021/01/30,1.391588
2021/01/31,1.391588
2021/02/01,1.403014
2021/02/02,1.403014
2021/02/03,1.403014
2021/02/04,1.403014
2021/02/05,1.403014
2021/02/06,1.403014
2021/02/07,1.403014
2021/02/08,1.403014
2021/02/09,1.403014
2021/02/10,1.403014
2021/02/11,1.403014
2021/02/12,1.403014
2021/02/13,1.403014
2021/02/14,1.403014
2021/02/15,1.403014
2021/02/16,1.403014
2021/02/17,1.403014
2021/02/18,1.403014
2021/02/19,1.403014
2021/02/20,1.403014
2021/02/21,1.403014
2021/02/22,1.403014
2021/02/23,1.403014
2021/02/24,1.403014
2021/02/25,1.403014
2021/02/26,1.403014
2021/02/27,1.403014
2021/02/28,1.403014
2021/03/01,1.592602
2021/03/02,1.592602
2021/03/03,1.592602
2021/03/04,1.592602
2021/03/05,1.592602
2021/03/06,1.592602
2021/03/07,1.592602
2021/03/08,1.592602
2021/03/09,1.592602
2021/03/10,1.592602
2021/03/11,1.592602
2021/03/12,1.592602
2021/03/13,1.592602
2021/03/14,1.592602
2021/03/15,1.592602
2021/03/16,1.592602
2021/03/17,1.592602
2021/03/18,1.592602
2021/03/19,1.592602
2021/03/20,1.592602
2021/03/21,1.592602
2021/03/22,1.592602
2021/03/23,1.592602
2021/03/24,1.592602
2021/03/25,1.592602
2021/03/26,1.592602
2021/03/27,1.592602
2021/03/28,1.592602
2021/03/29,1.592602
2021/03/30,1.592602
2021/03/31,1.592602
2021/04/01,2.212664
2021/04/02,2.212664
2021/04/03,2.212664
2021/04/04,2.212664
2021/04/05,2.212664
2021/04/06,2.212664
2021/04/07,2.212664
2021/04/08,2.212664
2021/04/09,2.212664
2021/04/10,2.212664
2021/04/11,2.212664
2021/04/12,2.212664
2021/04/13,2.212664
2021/04/14,2.212664
2021/04/15,2.212664
2021/04/16,2.212664
2021/04/17,2.212664
2021/04/18,2.212664
2021/04/19,2.212664
2021/04/20,2.212664
2021/04/21,2.212664
2021/04/22,2.212664
2021/04/23,2.212664
2021/04/24,2.212664
2021/04/25,2.212664
2021/04/26,2.212664
2021/04/27,2.212664
2021/04/28,2.212664
2021/04/29,2.212664
2021/04/30,2.212664
2021/05/01,2.569395
2021/05/02,2.569395
2021/05/03,2.569395
2021/05/04,2.569395
2021/05/05,2.569395
2021/05/06,2.569395
2021/05/07,2.569395
2021/05/08,2.569395
2021/05/09,2.569395
2021/05/10,2.569395
2021/05/11,2.569395
2021/05/12,2.569395
2021/05/13,2.569395
2021/05/14,2.569395
2021/05/15,2.569395
2021/05/16,2.569395
2021/05/17,2.569395
2021/05/18,2.569395
2021/05/19,2.569395
2021/05/20,2.569395
2021/05/21,2.569395
2021/05/22,2.569395
2021/05/23,2.569395
2021/05/24,2.569395
2021/05/25,2.569395
2021/05/26,2.569395
2021/05/27,2.569395
2021/05/28,2.569395
2021/05/29,2.569395
2021/05/30,2.569395
2021/05/31,2.569395
2021/06/01,2.564809
2021/06/02,2.564809
2021/06/03,2.564809
2021/06/04,2.564809
2021/06/05,2.564809
2021/06/06,2.564809
2021/06/07,2.564809
2021/06/08,2.564809
2021/06/09,2.564809
2021/06/10,2.564809
2021/06/11,2.564809
2021/06/12,2.564809
2021/06/13,2.564809
2021/06/14,2.564809
2021/06/15,2.564809
2021/06/16,2.564809
2021/06/17,2.564809
2021/06/18,2.564809
2021/06/19,2.564809
2021/06/20,2.564809
2021/06/21,2.564809
2021/06/22,2.564809
2021/06/23,2.564809
2021/06/24,2.564809
2021/06/25,2.564809
2021/06/26,2.564809
2021/06/27,2.564809
2021/06/28,2.564809
2021/06/29,2.564809
2021/06/30,2.564809
2021/07/01,2.330438
2021/07/02,2.330438
2021/07/03,2.330438
2021/07/04,2.330438
2021/07/05,2.330438
2021/07/06,2.330438
2021/07/07,2.330438
2021/07/08,2.330438
2021/07/09,2.330438
2021/07/10,2.330438
2021/07/11,2.330438
2021/07/12,2.330438
2021/07/13,2.330438
2021/07/14,2.330438
2021/07/15,2.330438
2021/07/16,2.330438
2021/07/17,2.330438
2021/07/18,2.330438
2021/07/19,2.330438
2021/07/20,2.330438
2021/07/21,2.330438
2021/07/22,2.330438
2021/07/23,2.330438
2021/07/24,2.330438
2021/07/25,2.330438
2021/07/26,2.330438
2021/07/27,2.330438
2021/07/28,2.330438
2021/07/29,2.330438
2021/07/30,2.330438
2021/07/31,2.330438
2021/08/01,2.335721
2021/08/02,2.335721
2021/08/03,2.335721
2021/08/04,2.335721
2021/08/05,2.335721
2021/08/06,2.335721
2021/08/07,2.335721
2021/08/08,2.335721
2021/08/09,2.335721
2021/08/10,2.335721
2021/08/11,2.335721
2021/08/12,2.335721
2021/08/13,2.335721
2021/08/14,2.335721
2021/08/15,2.335721
2021/08/16,2.335721
2021/08/17,2.335721
2021/08/18,2.335721
2021/08/19,2.335721
2021/08/20,2.335721
2021/08/21,2.335721
2021/08/22,2.335721
2021/08/23,2.335721
2021/08/24,2.335721
2021/08/25,2.335721
2021/08/26,2.335721
2021/08/27,2.335721
2021/08/28,2.335721
2021/08/29,2.335721
2021/08/30,2.335721
2021/08/31,2.335721
2021/09/01,2.607496
2021/09/02,2.607496
2021/09/03,2.607496
2021/09/04,2.607496
2021/09/05,2.607496
2021/09/06,2.607496
2021/09/07,2.607496
2021/09/08,2.607496
2021/09/09,2.607496
2021/09/10,2.607496
2021/09/11,2.607496
2021/09/12,2.607496
2021/09/13,2.607496
2021/09/14,2.607496
2021/09/15,2.607496
2021/09/16,2.607496
2021/09/17,2.607496
2021/09/18,2.607496
2021/09/19,2.607496
2021/09/20,2.607496
2021/09/21,2.607496
2021/09/22,2.607496
2021/09/23,2.607496
2021/09/24,2.607496
2021/09/25,2.607496
2021/09/26,2.607496
2021/09/27,2.607496
2021/09/28,2.607496
2021/09/29,2.607496
2021/09/30,2.607496
2021/10/01,3.009235
2021/10/02,3.009235
2021/10/03,3.009235
2021/10/04,3.009235
2021/10/05,3.009235
2021/10/06,3.009235
2021/10/07,3.009235
2021/10/08,3.009235
2021/10/09,3.009235
2021/10/10,3.009235
2021/10/11,3.009235
2021/10/12,3.009235
2021/10/13,3.009235
2021/10/14,3.009235
2021/10/15,3.009235
2021/10/16,3.009235
2021/10/17,3.009235
2021/10/18,3.009235
2021/10/19,3.009235
2021/10/20,3.009235
2021/10/21,3.009235
2021/10/22,3.009235
2021/10/23,3.009235
2021/10/24,3.009235
2021/10/25,3.009235
2021/10/26,3.009235
2021/10/27,3.009235
2021/10/28,3.009235
2021/10/29,3.009235
2021/10/30,3.009235
2021/10/31,3.009235
2021/11/01,3.189375
2021/11/02,3.189375
2021/11/03,3.189375
2021/11/04,3.189375
2021/11/05,3.189375
2021/11/06,3.189375
2021/11/07,3.189375
2021/11/08,3.189375
2021/11/09,3.189375
2021/11/10,3.189375
2021/11/11,3.189375
2021/11/12,3.189375
2021/11/13,3.189375
2021/11/14,3.189375
2021/11/15,3.189375
2021/11/16,3.189375
2021/11/17,3.189375
2021/11/18,3.189375
2021/11/19,3.189375
2021/11/20,3.189375
2021/11/21,3.189375
2021/11/22,3.189375
2021/11/23,3.189375
2021/11/24,3.189375
2021/11/25,3.189375
2021/11/26,3.189375
2021/11/27,3.189375
2021/11/28,3.189375
2021/11/29,3.189375
2021/11/30,3.189375
2021/12/01,3.458986
2021/12/02,3.458986
2021/12/03,3.458986
2021/12/04,3.458986
2021/12/05,3.458986
2021/12/06,3.458986
2021/12/07,3.458986
2021/12/08,3.458986
2021/12/09,3.458986
2021/12/10,3.458986
2021/12/11,3.458986
2021/12/12,3.458986
2021/12/13,3.458986
2021/12/14,3.458986
2021/12/15,3.458986
2021/12/16,3.458986
2021/12/17,3.458986
2021/12/18,3.458986
2021/12/19,3.458986
2021/12/20,3.458986
2021/12/21,3.458986
2021/12/22,3.458986
2021/12/23,3.458986
2021/12/24,3.458986
2021/12/25,3.458986
2021/12/26,3.458986
2021/12/27,3.458986
2021/12/28,3.458986
2021/12/29,3.458986
2021/12/30,3.458986
2021/12/31,3.458986
2022/01/01,3.966999
2022/01/02,3.966999
2022/01/03,3.966999
2022/01/04,3.966999
2022/01/05,3.966999
2022/01/06,3.966999
2022/01/07,3.966999
2022/01/08,3.966999
2022/01/09,3.966999
2022/01/10,3.966999
2022/01/11,3.966999
2022/01/12,3.966999
2022/01/13,3.966999
2022/01/14,3.966999
2022/01/15,3.966999
2022/01/16,3.966999
2022/01/17,3.966999
2022/01/18,3.966999
2022/01/19,3.966999
2022/01/20,3.966999
2022/01/21,3.966999
2022/01/22,3.966999
2022/01/23,3.966999
2022/01/24,3.966999
2022/01/25,3.966999
2022/01/26,3.966999
2022/01/27,3.966999
2022/01/28,3.966999
2022/01/29,3.966999
2022/01/30,3.966999
2022/01/31,3.966999
2022/02/01,4.2841
2022/02/02,4.2841
2022/02/03,4.2841
2022/02/04,4.2841
2022/02/05,4.2841
2022/02/06,4.2841
2022/02/07,4.2841
2022/02/08,4.2841
2022/02/09,4.2841
2022/02/10,4.2841
2022/02/11,4.2841
2022/02/12,4.2841
2022/02/13,4.2841
2022/02/14,4.2841
2022/02/15,4.2841
2022/02/16,4.2841
2022/02/17,4.2841
2022/02/18,4.2841
2022/02/19,4.2841
2022/02/20,4.2841
2022/02/21,4.2841
2022/02/22,4.2841
2022/02/23,4.2841
2022/02/24,4.2841
2022/02/25,4.2841
2022/02/26,4.2841
2022/02/27,4.2841
2022/02/28,4.2841
2022/03/01,4.538679
2022/03/02,4.538679
2022/03/03,4.538679
2022/03/04,4.538679
2022/03/05,4.538679
2022/03/06,4.538679
2022/03/07,4.538679
2022/03/08,4.538679
2022/03/09,4.538679
2022/03/10,4.538679
2022/03/11,4.538679
2022/03/12,4.538679
2022/03/13,4.538679
2022/03/14,4.538679
2022/03/15,4.538679
2022/03/16,4.538679
2022/03/17,4.538679
2022/03/18,4.538679
2022/03/19,4.538679
2022/03/20,4.538679
2022/03/21,4.538679
2022/03/22,4.538679
2022/03/23,4.538679
2022/03/24,4.538679
2022/03/25,4.538679
2022/03/26,4.538679
2022/03/27,4.538679
2022/03/28,4.538679
2022/03/29,4.538679
2022/03/30,4.538679
2022/03/31,4.538679
2022/04/01,4.70841
2022/04/02,4.70841
2022/04/03,4.70841
2022/04/04,4.70841
2022/04/05,4.70841
2022/04/06,4.70841
2022/04/07,4.70841
2022/04/08,4.70841
2022/04/09,4.70841
2022/04/10,4.70841
2022/04/11,4.70841
2022/04/12,4.70841
2022/04/13,4.70841
2022/04/14,4.70841
2022/04/15,4.70841
2022/04/16,4.70841
2022/04/17,4.70841
2022/04/18,4.70841
2022/04/19,4.70841
2022/04/20,4.70841
2022/04/21,4.70841
2022/04/22,4.70841
2022/04/23,4.70841
2022/04/24,4.70841
2022/04/25,4.70841
2022/04/26,4.70841
2022/04/27,4.70841
2022/04/28,4.70841
2022/04/29,4.70841
2022/04/30,4.70841
2022/05/01,4.956489
2022/05/02,4.956489
2022/05/03,4.956489
2022/05/04,4.956489
2022/05/05,4.956489
2022/05/06,4.956489
2022/05/07,4.956489
2022/05/08,4.956489
2022/05/09,4.956489
2022/05/10,4.956489
2022/05/11,4.956489
2022/05/12,4.956489
2022/05/13,4.956489
2022/05/14,4.956489
2022/05/15,4.956489
2022/05/16,4.956489
2022/05/17,4.956489
2022/05/18,4.956489
2022/05/19,4.956489
2022/05/20,4.956489
2022/05/21,4.956489
2022/05/22,4.956489
2022/05/23,4.956489
2022/05/24,4.956489
2022/05/25,4.956489
2022/05/26,4.956489
2022/05/27,4.956489
2022/05/28,4.956489
2022/05/29,4.956489
2022/05/30,4.956489
2022/05/31,4.956489
2022/06/01,5.40253
2022/06/02,5.40253
2022/06/03,5.40253
2022/06/04,5.40253
2022/06/05,5.40253
2022/06/06,5.40253
2022/06/07,5.40253
2022/06/08,5.40253
2022/06/09,5.40253
2022/06/10,5.40253
2022/06/11,5.40253
2022/06/12,5.40253
2022/06/13,5.40253
2022/06/14,5.40253
2022/06/15,5.40253
2022/06/16,5.40253
2022/06/17,5.40253
2022/06/18,5.40253
2022/06/19,5.40253
2022/06/20,5.40253
2022/06/21,5.40253
2022/06/22,5.40253
2022/06/23,5.40253
2022/06/24,5.40253
2022/06/25,5.40253
2022/06/26,5.40253
2022/06/27,5.40253
2022/06/28,5.40253
2022/06/29,5.40253
2022/06/30,5.40253
2022/07/01,5.593246
2022/07/02,5.593246
2022/07/03,5.593246
2022/07/04,5.593246
2022/07/05,5.593246
2022/07/06,5.593246
2022/07/07,5.593246
2022/07/08,5.593246
2022/07/09,5.593246
2022/07/10,5.593246
2022/07/11,5.593246
2022/07/12,5.593246
2022/07/13,5.593246
2022/07/14,5.593246
2022/07/15,5.593246
2022/07/16,5.593246
2022/07/17,5.593246
2022/07/18,5.593246
2022/07/19,5.593246
2022/07/20,5.593246
2022/07/21,5.593246
2022/07/22,5.593246
2022/07/23,5.593246
2022/07/24,5.593246
2022/07/25,5.593246
2022/07/26,5.593246
2022/07/27,5.593246
2022/07/28,5.593246
2022/07/29,5.593246
2022/07/30,5.593246
2022/07/31,5.593246
2022/08/01,5.952632
2022/08/02,5.952632
2022/08/03,5.952632
2022/08/04,5.952632
2022/08/05,5.952632
2022/08/06,5.952632
2022/08/07,5.952632
2022/08/08,5.952632
2022/08/09,5.952632
2022/08/10,5.952632
2022/08/11,5.952632
2022/08/12,5.952632
2022/08/13,5.952632
2022/08/14,5.952632
2022/08/15,5.952632
2022/08/16,5.952632
2022/08/17,5.952632
2022/08/18,5.952632
2022/08/19,5.952632
2022/08/20,5.952632
2022/08/21,5.952632
2022/08/22,5.952632
2022/08/23,5.952632
2022/08/24,5.952632
2022/08/25,5.952632
2022/08/26,5.952632
2022/08/27,5.952632
2022/08/28,5.952632
2022/08/29,5.952632
2022/08/30,5.952632
2022/08/31,5.952632
2022/09/01,6.344649
2022/09/02,6.344649
2022/09/03,6.344649
2022/09/04,6.344649
2022/09/05,6.344649
2022/09/06,6.344649
2022/09/07,6.344649
2022/09/08,6.344649
2022/09/09,6.344649
2022/09/10,6.344649
2022/09/11,6.344649
2022/09/12,6.344649
2022/09/13,6.344649
2022/09/14,6.344649
2022/09/15,6.344649
2022/09/16,6.344649
2022/09/17,6.344649
2022/09/18,6.344649
2022/09/19,6.344649
2022/09/20,6.344649
2022/09/21,6.344649
2022/09/22,6.344649
2022/09/23,6.344649
2022/09/24,6.344649
2022/09/25,6.344649
2022/09/26,6.344649
2022/09/27,6.344649
2022/09/28,6.344649
2022/09/29,6.344649
2022/09/30,6.344649
2022/10/01,6.315609
2022/10/02,6.315609
2022/10/03,6.315609
2022/10/04,6.315609
2022/10/05,6.315609
2022/10/06,6.315609
2022/10/07,6.315609
2022/10/08,6.315609
2022/10/09,6.315609
2022/10/10,6.315609
2022/10/11,6.315609
2022/10/12,6.315609
2022/10/13,6.315609
2022/10/14,6.315609
2022/10/15,6.315609
2022/10/16,6.315609
2022/10/17,6.315609
2022/10/18,6.315609
2022/10/19,6.315609
2022/10/20,6.315609
2022/10/21,6.315609
2022/10/22,6.315609
2022/10/23,6.315609
2022/10/24,6.315609
2022/10/25,6.315609
2022/10/26,6.315609
2022/10/27,6.315609
2022/10/28,6.315609
2022/10/29,6.315609
2022/10/30,6.315609
2022/10/31,6.315609
2022/11/01,6.430319
2022/11/02,6.430319
2022/11/03,6.430319
2022/11/04,6.430319
2022/11/05,6.430319
2022/11/06,6.430319
2022/11/07,6.430319
2022/11/08,6.430319
2022/11/09,6.430319
2022/11/10,6.430319
2022/11/11,6.430319
2022/11/12,6.430319
2022/11/13,6.430319
2022/11/14,6.430319
2022/11/15,6.430319
2022/11/16,6.430319
2022/11/17,6.430319
2022/11/18,6.430319
2022/11/19,6.430319
2022/11/20,6.430319
2022/11/21,6.430319
2022/11/22,6.430319
2022/11/23,6.430319
2022/11/24,6.430319
2022/11/25,6.430319
2022/11/26,6.430319
2022/11/27,6.430319
2022/11/28,6.430319
2022/11/29,6.430319
2022/11/30,6.430319
2022/12/01,6.545514
2022/12/02,6.545514
2022/12/03,6.545514
2022/12/04,6.545514
2022/12/05,6.545514
2022/12/06,6.545514
2022/12/07,6.545514
2022/12/08,6.545514
2022/12/09,6.545514
2022/12/10,6.545514
2022/12/11,6.545514
2022/12/12,6.545514
2022/12/13,6.545514
2022/12/14,6.545514
2022/12/15,6.545514
2022/12/16,6.545514
2022/12/17,6.545514
2022/12/18,6.545514
2022/12/19,6.545514
2022/12/20,6.545514
2022/12/21,6.545514
2022/12/22,6.545514
2022/12/23,6.545514
2022/12/24,6.545514
2022/12/25,6.545514
2022/12/26,6.545514
2022/12/27,6.545514
2022/12/28,6.545514
2022/12/29,6.545514
2022/12/30,6.545514
2022/12/31,6.545514
2023/01/01,6.488339
2023/01/02,6.488339
2023/01/03,6.488339
2023/01/04,6.488339
2023/01/05,6.488339
2023/01/06,6.488339
2023/01/07,6.488339
2023/01/08,6.488339
2023/01/09,6.488339
2023/01/10,6.488339
2023/01/11,6.488339
2023/01/12,6.488339
2023/01/13,6.488339
2023/01/14,6.488339
2023/01/15,6.488339
2023/01/16,6.488339
2023/01/17,6.488339
2023/01/18,6.488339
2023/01/19,6.488339
2023/01/20,6.488339
2023/01/21,6.488339
2023/01/22,6.488339
2023/01/23,6.488339
2023/01/24,6.488339
2023/01/25,6.488339
2023/01/26,6.488339
2023/01/27,6.488339
2023/01/28,6.488339
2023/01/29,6.488339
2023/01/30,6.488339
2023/01/31,6.488339
2023/02/01,6.526576
2023/02/02,6.526576
2023/02/03,6.526576
2023/02/04,6.526576
2023/02/05,6.526576
2023/02/06,6.526576
2023/02/07,6.526576
2023/02/08,6.526576
2023/02/09,6.526576
2023/02/10,6.526576
2023/02/11,6.526576
2023/02/12,6.526576
2023/02/13,6.526576
2023/02/14,6.526576
2023/02/15,6.526576
2023/02/16,6.526576
2023/02/17,6.526576
2023/02/18,6.526576
2023/02/19,6.526576
2023/02/20,6.526576
2023/02/21,6.526576
2023/02/22,6.526576
2023/02/23,6.526576
2023/02/24,6.526576
2023/02/25,6.526576
2023/02/26,6.526576
2023/02/27,6.526576
2023/02/28,6.526576
2023/03/01,6.390646
2023/03/02,6.390646
2023/03/03,6.390646
2023/03/04,6.390646
2023/03/05,6.390646
2023/03/06,6.390646
2023/03/07,6.390646
2023/03/08,6.390646
2023/03/09,6.390646
2023/03/10,6.390646
2023/03/11,6.390646
2023/03/12,6.390646
2023/03/13,6.390646
2023/03/14,6.390646
2023/03/15,6.390646
2023/03/16,6.390646
2023/03/17,6.390646
2023/03/18,6.390646
2023/03/19,6.390646
2023/03/20,6.390646
2023/03/21,6.390646
2023/03/22,6.390646
2023/03/23,6.390646
2023/03/24,6.390646
2023/03/25,6.390646
2023/03/26,6.390646
2023/03/27,6.390646
2023/03/28,6.390646
2023/03/29,6.390646
2023/03/30,6.390646
2023/03/31,6.390646
2023/04/01,6.267738
2023/04/02,6.267738
2023/04/03,6.267738
2023/04/04,6.267738
2023/04/05,6.267738
2023/04/06,6.267738
2023/04/07,6.267738
2023/04/08,6.267738
2023/04/09,6.267738
2023/04/10,6.267738
2023/04/11,6.267738
2023/04/12,6.267738
2023/04/13,6.267738
2023/04/14,6.267738
2023/04/15,6.267738
2023/04/16,6.267738
2023/04/17,6.267738
2023/04/18,6.267738
2023/04/19,6.267738
2023/04/20,6.267738
2023/04/21,6.267738
2023/04/22,6.267738
2023/04/23,6.267738
2023/04/24,6.267738
2023/04/25,6.267738
2023/04/26,6.267738
2023/04/27,6.267738
2023/04/28,6.267738
2023/04/29,6.267738
2023/04/30,6.267738
2023/05/01,5.978883
2023/05/02,5.978883
2023/05/03,5.978883
2023/05/04,5.978883
2023/05/05,5.978883
2023/05/06,5.978883
2023/05/07,5.978883
2023/05/08,5.978883
2023/05/09,5.978883
2023/05/10,5.978883
2023/05/11,5.978883
2023/05/12,5.978883
2023/05/13,5.978883
2023/05/14,5.978883
2023/05/15,5.978883
2023/05/16,5.978883
2023/05/17,5.978883
2023/05/18,5.978883
2023/05/19,5.978883
2023/05/20,5.978883
2023/05/21,5.978883
2023/05/22,5.978883
2023/05/23,5.978883
2023/05/24,5.978883
2023/05/25,5.978883
2023/05/26,5.978883
2023/05/27,5.978883
2023/05/28,5.978883
2023/05/29,5.978883
2023/05/30,5.978883
2023/05/31,5.978883
2023/06/01,5.588761
2023/06/02,5.588761
2023/06/03,5.588761
2023/06/04,5.588761
2023/06/05,5.588761
2023/06/06,5.588761
2023/06/07,5.588761
2023/06/08,5.588761
2023/06/09,5.588761
2023/06/10,5.588761
2023/06/11,5.588761
2023/06/12,5.588761
2023/06/13,5.588761
2023/06/14,5.588761
2023/06/15,5.588761
2023/06/16,5.588761
2023/06/17,5.588761
2023/06/18,5.588761
2023/06/19,5.588761
2023/06/20,5.588761
2023/06/21,5.588761
2023/06/22,5.588761
2023/06/23,5.588761
2023/06/24,5.588761
2023/06/25,5.588761
2023/06/26,5.588761
2023/06/27,5.588761
2023/06/28,5.588761
2023/06/29,5.588761
2023/06/30,5.588761
2023/07/01,5.402919
2023/07/02,5.402919
2023/07/03,5.402919
2023/07/04,5.402919
2023/07/05,5.402919
2023/07/06,5.402919
2023/07/07,5.402919
2023/07/08,5.402919
2023/07/09,5.402919
2023/07/10,5.402919
2023/07/11,5.402919
2023/07/12,5.402919
2023/07/13,5.402919
2023/07/14,5.402919
2023/07/15,5.402919
2023/07/16,5.402919
2023/07/17,5.402919
2023/07/18,5.402919
2023/07/19,5.402919
2023/07/20,5.402919
2023/07/21,5.402919
2023/07/22,5.402919
2023/07/23,5.402919
2023/07/24,5.402919
2023/07/25,5.402919
2023/07/26,5.402919
2023/07/27,5.402919
2023/07/28,5.402919
2023/07/29,5.402919
2023/07/30,5.402919
2023/07/31,5.402919
2023/08/01,5.169678
2023/08/02,5.169678
2023/08/03,5.169678
2023/08/04,5.169678
2023/08/05,5.169678
2023/08/06,5.169678
2023/08/07,5.169678
2023/08/08,5.169678
2023/08/09,5.169678
2023/08/10,5.169678
2023/08/11,5.169678
2023/08/12,5.169678
2023/08/13,5.169678
2023/08/14,5.169678
2023/08/15,5.169678
2023/08/16,5.169678
2023/08/17,5.169678
2023/08/18,5.169678
2023/08/19,5.169678
2023/08/20,5.169678
2023/08/21,5.169678
2023/08/22,5.169678
2023/08/23,5.169678
2023/08/24,5.169678
2023/08/25,5.169678
2023/08/26,5.169678
2023/08/27,5.169678
2023/08/28,5.169678
2023/08/29,5.169678
2023/08/30,5.169678
2023/08/31,5.169678
2023/09/01,4.955445
2023/09/02,4.955445
2023/09/03,4.955445
2023/09/04,4.955445
2023/09/05,4.955445
2023/09/06,4.955445
2023/09/07,4.955445
2023/09/08,4.955445
2023/09/09,4.955445
2023/09/10,4.955445
2023/09/11,4.955445
2023/09/12,4.955445
2023/09/13,4.955445
2023/09/14,4.955445
2023/09/15,4.955445
2023/09/16,4.955445
2023/09/17,4.955445
2023/09/18,4.955445
2023/09/19,4.955445
2023/09/20,4.955445
2023/09/21,4.955445
2023/09/22,4.955445
2023/09/23,4.955445
2023/09/24,4.955445
2023/09/25,4.955445
2023/09/26,4.955445
2023/09/27,4.955445
2023/09/28,4.955445
2023/09/29,4.955445
2023/09/30,4.955445
2023/10/01,4.882717
2023/10/02,4.882717
2023/10/03,4.882717
2023/10/04,4.882717
2023/10/05,4.882717
2023/10/06,4.882717
2023/10/07,4.882717
2023/10/08,4.882717
2023/10/09,4.882717
2023/10/10,4.882717
2023/10/11,4.882717
2023/10/12,4.882717
2023/10/13,4.882717
2023/10/14,4.882717
2023/10/15,4.882717
2023/10/16,4.882717
2023/10/17,4.882717
2023/10/18,4.882717
2023/10/19,4.882717
2023/10/20,4.882717
2023/10/21,4.882717
2023/10/22,4.882717
2023/10/23,4.882717
2023/10/24,4.882717
2023/10/25,4.882717
2023/10/26,4.882717
2023/10/27,4.882717
2023/10/28,4.882717
2023/10/29,4.882717
2023/10/30,4.882717
2023/10/31,4.882717
2023/11/01,4.691251
2023/11/02,4.691251
2023/11/03,4.691251
2023/11/04,4.691251
2023/11/05,4.691251
2023/11/06,4.691251
2023/11/07,4.691251
2023/11/08,4.691251
2023/11/09,4.691251
2023/11/10,4.691251
2023/11/11,4.691251
2023/11/12,4.691251
2023/11/13,4.691251
2023/11/14,4.691251
2023/11/15,4.691251
2023/11/16,4.691251
2023/11/17,4.691251
2023/11/18,4.691251
2023/11/19,4.691251
2023/11/20,4.691251
2023/11/21,4.691251
2023/11/22,4.691251
2023/11/23,4.691251
2023/11/24,4.691251
2023/11/25,4.691251
2023/11/26,4.691251
2023/11/27,4.691251
2023/11/28,4.691251
2023/11/29,4.691251
2023/11/30,4.691251
