Date,EPU
2000/11/10,118.95
2000/11/11,210.86
2000/11/12,154.27
2000/11/13,85.32
2000/11/14,192.21
2000/11/15,341.02
2000/11/16,287.41
2000/11/17,182.25
2000/11/18,282.3
2000/11/19,182.24
2000/11/20,315.77
2000/11/21,163.71
2000/11/22,46.73
2000/11/23,45.15
2000/11/24,67.43
2000/11/25,52.2
2000/11/26,112.05
2000/11/27,72.64
2000/11/28,51.24
2000/11/29,109.05
2000/11/30,167.48
2000/12/1,77.21
2000/12/2,81.06
2000/12/3,134.98
2000/12/4,147.9
2000/12/5,105.31
2000/12/6,156.75
2000/12/7,183.24
2000/12/8,156.11
2000/12/9,179.91
2000/12/10,168.68
2000/12/11,75.8
2000/12/12,62.09
2000/12/13,142.53
2000/12/14,189.31
2000/12/15,85.5
2000/12/16,238.44
2000/12/17,155.06
2000/12/18,108.63
2000/12/19,46.86
2000/12/20,31.89
2000/12/21,116.65
2000/12/22,55.94
2000/12/23,39.94
2000/12/24,115.87
2000/12/25,81.22
2000/12/26,122.64
2000/12/27,61.06
2000/12/28,54.59
2000/12/29,133.91
2000/12/30,288.25
2000/12/31,266.22
2001/1/1,226.65
2001/1/2,231.58
2001/1/3,36.08
2001/1/4,159.18
2001/1/5,85.79
2001/1/6,75.96
2001/1/7,200.73
2001/1/8,163.27
2001/1/9,74.83
2001/1/10,260.56
2001/1/11,79.73
2001/1/12,77.79
2001/1/13,62.07
2001/1/14,137.47
2001/1/15,61.6
2001/1/16,56.8
2001/1/17,81.96
2001/1/18,102.9
2001/1/19,124.86
2001/1/20,111.2
2001/1/21,301.14
2001/1/22,132.41
2001/1/23,57.94
2001/1/24,72.86
2001/1/25,98.53
2001/1/26,71.03
2001/1/27,189.05
2001/1/28,193.39
2001/1/29,89.01
2001/1/30,87.49
2001/1/31,115.77
2001/2/1,163.54
2001/2/2,127.88
2001/2/3,115.97
2001/2/4,159.59
2001/2/5,102.29
2001/2/6,126.76
2001/2/7,144.08
2001/2/8,111.14
2001/2/9,245.5
2001/2/10,64.9
2001/2/11,211.68
2001/2/12,46.81
2001/2/13,158.71
2001/2/14,168.89
2001/2/15,74.8
2001/2/16,96.07
2001/2/17,73.45
2001/2/18,183
2001/2/19,72.4
2001/2/20,128.51
2001/2/21,85.93
2001/2/22,95.31
2001/2/23,171.87
2001/2/24,17.41
2001/2/25,164.4
2001/2/26,71.28
2001/2/27,67.68
2001/2/28,173.46
2001/3/1,89.59
2001/3/2,135.22
2001/3/3,86.55
2001/3/4,172.47
2001/3/5,142.41
2001/3/6,109.42
2001/3/7,84.45
2001/3/8,124.16
2001/3/9,210.32
2001/3/10,86.33
2001/3/11,268.84
2001/3/12,101.86
2001/3/13,180.89
2001/3/14,164.82
2001/3/15,139.49
2001/3/16,192.45
2001/3/17,106.89
2001/3/18,143.15
2001/3/19,106.53
2001/3/20,105.39
2001/3/21,145.62
2001/3/22,85.33
2001/3/23,115.75
2001/3/24,107.14
2001/3/25,95.2
2001/3/26,80.06
2001/3/27,83.49
2001/3/28,85.38
2001/3/29,55.4
2001/3/30,212.9
2001/3/31,40.83
2001/4/1,73.01
2001/4/2,65.65
2001/4/3,101.37
2001/4/4,175.95
2001/4/5,86.74
2001/4/6,82.93
2001/4/7,71.48
2001/4/8,133.37
2001/4/9,77.04
2001/4/10,141.46
2001/4/11,77.72
2001/4/12,67.46
2001/4/13,45.79
2001/4/14,62.55
2001/4/15,58.27
2001/4/16,87.87
2001/4/17,22.31
2001/4/18,65.45
2001/4/19,308.63
2001/4/20,180.25
2001/4/21,105.15
2001/4/22,175.23
2001/4/23,101.56
2001/4/24,59.42
2001/4/25,111.89
2001/4/26,152.52
2001/4/27,109.24
2001/4/28,145.04
2001/4/29,157.67
2001/4/30,52.21
2001/5/1,94.1
2001/5/2,64.97
2001/5/3,73.28
2001/5/4,44.09
2001/5/5,64.39
2001/5/6,83.69
2001/5/7,6.67
2001/5/8,123.61
2001/5/9,38.41
2001/5/10,59.36
2001/5/11,116.19
2001/5/12,93.14
2001/5/13,74.29
2001/5/14,159.26
2001/5/15,102.53
2001/5/16,320
2001/5/17,41.05
2001/5/18,76.71
2001/5/19,110.76
2001/5/20,121.52
2001/5/21,65.63
2001/5/22,187.68
2001/5/23,54.48
2001/5/24,102.04
2001/5/25,213.5
2001/5/26,35.43
2001/5/27,129.3
2001/5/28,111.31
2001/5/29,82.5
2001/5/30,79.12
2001/5/31,56.66
2001/6/1,60.75
2001/6/2,42.62
2001/6/3,132.87
2001/6/4,59.47
2001/6/5,66.96
2001/6/6,41.26
2001/6/7,67.37
2001/6/8,105.15
2001/6/9,61.05
2001/6/10,95.2
2001/6/11,53.52
2001/6/12,75.01
2001/6/13,59.66
2001/6/14,27.64
2001/6/15,46.69
2001/6/16,24.71
2001/6/17,115.11
2001/6/18,95.35
2001/6/19,91.43
2001/6/20,55.89
2001/6/21,32.03
2001/6/22,91.4
2001/6/23,86.97
2001/6/24,102.12
2001/6/25,60.61
2001/6/26,51.99
2001/6/27,59.75
2001/6/28,139.09
2001/6/29,53.56
2001/6/30,62
2001/7/1,213.99
2001/7/2,78.06
2001/7/3,51.96
2001/7/4,55.3
2001/7/5,55.02
2001/7/6,60.65
2001/7/7,63.62
2001/7/8,112.91
2001/7/9,96.76
2001/7/10,51.88
2001/7/11,72.54
2001/7/12,41.95
2001/7/13,43.77
2001/7/14,82.48
2001/7/15,116.08
2001/7/16,115.84
2001/7/17,90.54
2001/7/18,94.52
2001/7/19,174.93
2001/7/20,42.61
2001/7/21,70.03
2001/7/22,89.33
2001/7/23,99.51
2001/7/24,83.43
2001/7/25,144.61
2001/7/26,27.51
2001/7/27,70.18
2001/7/28,143.37
2001/7/29,121.59
2001/7/30,60.13
2001/7/31,223.69
2001/8/1,72.66
2001/8/2,165
2001/8/3,177.49
2001/8/4,146.22
2001/8/5,96.41
2001/8/6,65.46
2001/8/7,51.04
2001/8/8,52.29
2001/8/9,75.7
2001/8/10,18.89
2001/8/11,43.53
2001/8/12,81.38
2001/8/13,94.82
2001/8/14,107.03
2001/8/15,62.21
2001/8/16,28.32
2001/8/17,28.23
2001/8/18,30.94
2001/8/19,102.49
2001/8/20,60.66
2001/8/21,284.78
2001/8/22,92.02
2001/8/23,36.23
2001/8/24,64.24
2001/8/25,41.61
2001/8/26,65.73
2001/8/27,45.52
2001/8/28,62.82
2001/8/29,82.58
2001/8/30,107.77
2001/8/31,61.89
2001/9/1,160.77
2001/9/2,74.78
2001/9/3,276.26
2001/9/4,84.6
2001/9/5,58.3
2001/9/6,38.11
2001/9/7,120.21
2001/9/8,98.6
2001/9/9,122.09
2001/9/10,79.74
2001/9/11,114.25
2001/9/12,243.2
2001/9/13,142.78
2001/9/14,232.8
2001/9/15,127.65
2001/9/16,306.85
2001/9/17,329.71
2001/9/18,719.07
2001/9/19,297.14
2001/9/20,515.61
2001/9/21,560.12
2001/9/22,281.78
2001/9/23,429.99
2001/9/24,215.17
2001/9/25,240.2
2001/9/26,236.78
2001/9/27,225.04
2001/9/28,182.66
2001/9/29,186.01
2001/9/30,336.96
2001/10/1,266.95
2001/10/2,408.67
2001/10/3,690.81
2001/10/4,201.12
2001/10/5,262.75
2001/10/6,347.68
2001/10/7,475.02
2001/10/8,247.37
2001/10/9,313
2001/10/10,209.67
2001/10/11,230.44
2001/10/12,189.51
2001/10/13,85.95
2001/10/14,245.16
2001/10/15,124.64
2001/10/16,257.41
2001/10/17,189.98
2001/10/18,273.69
2001/10/19,143.42
2001/10/20,46.5
2001/10/21,253.78
2001/10/22,208.1
2001/10/23,253.3
2001/10/24,144.06
2001/10/25,154.87
2001/10/26,240.05
2001/10/27,167.82
2001/10/28,264.05
2001/10/29,158.12
2001/10/30,103.98
2001/10/31,170.72
2001/11/1,204.93
2001/11/2,150.01
2001/11/3,143.26
2001/11/4,195.44
2001/11/5,158.61
2001/11/6,315.17
2001/11/7,506.53
2001/11/8,139.48
2001/11/9,134.25
2001/11/10,123.31
2001/11/11,231.37
2001/11/12,193.14
2001/11/13,115.37
2001/11/14,178.13
2001/11/15,130.85
2001/11/16,100.63
2001/11/17,77.06
2001/11/18,160.95
2001/11/19,145.72
2001/11/20,202.93
2001/11/21,91.95
2001/11/22,76.66
2001/11/23,97.57
2001/11/24,18.16
2001/11/25,157.77
2001/11/26,117.73
2001/11/27,126.59
2001/11/28,110.62
2001/11/29,110.85
2001/11/30,116.56
2001/12/1,84.88
2001/12/2,119.37
2001/12/3,134.47
2001/12/4,114.25
2001/12/5,126.97
2001/12/6,97.4
2001/12/7,130.29
2001/12/8,43.68
2001/12/9,172.09
2001/12/10,88.86
2001/12/11,134.96
2001/12/12,217.98
2001/12/13,114.36
2001/12/14,79.78
2001/12/15,70.75
2001/12/16,153.56
2001/12/17,138.07
2001/12/18,106.84
2001/12/19,98.24
2001/12/20,95.92
2001/12/21,138.71
2001/12/22,151.96
2001/12/23,162.86
2001/12/24,87.59
2001/12/25,136.88
2001/12/26,85.13
2001/12/27,90.63
2001/12/28,173.46
2001/12/29,128.34
2001/12/30,295.04
2001/12/31,181.41
2002/1/1,183.6
2002/1/2,139.88
2002/1/3,115.06
2002/1/4,104.44
2002/1/5,100.84
2002/1/6,239.34
2002/1/7,154.84
2002/1/8,94.34
2002/1/9,103.3
2002/1/10,147.74
2002/1/11,85.57
2002/1/12,149.54
2002/1/13,159.47
2002/1/14,89.58
2002/1/15,124.8
2002/1/16,153.25
2002/1/17,150.42
2002/1/18,49.01
2002/1/19,129.21
2002/1/20,275.85
2002/1/21,146.01
2002/1/22,116.81
2002/1/23,131.78
2002/1/24,145.05
2002/1/25,108.27
2002/1/26,191.87
2002/1/27,139.33
2002/1/28,203.14
2002/1/29,98.69
2002/1/30,130.85
2002/1/31,229.05
2002/2/1,52.7
2002/2/2,82.86
2002/2/3,147.69
2002/2/4,68.28
2002/2/5,102.39
2002/2/6,188.54
2002/2/7,64.52
2002/2/8,172.46
2002/2/9,31.4
2002/2/10,104.89
2002/2/11,84.03
2002/2/12,44
2002/2/13,154.22
2002/2/14,73.58
2002/2/15,50.85
2002/2/16,30.51
2002/2/17,109.66
2002/2/18,103.18
2002/2/19,63.66
2002/2/20,60.23
2002/2/21,40.55
2002/2/22,92.85
2002/2/23,24.72
2002/2/24,78.31
2002/2/25,89.21
2002/2/26,46.55
2002/2/27,45.61
2002/2/28,221.66
2002/3/1,46.41
2002/3/2,66.22
2002/3/3,101.6
2002/3/4,33.63
2002/3/5,23.34
2002/3/6,45.57
2002/3/7,85.05
2002/3/8,149.25
2002/3/9,83.25
2002/3/10,116.96
2002/3/11,119.33
2002/3/12,114.16
2002/3/13,93.67
2002/3/14,127.47
2002/3/15,51.25
2002/3/16,92.91
2002/3/17,119.48
2002/3/18,82.96
2002/3/19,83.47
2002/3/20,243.5
2002/3/21,96.04
2002/3/22,79.99
2002/3/23,59.06
2002/3/24,164.28
2002/3/25,75.26
2002/3/26,163.97
2002/3/27,105.09
2002/3/28,54.64
2002/3/29,71.02
2002/3/30,39.82
2002/3/31,138.6
2002/4/1,23.67
2002/4/2,41.99
2002/4/3,35.94
2002/4/4,65.65
2002/4/5,49.59
2002/4/6,52.7
2002/4/7,107.83
2002/4/8,102.01
2002/4/9,105.63
2002/4/10,54.12
2002/4/11,85.77
2002/4/12,72.29
2002/4/13,52.74
2002/4/14,59.33
2002/4/15,65.95
2002/4/16,28.36
2002/4/17,147.73
2002/4/18,159.1
2002/4/19,50.21
2002/4/20,43.2
2002/4/21,91.43
2002/4/22,96.37
2002/4/23,71.94
2002/4/24,66.46
2002/4/25,56.88
2002/4/26,75.33
2002/4/27,102.13
2002/4/28,99.52
2002/4/29,104.17
2002/4/30,67.62
2002/5/1,71.1
2002/5/2,58.59
2002/5/3,73.66
2002/5/4,82.13
2002/5/5,102.94
2002/5/6,53.9
2002/5/7,100.96
2002/5/8,282.35
2002/5/9,52.43
2002/5/10,92.73
2002/5/11,82.16
2002/5/12,140.54
2002/5/13,121.82
2002/5/14,149.7
2002/5/15,70.11
2002/5/16,92.11
2002/5/17,40.36
2002/5/18,70.2
2002/5/19,80.16
2002/5/20,100.98
2002/5/21,53.61
2002/5/22,77.58
2002/5/23,55.59
2002/5/24,84.95
2002/5/25,146.02
2002/5/26,90.43
2002/5/27,59.1
2002/5/28,47.98
2002/5/29,133.33
2002/5/30,35.67
2002/5/31,76.14
2002/6/1,65.19
2002/6/2,64.77
2002/6/3,92.42
2002/6/4,80.01
2002/6/5,82.48
2002/6/6,28.01
2002/6/7,67.46
2002/6/8,102.79
2002/6/9,158.61
2002/6/10,42.25
2002/6/11,122.4
2002/6/12,88.54
2002/6/13,48.61
2002/6/14,66.96
2002/6/15,57.02
2002/6/16,99.45
2002/6/17,119.31
2002/6/18,71.98
2002/6/19,108.29
2002/6/20,36.65
2002/6/21,71.26
2002/6/22,40.67
2002/6/23,120.97
2002/6/24,81.07
2002/6/25,76.24
2002/6/26,71.68
2002/6/27,195.34
2002/6/28,150.69
2002/6/29,71.33
2002/6/30,129.79
2002/7/1,128.21
2002/7/2,82.09
2002/7/3,50.89
2002/7/4,63.41
2002/7/5,83.61
2002/7/6,109.18
2002/7/7,85.12
2002/7/8,43.58
2002/7/9,59.31
2002/7/10,80.22
2002/7/11,43.93
2002/7/12,71.33
2002/7/13,70.27
2002/7/14,267.83
2002/7/15,124.89
2002/7/16,153.16
2002/7/17,313.72
2002/7/18,111.99
2002/7/19,90.07
2002/7/20,123.5
2002/7/21,204.67
2002/7/22,170.2
2002/7/23,166.71
2002/7/24,151.8
2002/7/25,193.65
2002/7/26,194.94
2002/7/27,123.11
2002/7/28,229.89
2002/7/29,93.18
2002/7/30,139.6
2002/7/31,99.31
2002/8/1,98.11
2002/8/2,111.99
2002/8/3,68.49
2002/8/4,130.34
2002/8/5,116.29
2002/8/6,282.11
2002/8/7,62.08
2002/8/8,100.49
2002/8/9,98
2002/8/10,159.65
2002/8/11,148.99
2002/8/12,86.86
2002/8/13,195.41
2002/8/14,298.28
2002/8/15,97.52
2002/8/16,226.57
2002/8/17,92.52
2002/8/18,95.65
2002/8/19,115.77
2002/8/20,160.66
2002/8/21,67.28
2002/8/22,79.75
2002/8/23,32.99
2002/8/24,54.68
2002/8/25,168.22
2002/8/26,136.26
2002/8/27,60.92
2002/8/28,43.21
2002/8/29,20.29
2002/8/30,90.03
2002/8/31,64.35
2002/9/1,124.6
2002/9/2,97.12
2002/9/3,202.65
2002/9/4,92.9
2002/9/5,91.14
2002/9/6,81.03
2002/9/7,40.42
2002/9/8,287.15
2002/9/9,108.3
2002/9/10,116.98
2002/9/11,165.35
2002/9/12,69.48
2002/9/13,194.68
2002/9/14,87.28
2002/9/15,87.69
2002/9/16,122.76
2002/9/17,91.9
2002/9/18,116.74
2002/9/19,110.6
2002/9/20,81.92
2002/9/21,49.45
2002/9/22,129.18
2002/9/23,162.95
2002/9/24,130.74
2002/9/25,474.03
2002/9/26,224.47
2002/9/27,237.41
2002/9/28,111.1
2002/9/29,140.3
2002/9/30,135.82
2002/10/1,171.5
2002/10/2,142.56
2002/10/3,63.62
2002/10/4,80.56
2002/10/5,150.92
2002/10/6,148.25
2002/10/7,87.04
2002/10/8,165.79
2002/10/9,73.17
2002/10/10,61.8
2002/10/11,76.01
2002/10/12,109.15
2002/10/13,141.84
2002/10/14,90.07
2002/10/15,91.76
2002/10/16,82.17
2002/10/17,73.41
2002/10/18,221.31
2002/10/19,67.52
2002/10/20,155.19
2002/10/21,72.24
2002/10/22,126.25
2002/10/23,118.06
2002/10/24,171.1
2002/10/25,71.04
2002/10/26,131.61
2002/10/27,205.36
2002/10/28,79.82
2002/10/29,85.19
2002/10/30,133.76
2002/10/31,65.57
2002/11/1,154.66
2002/11/2,122
2002/11/3,164.71
2002/11/4,160.18
2002/11/5,212.6
2002/11/6,212.44
2002/11/7,332.27
2002/11/8,287.05
2002/11/9,160.04
2002/11/10,160.99
2002/11/11,77.17
2002/11/12,193.94
2002/11/13,117.14
2002/11/14,147.41
2002/11/15,134.51
2002/11/16,62.1
2002/11/17,146.14
2002/11/18,85.4
2002/11/19,76.99
2002/11/20,121.16
2002/11/21,99.27
2002/11/22,76.16
2002/11/23,53.49
2002/11/24,130.75
2002/11/25,109.94
2002/11/26,83.72
2002/11/27,69.1
2002/11/28,113.37
2002/11/29,132.48
2002/11/30,99.26
2002/12/1,115.09
2002/12/2,73.92
2002/12/3,55.26
2002/12/4,186.66
2002/12/5,168.52
2002/12/6,96.58
2002/12/7,154.1
2002/12/8,185.84
2002/12/9,59.69
2002/12/10,168.74
2002/12/11,237.64
2002/12/12,90.13
2002/12/13,57.52
2002/12/14,133.66
2002/12/15,207.16
2002/12/16,99.27
2002/12/17,89.2
2002/12/18,159.88
2002/12/19,87.22
2002/12/20,173.39
2002/12/21,186.47
2002/12/22,175.25
2002/12/23,84.06
2002/12/24,160.94
2002/12/25,191.17
2002/12/26,117.97
2002/12/27,226.97
2002/12/28,183.73
2002/12/29,453.37
2002/12/30,176.25
2002/12/31,208.16
2003/1/1,241.72
2003/1/2,324.67
2003/1/3,357.74
2003/1/4,188.4
2003/1/5,398.09
2003/1/6,166.02
2003/1/7,180.02
2003/1/8,204.91
2003/1/9,115.78
2003/1/10,148.58
2003/1/11,305.19
2003/1/12,267.16
2003/1/13,106.07
2003/1/14,142
2003/1/15,153.47
2003/1/16,110.03
2003/1/17,33.84
2003/1/18,182.09
2003/1/19,179.02
2003/1/20,94.97
2003/1/21,113.03
2003/1/22,81.67
2003/1/23,95.18
2003/1/24,58.02
2003/1/25,131.37
2003/1/26,211.82
2003/1/27,174.73
2003/1/28,182.91
2003/1/29,341.53
2003/1/30,311.15
2003/1/31,126.75
2003/2/1,131.98
2003/2/2,225.68
2003/2/3,123.07
2003/2/4,148.89
2003/2/5,133.79
2003/2/6,207.1
2003/2/7,146.85
2003/2/8,162.39
2003/2/9,167.17
2003/2/10,198.13
2003/2/11,144.31
2003/2/12,474.62
2003/2/13,293.17
2003/2/14,147.79
2003/2/15,344.82
2003/2/16,233.98
2003/2/17,313.52
2003/2/18,137.36
2003/2/19,91.16
2003/2/20,173.91
2003/2/21,171.85
2003/2/22,172.86
2003/2/23,221.34
2003/2/24,135.08
2003/2/25,102.37
2003/2/26,189.05
2003/2/27,183.06
2003/2/28,204.15
2003/3/1,168.47
2003/3/2,148.41
2003/3/3,180.7
2003/3/4,167.46
2003/3/5,152.34
2003/3/6,238.79
2003/3/7,191.46
2003/3/8,273.82
2003/3/9,229.48
2003/3/10,141.64
2003/3/11,309.08
2003/3/12,97.58
2003/3/13,108.76
2003/3/14,353.47
2003/3/15,347.56
2003/3/16,262.68
2003/3/17,181.83
2003/3/18,438.11
2003/3/19,544.88
2003/3/20,193.85
2003/3/21,187.17
2003/3/22,170.76
2003/3/23,241.1
2003/3/24,142.64
2003/3/25,149.57
2003/3/26,167.3
2003/3/27,195.71
2003/3/28,165.68
2003/3/29,137.46
2003/3/30,131.71
2003/3/31,170.18
2003/4/1,135.24
2003/4/2,163.37
2003/4/3,102.82
2003/4/4,151.01
2003/4/5,117.65
2003/4/6,145.66
2003/4/7,144.57
2003/4/8,150.91
2003/4/9,118.04
2003/4/10,104.63
2003/4/11,179.25
2003/4/12,113.15
2003/4/13,183.41
2003/4/14,159.85
2003/4/15,110.28
2003/4/16,176.61
2003/4/17,81.42
2003/4/18,196.6
2003/4/19,83.74
2003/4/20,126.59
2003/4/21,118.73
2003/4/22,77.29
2003/4/23,239.75
2003/4/24,135.15
2003/4/25,146.9
2003/4/26,118.34
2003/4/27,154.9
2003/4/28,119.81
2003/4/29,67.31
2003/4/30,141.38
2003/5/1,223.14
2003/5/2,71.48
2003/5/3,89.58
2003/5/4,123.35
2003/5/5,63.01
2003/5/6,157.9
2003/5/7,283.38
2003/5/8,91.19
2003/5/9,161.78
2003/5/10,136.74
2003/5/11,139.52
2003/5/12,149.28
2003/5/13,71.55
2003/5/14,88.36
2003/5/15,104.27
2003/5/16,65.12
2003/5/17,127.73
2003/5/18,175.29
2003/5/19,96.95
2003/5/20,89.82
2003/5/21,95.39
2003/5/22,98.64
2003/5/23,137.56
2003/5/24,167.5
2003/5/25,162.67
2003/5/26,82.84
2003/5/27,81.68
2003/5/28,93.2
2003/5/29,62.93
2003/5/30,45.16
2003/5/31,78.81
2003/6/1,163.98
2003/6/2,66.83
2003/6/3,115.56
2003/6/4,66.04
2003/6/5,98.01
2003/6/6,70.49
2003/6/7,91.78
2003/6/8,125.78
2003/6/9,136.06
2003/6/10,85.93
2003/6/11,102.05
2003/6/12,124.23
2003/6/13,60.21
2003/6/14,51.88
2003/6/15,67.78
2003/6/16,67.2
2003/6/17,131.17
2003/6/18,109.58
2003/6/19,56.33
2003/6/20,78.91
2003/6/21,26.61
2003/6/22,116.31
2003/6/23,89.79
2003/6/24,47.1
2003/6/25,57.13
2003/6/26,111.09
2003/6/27,73.68
2003/6/28,57.29
2003/6/29,160.98
2003/6/30,69.28
2003/7/1,119.55
2003/7/2,68.1
2003/7/3,82.53
2003/7/4,71.32
2003/7/5,78.61
2003/7/6,129.13
2003/7/7,45.63
2003/7/8,58.12
2003/7/9,34.66
2003/7/10,72.87
2003/7/11,51.33
2003/7/12,116.58
2003/7/13,142.13
2003/7/14,45.67
2003/7/15,52.31
2003/7/16,79.62
2003/7/17,30.26
2003/7/18,97.04
2003/7/19,57.46
2003/7/20,168.83
2003/7/21,63.22
2003/7/22,48.46
2003/7/23,60.61
2003/7/24,75.57
2003/7/25,122.79
2003/7/26,67.95
2003/7/27,124.08
2003/7/28,83.27
2003/7/29,113.5
2003/7/30,72.07
2003/7/31,124.04
2003/8/1,207.13
2003/8/2,31.49
2003/8/3,125.88
2003/8/4,78.62
2003/8/5,56.81
2003/8/6,50.61
2003/8/7,133.14
2003/8/8,67.18
2003/8/9,306.33
2003/8/10,165.71
2003/8/11,73.35
2003/8/12,72.51
2003/8/13,63.52
2003/8/14,90.45
2003/8/15,40.28
2003/8/16,57.65
2003/8/17,98.75
2003/8/18,39.88
2003/8/19,28.42
2003/8/20,47.55
2003/8/21,55.59
2003/8/22,90.8
2003/8/23,72.36
2003/8/24,90.2
2003/8/25,51.76
2003/8/26,67.58
2003/8/27,69.37
2003/8/28,65.01
2003/8/29,54.62
2003/8/30,232.94
2003/8/31,97.49
2003/9/1,100.21
2003/9/2,80.74
2003/9/3,136.5
2003/9/4,63.03
2003/9/5,95.24
2003/9/6,65.71
2003/9/7,126.23
2003/9/8,52.97
2003/9/9,108.36
2003/9/10,20.78
2003/9/11,190.38
2003/9/12,43.23
2003/9/13,36.14
2003/9/14,179.77
2003/9/15,206.38
2003/9/16,101.63
2003/9/17,118.39
2003/9/18,71.31
2003/9/19,104.32
2003/9/20,48.91
2003/9/21,114.04
2003/9/22,91.17
2003/9/23,30.63
2003/9/24,92.92
2003/9/25,40.71
2003/9/26,50.33
2003/9/27,164.84
2003/9/28,154.83
2003/9/29,111.55
2003/9/30,83.49
2003/10/1,67.7
2003/10/2,36.77
2003/10/3,81.03
2003/10/4,45.06
2003/10/5,129.64
2003/10/6,65.56
2003/10/7,72.55
2003/10/8,89.2
2003/10/9,96.26
2003/10/10,68.4
2003/10/11,86.22
2003/10/12,70.29
2003/10/13,51.92
2003/10/14,63.42
2003/10/15,35.6
2003/10/16,42.17
2003/10/17,17.54
2003/10/18,27.44
2003/10/19,37.28
2003/10/20,46.93
2003/10/21,180.95
2003/10/22,72.78
2003/10/23,68.73
2003/10/24,54.29
2003/10/25,31.29
2003/10/26,107.77
2003/10/27,97.62
2003/10/28,30.16
2003/10/29,45.02
2003/10/30,46.98
2003/10/31,73.24
2003/11/1,70.71
2003/11/2,98.73
2003/11/3,55.83
2003/11/4,43.88
2003/11/5,51.14
2003/11/6,58.43
2003/11/7,48.96
2003/11/8,63.78
2003/11/9,113.9
2003/11/10,95.03
2003/11/11,13.5
2003/11/12,44.41
2003/11/13,21.7
2003/11/14,34.92
2003/11/15,76.77
2003/11/16,65
2003/11/17,41.48
2003/11/18,58.06
2003/11/19,53.06
2003/11/20,51.63
2003/11/21,55.74
2003/11/22,91.61
2003/11/23,63.38
2003/11/24,47.8
2003/11/25,26.03
2003/11/26,32.38
2003/11/27,48.87
2003/11/28,30.82
2003/11/29,167.95
2003/11/30,118.51
2003/12/1,67.15
2003/12/2,53.28
2003/12/3,64.21
2003/12/4,82.98
2003/12/5,38.89
2003/12/6,68.31
2003/12/7,80.14
2003/12/8,52.54
2003/12/9,92.84
2003/12/10,81.09
2003/12/11,50.33
2003/12/12,46.88
2003/12/13,23.73
2003/12/14,100.66
2003/12/15,128.03
2003/12/16,82.58
2003/12/17,35.53
2003/12/18,28.13
2003/12/19,51.86
2003/12/20,50.16
2003/12/21,70.62
2003/12/22,84.9
2003/12/23,46.42
2003/12/24,40.71
2003/12/25,54.66
2003/12/26,74.45
2003/12/27,73.1
2003/12/28,162.1
2003/12/29,225.94
2003/12/30,100.26
2003/12/31,68.15
2004/1/1,201.26
2004/1/2,100.27
2004/1/3,59.32
2004/1/4,216.19
2004/1/5,184.22
2004/1/6,53.82
2004/1/7,81.07
2004/1/8,47.01
2004/1/9,82.32
2004/1/10,47.48
2004/1/11,127.27
2004/1/12,52.84
2004/1/13,95.37
2004/1/14,63.63
2004/1/15,87.95
2004/1/16,70.17
2004/1/17,56.39
2004/1/18,76.85
2004/1/19,67.45
2004/1/20,86.97
2004/1/21,316.12
2004/1/22,124.02
2004/1/23,31.16
2004/1/24,47.25
2004/1/25,69.09
2004/1/26,79.81
2004/1/27,154.67
2004/1/28,55.13
2004/1/29,40.75
2004/1/30,90.59
2004/1/31,18.15
2004/2/1,68.76
2004/2/2,57.69
2004/2/3,62.31
2004/2/4,33.2
2004/2/5,43.61
2004/2/6,48.71
2004/2/7,69.7
2004/2/8,108
2004/2/9,73.15
2004/2/10,163.71
2004/2/11,63.63
2004/2/12,136.84
2004/2/13,48.27
2004/2/14,77.64
2004/2/15,126.86
2004/2/16,46.59
2004/2/17,81.27
2004/2/18,118.6
2004/2/19,49.32
2004/2/20,98.7
2004/2/21,115.46
2004/2/22,97.89
2004/2/23,123.32
2004/2/24,164.27
2004/2/25,107.57
2004/2/26,57.46
2004/2/27,56.26
2004/2/28,49.33
2004/2/29,66.03
2004/3/1,105.68
2004/3/2,29.06
2004/3/3,82.43
2004/3/4,66.12
2004/3/5,107.18
2004/3/6,41.13
2004/3/7,107.98
2004/3/8,50.29
2004/3/9,50.14
2004/3/10,66.42
2004/3/11,65.4
2004/3/12,101.09
2004/3/13,18.66
2004/3/14,96.03
2004/3/15,44.24
2004/3/16,50.98
2004/3/17,39.87
2004/3/18,54.52
2004/3/19,56.61
2004/3/20,36.73
2004/3/21,94.99
2004/3/22,45.69
2004/3/23,39.16
2004/3/24,37.44
2004/3/25,46.94
2004/3/26,77.4
2004/3/27,56.27
2004/3/28,130.4
2004/3/29,45.66
2004/3/30,21.32
2004/3/31,93.16
2004/4/1,79.57
2004/4/2,46.53
2004/4/3,73.37
2004/4/4,70.58
2004/4/5,121.38
2004/4/6,71.35
2004/4/7,23.44
2004/4/8,43.58
2004/4/9,55.28
2004/4/10,44.02
2004/4/11,64.89
2004/4/12,26.54
2004/4/13,76.02
2004/4/14,32.93
2004/4/15,41.08
2004/4/16,87.15
2004/4/17,52.2
2004/4/18,42.81
2004/4/19,41.75
2004/4/20,88.71
2004/4/21,49.27
2004/4/22,63.15
2004/4/23,106.92
2004/4/24,45.1
2004/4/25,69.79
2004/4/26,60.74
2004/4/27,29.77
2004/4/28,66.32
2004/4/29,78.06
2004/4/30,43.95
2004/5/1,83.44
2004/5/2,93.35
2004/5/3,44.54
2004/5/4,79.03
2004/5/5,84.13
2004/5/6,28.43
2004/5/7,36.88
2004/5/8,74.56
2004/5/9,61.86
2004/5/10,48.78
2004/5/11,130.83
2004/5/12,89.88
2004/5/13,57.44
2004/5/14,100.72
2004/5/15,140.69
2004/5/16,122.85
2004/5/17,41.26
2004/5/18,168.22
2004/5/19,103.83
2004/5/20,79.31
2004/5/21,40.7
2004/5/22,107.22
2004/5/23,149.07
2004/5/24,46.09
2004/5/25,55.76
2004/5/26,50.05
2004/5/27,81.89
2004/5/28,44.69
2004/5/29,47.46
2004/5/30,59.5
2004/5/31,25.29
2004/6/1,71.23
2004/6/2,46.21
2004/6/3,32.94
2004/6/4,99.63
2004/6/5,125.08
2004/6/6,107.71
2004/6/7,77.02
2004/6/8,90.86
2004/6/9,118.44
2004/6/10,90.46
2004/6/11,49.71
2004/6/12,24.48
2004/6/13,62.92
2004/6/14,58.3
2004/6/15,22.28
2004/6/16,44.72
2004/6/17,38.37
2004/6/18,109.3
2004/6/19,49.57
2004/6/20,117.15
2004/6/21,37.29
2004/6/22,86.36
2004/6/23,28.5
2004/6/24,63.25
2004/6/25,114.71
2004/6/26,68.92
2004/6/27,73
2004/6/28,118.01
2004/6/29,243.06
2004/6/30,111.42
2004/7/1,127.52
2004/7/2,30.01
2004/7/3,31.22
2004/7/4,93.38
2004/7/5,39.42
2004/7/6,77.45
2004/7/7,55.41
2004/7/8,37.74
2004/7/9,37.39
2004/7/10,117.99
2004/7/11,43.49
2004/7/12,22.29
2004/7/13,151.7
2004/7/14,45.91
2004/7/15,31.49
2004/7/16,51.54
2004/7/17,30.13
2004/7/18,84.23
2004/7/19,60.5
2004/7/20,33.18
2004/7/21,113.48
2004/7/22,63.45
2004/7/23,46.7
2004/7/24,49.66
2004/7/25,95.41
2004/7/26,42.91
2004/7/27,59.28
2004/7/28,47.58
2004/7/29,54.42
2004/7/30,43.96
2004/7/31,70.61
2004/8/1,133.88
2004/8/2,53.03
2004/8/3,44.97
2004/8/4,49.57
2004/8/5,53.22
2004/8/6,25.75
2004/8/7,221.34
2004/8/8,75.13
2004/8/9,59.42
2004/8/10,90.64
2004/8/11,91.28
2004/8/12,96.54
2004/8/13,64.7
2004/8/14,110.84
2004/8/15,83.3
2004/8/16,46.99
2004/8/17,22.3
2004/8/18,59.61
2004/8/19,20.9
2004/8/20,21.29
2004/8/21,48.22
2004/8/22,85.25
2004/8/23,160.15
2004/8/24,61.29
2004/8/25,41.33
2004/8/26,37.69
2004/8/27,74.96
2004/8/28,46.66
2004/8/29,77.95
2004/8/30,96.69
2004/8/31,26.87
2004/9/1,66.32
2004/9/2,35.27
2004/9/3,152.34
2004/9/4,104.11
2004/9/5,106.98
2004/9/6,117.28
2004/9/7,85.16
2004/9/8,96.31
2004/9/9,106.59
2004/9/10,64.71
2004/9/11,112.07
2004/9/12,46.17
2004/9/13,46.45
2004/9/14,81.19
2004/9/15,91.91
2004/9/16,49.03
2004/9/17,69.1
2004/9/18,30.83
2004/9/19,95.05
2004/9/20,64.53
2004/9/21,65.32
2004/9/22,30.88
2004/9/23,27.9
2004/9/24,82.95
2004/9/25,17.22
2004/9/26,112.96
2004/9/27,128.3
2004/9/28,60.91
2004/9/29,67.74
2004/9/30,37
2004/10/1,71.57
2004/10/2,79.89
2004/10/3,173.01
2004/10/4,82.32
2004/10/5,59.35
2004/10/6,33.31
2004/10/7,53.41
2004/10/8,124.11
2004/10/9,146.72
2004/10/10,104.15
2004/10/11,153.4
2004/10/12,87.77
2004/10/13,105.88
2004/10/14,68.31
2004/10/15,65.62
2004/10/16,337
2004/10/17,159.39
2004/10/18,103.07
2004/10/19,79.13
2004/10/20,36.91
2004/10/21,44.07
2004/10/22,66.65
2004/10/23,61.46
2004/10/24,151.02
2004/10/25,58.43
2004/10/26,78.75
2004/10/27,177.79
2004/10/28,113.5
2004/10/29,54.06
2004/10/30,112.81
2004/10/31,133.86
2004/11/1,97.99
2004/11/2,127.22
2004/11/3,161.08
2004/11/4,249.87
2004/11/5,59
2004/11/6,119.61
2004/11/7,96.93
2004/11/8,74.18
2004/11/9,54.61
2004/11/10,42.43
2004/11/11,78.63
2004/11/12,27.22
2004/11/13,69.15
2004/11/14,65.87
2004/11/15,65.69
2004/11/16,69.35
2004/11/17,39.74
2004/11/18,32.37
2004/11/19,103.83
2004/11/20,98.09
2004/11/21,79.44
2004/11/22,55.51
2004/11/23,38.16
2004/11/24,40
2004/11/25,33.74
2004/11/26,36.99
2004/11/27,24.34
2004/11/28,48.61
2004/11/29,32.12
2004/11/30,43.85
2004/12/1,25.39
2004/12/2,39.64
2004/12/3,39.87
2004/12/4,22.51
2004/12/5,52.71
2004/12/6,135.68
2004/12/7,21.12
2004/12/8,49.15
2004/12/9,38.92
2004/12/10,30.91
2004/12/11,70.73
2004/12/12,56.77
2004/12/13,63.23
2004/12/14,34.51
2004/12/15,28.33
2004/12/16,46.76
2004/12/17,20.78
2004/12/18,23.11
2004/12/19,62.23
2004/12/20,47.87
2004/12/21,25.97
2004/12/22,17.01
2004/12/23,35.63
2004/12/24,25.02
2004/12/25,29.8
2004/12/26,78.85
2004/12/27,21.99
2004/12/28,27.89
2004/12/29,37.25
2004/12/30,9.91
2004/12/31,24.36
2005/1/1,125.12
2005/1/2,132.77
2005/1/3,129.35
2005/1/4,50.49
2005/1/5,31.08
2005/1/6,30.67
2005/1/7,17.36
2005/1/8,136.78
2005/1/9,70.79
2005/1/10,57.12
2005/1/11,55.96
2005/1/12,46.54
2005/1/13,61.48
2005/1/14,62.75
2005/1/15,39.66
2005/1/16,93.05
2005/1/17,20.65
2005/1/18,36.31
2005/1/19,95.79
2005/1/20,56.06
2005/1/21,40.99
2005/1/22,76.28
2005/1/23,52.94
2005/1/24,83.89
2005/1/25,61.68
2005/1/26,91.84
2005/1/27,19.36
2005/1/28,26
2005/1/29,103.97
2005/1/30,86.37
2005/1/31,83.61
2005/2/1,48.02
2005/2/2,14.18
2005/2/3,108.56
2005/2/4,67.62
2005/2/5,47.05
2005/2/6,85.56
2005/2/7,94.84
2005/2/8,127.22
2005/2/9,39.83
2005/2/10,57.51
2005/2/11,29.91
2005/2/12,56.95
2005/2/13,68.7
2005/2/14,41.5
2005/2/15,54.92
2005/2/16,51.12
2005/2/17,43.19
2005/2/18,60.19
2005/2/19,66.2
2005/2/20,103.56
2005/2/21,211.46
2005/2/22,37.84
2005/2/23,32.32
2005/2/24,43.56
2005/2/25,36.99
2005/2/26,44.14
2005/2/27,67.89
2005/2/28,43.62
2005/3/1,35.19
2005/3/2,51.54
2005/3/3,43.02
2005/3/4,64.3
2005/3/5,78.85
2005/3/6,116.22
2005/3/7,41.82
2005/3/8,19.42
2005/3/9,22.32
2005/3/10,52.02
2005/3/11,42.27
2005/3/12,40.86
2005/3/13,125.11
2005/3/14,59.53
2005/3/15,32.23
2005/3/16,20.19
2005/3/17,95.67
2005/3/18,91.76
2005/3/19,31.81
2005/3/20,105.11
2005/3/21,54.92
2005/3/22,47.82
2005/3/23,36.55
2005/3/24,30.26
2005/3/25,24.56
2005/3/26,30.19
2005/3/27,69.56
2005/3/28,84.33
2005/3/29,36.35
2005/3/30,61.75
2005/3/31,83.11
2005/4/1,50.36
2005/4/2,37.71
2005/4/3,65.92
2005/4/4,58.42
2005/4/5,58.22
2005/4/6,70.34
2005/4/7,10.41
2005/4/8,25.21
2005/4/9,37.6
2005/4/10,49.18
2005/4/11,55.52
2005/4/12,35.88
2005/4/13,47.86
2005/4/14,41.14
2005/4/15,42.5
2005/4/16,95.57
2005/4/17,62.95
2005/4/18,65.62
2005/4/19,191.44
2005/4/20,120
2005/4/21,40.81
2005/4/22,44.85
2005/4/23,31.97
2005/4/24,89.46
2005/4/25,108.21
2005/4/26,143.58
2005/4/27,35.91
2005/4/28,47.8
2005/4/29,81.09
2005/4/30,148.21
2005/5/1,69.27
2005/5/2,60.79
2005/5/3,188.48
2005/5/4,64.96
2005/5/5,79.63
2005/5/6,83.03
2005/5/7,176.36
2005/5/8,46.85
2005/5/9,134.88
2005/5/10,74.58
2005/5/11,28.92
2005/5/12,108.92
2005/5/13,46.95
2005/5/14,114.22
2005/5/15,75.24
2005/5/16,42.51
2005/5/17,60.07
2005/5/18,28.86
2005/5/19,41.57
2005/5/20,38.2
2005/5/21,118.02
2005/5/22,171.6
2005/5/23,9.69
2005/5/24,32.51
2005/5/25,43.64
2005/5/26,34.75
2005/5/27,57.98
2005/5/28,49.1
2005/5/29,61.98
2005/5/30,52.08
2005/5/31,69.66
2005/6/1,39.45
2005/6/2,44.53
2005/6/3,25.96
2005/6/4,91.13
2005/6/5,69.16
2005/6/6,63.77
2005/6/7,117.49
2005/6/8,100.64
2005/6/9,29.81
2005/6/10,63.21
2005/6/11,130.58
2005/6/12,65.88
2005/6/13,57.7
2005/6/14,67.72
2005/6/15,27.58
2005/6/16,33.2
2005/6/17,48.07
2005/6/18,18.14
2005/6/19,56.08
2005/6/20,10.16
2005/6/21,75.6
2005/6/22,35.3
2005/6/23,35.69
2005/6/24,81.42
2005/6/25,98.87
2005/6/26,60.16
2005/6/27,84.1
2005/6/28,37.22
2005/6/29,54.92
2005/6/30,67.14
2005/7/1,74.68
2005/7/2,37.75
2005/7/3,82.37
2005/7/4,37.86
2005/7/5,73.9
2005/7/6,37.5
2005/7/7,37.61
2005/7/8,44.41
2005/7/9,57.32
2005/7/10,55.15
2005/7/11,20.15
2005/7/12,12.71
2005/7/13,30.51
2005/7/14,30.33
2005/7/15,33.7
2005/7/16,87.66
2005/7/17,24.92
2005/7/18,35.45
2005/7/19,62.7
2005/7/20,58.35
2005/7/21,123.21
2005/7/22,214.8
2005/7/23,40.44
2005/7/24,39.17
2005/7/25,20.15
2005/7/26,20.65
2005/7/27,43.42
2005/7/28,19.92
2005/7/29,38.96
2005/7/30,46.38
2005/7/31,35.3
2005/8/1,43.17
2005/8/2,119.62
2005/8/3,174.02
2005/8/4,63.55
2005/8/5,12.61
2005/8/6,37.14
2005/8/7,24.62
2005/8/8,54.06
2005/8/9,80.36
2005/8/10,15.05
2005/8/11,45.23
2005/8/12,37.33
2005/8/13,18.36
2005/8/14,59.87
2005/8/15,61.12
2005/8/16,24.99
2005/8/17,8.87
2005/8/18,29.22
2005/8/19,12.89
2005/8/20,36.11
2005/8/21,58.19
2005/8/22,187.42
2005/8/23,80.38
2005/8/24,23.97
2005/8/25,43.54
2005/8/26,61.91
2005/8/27,38.27
2005/8/28,141.33
2005/8/29,59.48
2005/8/30,51.08
2005/8/31,34.98
2005/9/1,66.47
2005/9/2,69.76
2005/9/3,123.62
2005/9/4,71.62
2005/9/5,200.56
2005/9/6,51.51
2005/9/7,79.77
2005/9/8,171.95
2005/9/9,192.95
2005/9/10,62.31
2005/9/11,88.25
2005/9/12,86.83
2005/9/13,78.68
2005/9/14,25.54
2005/9/15,69.96
2005/9/16,57.22
2005/9/17,55.69
2005/9/18,77.94
2005/9/19,138.41
2005/9/20,156.74
2005/9/21,176.46
2005/9/22,85.13
2005/9/23,21.39
2005/9/24,53.51
2005/9/25,41.75
2005/9/26,32.89
2005/9/27,52.6
2005/9/28,51.78
2005/9/29,45.06
2005/9/30,71.1
2005/10/1,83.38
2005/10/2,46.3
2005/10/3,61.32
2005/10/4,32.88
2005/10/5,22.43
2005/10/6,48.52
2005/10/7,108.26
2005/10/8,117.01
2005/10/9,75.58
2005/10/10,36.8
2005/10/11,25.29
2005/10/12,52.07
2005/10/13,17.48
2005/10/14,24.35
2005/10/15,32.01
2005/10/16,65.64
2005/10/17,49.92
2005/10/18,114.75
2005/10/19,28.71
2005/10/20,40.69
2005/10/21,49.41
2005/10/22,16.04
2005/10/23,88.32
2005/10/24,59.35
2005/10/25,204.91
2005/10/26,89.33
2005/10/27,52.22
2005/10/28,66.07
2005/10/29,53.94
2005/10/30,79.08
2005/10/31,110.84
2005/11/1,157.36
2005/11/2,42.88
2005/11/3,38.14
2005/11/4,70.41
2005/11/5,41.39
2005/11/6,95.01
2005/11/7,57.6
2005/11/8,53.78
2005/11/9,62.64
2005/11/10,36.38
2005/11/11,30.8
2005/11/12,16.41
2005/11/13,63.93
2005/11/14,30.57
2005/11/15,23.14
2005/11/16,31.68
2005/11/17,82.43
2005/11/18,70.69
2005/11/19,11.62
2005/11/20,28.42
2005/11/21,31.15
2005/11/22,26.69
2005/11/23,34.94
2005/11/24,35.81
2005/11/25,67.52
2005/11/26,36.14
2005/11/27,49.56
2005/11/28,42.23
2005/11/29,40.39
2005/11/30,53.48
2005/12/1,58.73
2005/12/2,66
2005/12/3,166.15
2005/12/4,68.39
2005/12/5,40.72
2005/12/6,137.34
2005/12/7,41.84
2005/12/8,68.86
2005/12/9,55.18
2005/12/10,16.77
2005/12/11,43.98
2005/12/12,98.03
2005/12/13,50.91
2005/12/14,28.26
2005/12/15,16.85
2005/12/16,27.03
2005/12/17,28.8
2005/12/18,47.12
2005/12/19,36.32
2005/12/20,47.66
2005/12/21,64.37
2005/12/22,31.18
2005/12/23,67.06
2005/12/24,24.91
2005/12/25,32.99
2005/12/26,62.69
2005/12/27,69.57
2005/12/28,48.49
2005/12/29,79.61
2005/12/30,108
2005/12/31,127.04
2006/1/1,194.14
2006/1/2,164.63
2006/1/3,88.69
2006/1/4,61.32
2006/1/5,112.3
2006/1/6,36.95
2006/1/7,114.61
2006/1/8,66.2
2006/1/9,41.45
2006/1/10,61.14
2006/1/11,21.72
2006/1/12,77.97
2006/1/13,62.06
2006/1/14,102.19
2006/1/15,101.74
2006/1/16,32.94
2006/1/17,32.93
2006/1/18,31.17
2006/1/19,30.89
2006/1/20,33.31
2006/1/21,16.39
2006/1/22,69.2
2006/1/23,42.66
2006/1/24,72.51
2006/1/25,19.07
2006/1/26,64.06
2006/1/27,26.34
2006/1/28,16.32
2006/1/29,67.91
2006/1/30,59.69
2006/1/31,50.45
2006/2/1,187.79
2006/2/2,94.76
2006/2/3,46.18
2006/2/4,97.37
2006/2/5,61.05
2006/2/6,63.82
2006/2/7,48.01
2006/2/8,27.25
2006/2/9,37.78
2006/2/10,42.19
2006/2/11,101.92
2006/2/12,38.97
2006/2/13,40.14
2006/2/14,36.76
2006/2/15,55.12
2006/2/16,60.04
2006/2/17,89.5
2006/2/18,22.54
2006/2/19,48.75
2006/2/20,34.33
2006/2/21,31.22
2006/2/22,21.65
2006/2/23,23.28
2006/2/24,92.74
2006/2/25,31.86
2006/2/26,60.99
2006/2/27,101.22
2006/2/28,57.41
2006/3/1,29.55
2006/3/2,15.73
2006/3/3,103.63
2006/3/4,45.41
2006/3/5,26.75
2006/3/6,37.49
2006/3/7,29.14
2006/3/8,22.98
2006/3/9,17.96
2006/3/10,111.33
2006/3/11,64.93
2006/3/12,67.94
2006/3/13,45.15
2006/3/14,47.5
2006/3/15,34.69
2006/3/16,46.26
2006/3/17,40.63
2006/3/18,40.89
2006/3/19,35.04
2006/3/20,30.96
2006/3/21,65.27
2006/3/22,113.35
2006/3/23,53.72
2006/3/24,40.62
2006/3/25,32.06
2006/3/26,127.91
2006/3/27,81.98
2006/3/28,53.23
2006/3/29,62.11
2006/3/30,40.7
2006/3/31,31.92
2006/4/1,171.33
2006/4/2,82.34
2006/4/3,53.68
2006/4/4,184.15
2006/4/5,26.97
2006/4/6,79.42
2006/4/7,67.84
2006/4/8,24.04
2006/4/9,111.66
2006/4/10,35.01
2006/4/11,43.53
2006/4/12,81.59
2006/4/13,50.41
2006/4/14,37.78
2006/4/15,78.52
2006/4/16,68.71
2006/4/17,54.15
2006/4/18,46.95
2006/4/19,92.27
2006/4/20,21.75
2006/4/21,27.01
2006/4/22,15.79
2006/4/23,82.55
2006/4/24,63.27
2006/4/25,61.15
2006/4/26,131.95
2006/4/27,47.16
2006/4/28,137.52
2006/4/29,43.87
2006/4/30,71.12
2006/5/1,110.12
2006/5/2,77.05
2006/5/3,41.25
2006/5/4,34.43
2006/5/5,44.7
2006/5/6,131.28
2006/5/7,49.26
2006/5/8,53.13
2006/5/9,28.76
2006/5/10,38.93
2006/5/11,82.13
2006/5/12,24.82
2006/5/13,16.1
2006/5/14,65.43
2006/5/15,85.11
2006/5/16,73.68
2006/5/17,13.18
2006/5/18,56.34
2006/5/19,63.98
2006/5/20,31.81
2006/5/21,69.88
2006/5/22,40.19
2006/5/23,40.53
2006/5/24,87.25
2006/5/25,115.25
2006/5/26,125.22
2006/5/27,125.17
2006/5/28,53.4
2006/5/29,122.78
2006/5/30,88.94
2006/5/31,102.87
2006/6/1,85.51
2006/6/2,82.2
2006/6/3,53.07
2006/6/4,85.51
2006/6/5,94.78
2006/6/6,84.25
2006/6/7,50.86
2006/6/8,57.67
2006/6/9,131.22
2006/6/10,29.51
2006/6/11,68.26
2006/6/12,123.7
2006/6/13,49.6
2006/6/14,127.05
2006/6/15,54.5
2006/6/16,45.45
2006/6/17,29.76
2006/6/18,39.29
2006/6/19,32.33
2006/6/20,62.35
2006/6/21,49.97
2006/6/22,27.37
2006/6/23,46.92
2006/6/24,41.1
2006/6/25,64.67
2006/6/26,80.59
2006/6/27,117.82
2006/6/28,49.42
2006/6/29,35.54
2006/6/30,136.32
2006/7/1,50.79
2006/7/2,77.65
2006/7/3,151.17
2006/7/4,46.42
2006/7/5,37.01
2006/7/6,24.42
2006/7/7,74.54
2006/7/8,49.42
2006/7/9,53.06
2006/7/10,38.75
2006/7/11,70.8
2006/7/12,34.15
2006/7/13,23.52
2006/7/14,37.94
2006/7/15,158.2
2006/7/16,86.56
2006/7/17,97.42
2006/7/18,153.25
2006/7/19,175.96
2006/7/20,59.15
2006/7/21,101.59
2006/7/22,168.56
2006/7/23,74.84
2006/7/24,63.32
2006/7/25,30.64
2006/7/26,52.54
2006/7/27,49.91
2006/7/28,26.23
2006/7/29,129.24
2006/7/30,33.55
2006/7/31,85.5
2006/8/1,142.71
2006/8/2,51.98
2006/8/3,26.92
2006/8/4,67.56
2006/8/5,193.6
2006/8/6,58.91
2006/8/7,79.2
2006/8/8,128.03
2006/8/9,153.8
2006/8/10,83.05
2006/8/11,35.19
2006/8/12,21.52
2006/8/13,71.89
2006/8/14,55.21
2006/8/15,85.03
2006/8/16,98.87
2006/8/17,24.82
2006/8/18,22.36
2006/8/19,4.27
2006/8/20,71.7
2006/8/21,96.37
2006/8/22,37.63
2006/8/23,29.26
2006/8/24,139.07
2006/8/25,171.63
2006/8/26,24.88
2006/8/27,75.86
2006/8/28,63.56
2006/8/29,7.5
2006/8/30,45.2
2006/8/31,38.02
2006/9/1,29.55
2006/9/2,23.25
2006/9/3,85.05
2006/9/4,91.44
2006/9/5,38.96
2006/9/6,37.85
2006/9/7,29.76
2006/9/8,125.53
2006/9/9,19.45
2006/9/10,50.42
2006/9/11,64.94
2006/9/12,15.42
2006/9/13,26.25
2006/9/14,27.84
2006/9/15,54.24
2006/9/16,11.02
2006/9/17,39.78
2006/9/18,31.03
2006/9/19,28.47
2006/9/20,28.06
2006/9/21,36.64
2006/9/22,39.32
2006/9/23,30.06
2006/9/24,40.87
2006/9/25,17.66
2006/9/26,11.01
2006/9/27,36.37
2006/9/28,20.07
2006/9/29,29.88
2006/9/30,53.98
2006/10/1,49.2
2006/10/2,12.97
2006/10/3,51.89
2006/10/4,40.4
2006/10/5,25.16
2006/10/6,20.41
2006/10/7,41.3
2006/10/8,53.88
2006/10/9,65.22
2006/10/10,33.23
2006/10/11,45.5
2006/10/12,18.44
2006/10/13,23.62
2006/10/14,29.76
2006/10/15,49.51
2006/10/16,42.85
2006/10/17,143.06
2006/10/18,28.55
2006/10/19,20.71
2006/10/20,88.78
2006/10/21,22.34
2006/10/22,74.24
2006/10/23,40.93
2006/10/24,32.62
2006/10/25,50.21
2006/10/26,46.58
2006/10/27,54.44
2006/10/28,18.28
2006/10/29,51.65
2006/10/30,16.99
2006/10/31,38.38
2006/11/1,26.97
2006/11/2,49.04
2006/11/3,18.12
2006/11/4,14
2006/11/5,48.32
2006/11/6,21.01
2006/11/7,45.65
2006/11/8,40.22
2006/11/9,111.02
2006/11/10,54.02
2006/11/11,140.29
2006/11/12,56.64
2006/11/13,33.95
2006/11/14,21.47
2006/11/15,35.21
2006/11/16,55.84
2006/11/17,60.77
2006/11/18,53.51
2006/11/19,46.24
2006/11/20,20.75
2006/11/21,14.02
2006/11/22,37.22
2006/11/23,13.77
2006/11/24,19.73
2006/11/25,17.13
2006/11/26,48.95
2006/11/27,58.48
2006/11/28,54.82
2006/11/29,178.84
2006/11/30,110.48
2006/12/1,65.43
2006/12/2,15.65
2006/12/3,37.62
2006/12/4,16.81
2006/12/5,34.85
2006/12/6,23.24
2006/12/7,64.49
2006/12/8,30.32
2006/12/9,11.75
2006/12/10,19.34
2006/12/11,56.76
2006/12/12,27.87
2006/12/13,31.72
2006/12/14,19.43
2006/12/15,30.16
2006/12/16,55.68
2006/12/17,42.17
2006/12/18,13.09
2006/12/19,17.15
2006/12/20,16.54
2006/12/21,19.68
2006/12/22,11.83
2006/12/23,17.02
2006/12/24,35.5
2006/12/25,28.33
2006/12/26,51.26
2006/12/27,46.62
2006/12/28,63.92
2006/12/29,79.59
2006/12/30,44.72
2006/12/31,155.94
2007/1/1,59.06
2007/1/2,66.23
2007/1/3,25.81
2007/1/4,68.55
2007/1/5,67.45
2007/1/6,64.57
2007/1/7,56.88
2007/1/8,57.09
2007/1/9,63.25
2007/1/10,56.43
2007/1/11,38.77
2007/1/12,10.68
2007/1/13,46.41
2007/1/14,50.85
2007/1/15,46.25
2007/1/16,47.46
2007/1/17,37.36
2007/1/18,29.85
2007/1/19,51.87
2007/1/20,50.04
2007/1/21,49.2
2007/1/22,50.74
2007/1/23,93.34
2007/1/24,188.68
2007/1/25,25.69
2007/1/26,18.65
2007/1/27,46.72
2007/1/28,62.21
2007/1/29,76.89
2007/1/30,48.31
2007/1/31,110.31
2007/2/1,52.09
2007/2/2,96.61
2007/2/3,40.7
2007/2/4,51.28
2007/2/5,69.74
2007/2/6,60.42
2007/2/7,30.99
2007/2/8,21.94
2007/2/9,48.2
2007/2/10,34.5
2007/2/11,26.99
2007/2/12,110.74
2007/2/13,102.94
2007/2/14,52.82
2007/2/15,25.37
2007/2/16,67.74
2007/2/17,22.37
2007/2/18,39.34
2007/2/19,61.52
2007/2/20,87.03
2007/2/21,50.55
2007/2/22,8.37
2007/2/23,28.59
2007/2/24,63.36
2007/2/25,120.12
2007/2/26,108.73
2007/2/27,100.9
2007/2/28,50.63
2007/3/1,36.69
2007/3/2,33.44
2007/3/3,39.53
2007/3/4,52.61
2007/3/5,36.81
2007/3/6,29.37
2007/3/7,67.22
2007/3/8,62.14
2007/3/9,54.75
2007/3/10,45.17
2007/3/11,81.38
2007/3/12,24.4
2007/3/13,43.65
2007/3/14,36.33
2007/3/15,50.69
2007/3/16,52.51
2007/3/17,15.03
2007/3/18,33.73
2007/3/19,68.74
2007/3/20,138.15
2007/3/21,96.11
2007/3/22,28.86
2007/3/23,130.31
2007/3/24,26.85
2007/3/25,56.8
2007/3/26,25.34
2007/3/27,30.67
2007/3/28,50.68
2007/3/29,164.6
2007/3/30,28.57
2007/3/31,55.33
2007/4/1,55.68
2007/4/2,70.81
2007/4/3,68.92
2007/4/4,70.25
2007/4/5,33.6
2007/4/6,30.39
2007/4/7,55.39
2007/4/8,61.17
2007/4/9,30.26
2007/4/10,58.67
2007/4/11,19.65
2007/4/12,32.13
2007/4/13,13.25
2007/4/14,53.36
2007/4/15,51.3
2007/4/16,37.84
2007/4/17,30.54
2007/4/18,7.4
2007/4/19,9.77
2007/4/20,23.7
2007/4/21,15.43
2007/4/22,34.72
2007/4/23,65.03
2007/4/24,45.82
2007/4/25,39.48
2007/4/26,38.64
2007/4/27,25.52
2007/4/28,167.04
2007/4/29,52.43
2007/4/30,32.94
2007/5/1,70.23
2007/5/2,61.35
2007/5/3,50.99
2007/5/4,53.85
2007/5/5,48.22
2007/5/6,64.44
2007/5/7,72.37
2007/5/8,59.16
2007/5/9,40.49
2007/5/10,23.23
2007/5/11,39.25
2007/5/12,23.05
2007/5/13,36.43
2007/5/14,45.6
2007/5/15,44.48
2007/5/16,82.08
2007/5/17,19.53
2007/5/18,115.85
2007/5/19,53.86
2007/5/20,110.11
2007/5/21,115.74
2007/5/22,99.84
2007/5/23,43.12
2007/5/24,34.33
2007/5/25,52.84
2007/5/26,92.12
2007/5/27,45.32
2007/5/28,16.53
2007/5/29,62.85
2007/5/30,10.16
2007/5/31,42.02
2007/6/1,63.46
2007/6/2,19.67
2007/6/3,28.53
2007/6/4,30.6
2007/6/5,34.39
2007/6/6,40.91
2007/6/7,26.69
2007/6/8,70.91
2007/6/9,32.71
2007/6/10,59.08
2007/6/11,70.79
2007/6/12,61.32
2007/6/13,71.85
2007/6/14,47.6
2007/6/15,57.32
2007/6/16,49.23
2007/6/17,57.84
2007/6/18,49.18
2007/6/19,64.03
2007/6/20,60.8
2007/6/21,41.39
2007/6/22,25.05
2007/6/23,33.19
2007/6/24,88.41
2007/6/25,21.46
2007/6/26,42.83
2007/6/27,62.97
2007/6/28,49.97
2007/6/29,132.17
2007/6/30,29.7
2007/7/1,60.89
2007/7/2,47.75
2007/7/3,14.12
2007/7/4,3.38
2007/7/5,9.79
2007/7/6,28.94
2007/7/7,64.37
2007/7/8,107.42
2007/7/9,85.37
2007/7/10,42.49
2007/7/11,20.82
2007/7/12,66.87
2007/7/13,30.3
2007/7/14,24.67
2007/7/15,69.94
2007/7/16,22.11
2007/7/17,21.08
2007/7/18,30.01
2007/7/19,39.9
2007/7/20,68.54
2007/7/21,4.15
2007/7/22,35.79
2007/7/23,36.68
2007/7/24,10.67
2007/7/25,10.17
2007/7/26,29.04
2007/7/27,39.85
2007/7/28,52.22
2007/7/29,69.94
2007/7/30,38.67
2007/7/31,21.01
2007/8/1,100.97
2007/8/2,71.02
2007/8/3,29.86
2007/8/4,202.12
2007/8/5,49.15
2007/8/6,72.16
2007/8/7,73.2
2007/8/8,41.63
2007/8/9,34.37
2007/8/10,77.02
2007/8/11,123.36
2007/8/12,45.12
2007/8/13,76.72
2007/8/14,103.09
2007/8/15,39.52
2007/8/16,60.99
2007/8/17,150.81
2007/8/18,130.31
2007/8/19,98.92
2007/8/20,140.85
2007/8/21,236.43
2007/8/22,63.95
2007/8/23,48.56
2007/8/24,112.79
2007/8/25,45.74
2007/8/26,54.56
2007/8/27,47.77
2007/8/28,67.56
2007/8/29,41.9
2007/8/30,28.6
2007/8/31,65.25
2007/9/1,113.52
2007/9/2,76.81
2007/9/3,97.78
2007/9/4,93.17
2007/9/5,57.51
2007/9/6,79.46
2007/9/7,126.77
2007/9/8,228.4
2007/9/9,61.98
2007/9/10,63.14
2007/9/11,51.26
2007/9/12,65.39
2007/9/13,30.78
2007/9/14,45.53
2007/9/15,35.65
2007/9/16,58.22
2007/9/17,159.46
2007/9/18,165.32
2007/9/19,89.91
2007/9/20,65.43
2007/9/21,114.52
2007/9/22,78.77
2007/9/23,57.69
2007/9/24,48.7
2007/9/25,80.97
2007/9/26,104.94
2007/9/27,53.43
2007/9/28,30.92
2007/9/29,21.54
2007/9/30,39.77
2007/10/1,69.22
2007/10/2,88.33
2007/10/3,46.73
2007/10/4,30.74
2007/10/5,59.92
2007/10/6,24.9
2007/10/7,51.9
2007/10/8,41.78
2007/10/9,55.77
2007/10/10,142.45
2007/10/11,28.55
2007/10/12,55.05
2007/10/13,70.36
2007/10/14,39.09
2007/10/15,87.39
2007/10/16,141.82
2007/10/17,71.61
2007/10/18,128.85
2007/10/19,69.28
2007/10/20,88.75
2007/10/21,69.52
2007/10/22,56.91
2007/10/23,56.53
2007/10/24,54.3
2007/10/25,51.59
2007/10/26,57.66
2007/10/27,98.58
2007/10/28,46.88
2007/10/29,92.29
2007/10/30,176.2
2007/10/31,85.65
2007/11/1,30.35
2007/11/2,51.96
2007/11/3,95.24
2007/11/4,93.6
2007/11/5,50.29
2007/11/6,77.63
2007/11/7,64.86
2007/11/8,66.91
2007/11/9,124.21
2007/11/10,120.58
2007/11/11,74.97
2007/11/12,28.81
2007/11/13,66.24
2007/11/14,51.47
2007/11/15,73.48
2007/11/16,93.34
2007/11/17,64.12
2007/11/18,44.28
2007/11/19,65.07
2007/11/20,46.66
2007/11/21,75.8
2007/11/22,61.66
2007/11/23,45.28
2007/11/24,33.05
2007/11/25,52.71
2007/11/26,49.97
2007/11/27,36.56
2007/11/28,55.13
2007/11/29,60.7
2007/11/30,70.77
2007/12/1,96.93
2007/12/2,86.27
2007/12/3,83.23
2007/12/4,162.72
2007/12/5,61.03
2007/12/6,83.3
2007/12/7,90.71
2007/12/8,74.4
2007/12/9,53.04
2007/12/10,65.19
2007/12/11,138.66
2007/12/12,168.46
2007/12/13,74.69
2007/12/14,89.71
2007/12/15,147.7
2007/12/16,70.45
2007/12/17,90.9
2007/12/18,197.42
2007/12/19,92.45
2007/12/20,57
2007/12/21,81.49
2007/12/22,24.2
2007/12/23,97.06
2007/12/24,73.96
2007/12/25,73.17
2007/12/26,59.3
2007/12/27,43.32
2007/12/28,69.55
2007/12/29,36.67
2007/12/30,181.62
2007/12/31,127.28
2008/1/1,232.87
2008/1/2,83.14
2008/1/3,189.34
2008/1/4,103.24
2008/1/5,281.75
2008/1/6,134.58
2008/1/7,81.57
2008/1/8,142.48
2008/1/9,123.42
2008/1/10,110.12
2008/1/11,232.13
2008/1/12,162.58
2008/1/13,155.17
2008/1/14,118.27
2008/1/15,110.01
2008/1/16,173.22
2008/1/17,99.6
2008/1/18,98.93
2008/1/19,252.75
2008/1/20,157.56
2008/1/21,155.74
2008/1/22,244.35
2008/1/23,360.3
2008/1/24,194.68
2008/1/25,158.51
2008/1/26,153.02
2008/1/27,216.61
2008/1/28,287.54
2008/1/29,421.02
2008/1/30,184.7
2008/1/31,224.7
2008/2/1,167.94
2008/2/2,106.14
2008/2/3,204.54
2008/2/4,185.99
2008/2/5,111.71
2008/2/6,110.39
2008/2/7,108.91
2008/2/8,67.59
2008/2/9,84.85
2008/2/10,117.98
2008/2/11,208.67
2008/2/12,203.14
2008/2/13,61.36
2008/2/14,90.29
2008/2/15,123.89
2008/2/16,102.15
2008/2/17,122.26
2008/2/18,76.2
2008/2/19,147.05
2008/2/20,116.21
2008/2/21,73.17
2008/2/22,134.5
2008/2/23,72.69
2008/2/24,88.87
2008/2/25,107.27
2008/2/26,70.95
2008/2/27,139.63
2008/2/28,76.74
2008/2/29,142.87
2008/3/1,129.57
2008/3/2,65.04
2008/3/3,89.06
2008/3/4,120.08
2008/3/5,85.3
2008/3/6,94.16
2008/3/7,71.91
2008/3/8,63.05
2008/3/9,77.41
2008/3/10,35.62
2008/3/11,72.04
2008/3/12,75.36
2008/3/13,94.21
2008/3/14,69.27
2008/3/15,98.21
2008/3/16,94.52
2008/3/17,146.24
2008/3/18,319.82
2008/3/19,376.02
2008/3/20,129.08
2008/3/21,114.25
2008/3/22,134.58
2008/3/23,237.49
2008/3/24,72.04
2008/3/25,94.8
2008/3/26,136.5
2008/3/27,89.06
2008/3/28,154.34
2008/3/29,39.64
2008/3/30,323.27
2008/3/31,76
2008/4/1,168.9
2008/4/2,141.52
2008/4/3,106.25
2008/4/4,70.98
2008/4/5,88.27
2008/4/6,128.64
2008/4/7,89.09
2008/4/8,73.85
2008/4/9,71.58
2008/4/10,80.43
2008/4/11,94.47
2008/4/12,104.78
2008/4/13,148.03
2008/4/14,79.5
2008/4/15,119.2
2008/4/16,85.36
2008/4/17,90.72
2008/4/18,28.76
2008/4/19,50.34
2008/4/20,250.9
2008/4/21,149.86
2008/4/22,68.72
2008/4/23,58.26
2008/4/24,50.58
2008/4/25,67.92
2008/4/26,201.08
2008/4/27,111.96
2008/4/28,88.62
2008/4/29,64.67
2008/4/30,80.74
2008/5/1,154.45
2008/5/2,78.45
2008/5/3,67.38
2008/5/4,85.56
2008/5/5,77.59
2008/5/6,116.49
2008/5/7,97.19
2008/5/8,50.12
2008/5/9,76.49
2008/5/10,58.31
2008/5/11,91
2008/5/12,98.62
2008/5/13,55.77
2008/5/14,130.43
2008/5/15,159.26
2008/5/16,110.23
2008/5/17,116.81
2008/5/18,111.29
2008/5/19,72.05
2008/5/20,49.07
2008/5/21,63.32
2008/5/22,74.84
2008/5/23,30.21
2008/5/24,78.36
2008/5/25,104.59
2008/5/26,69.22
2008/5/27,58.15
2008/5/28,112.84
2008/5/29,57.45
2008/5/30,50.64
2008/5/31,70.58
2008/6/1,172.73
2008/6/2,175.25
2008/6/3,97.33
2008/6/4,72.21
2008/6/5,96.16
2008/6/6,69.54
2008/6/7,199.69
2008/6/8,88.5
2008/6/9,64.46
2008/6/10,99.68
2008/6/11,83.44
2008/6/12,126.07
2008/6/13,59.79
2008/6/14,64.65
2008/6/15,92.88
2008/6/16,82.24
2008/6/17,103.47
2008/6/18,58.83
2008/6/19,66.47
2008/6/20,53.68
2008/6/21,66.23
2008/6/22,142.39
2008/6/23,171.46
2008/6/24,135.64
2008/6/25,126.57
2008/6/26,84.23
2008/6/27,42.74
2008/6/28,51.98
2008/6/29,122.11
2008/6/30,84.01
2008/7/1,145.73
2008/7/2,72.47
2008/7/3,77.92
2008/7/4,139.91
2008/7/5,107.46
2008/7/6,154.49
2008/7/7,82.22
2008/7/8,223.53
2008/7/9,131.56
2008/7/10,53.88
2008/7/11,107.95
2008/7/12,82.8
2008/7/13,61.29
2008/7/14,49.1
2008/7/15,195.94
2008/7/16,285.23
2008/7/17,77.94
2008/7/18,82.75
2008/7/19,78.32
2008/7/20,132.63
2008/7/21,86.14
2008/7/22,61.37
2008/7/23,123.09
2008/7/24,81.76
2008/7/25,73.65
2008/7/26,65.19
2008/7/27,75.57
2008/7/28,43.06
2008/7/29,64.12
2008/7/30,71.61
2008/7/31,65.51
2008/8/1,79.1
2008/8/2,54.42
2008/8/3,89.64
2008/8/4,79.26
2008/8/5,73.11
2008/8/6,74.81
2008/8/7,39.49
2008/8/8,55.52
2008/8/9,66.14
2008/8/10,32.29
2008/8/11,86.48
2008/8/12,43.65
2008/8/13,91.02
2008/8/14,92.16
2008/8/15,86.8
2008/8/16,110.2
2008/8/17,90.91
2008/8/18,70.39
2008/8/19,65.92
2008/8/20,50.12
2008/8/21,51.6
2008/8/22,82.71
2008/8/23,355.54
2008/8/24,213.42
2008/8/25,87.11
2008/8/26,147.96
2008/8/27,101.81
2008/8/28,55.81
2008/8/29,114.16
2008/8/30,96.01
2008/8/31,96.96
2008/9/1,58.1
2008/9/2,91.93
2008/9/3,33.39
2008/9/4,56.18
2008/9/5,58.95
2008/9/6,72.72
2008/9/7,65.66
2008/9/8,158.3
2008/9/9,91.86
2008/9/10,127.81
2008/9/11,52.37
2008/9/12,98.38
2008/9/13,62.78
2008/9/14,99.49
2008/9/15,94.73
2008/9/16,307.09
2008/9/17,293.23
2008/9/18,212.06
2008/9/19,316.24
2008/9/20,255.83
2008/9/21,254.93
2008/9/22,185.58
2008/9/23,279.56
2008/9/24,253.41
2008/9/25,216.48
2008/9/26,320.84
2008/9/27,253.05
2008/9/28,188.7
2008/9/29,333.55
2008/9/30,626.03
2008/10/1,361.73
2008/10/2,266.41
2008/10/3,340.91
2008/10/4,253.26
2008/10/5,266.22
2008/10/6,361.39
2008/10/7,236.2
2008/10/8,212.29
2008/10/9,317.8
2008/10/10,184.75
2008/10/11,217.87
2008/10/12,242.38
2008/10/13,147.34
2008/10/14,171.71
2008/10/15,262.46
2008/10/16,307.48
2008/10/17,194.3
2008/10/18,133.1
2008/10/19,373.72
2008/10/20,179.65
2008/10/21,189.48
2008/10/22,195.14
2008/10/23,224.01
2008/10/24,191.34
2008/10/25,193.63
2008/10/26,312.41
2008/10/27,239.75
2008/10/28,215.9
2008/10/29,283.86
2008/10/30,255.12
2008/10/31,215.88
2008/11/1,211.88
2008/11/2,309.24
2008/11/3,231.23
2008/11/4,110.6
2008/11/5,354.54
2008/11/6,280.67
2008/11/7,170.82
2008/11/8,103.08
2008/11/9,231.02
2008/11/10,124.08
2008/11/11,158.61
2008/11/12,135.42
2008/11/13,195.57
2008/11/14,148.8
2008/11/15,110.2
2008/11/16,195.76
2008/11/17,195.75
2008/11/18,252.53
2008/11/19,232.93
2008/11/20,234.81
2008/11/21,359
2008/11/22,274.02
2008/11/23,229.78
2008/11/24,623.45
2008/11/25,319.9
2008/11/26,160.69
2008/11/27,116.67
2008/11/28,160.84
2008/11/29,117.31
2008/11/30,270.26
2008/12/1,228.11
2008/12/2,186.96
2008/12/3,269.74
2008/12/4,136.29
2008/12/5,182.27
2008/12/6,194.41
2008/12/7,202.44
2008/12/8,147.36
2008/12/9,157.56
2008/12/10,128.02
2008/12/11,193.89
2008/12/12,174.09
2008/12/13,84.79
2008/12/14,195.15
2008/12/15,164.55
2008/12/16,121.76
2008/12/17,137.56
2008/12/18,168.51
2008/12/19,180.81
2008/12/20,172.2
2008/12/21,188.47
2008/12/22,77.54
2008/12/23,100.64
2008/12/24,132.24
2008/12/25,126.38
2008/12/26,93.05
2008/12/27,281.65
2008/12/28,263.97
2008/12/29,121.7
2008/12/30,103.49
2008/12/31,208.04
2009/1/1,271.44
2009/1/2,219.41
2009/1/3,208.69
2009/1/4,472.47
2009/1/5,184.03
2009/1/6,240.51
2009/1/7,170.05
2009/1/8,171.65
2009/1/9,168.95
2009/1/10,148.73
2009/1/11,323.49
2009/1/12,242.77
2009/1/13,272.52
2009/1/14,180.09
2009/1/15,150.01
2009/1/16,236.48
2009/1/17,194.65
2009/1/18,248.6
2009/1/19,215.51
2009/1/20,148.55
2009/1/21,225.07
2009/1/22,401.25
2009/1/23,144.54
2009/1/24,139.29
2009/1/25,191.1
2009/1/26,194.28
2009/1/27,206.98
2009/1/28,144.02
2009/1/29,170.17
2009/1/30,211.55
2009/1/31,174.89
2009/2/1,262.38
2009/2/2,205.61
2009/2/3,247.14
2009/2/4,195.65
2009/2/5,192.3
2009/2/6,243.81
2009/2/7,289.18
2009/2/8,192.59
2009/2/9,216.89
2009/2/10,132.88
2009/2/11,241.92
2009/2/12,167.78
2009/2/13,257.65
2009/2/14,240.3
2009/2/15,228.38
2009/2/16,188.06
2009/2/17,181.23
2009/2/18,210.46
2009/2/19,382.43
2009/2/20,183.91
2009/2/21,244.71
2009/2/22,211.26
2009/2/23,186.27
2009/2/24,197.17
2009/2/25,548.95
2009/2/26,310.37
2009/2/27,323.94
2009/2/28,204.86
2009/3/1,198.13
2009/3/2,214.22
2009/3/3,189.65
2009/3/4,167.5
2009/3/5,147.59
2009/3/6,184.59
2009/3/7,214.66
2009/3/8,251.12
2009/3/9,358.83
2009/3/10,170.54
2009/3/11,99.76
2009/3/12,161.59
2009/3/13,186.5
2009/3/14,193.47
2009/3/15,205.33
2009/3/16,145.65
2009/3/17,185.51
2009/3/18,147.33
2009/3/19,134.53
2009/3/20,207.82
2009/3/21,146.71
2009/3/22,218.79
2009/3/23,277.26
2009/3/24,202.96
2009/3/25,124.02
2009/3/26,167.66
2009/3/27,146.4
2009/3/28,154.71
2009/3/29,268.19
2009/3/30,204
2009/3/31,212.96
2009/4/1,134.87
2009/4/2,124.79
2009/4/3,150.81
2009/4/4,58.39
2009/4/5,152.85
2009/4/6,148.5
2009/4/7,124.75
2009/4/8,136.7
2009/4/9,100.16
2009/4/10,101.65
2009/4/11,134.64
2009/4/12,106.17
2009/4/13,117.97
2009/4/14,116.79
2009/4/15,89.04
2009/4/16,111.78
2009/4/17,146.91
2009/4/18,199.39
2009/4/19,122.46
2009/4/20,106.35
2009/4/21,152.61
2009/4/22,304.61
2009/4/23,243.69
2009/4/24,187.13
2009/4/25,129.74
2009/4/26,79.72
2009/4/27,98.97
2009/4/28,118.32
2009/4/29,246.58
2009/4/30,130.17
2009/5/1,116.18
2009/5/2,129.59
2009/5/3,135.43
2009/5/4,130.36
2009/5/5,65.38
2009/5/6,88.77
2009/5/7,103.71
2009/5/8,171.49
2009/5/9,223.31
2009/5/10,95.48
2009/5/11,74.34
2009/5/12,110.55
2009/5/13,75.19
2009/5/14,135.13
2009/5/15,370.6
2009/5/16,84.18
2009/5/17,246.01
2009/5/18,84.97
2009/5/19,69.66
2009/5/20,111.98
2009/5/21,133.56
2009/5/22,105.33
2009/5/23,64.2
2009/5/24,169.61
2009/5/25,145.49
2009/5/26,99.6
2009/5/27,63.82
2009/5/28,95.79
2009/5/29,82.82
2009/5/30,116.63
2009/5/31,110.96
2009/6/1,111.67
2009/6/2,196.26
2009/6/3,76.74
2009/6/4,77.99
2009/6/5,72.36
2009/6/6,48.55
2009/6/7,95.65
2009/6/8,92.38
2009/6/9,120.48
2009/6/10,98.31
2009/6/11,92.19
2009/6/12,61.85
2009/6/13,115.68
2009/6/14,93.16
2009/6/15,109.84
2009/6/16,123.16
2009/6/17,59.24
2009/6/18,70.96
2009/6/19,160.07
2009/6/20,56.01
2009/6/21,137.47
2009/6/22,109.85
2009/6/23,84.88
2009/6/24,93.11
2009/6/25,70.63
2009/6/26,142.31
2009/6/27,335.96
2009/6/28,131.79
2009/6/29,90.88
2009/6/30,85.78
2009/7/1,121.17
2009/7/2,99.06
2009/7/3,82.63
2009/7/4,94.92
2009/7/5,123.73
2009/7/6,173.43
2009/7/7,117.66
2009/7/8,95.39
2009/7/9,69.94
2009/7/10,102.52
2009/7/11,95.19
2009/7/12,186.77
2009/7/13,183.76
2009/7/14,197.32
2009/7/15,109.66
2009/7/16,71.33
2009/7/17,88.11
2009/7/18,102.85
2009/7/19,104.5
2009/7/20,151.49
2009/7/21,83.27
2009/7/22,108.88
2009/7/23,140
2009/7/24,104.47
2009/7/25,75.27
2009/7/26,226.07
2009/7/27,68.67
2009/7/28,63.15
2009/7/29,79.19
2009/7/30,91.24
2009/7/31,353.57
2009/8/1,313.98
2009/8/2,115.8
2009/8/3,129.03
2009/8/4,130.69
2009/8/5,81.17
2009/8/6,59.17
2009/8/7,62.29
2009/8/8,54.74
2009/8/9,112.72
2009/8/10,149.18
2009/8/11,120.98
2009/8/12,90.7
2009/8/13,93.37
2009/8/14,68.02
2009/8/15,43.15
2009/8/16,86.22
2009/8/17,74.75
2009/8/18,69.62
2009/8/19,62.03
2009/8/20,82.7
2009/8/21,91.24
2009/8/22,75.99
2009/8/23,114.74
2009/8/24,84.65
2009/8/25,83.96
2009/8/26,179.18
2009/8/27,46.48
2009/8/28,61.05
2009/8/29,47.78
2009/8/30,106.21
2009/8/31,49.01
2009/9/1,33.47
2009/9/2,68.77
2009/9/3,94.76
2009/9/4,47.03
2009/9/5,66
2009/9/6,127.65
2009/9/7,180.44
2009/9/8,86.08
2009/9/9,178.84
2009/9/10,50.18
2009/9/11,78.7
2009/9/12,96.66
2009/9/13,159.09
2009/9/14,70.08
2009/9/15,96.54
2009/9/16,55.92
2009/9/17,61.67
2009/9/18,74.17
2009/9/19,70.85
2009/9/20,119.1
2009/9/21,72.42
2009/9/22,124.7
2009/9/23,62.44
2009/9/24,55.37
2009/9/25,126.44
2009/9/26,142.26
2009/9/27,64.48
2009/9/28,109.54
2009/9/29,65.55
2009/9/30,96.76
2009/10/1,66.48
2009/10/2,109.71
2009/10/3,127.16
2009/10/4,100.36
2009/10/5,42.01
2009/10/6,46.71
2009/10/7,55.03
2009/10/8,52.82
2009/10/9,84.08
2009/10/10,110.11
2009/10/11,123.34
2009/10/12,54.33
2009/10/13,102.13
2009/10/14,44.56
2009/10/15,82.11
2009/10/16,74.65
2009/10/17,32.71
2009/10/18,119.25
2009/10/19,82.9
2009/10/20,50.51
2009/10/21,82.95
2009/10/22,65.1
2009/10/23,110.76
2009/10/24,67.74
2009/10/25,90.68
2009/10/26,108.78
2009/10/27,82.04
2009/10/28,83.75
2009/10/29,84.73
2009/10/30,108.64
2009/10/31,94.64
2009/11/1,104.88
2009/11/2,63.75
2009/11/3,136.59
2009/11/4,413.44
2009/11/5,133.63
2009/11/6,90.21
2009/11/7,44.14
2009/11/8,85.97
2009/11/9,99.7
2009/11/10,72.02
2009/11/11,119.73
2009/11/12,106.01
2009/11/13,123.13
2009/11/14,63.55
2009/11/15,71.22
2009/11/16,74.62
2009/11/17,100.42
2009/11/18,64.94
2009/11/19,121.51
2009/11/20,94.42
2009/11/21,69.12
2009/11/22,146.03
2009/11/23,136.98
2009/11/24,96.06
2009/11/25,111.36
2009/11/26,138.9
2009/11/27,100.55
2009/11/28,99.57
2009/11/29,100.49
2009/11/30,158.42
2009/12/1,180.98
2009/12/2,67.7
2009/12/3,90.44
2009/12/4,143.53
2009/12/5,92.29
2009/12/6,170.81
2009/12/7,155.63
2009/12/8,151.52
2009/12/9,140.01
2009/12/10,130.07
2009/12/11,109.15
2009/12/12,137.36
2009/12/13,141.74
2009/12/14,103.97
2009/12/15,137.9
2009/12/16,95.05
2009/12/17,88.45
2009/12/18,156.28
2009/12/19,111.61
2009/12/20,144.69
2009/12/21,177.9
2009/12/22,65.89
2009/12/23,113.78
2009/12/24,79.77
2009/12/25,167.34
2009/12/26,156.69
2009/12/27,244.51
2009/12/28,133.63
2009/12/29,68.46
2009/12/30,101.95
2009/12/31,158.19
2010/1/1,174.55
2010/1/2,119.52
2010/1/3,216.95
2010/1/4,150.35
2010/1/5,151.16
2010/1/6,95.95
2010/1/7,92.2
2010/1/8,141.92
2010/1/9,192.83
2010/1/10,192.36
2010/1/11,103.54
2010/1/12,99.13
2010/1/13,69.67
2010/1/14,87.42
2010/1/15,108.55
2010/1/16,79.33
2010/1/17,90.02
2010/1/18,99.53
2010/1/19,110.91
2010/1/20,171.42
2010/1/21,104.34
2010/1/22,124.07
2010/1/23,252.58
2010/1/24,262.69
2010/1/25,339.49
2010/1/26,253.54
2010/1/27,211.21
2010/1/28,236.94
2010/1/29,198.48
2010/1/30,153.89
2010/1/31,174.05
2010/2/1,206.51
2010/2/2,182.49
2010/2/3,147.41
2010/2/4,113.39
2010/2/5,110.4
2010/2/6,245.28
2010/2/7,215.18
2010/2/8,74.59
2010/2/9,114.63
2010/2/10,146.72
2010/2/11,159.47
2010/2/12,143.74
2010/2/13,86.95
2010/2/14,173.68
2010/2/15,196.46
2010/2/16,254.23
2010/2/17,107.08
2010/2/18,110.98
2010/2/19,143.63
2010/2/20,146.53
2010/2/21,254.87
2010/2/22,116.03
2010/2/23,129.91
2010/2/24,121.37
2010/2/25,98.67
2010/2/26,101.35
2010/2/27,143.22
2010/2/28,204.83
2010/3/1,113.2
2010/3/2,134.92
2010/3/3,61.82
2010/3/4,96.37
2010/3/5,125.6
2010/3/6,155.44
2010/3/7,139.54
2010/3/8,104.24
2010/3/9,98.11
2010/3/10,125.13
2010/3/11,97.3
2010/3/12,124.23
2010/3/13,88.91
2010/3/14,100.39
2010/3/15,89.34
2010/3/16,55.81
2010/3/17,107.05
2010/3/18,91.77
2010/3/19,115.47
2010/3/20,101.07
2010/3/21,143.6
2010/3/22,121.97
2010/3/23,193.2
2010/3/24,123.36
2010/3/25,89.01
2010/3/26,125.77
2010/3/27,102.55
2010/3/28,141.35
2010/3/29,91.31
2010/3/30,63.15
2010/3/31,89.89
2010/4/1,84.33
2010/4/2,70.98
2010/4/3,95.1
2010/4/4,160.56
2010/4/5,94.44
2010/4/6,58.02
2010/4/7,127.98
2010/4/8,43.73
2010/4/9,50.11
2010/4/10,75.41
2010/4/11,115.07
2010/4/12,79.97
2010/4/13,46.21
2010/4/14,69.27
2010/4/15,69.8
2010/4/16,75.16
2010/4/17,101.71
2010/4/18,106.99
2010/4/19,78.4
2010/4/20,73.94
2010/4/21,47.05
2010/4/22,80.34
2010/4/23,95.94
2010/4/24,84.55
2010/4/25,126.15
2010/4/26,163.65
2010/4/27,100.2
2010/4/28,108.28
2010/4/29,80.39
2010/4/30,70.76
2010/5/1,47.02
2010/5/2,82.64
2010/5/3,67
2010/5/4,48.43
2010/5/5,108.75
2010/5/6,68.4
2010/5/7,160.17
2010/5/8,265.2
2010/5/9,211.97
2010/5/10,193.88
2010/5/11,90.3
2010/5/12,153.66
2010/5/13,126.18
2010/5/14,116.25
2010/5/15,94.96
2010/5/16,83.87
2010/5/17,78.19
2010/5/18,74.4
2010/5/19,66.07
2010/5/20,62.11
2010/5/21,117.45
2010/5/22,169.1
2010/5/23,93.61
2010/5/24,105.35
2010/5/25,154.58
2010/5/26,83.54
2010/5/27,97.92
2010/5/28,92.98
2010/5/29,174.94
2010/5/30,175.23
2010/5/31,221.3
2010/6/1,88
2010/6/2,78.16
2010/6/3,83.05
2010/6/4,79.31
2010/6/5,113.42
2010/6/6,109.39
2010/6/7,116.92
2010/6/8,193.59
2010/6/9,145.25
2010/6/10,222.64
2010/6/11,105.75
2010/6/12,86.14
2010/6/13,141.76
2010/6/14,103.2
2010/6/15,113
2010/6/16,99.02
2010/6/17,138.77
2010/6/18,128.67
2010/6/19,122.97
2010/6/20,173.79
2010/6/21,104.25
2010/6/22,80.74
2010/6/23,109.74
2010/6/24,140.16
2010/6/25,165.61
2010/6/26,159.51
2010/6/27,126.36
2010/6/28,139.45
2010/6/29,169.44
2010/6/30,190.92
2010/7/1,194.68
2010/7/2,137.95
2010/7/3,160.94
2010/7/4,136.67
2010/7/5,255.93
2010/7/6,139.81
2010/7/7,101.05
2010/7/8,159.82
2010/7/9,200.06
2010/7/10,148.17
2010/7/11,198.2
2010/7/12,185.84
2010/7/13,170.3
2010/7/14,147.54
2010/7/15,132.67
2010/7/16,223.92
2010/7/17,158.33
2010/7/18,161.06
2010/7/19,192.93
2010/7/20,158
2010/7/21,177.21
2010/7/22,356.29
2010/7/23,238.51
2010/7/24,116.77
2010/7/25,245.31
2010/7/26,136.59
2010/7/27,201.62
2010/7/28,155.18
2010/7/29,119.59
2010/7/30,167.86
2010/7/31,202.13
2010/8/1,200.32
2010/8/2,168.93
2010/8/3,128.04
2010/8/4,145.53
2010/8/5,91.49
2010/8/6,156.3
2010/8/7,132.03
2010/8/8,155.81
2010/8/9,149.17
2010/8/10,143.49
2010/8/11,125.01
2010/8/12,154.61
2010/8/13,141.21
2010/8/14,328.09
2010/8/15,192.53
2010/8/16,177.94
2010/8/17,126.51
2010/8/18,111.88
2010/8/19,91.51
2010/8/20,162.27
2010/8/21,169.7
2010/8/22,147.37
2010/8/23,146.06
2010/8/24,112.75
2010/8/25,202.98
2010/8/26,153.88
2010/8/27,174.13
2010/8/28,201.08
2010/8/29,164.77
2010/8/30,235.2
2010/8/31,214.97
2010/9/1,296.8
2010/9/2,113.68
2010/9/3,159.55
2010/9/4,126.39
2010/9/5,298.85
2010/9/6,364.92
2010/9/7,315.25
2010/9/8,233.09
2010/9/9,208.02
2010/9/10,165.88
2010/9/11,243.26
2010/9/12,229.65
2010/9/13,260.5
2010/9/14,317.76
2010/9/15,200.01
2010/9/16,139.28
2010/9/17,163.29
2010/9/18,141.32
2010/9/19,198.57
2010/9/20,235.79
2010/9/21,182.97
2010/9/22,278.65
2010/9/23,131.98
2010/9/24,118.9
2010/9/25,248.99
2010/9/26,242.66
2010/9/27,250.43
2010/9/28,193.93
2010/9/29,204.22
2010/9/30,153.17
2010/10/1,174.77
2010/10/2,183.29
2010/10/3,278.7
2010/10/4,201.85
2010/10/5,167.29
2010/10/6,146.65
2010/10/7,155.11
2010/10/8,213.44
2010/10/9,210.06
2010/10/10,310.53
2010/10/11,255.23
2010/10/12,206.01
2010/10/13,157.99
2010/10/14,402.91
2010/10/15,185.5
2010/10/16,171.19
2010/10/17,344.92
2010/10/18,268.65
2010/10/19,203.27
2010/10/20,206.51
2010/10/21,217.01
2010/10/22,161.12
2010/10/23,184.92
2010/10/24,340.12
2010/10/25,350.64
2010/10/26,265.05
2010/10/27,163.49
2010/10/28,195.22
2010/10/29,239.21
2010/10/30,249.82
2010/10/31,298.32
2010/11/1,204.39
2010/11/2,274.36
2010/11/3,317.26
2010/11/4,273.42
2010/11/5,229.76
2010/11/6,108.89
2010/11/7,167.06
2010/11/8,126.6
2010/11/9,226.72
2010/11/10,96.41
2010/11/11,134.98
2010/11/12,77.25
2010/11/13,155.07
2010/11/14,218.27
2010/11/15,186.6
2010/11/16,123.29
2010/11/17,204.46
2010/11/18,124.95
2010/11/19,167.29
2010/11/20,124.3
2010/11/21,154.75
2010/11/22,150.98
2010/11/23,69.59
2010/11/24,115.72
2010/11/25,167.78
2010/11/26,236.9
2010/11/27,97.5
2010/11/28,181.88
2010/11/29,216.8
2010/11/30,163.66
2010/12/1,138.88
2010/12/2,166.12
2010/12/3,188.06
2010/12/4,115.13
2010/12/5,223.77
2010/12/6,156.81
2010/12/7,156.64
2010/12/8,164.32
2010/12/9,143.55
2010/12/10,219.55
2010/12/11,118.37
2010/12/12,227.72
2010/12/13,193.55
2010/12/14,141.65
2010/12/15,153.08
2010/12/16,149.21
2010/12/17,252.45
2010/12/18,185.69
2010/12/19,142.59
2010/12/20,147.51
2010/12/21,132.73
2010/12/22,129.36
2010/12/23,79.79
2010/12/24,37.25
2010/12/25,151.38
2010/12/26,245.83
2010/12/27,167.35
2010/12/28,134.15
2010/12/29,112.22
2010/12/30,126.1
2010/12/31,180.76
2011/1/1,231.47
2011/1/2,350.22
2011/1/3,179.94
2011/1/4,99.93
2011/1/5,117.62
2011/1/6,210.12
2011/1/7,78.36
2011/1/8,112.44
2011/1/9,208.07
2011/1/10,142.87
2011/1/11,99.18
2011/1/12,143.29
2011/1/13,86.38
2011/1/14,121.36
2011/1/15,145.47
2011/1/16,124.49
2011/1/17,152.8
2011/1/18,130.09
2011/1/19,169.89
2011/1/20,112.69
2011/1/21,109.35
2011/1/22,72.18
2011/1/23,158.18
2011/1/24,160.06
2011/1/25,99.94
2011/1/26,110.03
2011/1/27,113.47
2011/1/28,122.57
2011/1/29,104.16
2011/1/30,151.47
2011/1/31,114.06
2011/2/1,135.88
2011/2/2,81.51
2011/2/3,62.98
2011/2/4,97.16
2011/2/5,175.43
2011/2/6,143.7
2011/2/7,139.94
2011/2/8,108
2011/2/9,80.97
2011/2/10,59.31
2011/2/11,81.01
2011/2/12,159.46
2011/2/13,153.25
2011/2/14,185.5
2011/2/15,156.02
2011/2/16,106.72
2011/2/17,83.15
2011/2/18,97.46
2011/2/19,96.62
2011/2/20,116.84
2011/2/21,119.66
2011/2/22,149.43
2011/2/23,104.96
2011/2/24,117.41
2011/2/25,128.07
2011/2/26,115.8
2011/2/27,173.01
2011/2/28,84.82
2011/3/1,140.96
2011/3/2,202.3
2011/3/3,106.1
2011/3/4,78.77
2011/3/5,73.87
2011/3/6,151.8
2011/3/7,141.02
2011/3/8,143.22
2011/3/9,110.3
2011/3/10,126.24
2011/3/11,170.51
2011/3/12,107.65
2011/3/13,199.64
2011/3/14,193.87
2011/3/15,178.36
2011/3/16,133.15
2011/3/17,145.73
2011/3/18,140.54
2011/3/19,147.62
2011/3/20,221.16
2011/3/21,134.17
2011/3/22,100.29
2011/3/23,106.04
2011/3/24,109.82
2011/3/25,110.94
2011/3/26,161.46
2011/3/27,190.04
2011/3/28,182.28
2011/3/29,124.84
2011/3/30,150.03
2011/3/31,81.91
2011/4/1,148.31
2011/4/2,176.64
2011/4/3,148.13
2011/4/4,103.52
2011/4/5,76.7
2011/4/6,88.4
2011/4/7,163.18
2011/4/8,107.93
2011/4/9,113.46
2011/4/10,124.99
2011/4/11,119.37
2011/4/12,120.58
2011/4/13,84.78
2011/4/14,89.71
2011/4/15,107.61
2011/4/16,122.29
2011/4/17,226.41
2011/4/18,149.96
2011/4/19,129.47
2011/4/20,105.92
2011/4/21,77.9
2011/4/22,168.72
2011/4/23,99.88
2011/4/24,117.05
2011/4/25,118.44
2011/4/26,93.23
2011/4/27,83.58
2011/4/28,66.98
2011/4/29,71.85
2011/4/30,75.96
2011/5/1,109.47
2011/5/2,145.49
2011/5/3,120.64
2011/5/4,100.29
2011/5/5,88.21
2011/5/6,65.14
2011/5/7,88.7
2011/5/8,153.5
2011/5/9,104.29
2011/5/10,108.15
2011/5/11,71.52
2011/5/12,62.3
2011/5/13,94.82
2011/5/14,80.07
2011/5/15,104.64
2011/5/16,123.56
2011/5/17,105.09
2011/5/18,75.09
2011/5/19,95.62
2011/5/20,56.74
2011/5/21,65.68
2011/5/22,145.83
2011/5/23,121.54
2011/5/24,89.39
2011/5/25,115.3
2011/5/26,79.23
2011/5/27,82.4
2011/5/28,70.42
2011/5/29,55.2
2011/5/30,40.03
2011/5/31,71.4
2011/6/1,97.43
2011/6/2,78.19
2011/6/3,120.72
2011/6/4,164.42
2011/6/5,220.17
2011/6/6,107.05
2011/6/7,93.34
2011/6/8,93.84
2011/6/9,86.6
2011/6/10,182.31
2011/6/11,79.23
2011/6/12,168.71
2011/6/13,122.06
2011/6/14,134.01
2011/6/15,76.72
2011/6/16,124.02
2011/6/17,171.5
2011/6/18,157.35
2011/6/19,170.78
2011/6/20,201.65
2011/6/21,95.73
2011/6/22,68.93
2011/6/23,109.84
2011/6/24,124.95
2011/6/25,131.62
2011/6/26,128.73
2011/6/27,108.71
2011/6/28,101.97
2011/6/29,132.5
2011/6/30,128.68
2011/7/1,75.9
2011/7/2,73.02
2011/7/3,163.12
2011/7/4,100.21
2011/7/5,118.28
2011/7/6,134.79
2011/7/7,99.83
2011/7/8,199.44
2011/7/9,265.12
2011/7/10,149.09
2011/7/11,250.81
2011/7/12,187.56
2011/7/13,129.06
2011/7/14,170.74
2011/7/15,163.6
2011/7/16,152.65
2011/7/17,216.46
2011/7/18,99.15
2011/7/19,136.4
2011/7/20,116.97
2011/7/21,121.99
2011/7/22,199.37
2011/7/23,355.29
2011/7/24,305.8
2011/7/25,338.91
2011/7/26,266.01
2011/7/27,261.74
2011/7/28,254.85
2011/7/29,291.21
2011/7/30,487.28
2011/7/31,320.02
2011/8/1,329.02
2011/8/2,490.89
2011/8/3,356.2
2011/8/4,130.12
2011/8/5,189.76
2011/8/6,323.25
2011/8/7,319.21
2011/8/8,476.87
2011/8/9,443.48
2011/8/10,305.99
2011/8/11,230.29
2011/8/12,359.28
2011/8/13,226.53
2011/8/14,285.02
2011/8/15,253.66
2011/8/16,203.84
2011/8/17,146.26
2011/8/18,173.87
2011/8/19,252.25
2011/8/20,224.34
2011/8/21,345.06
2011/8/22,232.55
2011/8/23,230.6
2011/8/24,194.72
2011/8/25,123.67
2011/8/26,215.31
2011/8/27,184.23
2011/8/28,147.46
2011/8/29,178.83
2011/8/30,146
2011/8/31,152.92
2011/9/1,252.61
2011/9/2,234.96
2011/9/3,570.11
2011/9/4,263.98
2011/9/5,281.88
2011/9/6,245.23
2011/9/7,185.2
2011/9/8,316.78
2011/9/9,277.01
2011/9/10,192.66
2011/9/11,160.25
2011/9/12,157.25
2011/9/13,315.92
2011/9/14,271.84
2011/9/15,224.41
2011/9/16,237.76
2011/9/17,136.73
2011/9/18,268.06
2011/9/19,247.22
2011/9/20,216.69
2011/9/21,189.98
2011/9/22,112.34
2011/9/23,112.93
2011/9/24,108.74
2011/9/25,228.42
2011/9/26,273.93
2011/9/27,207.28
2011/9/28,148.13
2011/9/29,100.61
2011/9/30,106.29
2011/10/1,99.06
2011/10/2,165.91
2011/10/3,171.61
2011/10/4,183.46
2011/10/5,143.93
2011/10/6,67.52
2011/10/7,141.09
2011/10/8,150.56
2011/10/9,158.26
2011/10/10,136.1
2011/10/11,170.18
2011/10/12,95.29
2011/10/13,144
2011/10/14,393.25
2011/10/15,94.38
2011/10/16,168.41
2011/10/17,88.96
2011/10/18,110.32
2011/10/19,104.7
2011/10/20,153.42
2011/10/21,106.79
2011/10/22,144.36
2011/10/23,121.69
2011/10/24,99.31
2011/10/25,127.73
2011/10/26,128.2
2011/10/27,73.65
2011/10/28,123.53
2011/10/29,58.87
2011/10/30,115.53
2011/10/31,106.27
2011/11/1,85.57
2011/11/2,82.6
2011/11/3,74.38
2011/11/4,101.41
2011/11/5,159.9
2011/11/6,123.34
2011/11/7,65.81
2011/11/8,102.3
2011/11/9,98.42
2011/11/10,146.92
2011/11/11,191.23
2011/11/12,222.04
2011/11/13,141.87
2011/11/14,186.38
2011/11/15,116.71
2011/11/16,161.74
2011/11/17,113.76
2011/11/18,100.23
2011/11/19,101.25
2011/11/20,199.89
2011/11/21,175.43
2011/11/22,230.78
2011/11/23,176.33
2011/11/24,87.27
2011/11/25,165.18
2011/11/26,123.34
2011/11/27,165.74
2011/11/28,120.85
2011/11/29,100.85
2011/11/30,90.16
2011/12/1,115.59
2011/12/2,184.64
2011/12/3,134.05
2011/12/4,270.31
2011/12/5,180.69
2011/12/6,101.98
2011/12/7,168.73
2011/12/8,89.75
2011/12/9,176.26
2011/12/10,197.01
2011/12/11,355.02
2011/12/12,270.45
2011/12/13,198.44
2011/12/14,167.64
2011/12/15,106.34
2011/12/16,164.61
2011/12/17,97.99
2011/12/18,186.08
2011/12/19,235.34
2011/12/20,203.98
2011/12/21,180.75
2011/12/22,137.25
2011/12/23,204.63
2011/12/24,235.44
2011/12/25,288.84
2011/12/26,255.97
2011/12/27,219.79
2011/12/28,133.43
2011/12/29,170.36
2011/12/30,140.77
2011/12/31,193.99
2012/1/1,419.03
2012/1/2,217.29
2012/1/3,200.32
2012/1/4,159.76
2012/1/5,92.24
2012/1/6,134.12
2012/1/7,108.81
2012/1/8,218.93
2012/1/9,126.95
2012/1/10,84.34
2012/1/11,168.32
2012/1/12,111.69
2012/1/13,162.32
2012/1/14,55.13
2012/1/15,175.45
2012/1/16,128.39
2012/1/17,147.06
2012/1/18,103.11
2012/1/19,185.3
2012/1/20,118.88
2012/1/21,183.79
2012/1/22,233.12
2012/1/23,158.58
2012/1/24,163.32
2012/1/25,284.94
2012/1/26,124.86
2012/1/27,94.26
2012/1/28,71.47
2012/1/29,191.71
2012/1/30,125.16
2012/1/31,92.52
2012/2/1,123.13
2012/2/2,103.72
2012/2/3,145.63
2012/2/4,89.01
2012/2/5,138.03
2012/2/6,153.87
2012/2/7,103.69
2012/2/8,106.66
2012/2/9,93.89
2012/2/10,168.02
2012/2/11,76.07
2012/2/12,133.04
2012/2/13,91.89
2012/2/14,122.49
2012/2/15,65.95
2012/2/16,128.4
2012/2/17,180.16
2012/2/18,92.34
2012/2/19,155.64
2012/2/20,128.48
2012/2/21,109.8
2012/2/22,119.14
2012/2/23,58.2
2012/2/24,66.25
2012/2/25,133.22
2012/2/26,168.38
2012/2/27,87.58
2012/2/28,73.57
2012/2/29,51.9
2012/3/1,91.38
2012/3/2,66.24
2012/3/3,76.54
2012/3/4,93.62
2012/3/5,74.99
2012/3/6,73.46
2012/3/7,90.74
2012/3/8,54.01
2012/3/9,76.37
2012/3/10,77.02
2012/3/11,134.93
2012/3/12,130.28
2012/3/13,59.01
2012/3/14,101.42
2012/3/15,83.56
2012/3/16,106.65
2012/3/17,92.84
2012/3/18,99.13
2012/3/19,105.58
2012/3/20,63.51
2012/3/21,66.71
2012/3/22,75.81
2012/3/23,74.64
2012/3/24,98.86
2012/3/25,116.13
2012/3/26,135.98
2012/3/27,84.91
2012/3/28,80.81
2012/3/29,99.07
2012/3/30,131.3
2012/3/31,82.22
2012/4/1,140.79
2012/4/2,71.2
2012/4/3,117.31
2012/4/4,78.88
2012/4/5,58.01
2012/4/6,73.89
2012/4/7,129.18
2012/4/8,111.03
2012/4/9,87.04
2012/4/10,78.05
2012/4/11,167.23
2012/4/12,43.06
2012/4/13,63.72
2012/4/14,52.98
2012/4/15,124.56
2012/4/16,78.95
2012/4/17,82.11
2012/4/18,90.56
2012/4/19,89.96
2012/4/20,35.44
2012/4/21,48.26
2012/4/22,104.53
2012/4/23,61.67
2012/4/24,199.47
2012/4/25,87.5
2012/4/26,89.07
2012/4/27,177.79
2012/4/28,83.24
2012/4/29,111.33
2012/4/30,111.81
2012/5/1,91.67
2012/5/2,125.35
2012/5/3,81.3
2012/5/4,87.03
2012/5/5,114.87
2012/5/6,146.4
2012/5/7,164.79
2012/5/8,218.27
2012/5/9,159.06
2012/5/10,72.03
2012/5/11,81.38
2012/5/12,79.63
2012/5/13,176.18
2012/5/14,124.65
2012/5/15,146.71
2012/5/16,117.36
2012/5/17,93.44
2012/5/18,130.74
2012/5/19,119.13
2012/5/20,158.16
2012/5/21,206
2012/5/22,129.21
2012/5/23,93.86
2012/5/24,99.17
2012/5/25,106.54
2012/5/26,119.47
2012/5/27,109.08
2012/5/28,80.7
2012/5/29,111.45
2012/5/30,75.26
2012/5/31,108.36
2012/6/1,169.4
2012/6/2,289.7
2012/6/3,265.21
2012/6/4,173.04
2012/6/5,101.15
2012/6/6,148.17
2012/6/7,151.88
2012/6/8,127.91
2012/6/9,93.17
2012/6/10,179.49
2012/6/11,160.88
2012/6/12,92.04
2012/6/13,142.39
2012/6/14,76.57
2012/6/15,218
2012/6/16,252.7
2012/6/17,185.89
2012/6/18,191.92
2012/6/19,133.65
2012/6/20,162.54
2012/6/21,162.47
2012/6/22,202.5
2012/6/23,71.63
2012/6/24,200.69
2012/6/25,167.88
2012/6/26,91.77
2012/6/27,190.31
2012/6/28,158.77
2012/6/29,304.81
2012/6/30,222.24
2012/7/1,187.35
2012/7/2,147.52
2012/7/3,104.67
2012/7/4,167.88
2012/7/5,108.29
2012/7/6,145.09
2012/7/7,232.38
2012/7/8,189.02
2012/7/9,142.06
2012/7/10,251.27
2012/7/11,268.08
2012/7/12,184.75
2012/7/13,278.29
2012/7/14,191.24
2012/7/15,175.6
2012/7/16,212.41
2012/7/17,205.58
2012/7/18,213.86
2012/7/19,168.71
2012/7/20,172.74
2012/7/21,187.06
2012/7/22,182.35
2012/7/23,157.65
2012/7/24,139.34
2012/7/25,134.93
2012/7/26,68.36
2012/7/27,128.12
2012/7/28,115.78
2012/7/29,182.58
2012/7/30,166.93
2012/7/31,109.48
2012/8/1,138.78
2012/8/2,130.32
2012/8/3,168.04
2012/8/4,248.31
2012/8/5,250.05
2012/8/6,143.81
2012/8/7,141.07
2012/8/8,86.84
2012/8/9,90.46
2012/8/10,100.51
2012/8/11,139.86
2012/8/12,243.35
2012/8/13,177.44
2012/8/14,168.47
2012/8/15,135.19
2012/8/16,148.34
2012/8/17,114.42
2012/8/18,134.55
2012/8/19,187.33
2012/8/20,110.74
2012/8/21,110.31
2012/8/22,104.4
2012/8/23,132.5
2012/8/24,203.4
2012/8/25,132.36
2012/8/26,157.88
2012/8/27,118.65
2012/8/28,102.07
2012/8/29,110.02
2012/8/30,149.59
2012/8/31,259.97
2012/9/1,131.72
2012/9/2,152.36
2012/9/3,134.67
2012/9/4,117.1
2012/9/5,140.89
2012/9/6,135.68
2012/9/7,195.5
2012/9/8,90.85
2012/9/9,161.35
2012/9/10,125.36
2012/9/11,68.01
2012/9/12,121.8
2012/9/13,150.37
2012/9/14,212.66
2012/9/15,187.6
2012/9/16,122.14
2012/9/17,112.47
2012/9/18,170.21
2012/9/19,174.22
2012/9/20,133.41
2012/9/21,152.08
2012/9/22,137.51
2012/9/23,217.75
2012/9/24,203.28
2012/9/25,126.11
2012/9/26,105.56
2012/9/27,79.76
2012/9/28,159.61
2012/9/29,161.08
2012/9/30,217
2012/10/1,178.17
2012/10/2,138.68
2012/10/3,152.28
2012/10/4,108.3
2012/10/5,208.37
2012/10/6,87.67
2012/10/7,207.07
2012/10/8,130.89
2012/10/9,118.2
2012/10/10,129.14
2012/10/11,127.14
2012/10/12,114.5
2012/10/13,111.03
2012/10/14,156.42
2012/10/15,197.95
2012/10/16,199.82
2012/10/17,196.86
2012/10/18,205.58
2012/10/19,170.07
2012/10/20,178.57
2012/10/21,250.82
2012/10/22,155.59
2012/10/23,113.57
2012/10/24,118.63
2012/10/25,128.87
2012/10/26,210.63
2012/10/27,142.45
2012/10/28,215.73
2012/10/29,235.95
2012/10/30,182.04
2012/10/31,141.64
2012/11/1,196.81
2012/11/2,82.44
2012/11/3,224.11
2012/11/4,212.98
2012/11/5,225.43
2012/11/6,195.5
2012/11/7,358
2012/11/8,241.14
2012/11/9,278.07
2012/11/10,225.13
2012/11/11,265.14
2012/11/12,188.45
2012/11/13,207.36
2012/11/14,213.51
2012/11/15,195.26
2012/11/16,194.72
2012/11/17,119.39
2012/11/18,241.26
2012/11/19,203.57
2012/11/20,192.6
2012/11/21,159.8
2012/11/22,69.91
2012/11/23,272.9
2012/11/24,190.85
2012/11/25,283.55
2012/11/26,212.05
2012/11/27,177.67
2012/11/28,152.15
2012/11/29,214.4
2012/11/30,251.56
2012/12/1,121.33
2012/12/2,177.86
2012/12/3,174.34
2012/12/4,243.44
2012/12/5,182.4
2012/12/6,244.15
2012/12/7,194.02
2012/12/8,194.39
2012/12/9,221.87
2012/12/10,166.13
2012/12/11,316.27
2012/12/12,161.39
2012/12/13,231.84
2012/12/14,162.65
2012/12/15,128.86
2012/12/16,293.93
2012/12/17,230.8
2012/12/18,136.6
2012/12/19,77.04
2012/12/20,146.83
2012/12/21,188.68
2012/12/22,188.83
2012/12/23,242.39
2012/12/24,236.44
2012/12/25,151.1
2012/12/26,231.81
2012/12/27,350.12
2012/12/28,251.11
2012/12/29,346.49
2012/12/30,321.81
2012/12/31,249.99
2013/1/1,548.47
2013/1/2,329.02
2013/1/3,366.82
2013/1/4,287.9
2013/1/5,272.15
2013/1/6,353.9
2013/1/7,242.97
2013/1/8,113.9
2013/1/9,101.68
2013/1/10,96.78
2013/1/11,196.09
2013/1/12,85.22
2013/1/13,159.23
2013/1/14,170.1
2013/1/15,133.24
2013/1/16,188.22
2013/1/17,131.98
2013/1/18,247.95
2013/1/19,346.93
2013/1/20,170.57
2013/1/21,332.22
2013/1/22,150.73
2013/1/23,168.82
2013/1/24,166.64
2013/1/25,174.97
2013/1/26,127.03
2013/1/27,135.84
2013/1/28,103.21
2013/1/29,140.52
2013/1/30,154.76
2013/1/31,126.24
2013/2/1,124.41
2013/2/2,157.19
2013/2/3,243.55
2013/2/4,154.01
2013/2/5,108.14
2013/2/6,112.99
2013/2/7,91.62
2013/2/8,72.22
2013/2/9,66.61
2013/2/10,87.64
2013/2/11,75.91
2013/2/12,106.26
2013/2/13,112.16
2013/2/14,94.18
2013/2/15,164.94
2013/2/16,131.23
2013/2/17,184.96
2013/2/18,136.77
2013/2/19,72.63
2013/2/20,95.67
2013/2/21,153.96
2013/2/22,134.46
2013/2/23,122.93
2013/2/24,237.51
2013/2/25,267.23
2013/2/26,335.75
2013/2/27,186.2
2013/2/28,234.74
2013/3/1,324.04
2013/3/2,202.86
2013/3/3,122.32
2013/3/4,160.7
2013/3/5,144.85
2013/3/6,172.55
2013/3/7,100.39
2013/3/8,95.85
2013/3/9,233.7
2013/3/10,136.13
2013/3/11,117.47
2013/3/12,111.62
2013/3/13,122.09
2013/3/14,58.06
2013/3/15,104.12
2013/3/16,77.03
2013/3/17,148.54
2013/3/18,115.79
2013/3/19,130.57
2013/3/20,144.81
2013/3/21,156.2
2013/3/22,105.79
2013/3/23,109.54
2013/3/24,126.08
2013/3/25,178.57
2013/3/26,163.29
2013/3/27,177.06
2013/3/28,72.92
2013/3/29,90.71
2013/3/30,115.02
2013/3/31,154.03
2013/4/1,104.12
2013/4/2,86.12
2013/4/3,85.68
2013/4/4,101.29
2013/4/5,104.65
2013/4/6,138.62
2013/4/7,123.55
2013/4/8,64.04
2013/4/9,68.93
2013/4/10,145.88
2013/4/11,55.27
2013/4/12,42.73
2013/4/13,84.41
2013/4/14,114.58
2013/4/15,138.99
2013/4/16,27.22
2013/4/17,86.66
2013/4/18,51.21
2013/4/19,57.5
2013/4/20,83.67
2013/4/21,106.18
2013/4/22,64.71
2013/4/23,111.75
2013/4/24,126.26
2013/4/25,44.58
2013/4/26,92.18
2013/4/27,59.83
2013/4/28,115.63
2013/4/29,107.23
2013/4/30,81.56
2013/5/1,74.13
2013/5/2,101.98
2013/5/3,104.35
2013/5/4,91
2013/5/5,103.25
2013/5/6,68.88
2013/5/7,110.22
2013/5/8,60.31
2013/5/9,30.12
2013/5/10,65.03
2013/5/11,95.81
2013/5/12,100.52
2013/5/13,51.8
2013/5/14,166.99
2013/5/15,60.66
2013/5/16,75.24
2013/5/17,27.77
2013/5/18,93.67
2013/5/19,96.28
2013/5/20,76.24
2013/5/21,54.39
2013/5/22,78.07
2013/5/23,68.76
2013/5/24,75.95
2013/5/25,50.14
2013/5/26,109.35
2013/5/27,87.19
2013/5/28,56.65
2013/5/29,69.87
2013/5/30,58.2
2013/5/31,66.84
2013/6/1,68.25
2013/6/2,65.5
2013/6/3,85.84
2013/6/4,60.51
2013/6/5,63.07
2013/6/6,60.6
2013/6/7,63.43
2013/6/8,101.54
2013/6/9,72.35
2013/6/10,76.66
2013/6/11,83.91
2013/6/12,81.19
2013/6/13,48.34
2013/6/14,89.93
2013/6/15,52.02
2013/6/16,102.86
2013/6/17,108.54
2013/6/18,96.83
2013/6/19,117.49
2013/6/20,58.6
2013/6/21,89.92
2013/6/22,67.01
2013/6/23,62.97
2013/6/24,79.15
2013/6/25,69.15
2013/6/26,74.89
2013/6/27,65.35
2013/6/28,116.34
2013/6/29,145.73
2013/6/30,122.13
2013/7/1,78.43
2013/7/2,89.93
2013/7/3,74.91
2013/7/4,116.71
2013/7/5,191.82
2013/7/6,186.17
2013/7/7,190.28
2013/7/8,153.37
2013/7/9,142.43
2013/7/10,64.98
2013/7/11,26.79
2013/7/12,50.01
2013/7/13,59.42
2013/7/14,97.13
2013/7/15,75.52
2013/7/16,90.59
2013/7/17,70.45
2013/7/18,46.82
2013/7/19,87.73
2013/7/20,29.45
2013/7/21,89.47
2013/7/22,177.9
2013/7/23,63.97
2013/7/24,107.63
2013/7/25,57.31
2013/7/26,28.78
2013/7/27,58.63
2013/7/28,96.41
2013/7/29,133.04
2013/7/30,76.21
2013/7/31,77.62
2013/8/1,92.95
2013/8/2,57.34
2013/8/3,117.54
2013/8/4,116.55
2013/8/5,65.12
2013/8/6,60.63
2013/8/7,100.46
2013/8/8,83.3
2013/8/9,99.01
2013/8/10,137.39
2013/8/11,145.71
2013/8/12,80.69
2013/8/13,82.77
2013/8/14,65.28
2013/8/15,43.95
2013/8/16,76.5
2013/8/17,67.78
2013/8/18,121.14
2013/8/19,136.62
2013/8/20,111.56
2013/8/21,96.17
2013/8/22,89.29
2013/8/23,45.99
2013/8/24,106.31
2013/8/25,124.21
2013/8/26,124.03
2013/8/27,86.16
2013/8/28,64.04
2013/8/29,87.64
2013/8/30,91.16
2013/8/31,101.91
2013/9/1,100.75
2013/9/2,137.6
2013/9/3,168.05
2013/9/4,133.57
2013/9/5,121.68
2013/9/6,174.48
2013/9/7,179.74
2013/9/8,95.48
2013/9/9,59.96
2013/9/10,53
2013/9/11,96.02
2013/9/12,59.84
2013/9/13,39.94
2013/9/14,91.28
2013/9/15,83.42
2013/9/16,149.94
2013/9/17,127.79
2013/9/18,84.39
2013/9/19,87.37
2013/9/20,160.51
2013/9/21,230.7
2013/9/22,115.33
2013/9/23,105.52
2013/9/24,127.69
2013/9/25,134.2
2013/9/26,83.62
2013/9/27,91.83
2013/9/28,124
2013/9/29,127.01
2013/9/30,156.8
2013/10/1,271.77
2013/10/2,205.03
2013/10/3,142.62
2013/10/4,187.28
2013/10/5,170.83
2013/10/6,173.15
2013/10/7,135.95
2013/10/8,198.47
2013/10/9,164.69
2013/10/10,208.16
2013/10/11,197.5
2013/10/12,173.8
2013/10/13,255.14
2013/10/14,317.57
2013/10/15,311.33
2013/10/16,302.38
2013/10/17,323.65
2013/10/18,199.23
2013/10/19,151.96
2013/10/20,152.96
2013/10/21,10.92
2013/10/22,101.82
2013/10/23,172.74
2013/10/24,85.92
2013/10/25,125.94
2013/10/26,75.55
2013/10/27,145.56
2013/10/28,87.68
2013/10/29,168.7
2013/10/30,178.66
2013/10/31,67.75
2013/11/1,45.43
2013/11/2,118.26
2013/11/3,146.81
2013/11/4,146.15
2013/11/5,63.38
2013/11/6,57.22
2013/11/7,46.97
2013/11/8,84.94
2013/11/9,116.91
2013/11/10,77.95
2013/11/11,179.62
2013/11/12,7.71
2013/11/13,55.9
2013/11/14,48.95
2013/11/15,68.24
2013/11/16,85.4
2013/11/17,86.17
2013/11/18,98.11
2013/11/19,83.02
2013/11/20,94.99
2013/11/21,92.72
2013/11/22,67.16
2013/11/23,26.78
2013/11/24,94.28
2013/11/25,138.46
2013/11/26,36.52
2013/11/27,41.47
2013/11/28,116.17
2013/11/29,95.19
2013/11/30,93.59
2013/12/1,119.23
2013/12/2,115.32
2013/12/3,103.28
2013/12/4,98.29
2013/12/5,71.41
2013/12/6,59.69
2013/12/7,77.94
2013/12/8,72.95
2013/12/9,67.72
2013/12/10,98.47
2013/12/11,101.72
2013/12/12,110.87
2013/12/13,127.96
2013/12/14,105.51
2013/12/15,96.72
2013/12/16,100.86
2013/12/17,99.02
2013/12/18,97.71
2013/12/19,152.19
2013/12/20,52.07
2013/12/21,64.44
2013/12/22,158.54
2013/12/23,75.16
2013/12/24,29.66
2013/12/25,50.02
2013/12/26,33.17
2013/12/27,71.17
2013/12/28,70.37
2013/12/29,121.37
2013/12/30,86.24
2013/12/31,130.03
2014/1/1,173.05
2014/1/2,103.08
2014/1/3,113.11
2014/1/4,77.86
2014/1/5,144.91
2014/1/6,121.14
2014/1/7,93.88
2014/1/8,106.42
2014/1/9,60.31
2014/1/10,67.96
2014/1/11,63.29
2014/1/12,130.09
2014/1/13,100.01
2014/1/14,57.03
2014/1/15,67.7
2014/1/16,80.94
2014/1/17,66.52
2014/1/18,36.74
2014/1/19,54.61
2014/1/20,118.21
2014/1/21,93.53
2014/1/22,141.56
2014/1/23,92.85
2014/1/24,84.12
2014/1/25,70.48
2014/1/26,98.1
2014/1/27,75.34
2014/1/28,162.84
2014/1/29,178.46
2014/1/30,86.19
2014/1/31,44.12
2014/2/1,20.22
2014/2/2,60.3
2014/2/3,77.68
2014/2/4,72.24
2014/2/5,103.64
2014/2/6,137.27
2014/2/7,71.97
2014/2/8,49.83
2014/2/9,81.59
2014/2/10,67.15
2014/2/11,78.69
2014/2/12,50.56
2014/2/13,55.58
2014/2/14,43.97
2014/2/15,68.03
2014/2/16,139.89
2014/2/17,78.93
2014/2/18,64.56
2014/2/19,64.88
2014/2/20,67.61
2014/2/21,120.78
2014/2/22,144.8
2014/2/23,140.59
2014/2/24,130.38
2014/2/25,123.05
2014/2/26,87.53
2014/2/27,64.84
2014/2/28,71.2
2014/3/1,49.83
2014/3/2,61.06
2014/3/3,59.55
2014/3/4,48.72
2014/3/5,54.92
2014/3/6,59.46
2014/3/7,59.24
2014/3/8,54.2
2014/3/9,71.32
2014/3/10,78.46
2014/3/11,63.35
2014/3/12,24.21
2014/3/13,45.47
2014/3/14,74
2014/3/15,46.45
2014/3/16,60.58
2014/3/17,76.93
2014/3/18,77.69
2014/3/19,48.95
2014/3/20,147.38
2014/3/21,118.59
2014/3/22,170.52
2014/3/23,259.88
2014/3/24,73.83
2014/3/25,17.16
2014/3/26,63.13
2014/3/27,50.81
2014/3/28,86.49
2014/3/29,59.78
2014/3/30,53.83
2014/3/31,45.06
2014/4/1,78.62
2014/4/2,48.76
2014/4/3,55.73
2014/4/4,56.51
2014/4/5,29.41
2014/4/6,52.98
2014/4/7,83.61
2014/4/8,154.81
2014/4/9,48.04
2014/4/10,37.87
2014/4/11,24.93
2014/4/12,66.57
2014/4/13,91.21
2014/4/14,160.58
2014/4/15,46.8
2014/4/16,44.05
2014/4/17,25.15
2014/4/18,51.83
2014/4/19,51.59
2014/4/20,83.81
2014/4/21,61.87
2014/4/22,51.29
2014/4/23,58.66
2014/4/24,51.78
2014/4/25,62.12
2014/4/26,80.87
2014/4/27,68.09
2014/4/28,86.12
2014/4/29,64.01
2014/4/30,35.13
2014/5/1,70.5
2014/5/2,52.59
2014/5/3,41.58
2014/5/4,187.89
2014/5/5,82.21
2014/5/6,98.03
2014/5/7,52.67
2014/5/8,125.36
2014/5/9,55.25
2014/5/10,57.11
2014/5/11,54.05
2014/5/12,77.42
2014/5/13,87.93
2014/5/14,89.46
2014/5/15,64.81
2014/5/16,83.17
2014/5/17,18.35
2014/5/18,45.83
2014/5/19,53.82
2014/5/20,69.59
2014/5/21,64.03
2014/5/22,33.53
2014/5/23,80.12
2014/5/24,43.14
2014/5/25,61.87
2014/5/26,32.79
2014/5/27,50.23
2014/5/28,123.09
2014/5/29,35.24
2014/5/30,66.44
2014/5/31,62.38
2014/6/1,83.16
2014/6/2,75.4
2014/6/3,225.3
2014/6/4,46.18
2014/6/5,49.48
2014/6/6,40.75
2014/6/7,79.59
2014/6/8,178.63
2014/6/9,66.76
2014/6/10,52.35
2014/6/11,125.44
2014/6/12,100.98
2014/6/13,47.2
2014/6/14,57.97
2014/6/15,48.58
2014/6/16,55.79
2014/6/17,20.72
2014/6/18,59.16
2014/6/19,81.39
2014/6/20,57.19
2014/6/21,80.29
2014/6/22,48.23
2014/6/23,107.54
2014/6/24,58.69
2014/6/25,54.36
2014/6/26,22.32
2014/6/27,24.48
2014/6/28,13.92
2014/6/29,61.06
2014/6/30,43.97
2014/7/1,94.53
2014/7/2,85.01
2014/7/3,41.51
2014/7/4,52.44
2014/7/5,79.35
2014/7/6,124.77
2014/7/7,61.4
2014/7/8,28.93
2014/7/9,49.91
2014/7/10,48.39
2014/7/11,50.23
2014/7/12,75.13
2014/7/13,134.75
2014/7/14,124.54
2014/7/15,116.32
2014/7/16,131.66
2014/7/17,72.31
2014/7/18,77.84
2014/7/19,88.06
2014/7/20,44.15
2014/7/21,67.14
2014/7/22,56.64
2014/7/23,49.67
2014/7/24,36.53
2014/7/25,34.26
2014/7/26,56.98
2014/7/27,62.97
2014/7/28,49.75
2014/7/29,44.45
2014/7/30,117.01
2014/7/31,87.58
2014/8/1,53.1
2014/8/2,92.27
2014/8/3,91.65
2014/8/4,131.99
2014/8/5,80.24
2014/8/6,32.5
2014/8/7,41.62
2014/8/8,61.58
2014/8/9,34.97
2014/8/10,36.22
2014/8/11,94.95
2014/8/12,18.35
2014/8/13,18.04
2014/8/14,29.12
2014/8/15,74.06
2014/8/16,71.63
2014/8/17,51.56
2014/8/18,34.34
2014/8/19,40.12
2014/8/20,23.74
2014/8/21,24.43
2014/8/22,65.61
2014/8/23,143.64
2014/8/24,52.31
2014/8/25,54.94
2014/8/26,32.55
2014/8/27,40.32
2014/8/28,44.61
2014/8/29,30.07
2014/8/30,27.35
2014/8/31,31.79
2014/9/1,102.15
2014/9/2,79.82
2014/9/3,38.15
2014/9/4,29.58
2014/9/5,32.64
2014/9/6,42.79
2014/9/7,75.91
2014/9/8,23.52
2014/9/9,65.54
2014/9/10,66.45
2014/9/11,43.16
2014/9/12,49.62
2014/9/13,54.57
2014/9/14,63.5
2014/9/15,132.42
2014/9/16,34.58
2014/9/17,40.9
2014/9/18,26.32
2014/9/19,31.65
2014/9/20,83.75
2014/9/21,66.46
2014/9/22,124.77
2014/9/23,102.33
2014/9/24,46.11
2014/9/25,40.69
2014/9/26,49.29
2014/9/27,45.23
2014/9/28,64.31
2014/9/29,41.79
2014/9/30,41.03
2014/10/1,58.82
2014/10/2,30.16
2014/10/3,103.26
2014/10/4,54.37
2014/10/5,84.19
2014/10/6,135.43
2014/10/7,89.8
2014/10/8,43.96
2014/10/9,53.73
2014/10/10,49.06
2014/10/11,70.52
2014/10/12,70.66
2014/10/13,42.04
2014/10/14,62.32
2014/10/15,68.64
2014/10/16,86.24
2014/10/17,49.35
2014/10/18,66.44
2014/10/19,77.54
2014/10/20,45.57
2014/10/21,61.02
2014/10/22,69.25
2014/10/23,45.24
2014/10/24,43.41
2014/10/25,45.23
2014/10/26,109.96
2014/10/27,68.48
2014/10/28,72.16
2014/10/29,57.53
2014/10/30,37.38
2014/10/31,103.08
2014/11/1,28.94
2014/11/2,61.77
2014/11/3,64.42
2014/11/4,58.5
2014/11/5,72.12
2014/11/6,56.66
2014/11/7,26.93
2014/11/8,52.82
2014/11/9,71.58
2014/11/10,45.75
2014/11/11,36.64
2014/11/12,49.99
2014/11/13,40.12
2014/11/14,29.81
2014/11/15,57
2014/11/16,76.38
2014/11/17,151.19
2014/11/18,56.8
2014/11/19,48.87
2014/11/20,51.4
2014/11/21,58.61
2014/11/22,102.93
2014/11/23,76.47
2014/11/24,78.87
2014/11/25,60.87
2014/11/26,27.16
2014/11/27,92.67
2014/11/28,38.11
2014/11/29,30.36
2014/11/30,41.6
2014/12/1,37.22
2014/12/2,68.69
2014/12/3,76.65
2014/12/4,49.34
2014/12/5,63.16
2014/12/6,76.9
2014/12/7,61.53
2014/12/8,53.77
2014/12/9,58.26
2014/12/10,39.55
2014/12/11,36.88
2014/12/12,42.58
2014/12/13,63.41
2014/12/14,90.77
2014/12/15,32.39
2014/12/16,56.01
2014/12/17,99.63
2014/12/18,105.88
2014/12/19,42.7
2014/12/20,93.69
2014/12/21,126.19
2014/12/22,81.46
2014/12/23,41.44
2014/12/24,26.5
2014/12/25,48.33
2014/12/26,58.01
2014/12/27,26.63
2014/12/28,109.92
2014/12/29,108.66
2014/12/30,50.14
2014/12/31,127.2
2015/1/1,137.22
2015/1/2,93.14
2015/1/3,79.59
2015/1/4,163.12
2015/1/5,90.66
2015/1/6,85.46
2015/1/7,57.14
2015/1/8,59.56
2015/1/9,44.45
2015/1/10,90.61
2015/1/11,110.37
2015/1/12,99.54
2015/1/13,68.71
2015/1/14,82.58
2015/1/15,88.27
2015/1/16,50.91
2015/1/17,78.8
2015/1/18,131.37
2015/1/19,72.54
2015/1/20,74.06
2015/1/21,43.82
2015/1/22,85.21
2015/1/23,82.9
2015/1/24,75.04
2015/1/25,87.69
2015/1/26,54.5
2015/1/27,55.58
2015/1/28,77.51
2015/1/29,32.14
2015/1/30,65.15
2015/1/31,82.5
2015/2/1,66.55
2015/2/2,79.45
2015/2/3,65.6
2015/2/4,67.26
2015/2/5,115.17
2015/2/6,59.12
2015/2/7,48.01
2015/2/8,75.83
2015/2/9,87.49
2015/2/10,83.73
2015/2/11,50.54
2015/2/12,26.96
2015/2/13,54.65
2015/2/14,56.6
2015/2/15,67.8
2015/2/16,37.41
2015/2/17,50.67
2015/2/18,37.15
2015/2/19,102.56
2015/2/20,35.63
2015/2/21,50.96
2015/2/22,62.23
2015/2/23,76.09
2015/2/24,128.86
2015/2/25,74.82
2015/2/26,74.61
2015/2/27,116.63
2015/2/28,70.02
2015/3/1,90.02
2015/3/2,91.47
2015/3/3,37.66
2015/3/4,89.94
2015/3/5,69.01
2015/3/6,47.16
2015/3/7,72.56
2015/3/8,70.57
2015/3/9,63.31
2015/3/10,85.17
2015/3/11,44.39
2015/3/12,33.9
2015/3/13,52.24
2015/3/14,39.04
2015/3/15,36.66
2015/3/16,53.97
2015/3/17,37.53
2015/3/18,78.2
2015/3/19,52.74
2015/3/20,56.33
2015/3/21,39.84
2015/3/22,67.02
2015/3/23,108.15
2015/3/24,34.47
2015/3/25,52.7
2015/3/26,46.77
2015/3/27,61.09
2015/3/28,68.89
2015/3/29,87.06
2015/3/30,74.41
2015/3/31,88.25
2015/4/1,85.27
2015/4/2,27.58
2015/4/3,69.18
2015/4/4,123.38
2015/4/5,106.94
2015/4/6,56.3
2015/4/7,77.07
2015/4/8,55.11
2015/4/9,43.26
2015/4/10,41.28
2015/4/11,55.3
2015/4/12,109.48
2015/4/13,77.54
2015/4/14,66.77
2015/4/15,310.25
2015/4/16,49.98
2015/4/17,43.72
2015/4/18,34.56
2015/4/19,58
2015/4/20,51.68
2015/4/21,46.55
2015/4/22,36.96
2015/4/23,33.57
2015/4/24,42.94
2015/4/25,56.49
2015/4/26,85.88
2015/4/27,35.03
2015/4/28,30.41
2015/4/29,30.76
2015/4/30,39.66
2015/5/1,37.85
2015/5/2,39.16
2015/5/3,40.51
2015/5/4,27.02
2015/5/5,30.59
2015/5/6,42.19
2015/5/7,79.16
2015/5/8,81.06
2015/5/9,80.04
2015/5/10,100.21
2015/5/11,106.86
2015/5/12,86.73
2015/5/13,86.1
2015/5/14,49.4
2015/5/15,65.4
2015/5/16,45.21
2015/5/17,78.72
2015/5/18,65.23
2015/5/19,45.51
2015/5/20,56.09
2015/5/21,58.45
2015/5/22,65.97
2015/5/23,108.5
2015/5/24,71.12
2015/5/25,41.75
2015/5/26,56.41
2015/5/27,49.51
2015/5/28,87.95
2015/5/29,39.59
2015/5/30,40.33
2015/5/31,86.03
2015/6/1,33.34
2015/6/2,71.05
2015/6/3,31.97
2015/6/4,80.34
2015/6/5,40.47
2015/6/6,63.25
2015/6/7,99.95
2015/6/8,150.67
2015/6/9,65.45
2015/6/10,34.96
2015/6/11,40.94
2015/6/12,47
2015/6/13,52
2015/6/14,62.35
2015/6/15,52.5
2015/6/16,40.37
2015/6/17,50.73
2015/6/18,78.79
2015/6/19,86.15
2015/6/20,139.47
2015/6/21,55.96
2015/6/22,64.15
2015/6/23,66.27
2015/6/24,27.52
2015/6/25,47.83
2015/6/26,79.86
2015/6/27,48.51
2015/6/28,98.41
2015/6/29,78.5
2015/6/30,122.02
2015/7/1,90.8
2015/7/2,44.58
2015/7/3,41.29
2015/7/4,69.18
2015/7/5,65.35
2015/7/6,100.06
2015/7/7,85.7
2015/7/8,62.4
2015/7/9,98.19
2015/7/10,94.87
2015/7/11,190.28
2015/7/12,90.6
2015/7/13,79.98
2015/7/14,68.09
2015/7/15,62.09
2015/7/16,72
2015/7/17,42.31
2015/7/18,66.8
2015/7/19,338.31
2015/7/20,46.59
2015/7/21,71.87
2015/7/22,43.42
2015/7/23,45
2015/7/24,60.12
2015/7/25,25.18
2015/7/26,56.04
2015/7/27,35.53
2015/7/28,38.06
2015/7/29,53.93
2015/7/30,35.73
2015/7/31,29.32
2015/8/1,39.77
2015/8/2,108.74
2015/8/3,88.27
2015/8/4,53.56
2015/8/5,43.76
2015/8/6,21.3
2015/8/7,3.32
2015/8/8,44.81
2015/8/9,82.77
2015/8/10,82.73
2015/8/11,65.65
2015/8/12,38.09
2015/8/13,35.58
2015/8/14,55.58
2015/8/15,76.16
2015/8/16,46.54
2015/8/17,26.3
2015/8/18,60.75
2015/8/19,83.7
2015/8/20,35.99
2015/8/21,80.21
2015/8/22,91.75
2015/8/23,80.18
2015/8/24,152.98
2015/8/25,177.02
2015/8/26,87.48
2015/8/27,61.26
2015/8/28,93.15
2015/8/29,164.55
2015/8/30,160.43
2015/8/31,113.96
2015/9/1,92.72
2015/9/2,93.82
2015/9/3,57.57
2015/9/4,144.81
2015/9/5,171
2015/9/6,98.96
2015/9/7,119.62
2015/9/8,69.15
2015/9/9,46.57
2015/9/10,67.06
2015/9/11,89.61
2015/9/12,99.3
2015/9/13,181.35
2015/9/14,88.46
2015/9/15,100.95
2015/9/16,67.49
2015/9/17,71.27
2015/9/18,77.99
2015/9/19,104.86
2015/9/20,88.42
2015/9/21,87.15
2015/9/22,87.71
2015/9/23,64.87
2015/9/24,41.42
2015/9/25,44.34
2015/9/26,87.87
2015/9/27,82.39
2015/9/28,41.68
2015/9/29,65.7
2015/9/30,77.75
2015/10/1,69.02
2015/10/2,64.84
2015/10/3,46.31
2015/10/4,87.51
2015/10/5,48.01
2015/10/6,110.95
2015/10/7,49.15
2015/10/8,26.35
2015/10/9,78.91
2015/10/10,111.14
2015/10/11,93.28
2015/10/12,112.89
2015/10/13,33.11
2015/10/14,59.36
2015/10/15,35.67
2015/10/16,51.22
2015/10/17,49.26
2015/10/18,66.3
2015/10/19,51.91
2015/10/20,27.87
2015/10/21,83.48
2015/10/22,52.71
2015/10/23,51.59
2015/10/24,87.13
2015/10/25,66.66
2015/10/26,75.05
2015/10/27,74.57
2015/10/28,112.28
2015/10/29,77.35
2015/10/30,38.41
2015/10/31,46.01
2015/11/1,93.34
2015/11/2,32.86
2015/11/3,72.75
2015/11/4,45.24
2015/11/5,33.09
2015/11/6,78.78
2015/11/7,102.94
2015/11/8,93.34
2015/11/9,60.61
2015/11/10,44.19
2015/11/11,44.92
2015/11/12,20.53
2015/11/13,33.65
2015/11/14,54.12
2015/11/15,87.14
2015/11/16,91.65
2015/11/17,63.48
2015/11/18,68.43
2015/11/19,43.31
2015/11/20,48.78
2015/11/21,26.01
2015/11/22,51.15
2015/11/23,13.92
2015/11/24,28.8
2015/11/25,20.42
2015/11/26,95.75
2015/11/27,45.15
2015/11/28,44.18
2015/11/29,64.8
2015/11/30,61.99
2015/12/1,48.27
2015/12/2,47.61
2015/12/3,38.7
2015/12/4,34.6
2015/12/5,44.67
2015/12/6,74.22
2015/12/7,50.85
2015/12/8,43.97
2015/12/9,57.21
2015/12/10,64.28
2015/12/11,110.78
2015/12/12,61.68
2015/12/13,89.96
2015/12/14,56.77
2015/12/15,78
2015/12/16,85.34
2015/12/17,100.26
2015/12/18,86.5
2015/12/19,63.29
2015/12/20,55.79
2015/12/21,79.05
2015/12/22,77.14
2015/12/23,75.23
2015/12/24,58.39
2015/12/25,64.23
2015/12/26,122.65
2015/12/27,118.36
2015/12/28,106.39
2015/12/29,59.15
2015/12/30,90.42
2015/12/31,59.74
2016/1/1,102.81
2016/1/2,71.43
2016/1/3,163.65
2016/1/4,106.94
2016/1/5,52.8
2016/1/6,30.4
2016/1/7,56.4
2016/1/8,62.21
2016/1/9,73.93
2016/1/10,115.76
2016/1/11,65.1
2016/1/12,67.32
2016/1/13,130.12
2016/1/14,72.92
2016/1/15,67.14
2016/1/16,137.85
2016/1/17,126.15
2016/1/18,71.03
2016/1/19,81.9
2016/1/20,70.19
2016/1/21,110.2
2016/1/22,68.43
2016/1/23,76.65
2016/1/24,62.13
2016/1/25,55.72
2016/1/26,78.09
2016/1/27,39.01
2016/1/28,59.62
2016/1/29,41.51
2016/1/30,79.82
2016/1/31,94.57
2016/2/1,183.2
2016/2/2,117.91
2016/2/3,73.51
2016/2/4,40.73
2016/2/5,41.41
2016/2/6,78.95
2016/2/7,60.29
2016/2/8,88.26
2016/2/9,38.4
2016/2/10,77.84
2016/2/11,106.25
2016/2/12,74.63
2016/2/13,45.01
2016/2/14,110.8
2016/2/15,67.33
2016/2/16,48.57
2016/2/17,108.64
2016/2/18,117.33
2016/2/19,85.85
2016/2/20,80.64
2016/2/21,78.42
2016/2/22,55.88
2016/2/23,57.33
2016/2/24,62.26
2016/2/25,57.5
2016/2/26,41.87
2016/2/27,126.51
2016/2/28,97.94
2016/2/29,65.74
2016/3/1,49.35
2016/3/2,41.64
2016/3/3,48.6
2016/3/4,46.74
2016/3/5,128.08
2016/3/6,112.51
2016/3/7,59.99
2016/3/8,77.42
2016/3/9,46.99
2016/3/10,30.22
2016/3/11,29.26
2016/3/12,68.49
2016/3/13,108.23
2016/3/14,54.04
2016/3/15,45.63
2016/3/16,48.66
2016/3/17,40.06
2016/3/18,58.48
2016/3/19,32.84
2016/3/20,73.89
2016/3/21,89.85
2016/3/22,55.17
2016/3/23,87.98
2016/3/24,50.15
2016/3/25,36.39
2016/3/26,61.36
2016/3/27,53.45
2016/3/28,105.86
2016/3/29,69.82
2016/3/30,124.96
2016/3/31,36.42
2016/4/1,30.46
2016/4/2,61.05
2016/4/3,100.09
2016/4/4,38.89
2016/4/5,25.71
2016/4/6,36.17
2016/4/7,28.9
2016/4/8,30.25
2016/4/9,19.81
2016/4/10,66.3
2016/4/11,101.11
2016/4/12,34.46
2016/4/13,37.74
2016/4/14,21.42
2016/4/15,52.17
2016/4/16,82.72
2016/4/17,127.3
2016/4/18,63.08
2016/4/19,20.66
2016/4/20,41.3
2016/4/21,34.27
2016/4/22,112.29
2016/4/23,77.26
2016/4/24,57.8
2016/4/25,59.83
2016/4/26,49.42
2016/4/27,42.37
2016/4/28,20.3
2016/4/29,54.91
2016/4/30,45.03
2016/5/1,61.59
2016/5/2,72.72
2016/5/3,45.4
2016/5/4,44.1
2016/5/5,34.04
2016/5/6,31.3
2016/5/7,46.71
2016/5/8,57.56
2016/5/9,59.73
2016/5/10,62.97
2016/5/11,54.4
2016/5/12,50.82
2016/5/13,59.77
2016/5/14,31.04
2016/5/15,99.03
2016/5/16,82.79
2016/5/17,51.62
2016/5/18,32.08
2016/5/19,58.53
2016/5/20,25.94
2016/5/21,54.62
2016/5/22,113.01
2016/5/23,141.68
2016/5/24,66.06
2016/5/25,51.51
2016/5/26,23.07
2016/5/27,19.22
2016/5/28,41.02
2016/5/29,54.25
2016/5/30,35.86
2016/5/31,48.19
2016/6/1,48.39
2016/6/2,44.41
2016/6/3,54.72
2016/6/4,130.56
2016/6/5,151.85
2016/6/6,136.57
2016/6/7,127.93
2016/6/8,46.41
2016/6/9,49.67
2016/6/10,70.69
2016/6/11,71.81
2016/6/12,64.97
2016/6/13,60.21
2016/6/14,83.69
2016/6/15,79.47
2016/6/16,109.07
2016/6/17,71.03
2016/6/18,91.09
2016/6/19,54.65
2016/6/20,94.78
2016/6/21,137.6
2016/6/22,146.78
2016/6/23,125.3
2016/6/24,312.85
2016/6/25,586.55
2016/6/26,322.73
2016/6/27,254.28
2016/6/28,238.67
2016/6/29,146.63
2016/6/30,96.08
2016/7/1,108.22
2016/7/2,114.48
2016/7/3,148.63
2016/7/4,84.51
2016/7/5,89.02
2016/7/6,185.04
2016/7/7,117.71
2016/7/8,105.65
2016/7/9,124.74
2016/7/10,209
2016/7/11,93.07
2016/7/12,113.92
2016/7/13,58.42
2016/7/14,53.11
2016/7/15,34.4
2016/7/16,88.55
2016/7/17,172.45
2016/7/18,112.79
2016/7/19,39.89
2016/7/20,45.87
2016/7/21,37.63
2016/7/22,59.24
2016/7/23,40.99
2016/7/24,76.34
2016/7/25,78.34
2016/7/26,56.4
2016/7/27,122.84
2016/7/28,76.37
2016/7/29,78.16
2016/7/30,91.53
2016/7/31,117.46
2016/8/1,74.99
2016/8/2,55.54
2016/8/3,38.55
2016/8/4,42.64
2016/8/5,89.43
2016/8/6,76.61
2016/8/7,60.56
2016/8/8,108.83
2016/8/9,61.67
2016/8/10,81.76
2016/8/11,43.24
2016/8/12,63
2016/8/13,55.14
2016/8/14,137.71
2016/8/15,91.36
2016/8/16,105.49
2016/8/17,83.6
2016/8/18,59.73
2016/8/19,56.17
2016/8/20,53.76
2016/8/21,44.8
2016/8/22,39.89
2016/8/23,40.46
2016/8/24,43.23
2016/8/25,83.01
2016/8/26,117.24
2016/8/27,139.2
2016/8/28,86.28
2016/8/29,87.44
2016/8/30,46.48
2016/8/31,45.98
2016/9/1,38.52
2016/9/2,40.85
2016/9/3,11.49
2016/9/4,75.51
2016/9/5,145.01
2016/9/6,30.28
2016/9/7,22.17
2016/9/8,27.04
2016/9/9,35.65
2016/9/10,33.11
2016/9/11,50.18
2016/9/12,39.54
2016/9/13,67.65
2016/9/14,28.87
2016/9/15,30.61
2016/9/16,44.18
2016/9/17,26.59
2016/9/18,97.8
2016/9/19,74.44
2016/9/20,58.92
2016/9/21,31.41
2016/9/22,64.81
2016/9/23,60.71
2016/9/24,106.95
2016/9/25,53.57
2016/9/26,30.74
2016/9/27,56.95
2016/9/28,38.39
2016/9/29,51.81
2016/9/30,34.93
2016/10/1,59.96
2016/10/2,102.52
2016/10/3,78.99
2016/10/4,48.13
2016/10/5,65.03
2016/10/6,58.51
2016/10/7,57.08
2016/10/8,64.33
2016/10/9,102.18
2016/10/10,15.2
2016/10/11,54.57
2016/10/12,59.38
2016/10/13,50.64
2016/10/14,80.62
2016/10/15,98.91
2016/10/16,98.05
2016/10/17,115.14
2016/10/18,45.55
2016/10/19,61.32
2016/10/20,48.77
2016/10/21,34.08
2016/10/22,41.54
2016/10/23,85.95
2016/10/24,58.65
2016/10/25,114.51
2016/10/26,40.45
2016/10/27,85.31
2016/10/28,74.06
2016/10/29,76.83
2016/10/30,80.76
2016/10/31,95.82
2016/11/1,44.68
2016/11/2,60.79
2016/11/3,63.05
2016/11/4,87.98
2016/11/5,107.72
2016/11/6,121.17
2016/11/7,74.75
2016/11/8,119.44
2016/11/9,246.03
2016/11/10,272.71
2016/11/11,140.42
2016/11/12,178.53
2016/11/13,339.37
2016/11/14,263.29
2016/11/15,161.83
2016/11/16,135.29
2016/11/17,111
2016/11/18,176.29
2016/11/19,117.88
2016/11/20,111.02
2016/11/21,94.21
2016/11/22,102.35
2016/11/23,84.27
2016/11/24,84.01
2016/11/25,90.3
2016/11/26,69.39
2016/11/27,95.7
2016/11/28,96.79
2016/11/29,56.24
2016/11/30,63.67
2016/12/1,167.88
2016/12/2,144.2
2016/12/3,152.48
2016/12/4,137.3
2016/12/5,113.93
2016/12/6,158.64
2016/12/7,162
2016/12/8,125.48
2016/12/9,97.26
2016/12/10,130.24
2016/12/11,125.68
2016/12/12,99.45
2016/12/13,336.71
2016/12/14,53.87
2016/12/15,232.94
2016/12/16,53.13
2016/12/17,61.8
2016/12/18,149.81
2016/12/19,91.47
2016/12/20,59.25
2016/12/21,37.37
2016/12/22,50.35
2016/12/23,35.7
2016/12/24,67.43
2016/12/25,187.34
2016/12/26,155.98
2016/12/27,108.11
2016/12/28,161.59
2016/12/29,116.01
2016/12/30,141.16
2016/12/31,127.18
2017/1/1,235.1
2017/1/2,242.04
2017/1/3,89.85
2017/1/4,101.99
2017/1/5,134.47
2017/1/6,96.97
2017/1/7,110.23
2017/1/8,272.01
2017/1/9,121.76
2017/1/10,121.9
2017/1/11,124.56
2017/1/12,113.32
2017/1/13,135.56
2017/1/14,111.9
2017/1/15,188.29
2017/1/16,114.17
2017/1/17,160.96
2017/1/18,135.59
2017/1/19,95.56
2017/1/20,141.55
2017/1/21,151.63
2017/1/22,185.71
2017/1/23,154.77
2017/1/24,136.15
2017/1/25,175.14
2017/1/26,89.25
2017/1/27,135.05
2017/1/28,152.15
2017/1/29,186.22
2017/1/30,115.06
2017/1/31,139.29
2017/2/1,158.28
2017/2/2,113.53
2017/2/3,131.28
2017/2/4,88.69
2017/2/5,211.26
2017/2/6,150.83
2017/2/7,121.82
2017/2/8,118.99
2017/2/9,74.34
2017/2/10,231.24
2017/2/11,57.47
2017/2/12,162.36
2017/2/13,77.85
2017/2/14,120.2
2017/2/15,130.16
2017/2/16,89.07
2017/2/17,143.29
2017/2/18,87.44
2017/2/19,123.54
2017/2/20,66.08
2017/2/21,87.54
2017/2/22,226.71
2017/2/23,84.74
2017/2/24,99
2017/2/25,35.04
2017/2/26,121.6
2017/2/27,117.37
2017/2/28,114.25
2017/3/1,111.9
2017/3/2,125.27
2017/3/3,88.91
2017/3/4,89.26
2017/3/5,128.58
2017/3/6,104.29
2017/3/7,71.17
2017/3/8,124.51
2017/3/9,95.37
2017/3/10,81.65
2017/3/11,107.41
2017/3/12,167.79
2017/3/13,56.5
2017/3/14,122.3
2017/3/15,159.48
2017/3/16,91.44
2017/3/17,152.01
2017/3/18,91.27
2017/3/19,153.52
2017/3/20,161.69
2017/3/21,184.47
2017/3/22,65.8
2017/3/23,48.67
2017/3/24,106.37
2017/3/25,103.58
2017/3/26,152.82
2017/3/27,83.12
2017/3/28,89.73
2017/3/29,66.64
2017/3/30,91.55
2017/3/31,221.37
2017/4/1,208.81
2017/4/2,164.7
2017/4/3,115.76
2017/4/4,103.95
2017/4/5,75.28
2017/4/6,82.38
2017/4/7,67.93
2017/4/8,81.5
2017/4/9,90.35
2017/4/10,118.06
2017/4/11,41.86
2017/4/12,79.49
2017/4/13,59.73
2017/4/14,116.71
2017/4/15,74.38
2017/4/16,119.43
2017/4/17,119.99
2017/4/18,71.39
2017/4/19,93.31
2017/4/20,55.86
2017/4/21,124.51
2017/4/22,106.1
2017/4/23,171.29
2017/4/24,144.04
2017/4/25,58.82
2017/4/26,70.4
2017/4/27,63.06
2017/4/28,62.79
2017/4/29,74.46
2017/4/30,224.35
2017/5/1,97.49
2017/5/2,89.58
2017/5/3,86.79
2017/5/4,184.47
2017/5/5,72.21
2017/5/6,107.43
2017/5/7,170.8
2017/5/8,113.15
2017/5/9,84.95
2017/5/10,67.32
2017/5/11,49.78
2017/5/12,129.4
2017/5/13,88.54
2017/5/14,59.2
2017/5/15,169.44
2017/5/16,118
2017/5/17,62.79
2017/5/18,89.48
2017/5/19,87.23
2017/5/20,54.92
2017/5/21,119.98
2017/5/22,83.62
2017/5/23,64.98
2017/5/24,76.1
2017/5/25,51.65
2017/5/26,62.91
2017/5/27,54.56
2017/5/28,96.91
2017/5/29,50.67
2017/5/30,45.36
2017/5/31,168.16
2017/6/1,100.04
2017/6/2,61.36
2017/6/3,91.58
2017/6/4,125.66
2017/6/5,274.58
2017/6/6,85.3
2017/6/7,46.07
2017/6/8,33.16
2017/6/9,65.8
2017/6/10,67.27
2017/6/11,149.93
2017/6/12,98.63
2017/6/13,144.57
2017/6/14,48.72
2017/6/15,67.05
2017/6/16,80.07
2017/6/17,91.38
2017/6/18,147.78
2017/6/19,75.3
2017/6/20,93.24
2017/6/21,90.96
2017/6/22,93.79
2017/6/23,135.04
2017/6/24,80.87
2017/6/25,92.98
2017/6/26,44.92
2017/6/27,93.1
2017/6/28,95.31
2017/6/29,65.45
2017/6/30,111.89
2017/7/1,129.61
2017/7/2,168.71
2017/7/3,101.66
2017/7/4,57.7
2017/7/5,57.04
2017/7/6,76.45
2017/7/7,160.41
2017/7/8,107.61
2017/7/9,120.39
2017/7/10,92.94
2017/7/11,85.23
2017/7/12,70.04
2017/7/13,73.54
2017/7/14,90.61
2017/7/15,49.96
2017/7/16,147.91
2017/7/17,92.6
2017/7/18,88.82
2017/7/19,51.42
2017/7/20,100.4
2017/7/21,73.36
2017/7/22,64.94
2017/7/23,134.15
2017/7/24,305.98
2017/7/25,162.68
2017/7/26,80.27
2017/7/27,40.48
2017/7/28,45.32
2017/7/29,74.67
2017/7/30,126.82
2017/7/31,80.96
2017/8/1,70.77
2017/8/2,57.38
2017/8/3,61
2017/8/4,63.9
2017/8/5,91.21
2017/8/6,94.98
2017/8/7,96.65
2017/8/8,56.87
2017/8/9,62.08
2017/8/10,66.59
2017/8/11,41.93
2017/8/12,134.54
2017/8/13,105.01
2017/8/14,88.94
2017/8/15,86.83
2017/8/16,47.71
2017/8/17,56.82
2017/8/18,60.34
2017/8/19,121.57
2017/8/20,89.23
2017/8/21,60.63
2017/8/22,74.28
2017/8/23,69.07
2017/8/24,42.9
2017/8/25,72.15
2017/8/26,49.31
2017/8/27,101.92
2017/8/28,80.49
2017/8/29,81.46
2017/8/30,42.02
2017/8/31,43.34
2017/9/1,57.53
2017/9/2,61.98
2017/9/3,102.58
2017/9/4,78.97
2017/9/5,142.33
2017/9/6,198.18
2017/9/7,88.44
2017/9/8,68.98
2017/9/9,71.97
2017/9/10,93.84
2017/9/11,94.13
2017/9/12,59.02
2017/9/13,71.31
2017/9/14,120.33
2017/9/15,72.36
2017/9/16,46.38
2017/9/17,121.57
2017/9/18,68.55
2017/9/19,58.25
2017/9/20,52.37
2017/9/21,55.35
2017/9/22,63.09
2017/9/23,77.2
2017/9/24,118.2
2017/9/25,105.42
2017/9/26,58.14
2017/9/27,63.54
2017/9/28,103.05
2017/9/29,107.61
2017/9/30,44.96
2017/10/1,67.15
2017/10/2,75.31
2017/10/3,52.47
2017/10/4,48.06
2017/10/5,40.99
2017/10/6,85.68
2017/10/7,35.77
2017/10/8,89.65
2017/10/9,42.94
2017/10/10,74.46
2017/10/11,60.44
2017/10/12,37.61
2017/10/13,63.88
2017/10/14,61.43
2017/10/15,65.84
2017/10/16,98.42
2017/10/17,49.38
2017/10/18,100.11
2017/10/19,82.48
2017/10/20,62.32
2017/10/21,59.05
2017/10/22,108.51
2017/10/23,136.2
2017/10/24,37.25
2017/10/25,60.11
2017/10/26,114.37
2017/10/27,87.39
2017/10/28,58.75
2017/10/29,105.5
2017/10/30,64.62
2017/10/31,50.39
2017/11/1,66.7
2017/11/2,85.31
2017/11/3,103.89
2017/11/4,63.24
2017/11/5,120.72
2017/11/6,92.35
2017/11/7,100.93
2017/11/8,67.48
2017/11/9,65.11
2017/11/10,56.77
2017/11/11,61.32
2017/11/12,170.54
2017/11/13,134.97
2017/11/14,107.88
2017/11/15,58.1
2017/11/16,83.79
2017/11/17,98.62
2017/11/18,52.98
2017/11/19,119.38
2017/11/20,79.5
2017/11/21,199.49
2017/11/22,52.93
2017/11/23,61.97
2017/11/24,34.88
2017/11/25,48.73
2017/11/26,105.07
2017/11/27,31.11
2017/11/28,206.63
2017/11/29,103.98
2017/11/30,101.48
2017/12/1,86.95
2017/12/2,93.82
2017/12/3,87.52
2017/12/4,101.07
2017/12/5,95.44
2017/12/6,57.79
2017/12/7,40.69
2017/12/8,63.52
2017/12/9,129.89
2017/12/10,87.45
2017/12/11,81.46
2017/12/12,66.43
2017/12/13,52.01
2017/12/14,32.59
2017/12/15,104.84
2017/12/16,95.65
2017/12/17,141.38
2017/12/18,94.77
2017/12/19,82.4
2017/12/20,57.2
2017/12/21,92.94
2017/12/22,72.69
2017/12/23,133.94
2017/12/24,158.85
2017/12/25,101.81
2017/12/26,106.31
2017/12/27,58.44
2017/12/28,63.24
2017/12/29,146.43
2017/12/30,45.33
2017/12/31,174.9
2018/1/1,178.3
2018/1/2,111.2
2018/1/3,52.45
2018/1/4,243.48
2018/1/5,108.68
2018/1/6,83.81
2018/1/7,164.82
2018/1/8,77.28
2018/1/9,157.58
2018/1/10,89.18
2018/1/11,111.72
2018/1/12,107.69
2018/1/13,171.33
2018/1/14,176.99
2018/1/15,272.42
2018/1/16,61.57
2018/1/17,61.83
2018/1/18,115.86
2018/1/19,88.34
2018/1/20,85.4
2018/1/21,132.01
2018/1/22,110.72
2018/1/23,74.52
2018/1/24,93.27
2018/1/25,77.97
2018/1/26,110
2018/1/27,109.21
2018/1/28,105.65
2018/1/29,85.23
2018/1/30,68.45
2018/1/31,71.84
2018/2/1,49.78
2018/2/2,61.2
2018/2/3,44
2018/2/4,145.1
2018/2/5,145.79
2018/2/6,92.59
2018/2/7,58.29
2018/2/8,89.29
2018/2/9,82.68
2018/2/10,138.06
2018/2/11,145.19
2018/2/12,80.89
2018/2/13,104.55
2018/2/14,107.01
2018/2/15,88.63
2018/2/16,80.52
2018/2/17,63.93
2018/2/18,103.24
2018/2/19,53.44
2018/2/20,80.15
2018/2/21,95.81
2018/2/22,50.25
2018/2/23,55.72
2018/2/24,42.18
2018/2/25,126.87
2018/2/26,68.6
2018/2/27,52.64
2018/2/28,46.68
2018/3/1,69.3
2018/3/2,39.63
2018/3/3,34.62
2018/3/4,98.68
2018/3/5,148.37
2018/3/6,133.87
2018/3/7,87.33
2018/3/8,57
2018/3/9,132.57
2018/3/10,67.61
2018/3/11,170.78
2018/3/12,107.4
2018/3/13,54.85
2018/3/14,79.61
2018/3/15,43.98
2018/3/16,110.96
2018/3/17,132.51
2018/3/18,83.03
2018/3/19,74.64
2018/3/20,79.32
2018/3/21,55.83
2018/3/22,57.36
2018/3/23,66.64
2018/3/24,53.2
2018/3/25,61.37
2018/3/26,89.77
2018/3/27,22.48
2018/3/28,26.48
2018/3/29,16.75
2018/3/30,44.07
2018/3/31,67.64
2018/4/1,111.65
2018/4/2,167.71
2018/4/3,88.73
2018/4/4,52.9
2018/4/5,109.08
2018/4/6,70.62
2018/4/7,106.96
2018/4/8,151.12
2018/4/9,275.14
2018/4/10,56.17
2018/4/11,79.88
2018/4/12,190.11
2018/4/13,141.34
2018/4/14,71.29
2018/4/15,84.7
2018/4/16,65.26
2018/4/17,65.55
2018/4/18,71.44
2018/4/19,46.61
2018/4/20,47.54
2018/4/21,19.59
2018/4/22,70.06
2018/4/23,66.91
2018/4/24,35.09
2018/4/25,108.69
2018/4/26,68.42
2018/4/27,25.82
2018/4/28,57.83
2018/4/29,65
2018/4/30,86.67
2018/5/1,101.87
2018/5/2,95.92
2018/5/3,57.16
2018/5/4,38.51
2018/5/5,175.19
2018/5/6,122.37
2018/5/7,96.74
2018/5/8,100.02
2018/5/9,62.2
2018/5/10,74.02
2018/5/11,78.27
2018/5/12,115.07
2018/5/13,71.37
2018/5/14,127.21
2018/5/15,42.73
2018/5/16,50.06
2018/5/17,74.49
2018/5/18,129.32
2018/5/19,118.29
2018/5/20,57.04
2018/5/21,87.84
2018/5/22,92.17
2018/5/23,171.23
2018/5/24,48.9
2018/5/25,102.1
2018/5/26,45.88
2018/5/27,75.5
2018/5/28,49.45
2018/5/29,50.44
2018/5/30,135.21
2018/5/31,77.32
2018/6/1,109.62
2018/6/2,110.85
2018/6/3,56.64
2018/6/4,80.79
2018/6/5,36.31
2018/6/6,37.98
2018/6/7,55.99
2018/6/8,112.51
2018/6/9,152.77
2018/6/10,170.95
2018/6/11,138.36
2018/6/12,235.59
2018/6/13,137.07
2018/6/14,96.72
2018/6/15,68.71
2018/6/16,82.17
2018/6/17,105.3
2018/6/18,79.32
2018/6/19,165.86
2018/6/20,222.05
2018/6/21,71.67
2018/6/22,80.35
2018/6/23,40.76
2018/6/24,85.36
2018/6/25,63.53
2018/6/26,218.91
2018/6/27,39.58
2018/6/28,89.28
2018/6/29,54.02
2018/6/30,114.66
2018/7/1,136.2
2018/7/2,80.26
2018/7/3,119.73
2018/7/4,87.2
2018/7/5,80.07
2018/7/6,184.49
2018/7/7,121.36
2018/7/8,164.84
2018/7/9,110.48
2018/7/10,81.98
2018/7/11,40.76
2018/7/12,84.92
2018/7/13,74.75
2018/7/14,54.33
2018/7/15,146.72
2018/7/16,89.31
2018/7/17,58.55
2018/7/18,75.12
2018/7/19,55.33
2018/7/20,132.11
2018/7/21,108.3
2018/7/22,156.61
2018/7/23,78.59
2018/7/24,77.37
2018/7/25,57.92
2018/7/26,104.65
2018/7/27,61.47
2018/7/28,99.78
2018/7/29,117.4
2018/7/30,153.38
2018/7/31,91.35
2018/8/1,57.71
2018/8/2,117.93
2018/8/3,87.73
2018/8/4,107.88
2018/8/5,141.99
2018/8/6,112.91
2018/8/7,72.24
2018/8/8,56.98
2018/8/9,69.96
2018/8/10,76.97
2018/8/11,44.22
2018/8/12,109.73
2018/8/13,88.52
2018/8/14,55.18
2018/8/15,20.08
2018/8/16,30.89
2018/8/17,62.36
2018/8/18,96.63
2018/8/19,96.59
2018/8/20,45.18
2018/8/21,81.92
2018/8/22,38.52
2018/8/23,89.75
2018/8/24,80.33
2018/8/25,139.94
2018/8/26,96.04
2018/8/27,108.44
2018/8/28,165.65
2018/8/29,92.96
2018/8/30,90.46
2018/8/31,121.46
2018/9/1,46.12
2018/9/2,98.8
2018/9/3,115.11
2018/9/4,74.36
2018/9/5,37.66
2018/9/6,68.5
2018/9/7,67.9
2018/9/8,89.41
2018/9/9,92.74
2018/9/10,47.25
2018/9/11,49.37
2018/9/12,40.31
2018/9/13,29.73
2018/9/14,36.1
2018/9/15,62.01
2018/9/16,103.72
2018/9/17,100.71
2018/9/18,71.72
2018/9/19,74.06
2018/9/20,54.24
2018/9/21,88.17
2018/9/22,74.22
2018/9/23,124.25
2018/9/24,89.13
2018/9/25,55.65
2018/9/26,37.16
2018/9/27,22.95
2018/9/28,52.38
2018/9/29,33.38
2018/9/30,83.77
2018/10/1,166.69
2018/10/2,130.93
2018/10/3,107.49
2018/10/4,119.36
2018/10/5,66.64
2018/10/6,66.47
2018/10/7,197.77
2018/10/8,112.49
2018/10/9,31.39
2018/10/10,58.99
2018/10/11,68.38
2018/10/12,103.11
2018/10/13,70.22
2018/10/14,92.58
2018/10/15,85.8
2018/10/16,109.71
2018/10/17,77.94
2018/10/18,100.13
2018/10/19,70.3
2018/10/20,61.88
2018/10/21,118.94
2018/10/22,89.49
2018/10/23,52.04
2018/10/24,73.6
2018/10/25,89.53
2018/10/26,65.53
2018/10/27,79.2
2018/10/28,136.61
2018/10/29,64.23
2018/10/30,51.28
2018/10/31,79.07
2018/11/1,84.17
2018/11/2,82.99
2018/11/3,77.39
2018/11/4,223.53
2018/11/5,90.47
2018/11/6,148.95
2018/11/7,61.17
2018/11/8,51.63
2018/11/9,41.01
2018/11/10,54.44
2018/11/11,64.34
2018/11/12,42.33
2018/11/13,64.87
2018/11/14,53.94
2018/11/15,55.04
2018/11/16,30.47
2018/11/17,34.95
2018/11/18,90.25
2018/11/19,10.92
2018/11/20,29.26
2018/11/21,46.86
2018/11/22,21.81
2018/11/23,24.17
2018/11/24,49.06
2018/11/25,168.06
2018/11/26,168.44
2018/11/27,93.08
2018/11/28,100.92
2018/11/29,183.21
2018/11/30,136.43
2018/12/1,142.31
2018/12/2,167.46
2018/12/3,158.49
2018/12/4,109.29
2018/12/5,83.26
2018/12/6,110.19
2018/12/7,101.45
2018/12/8,123.21
2018/12/9,130.49
2018/12/10,71.08
2018/12/11,88.44
2018/12/12,57.97
2018/12/13,121.67
2018/12/14,86.56
2018/12/15,90.26
2018/12/16,186.66
2018/12/17,101.75
2018/12/18,103.24
2018/12/19,114.17
2018/12/20,79.38
2018/12/21,144.91
2018/12/22,10.92
2018/12/23,261.36
2018/12/24,141.79
2018/12/25,171.11
2018/12/26,198.19
2018/12/27,161.1
2018/12/28,156.65
2018/12/29,116.81
2018/12/30,213.53
2018/12/31,149.82
2019/1/1,204.03
2019/1/2,146.97
2019/1/3,212.58
2019/1/4,153.15
2019/1/5,4.7
2019/1/6,230.39
2019/1/7,148.61
2019/1/8,259.25
2019/1/9,120.42
2019/1/10,148.84
2019/1/11,170.68
2019/1/12,175.61
2019/1/13,120.96
2019/1/14,223.58
2019/1/15,104.39
2019/1/16,173.46
2019/1/17,168.92
2019/1/18,154.17
2019/1/19,109
2019/1/20,178.48
2019/1/21,216.29
2019/1/22,107.95
2019/1/23,88.26
2019/1/24,106.06
2019/1/25,105.17
2019/1/26,107.16
2019/1/27,218.94
2019/1/28,73.71
2019/1/29,62.53
2019/1/30,123.71
2019/1/31,126.24
2019/2/1,95.81
2019/2/2,82.06
2019/2/3,134.38
2019/2/4,216.31
2019/2/5,87.75
2019/2/6,145.25
2019/2/7,93.79
2019/2/8,76.81
2019/2/9,49.63
2019/2/10,95.37
2019/2/11,59.53
2019/2/12,45.91
2019/2/13,93.01
2019/2/14,35.99
2019/2/15,55.54
2019/2/16,27.08
2019/2/17,10.92
2019/2/18,57.35
2019/2/19,79.79
2019/2/20,65.36
2019/2/21,87.44
2019/2/22,115.34
2019/2/23,93.12
2019/2/24,4.05
2019/2/25,84.03
2019/2/26,68.54
2019/2/27,128.81
2019/2/28,125.24
2019/3/1,110.76
2019/3/2,118.68
2019/3/3,101.11
2019/3/4,71.01
2019/3/5,138.38
2019/3/6,78.64
2019/3/7,138.86
2019/3/8,81.81
2019/3/9,67.73
2019/3/10,138.96
2019/3/11,161.35
2019/3/12,93.23
2019/3/13,81.38
2019/3/14,56.33
2019/3/15,66.48
2019/3/16,65.37
2019/3/17,101.36
2019/3/18,77.23
2019/3/19,82.83
2019/3/20,75.89
2019/3/21,91.17
2019/3/22,83.99
2019/3/23,102.4
2019/3/24,127.53
2019/3/25,69.27
2019/3/26,78.28
2019/3/27,92.66
2019/3/28,53.74
2019/3/29,91.25
2019/3/30,101.92
2019/3/31,134.75
2019/4/1,117.34
2019/4/2,130.56
2019/4/3,81.95
2019/4/4,82.78
2019/4/5,50.15
2019/4/6,108.22
2019/4/7,127.54
2019/4/8,58.07
2019/4/9,60.19
2019/4/10,71.78
2019/4/11,54.57
2019/4/12,75.79
2019/4/13,66.73
2019/4/14,161.23
2019/4/15,76.25
2019/4/16,58.1
2019/4/17,63.24
2019/4/18,56.96
2019/4/19,48.34
2019/4/20,52.37
2019/4/21,83.39
2019/4/22,78.68
2019/4/23,56.96
2019/4/24,60.14
2019/4/25,76.31
2019/4/26,67.89
2019/4/27,56.25
2019/4/28,107.52
2019/4/29,97.53
2019/4/30,75.34
2019/5/1,112.75
2019/5/2,30.2
2019/5/3,57.65
2019/5/4,71.39
2019/5/5,98.38
2019/5/6,93.78
2019/5/7,111.09
2019/5/8,101.81
2019/5/9,67.46
2019/5/10,108.12
2019/5/11,46.84
2019/5/12,155.26
2019/5/13,94.65
2019/5/14,126.65
2019/5/15,132.3
2019/5/16,94.72
2019/5/17,117.89
2019/5/18,95.04
2019/5/19,95.86
2019/5/20,95.08
2019/5/21,73.8
2019/5/22,69.8
2019/5/23,71.04
2019/5/24,144.24
2019/5/25,151.55
2019/5/26,138.34
2019/5/27,102.04
2019/5/28,69.48
2019/5/29,55.62
2019/5/30,50.84
2019/5/31,94.35
2019/6/1,97.55
2019/6/2,159.79
2019/6/3,72.86
2019/6/4,120.06
2019/6/5,217.51
2019/6/6,137.43
2019/6/7,242.25
2019/6/8,139.29
2019/6/9,174.61
2019/6/10,162.1
2019/6/11,130.24
2019/6/12,116.03
2019/6/13,143.87
2019/6/14,145.07
2019/6/15,175.49
2019/6/16,198.5
2019/6/17,82.16
2019/6/18,146.35
2019/6/19,77.89
2019/6/20,116.67
2019/6/21,178.92
2019/6/22,127.09
2019/6/23,245.77
2019/6/24,92.75
2019/6/25,74.19
2019/6/26,142.51
2019/6/27,64.08
2019/6/28,129.48
2019/6/29,96.2
2019/6/30,114.41
2019/7/1,174.62
2019/7/2,144.12
2019/7/3,126.27
2019/7/4,96.84
2019/7/5,72.83
2019/7/6,93.29
2019/7/7,180.55
2019/7/8,72.06
2019/7/9,40.14
2019/7/10,45.62
2019/7/11,103.84
2019/7/12,72.49
2019/7/13,126.95
2019/7/14,58.43
2019/7/15,72.19
2019/7/16,53.41
2019/7/17,77.06
2019/7/18,61.63
2019/7/19,61.84
2019/7/20,28.88
2019/7/21,112.14
2019/7/22,75.32
2019/7/23,114.24
2019/7/24,79.72
2019/7/25,40.68
2019/7/26,116.11
2019/7/27,174.53
2019/7/28,133.67
2019/7/29,86.97
2019/7/30,139.24
2019/7/31,103.01
2019/8/1,150.2
2019/8/2,117.41
2019/8/3,153.64
2019/8/4,87.14
2019/8/5,83.03
2019/8/6,84.05
2019/8/7,92.22
2019/8/8,93.48
2019/8/9,92.35
2019/8/10,57.72
2019/8/11,123.95
2019/8/12,109.59
2019/8/13,70.1
2019/8/14,133.71
2019/8/15,144.25
2019/8/16,105.71
2019/8/17,176.17
2019/8/18,196.87
2019/8/19,144.84
2019/8/20,229.29
2019/8/21,278.29
2019/8/22,186.06
2019/8/23,268.83
2019/8/24,386.19
2019/8/25,321.21
2019/8/26,267.98
2019/8/27,173.5
2019/8/28,132.75
2019/8/29,100.25
2019/8/30,116.43
2019/8/31,135.02
2019/9/1,242.38
2019/9/2,229.98
2019/9/3,95.61
2019/9/4,92.02
2019/9/5,106.57
2019/9/6,130.51
2019/9/7,160.77
2019/9/8,128.76
2019/9/9,65.84
2019/9/10,64.63
2019/9/11,58.52
2019/9/12,100.33
2019/9/13,103.12
2019/9/14,103.05
2019/9/15,154.3
2019/9/16,67.24
2019/9/17,79.18
2019/9/18,72.64
2019/9/19,184.82
2019/9/20,98.34
2019/9/21,139.28
2019/9/22,133.98
2019/9/23,134.52
2019/9/24,120.81
2019/9/25,144.83
2019/9/26,60.07
2019/9/27,101.26
2019/9/28,97.83
2019/9/29,165.02
2019/9/30,113
2019/10/1,65.08
2019/10/2,92.82
2019/10/3,46.59
2019/10/4,105.75
2019/10/5,200.44
2019/10/6,192.8
2019/10/7,137.56
2019/10/8,165.35
2019/10/9,62.58
2019/10/10,119.93
2019/10/11,95.08
2019/10/12,88.08
2019/10/13,80.63
2019/10/14,108.55
2019/10/15,68.05
2019/10/16,114.65
2019/10/17,156.8
2019/10/18,64.05
2019/10/19,60.31
2019/10/20,56.13
2019/10/21,57.74
2019/10/22,42.25
2019/10/23,80.02
2019/10/24,56.27
2019/10/25,67.88
2019/10/26,78.83
2019/10/27,166.39
2019/10/28,28.94
2019/10/29,134.13
2019/10/30,111.12
2019/10/31,133.29
2019/11/1,35.14
2019/11/2,135
2019/11/3,143.99
2019/11/4,75.66
2019/11/5,129.4
2019/11/6,48.77
2019/11/7,67.84
2019/11/8,127.43
2019/11/9,125.21
2019/11/10,118.98
2019/11/11,101.72
2019/11/12,89.57
2019/11/13,106.88
2019/11/14,53.75
2019/11/15,56.77
2019/11/16,91.22
2019/11/17,125.9
2019/11/18,19.85
2019/11/19,33.14
2019/11/20,46.27
2019/11/21,65.17
2019/11/22,83.86
2019/11/23,63.35
2019/11/24,110.11
2019/11/25,41.17
2019/11/26,37.49
2019/11/27,37.18
2019/11/28,97.06
2019/11/29,122.19
2019/11/30,41.19
2019/12/1,99.73
2019/12/2,86.08
2019/12/3,69.28
2019/12/4,64.18
2019/12/5,36.86
2019/12/6,134.85
2019/12/7,174.94
2019/12/8,219.84
2019/12/9,130.15
2019/12/10,189.13
2019/12/11,111.83
2019/12/12,99.79
2019/12/13,164.4
2019/12/14,139.75
2019/12/15,110.44
2019/12/16,79.66
2019/12/17,140.79
2019/12/18,89.87
2019/12/19,70.52
2019/12/20,141.48
2019/12/21,155.23
2019/12/22,190.14
2019/12/23,110.91
2019/12/24,97.08
2019/12/25,43.46
2019/12/26,106.92
2019/12/27,127.92
2019/12/28,123.1
2019/12/29,245.14
2019/12/30,101.31
2019/12/31,105.75
2020/1/1,186.06
2020/1/2,139.13
2020/1/3,108.1
2020/1/4,212.82
2020/1/5,173.76
2020/1/6,147.96
2020/1/7,103.98
2020/1/8,91.15
2020/1/9,71.92
2020/1/10,74.58
2020/1/11,127.36
2020/1/12,159.24
2020/1/13,124.82
2020/1/14,109.27
2020/1/15,98.77
2020/1/16,88.05
2020/1/17,77.76
2020/1/18,89.29
2020/1/19,162.21
2020/1/20,96.05
2020/1/21,87.56
2020/1/22,77.19
2020/1/23,70.67
2020/1/24,48.48
2020/1/25,78.77
2020/1/26,137.56
2020/1/27,22.25
2020/1/28,94.68
2020/1/29,88.62
2020/1/30,142.05
2020/1/31,122.2
2020/2/1,147.37
2020/2/2,104.49
2020/2/3,124.15
2020/2/4,111.96
2020/2/5,84.94
2020/2/6,81.75
2020/2/7,130.27
2020/2/8,87.8
2020/2/9,113.95
2020/2/10,111.39
2020/2/11,152.71
2020/2/12,79.26
2020/2/13,82.23
2020/2/14,71.98
2020/2/15,82.1
2020/2/16,131.52
2020/2/17,82.54
2020/2/18,77.38
2020/2/19,56.47
2020/2/20,103.7
2020/2/21,106.59
2020/2/22,177.27
2020/2/23,144.34
2020/2/24,88.73
2020/2/25,147.84
2020/2/26,97.49
2020/2/27,106.55
2020/2/28,172.45
2020/2/29,225.32
2020/3/1,175.73
2020/3/2,153.53
2020/3/3,132.55
2020/3/4,197.2
2020/3/5,118.02
2020/3/6,132.5
2020/3/7,122.57
2020/3/8,250.63
2020/3/9,276.24
2020/3/10,296.12
2020/3/11,234.73
2020/3/12,187.08
2020/3/13,330.85
2020/3/14,236.03
2020/3/15,468.43
2020/3/16,323.71
2020/3/17,378.92
2020/3/18,455.45
2020/3/19,514.67
2020/3/20,633.51
2020/3/21,538.95
2020/3/22,651.07
2020/3/23,572.94
2020/3/24,596.78
2020/3/25,449.86
2020/3/26,670.3
2020/3/27,557.18
2020/3/28,515.39
2020/3/29,743.13
2020/3/30,361.46
2020/3/31,516.55
2020/4/1,474.81
2020/4/2,738.02
2020/4/3,540.5
2020/4/4,636.21
2020/4/5,739.55
2020/4/6,605.38
2020/4/7,468.08
2020/4/8,524.13
2020/4/9,417.54
2020/4/10,461.87
2020/4/11,547.4
2020/4/12,558.22
2020/4/13,638.81
2020/4/14,441.32
2020/4/15,455.68
2020/4/16,505.52
2020/4/17,573.7
2020/4/18,529.03
2020/4/19,594.11
2020/4/20,618.66
2020/4/21,599.13
2020/4/22,511.42
2020/4/23,505.54
2020/4/24,562.5
2020/4/25,555.71
2020/4/26,855.17
2020/4/27,642.66
2020/4/28,479.89
2020/4/29,439.11
2020/4/30,440.07
2020/5/1,516.72
2020/5/2,387.24
2020/5/3,541.24
2020/5/4,449.38
2020/5/5,807.66
2020/5/6,498.71
2020/5/7,504.24
2020/5/8,488.53
2020/5/9,621.96
2020/5/10,536.09
2020/5/11,527.36
2020/5/12,442.15
2020/5/13,553.21
2020/5/14,508.02
2020/5/15,374.22
2020/5/16,385.27
2020/5/17,861.1
2020/5/18,511.62
2020/5/19,363.66
2020/5/20,420.68
2020/5/21,361.11
2020/5/22,418.96
2020/5/23,441.45
2020/5/24,458.16
2020/5/25,462.96
2020/5/26,389.21
2020/5/27,355.1
2020/5/28,421.99
2020/5/29,426.28
2020/5/30,418.18
2020/5/31,557.19
2020/6/1,226.8
2020/6/2,257.49
2020/6/3,287.17
2020/6/4,231.24
2020/6/5,235.07
2020/6/6,277.42
2020/6/7,391.21
2020/6/8,318.64
2020/6/9,191.32
2020/6/10,237.88
2020/6/11,317.86
2020/6/12,293.12
2020/6/13,373.28
2020/6/14,397.45
2020/6/15,300.34
2020/6/16,319.69
2020/6/17,348.4
2020/6/18,322.96
2020/6/19,450.64
2020/6/20,515.46
2020/6/21,413.51
2020/6/22,259.55
2020/6/23,309.15
2020/6/24,224.4
2020/6/25,225.72
2020/6/26,260.33
2020/6/27,276.22
2020/6/28,561.21
2020/6/29,301.58
2020/6/30,292.37
2020/7/1,329.62
2020/7/2,249.7
2020/7/3,412.01
2020/7/4,347.74
2020/7/5,415.94
2020/7/6,389.2
2020/7/7,278.61
2020/7/8,319.33
2020/7/9,267.49
2020/7/10,259.27
2020/7/11,237.89
2020/7/12,496.99
2020/7/13,212.54
2020/7/14,308.28
2020/7/15,352.74
2020/7/16,313.71
2020/7/17,555.06
2020/7/18,388.97
2020/7/19,640
2020/7/20,430.14
2020/7/21,423.52
2020/7/22,297.02
2020/7/23,282.1
2020/7/24,290.25
2020/7/25,279.85
2020/7/26,465.25
2020/7/27,521.96
2020/7/28,315.73
2020/7/29,370.27
2020/7/30,307.77
2020/7/31,384.08
2020/8/1,304.7
2020/8/2,405.97
2020/8/3,271.04
2020/8/4,391.33
2020/8/5,253.99
2020/8/6,285.63
2020/8/7,276.7
2020/8/8,353.43
2020/8/9,398.91
2020/8/10,388.62
2020/8/11,359.14
2020/8/12,202.2
2020/8/13,282.72
2020/8/14,345.8
2020/8/15,324.57
2020/8/16,531.9
2020/8/17,350.55
2020/8/18,341.68
2020/8/19,216.18
2020/8/20,250.25
2020/8/21,286.03
2020/8/22,217.76
2020/8/23,380.2
2020/8/24,186.9
2020/8/25,213.68
2020/8/26,154.27
2020/8/27,180.61
2020/8/28,296.28
2020/8/29,339.77
2020/8/30,296.28
2020/8/31,169.1
2020/9/1,204.69
2020/9/2,237.83
2020/9/3,243.52
2020/9/4,224.01
2020/9/5,258.22
2020/9/6,484.25
2020/9/7,491.37
2020/9/8,208.78
2020/9/9,209.54
2020/9/10,218.1
2020/9/11,237.03
2020/9/12,218.84
2020/9/13,318.66
2020/9/14,270.62
2020/9/15,245.27
2020/9/16,244.64
2020/9/17,248.91
2020/9/18,244.41
2020/9/19,187.42
2020/9/20,437.15
2020/9/21,177.56
2020/9/22,126.1
2020/9/23,161.46
2020/9/24,246.25
2020/9/25,252.32
2020/9/26,134.92
2020/9/27,317.07
2020/9/28,189.79
2020/9/29,185.6
2020/9/30,207.77
2020/10/1,259.5
2020/10/2,390.29
2020/10/3,340.62
2020/10/4,332.63
2020/10/5,273.84
2020/10/6,334.28
2020/10/7,426.88
2020/10/8,294.91
2020/10/9,306.7
2020/10/10,396.92
2020/10/11,492.14
2020/10/12,289.7
2020/10/13,220.87
2020/10/14,341.81
2020/10/15,141.19
2020/10/16,200.48
2020/10/17,161.13
2020/10/18,285.62
2020/10/19,249.35
2020/10/20,234.01
2020/10/21,158.05
2020/10/22,167.77
2020/10/23,138.34
2020/10/24,129.44
2020/10/25,369.86
2020/10/26,294.62
2020/10/27,187.07
2020/10/28,234.14
2020/10/29,298.36
2020/10/30,277.43
2020/10/31,186.36
2020/11/1,271.71
2020/11/2,418.93
2020/11/3,335.3
2020/11/4,370.7
2020/11/5,303.07
2020/11/6,390.29
2020/11/7,452.23
2020/11/8,416.76
2020/11/9,254.34
2020/11/10,192.03
2020/11/11,252.06
2020/11/12,184.25
2020/11/13,123.79
2020/11/14,225.66
2020/11/15,218.9
2020/11/16,254.24
2020/11/17,196.81
2020/11/18,154.81
2020/11/19,224.65
2020/11/20,230.2
2020/11/21,196.02
2020/11/22,359.33
2020/11/23,415.59
2020/11/24,262.51
2020/11/25,276.82
2020/11/26,157.55
2020/11/27,238.32
2020/11/28,149.05
2020/11/29,258.52
2020/11/30,156.15
2020/12/1,248.2
2020/12/2,156.7
2020/12/3,189.91
2020/12/4,215.13
2020/12/5,141.89
2020/12/6,363.84
2020/12/7,269.89
2020/12/8,259.64
2020/12/9,144.77
2020/12/10,256.04
2020/12/11,122.3
2020/12/12,141.22
2020/12/13,379.17
2020/12/14,186.91
2020/12/15,139.29
2020/12/16,136.12
2020/12/17,195.87
2020/12/18,146.67
2020/12/19,154.77
2020/12/20,196.41
2020/12/21,246.79
2020/12/22,147.55
2020/12/23,291.07
2020/12/24,256.16
2020/12/25,174.42
2020/12/26,699.78
2020/12/27,358.97
2020/12/28,217.47
2020/12/29,286.36
2020/12/30,368.46
2020/12/31,307.12
2021/1/1,429.48
2021/1/2,190.39
2021/1/3,324.05
2021/1/4,233.3
2021/1/5,208.61
2021/1/6,139.81
2021/1/7,124.29
2021/1/8,104.8
2021/1/9,115.22
2021/1/10,283.14
2021/1/11,308.7
2021/1/12,229.15
2021/1/13,223.57
2021/1/14,157.94
2021/1/15,149.93
2021/1/16,228.3
2021/1/17,209.94
2021/1/18,159.6
2021/1/19,170.18
2021/1/20,309.33
2021/1/21,280.95
2021/1/22,192
2021/1/23,147.81
2021/1/24,291.37
2021/1/25,241.85
2021/1/26,254.93
2021/1/27,251.13
2021/1/28,150
2021/1/29,248.96
2021/1/30,139.41
2021/1/31,199.79
2021/2/1,144.04
2021/2/2,282.75
2021/2/3,145.65
2021/2/4,129.36
2021/2/5,111.2
2021/2/6,99.84
2021/2/7,200.27
2021/2/8,232.61
2021/2/9,84.45
2021/2/10,113.01
2021/2/11,121.93
2021/2/12,211.29
2021/2/13,180
2021/2/14,153.61
2021/2/15,152.79
2021/2/16,150.29
2021/2/17,84.88
2021/2/18,148.02
2021/2/19,106.51
2021/2/20,107.05
2021/2/21,135.8
2021/2/22,132.3
2021/2/23,145.25
2021/2/24,186.94
2021/2/25,124.74
2021/2/26,223.25
2021/2/27,220.62
2021/2/28,194.65
2021/3/1,257.79
2021/3/2,122
2021/3/3,103.44
2021/3/4,76.48
2021/3/5,231.03
2021/3/6,206.96
2021/3/7,229.1
2021/3/8,328.48
2021/3/9,167.78
2021/3/10,195.33
2021/3/11,275.24
2021/3/12,106.71
2021/3/13,108.34
2021/3/14,216.17
2021/3/15,206.85
2021/3/16,87.46
2021/3/17,187.89
2021/3/18,180.02
2021/3/19,211.66
2021/3/20,301.26
2021/3/21,152.98
2021/3/22,275.36
2021/3/23,193.53
2021/3/24,126.24
2021/3/25,142.05
2021/3/26,108.99
2021/3/27,87.78
2021/3/28,155.99
2021/3/29,177.66
2021/3/30,121.16
2021/3/31,136.03
2021/4/1,76.09
2021/4/2,130.61
2021/4/3,120.78
2021/4/4,210.38
2021/4/5,181.6
2021/4/6,125.46
2021/4/7,205.44
2021/4/8,115.07
2021/4/9,115.04
2021/4/10,138.65
2021/4/11,300.55
2021/4/12,69.6
2021/4/13,112.82
2021/4/14,65.13
2021/4/15,111.93
2021/4/16,86.85
2021/4/17,108.04
2021/4/18,128.86
2021/4/19,92
2021/4/20,89.99
2021/4/21,100.71
2021/4/22,70.82
2021/4/23,102.84
2021/4/24,76.35
2021/4/25,106.95
2021/4/26,84.99
2021/4/27,165.42
2021/4/28,102.3
2021/4/29,153.32
2021/4/30,125.83
2021/5/1,107.85
2021/5/2,184.5
2021/5/3,297.27
2021/5/4,119.21
2021/5/5,176.89
2021/5/6,142.39
2021/5/7,170.41
2021/5/8,134.18
2021/5/9,114.95
2021/5/10,168.8
2021/5/11,175.89
2021/5/12,78.7
2021/5/13,94.65
2021/5/14,100.11
2021/5/15,53.8
2021/5/16,129.76
2021/5/17,128.94
2021/5/18,96.41
2021/5/19,147.69
2021/5/20,189.22
2021/5/21,108.94
2021/5/22,80.84
2021/5/23,181.82
2021/5/24,183.43
2021/5/25,145.6
2021/5/26,71.66
2021/5/27,70.25
2021/5/28,171.86
2021/5/29,20.63
2021/5/30,91.45
2021/5/31,74.69
2021/6/1,176.43
2021/6/2,83.31
2021/6/3,109.44
2021/6/4,68
2021/6/5,48.51
2021/6/6,122.76
2021/6/7,111.43
2021/6/8,109.81
2021/6/9,131.85
2021/6/10,122.88
2021/6/11,97.74
2021/6/12,63.44
2021/6/13,127.53
2021/6/14,117.23
2021/6/15,109.37
2021/6/16,104.83
2021/6/17,94.44
2021/6/18,142.32
2021/6/19,64.25
2021/6/20,95.85
2021/6/21,174.11
2021/6/22,100
2021/6/23,60.28
2021/6/24,113.04
2021/6/25,92.88
2021/6/26,73.15
2021/6/27,302.87
2021/6/28,168.47
2021/6/29,74.51
2021/6/30,133.65
2021/7/1,82.66
2021/7/2,133.09
2021/7/3,82.15
2021/7/4,160.07
2021/7/5,144.78
2021/7/6,199.58
2021/7/7,57.23
2021/7/8,67.69
2021/7/9,84.3
2021/7/10,113.6
2021/7/11,118.92
2021/7/12,144.11
2021/7/13,192.35
2021/7/14,98.68
2021/7/15,153.82
2021/7/16,140.71
2021/7/17,126.48
2021/7/18,216.59
2021/7/19,103.99
2021/7/20,130.37
2021/7/21,185.19
2021/7/22,91.1
2021/7/23,138.66
2021/7/24,89.31
2021/7/25,170.04
2021/7/26,125.45
2021/7/27,132.55
2021/7/28,152.66
2021/7/29,144.4
2021/7/30,133.44
2021/7/31,116.35
2021/8/1,125.09
2021/8/2,124.58
2021/8/3,77.81
2021/8/4,67.39
2021/8/5,179.01
2021/8/6,107.12
2021/8/7,57.9
2021/8/8,241.48
2021/8/9,134.96
2021/8/10,399.87
2021/8/11,96.07
2021/8/12,90.39
2021/8/13,101.4
2021/8/14,95.63
2021/8/15,91.76
2021/8/16,131.18
2021/8/17,113.72
2021/8/18,113.23
2021/8/19,78.58
2021/8/20,85.35
2021/8/21,70.76
2021/8/22,304.68
2021/8/23,177.96
2021/8/24,86.77
2021/8/25,74.18
2021/8/26,54.9
2021/8/27,69.52
2021/8/28,147.47
2021/8/29,105.19
2021/8/30,77.75
2021/8/31,166.77
2021/9/1,88.74
2021/9/2,72.75
2021/9/3,88.32
2021/9/4,78.8
2021/9/5,229.72
2021/9/6,222.33
2021/9/7,165.86
2021/9/8,118.66
2021/9/9,56.89
2021/9/10,72.22
2021/9/11,96.32
2021/9/12,152.3
2021/9/13,209.02
2021/9/14,135.76
2021/9/15,106.93
2021/9/16,44.76
2021/9/17,83.45
2021/9/18,63.85
2021/9/19,91.65
2021/9/20,159.31
2021/9/21,196.08
2021/9/22,98.64
2021/9/23,79.1
2021/9/24,86.86
2021/9/25,82.85
2021/9/26,108.75
2021/9/27,243.51
2021/9/28,126.3
2021/9/29,104.63
2021/9/30,142.53
2021/10/1,88.83
2021/10/2,100.28
2021/10/3,166.17
2021/10/4,148.03
2021/10/5,97.14
2021/10/6,145.53
2021/10/7,100.93
2021/10/8,96.69
2021/10/9,248.61
2021/10/10,122.3
2021/10/11,85.57
2021/10/12,90.52
2021/10/13,111.12
2021/10/14,94.34
2021/10/15,65.19
2021/10/16,86.82
2021/10/17,238.11
2021/10/18,159.77
2021/10/19,73.95
2021/10/20,59.85
2021/10/21,69.73
2021/10/22,101.73
2021/10/23,69.32
2021/10/24,185.92
2021/10/25,102.62
2021/10/26,99.45
2021/10/27,63.73
2021/10/28,90.49
2021/10/29,77.35
2021/10/30,61.28
2021/10/31,97.73
2021/11/1,136.17
2021/11/2,110.75
2021/11/3,188.57
2021/11/4,156.8
2021/11/5,211.53
2021/11/6,205.66
2021/11/7,264.34
2021/11/8,363.38
2021/11/9,149.84
2021/11/10,39
2021/11/11,65.66
2021/11/12,202.74
2021/11/13,79.21
2021/11/14,173.41
2021/11/15,107.9
2021/11/16,112.32
2021/11/17,114.88
2021/11/18,141.8
2021/11/19,120.37
2021/11/20,192.7
2021/11/21,87.77
2021/11/22,92.12
2021/11/23,98.64
2021/11/24,131.12
2021/11/25,58.34
2021/11/26,57.97
2021/11/27,44.45
2021/11/28,126.1
2021/11/29,103.8
2021/11/30,117.24
2021/12/1,108.42
2021/12/2,90.4
2021/12/3,219.57
2021/12/4,169.9
2021/12/5,173.55
2021/12/6,90.05
2021/12/7,121.78
2021/12/8,94.23
2021/12/9,59.47
2021/12/10,78.93
2021/12/11,84.96
2021/12/12,184.54
2021/12/13,214.47
2021/12/14,76.16
2021/12/15,103.8
2021/12/16,152.15
2021/12/17,130.93
2021/12/18,111.46
2021/12/19,185.69
2021/12/20,118.72
2021/12/21,164.17
2021/12/22,130.79
2021/12/23,171.54
2021/12/24,98.9
2021/12/25,203.29
2021/12/26,271.9
2021/12/27,179.41
2021/12/28,113.84
2021/12/29,84.18
2021/12/30,131.66
2021/12/31,132.09
2022/1/1,169.59
2022/1/2,157.01
2022/1/3,146.6
2022/1/4,192.08
2022/1/5,111.08
2022/1/6,235.1
2022/1/7,57.41
2022/1/8,139.45
2022/1/9,115.26
2022/1/10,120.25
2022/1/11,77.55
2022/1/12,91.97
2022/1/13,57.28
2022/1/14,73.63
2022/1/15,169.9
2022/1/16,507.73
2022/1/17,174.94
2022/1/18,77
2022/1/19,71.25
2022/1/20,72.93
2022/1/21,126.04
2022/1/22,52.51
2022/1/23,122.72
2022/1/24,273.48
2022/1/25,190.88
2022/1/26,146.78
2022/1/27,164.89
2022/1/28,129.34
2022/1/29,126.32
2022/1/30,179.99
2022/1/31,184.81
2022/2/1,143.53
2022/2/2,101.01
2022/2/3,93.56
2022/2/4,171.57
2022/2/5,111.26
2022/2/6,121.68
2022/2/7,97.27
2022/2/8,115.82
2022/2/9,83.48
2022/2/10,84.38
2022/2/11,67.68
2022/2/12,85.27
2022/2/13,155.44
2022/2/14,201.81
2022/2/15,109.46
2022/2/16,73.91
2022/2/17,107.1
2022/2/18,180.25
2022/2/19,139.8
2022/2/20,133.87
2022/2/21,114.2
2022/2/22,180.27
2022/2/23,89.64
2022/2/24,156.68
2022/2/25,161.59
2022/2/26,175.73
2022/2/27,160.39
2022/2/28,167.06
2022/3/1,188.05
2022/3/2,134.88
2022/3/3,204.82
2022/3/4,219.09
2022/3/5,212.98
2022/3/6,142.22
2022/3/7,164.7
2022/3/8,165.06
2022/3/9,142.59
2022/3/10,150.53
2022/3/11,232.96
2022/3/12,174.06
2022/3/13,352.88
2022/3/14,222.54
2022/3/15,154.33
2022/3/16,216.66
2022/3/17,137.82
2022/3/18,171.27
2022/3/19,100.89
2022/3/20,161.71
2022/3/21,239.83
2022/3/22,137.53
2022/3/23,116.56
2022/3/24,128.23
2022/3/25,209.01
2022/3/26,204.08
2022/3/27,396.7
2022/3/28,322.1
2022/3/29,193.93
2022/3/30,105.19
2022/3/31,81.85
2022/4/1,114.29
2022/4/2,160.34
2022/4/3,65.82
2022/4/4,115.67
2022/4/5,126.89
2022/4/6,168.21
2022/4/7,171.04
2022/4/8,124.74
2022/4/9,92.39
2022/4/10,324.04
2022/4/11,241.25
2022/4/12,103.12
2022/4/13,90.43
2022/4/14,142.29
2022/4/15,98.36
2022/4/16,85.21
2022/4/17,105.38
2022/4/18,93.03
2022/4/19,276.08
2022/4/20,95.07
2022/4/21,89.05
2022/4/22,148.56
2022/4/23,112.1
2022/4/24,131.87
2022/4/25,126.9
2022/4/26,130.06
2022/4/27,69.39
2022/4/28,80.21
2022/4/29,126.12
2022/4/30,281.5
2022/5/1,150.39
2022/5/2,99.33
2022/5/3,103.64
2022/5/4,123.78
2022/5/5,87.92
2022/5/6,212.5
2022/5/7,108.42
2022/5/8,307.96
2022/5/9,97.81
2022/5/10,135.75
2022/5/11,102.02
2022/5/12,144.73
2022/5/13,140
2022/5/14,130.88
2022/5/15,184.23
2022/5/16,124.37
2022/5/17,101.23
2022/5/18,97.83
2022/5/19,157.59
2022/5/20,185.12
2022/5/21,157.27
2022/5/22,247.4
2022/5/23,135.77
2022/5/24,135.79
2022/5/25,100.89
2022/5/26,132.56
2022/5/27,145.02
2022/5/28,61.72
2022/5/29,79.32
2022/5/30,82.99
2022/5/31,72.9
2022/6/1,161.66
2022/6/2,144.13
2022/6/3,163.85
2022/6/4,88.7
2022/6/5,139.95
2022/6/6,127.27
2022/6/7,167.65
2022/6/8,110.13
2022/6/9,112.11
2022/6/10,93.65
2022/6/11,80.16
2022/6/12,124.32
2022/6/13,95.37
2022/6/14,120.62
2022/6/15,140.82
2022/6/16,189.54
2022/6/17,108.29
2022/6/18,143.96
2022/6/19,184.49
2022/6/20,165.42
2022/6/21,140.11
2022/6/22,96.97
2022/6/23,96.96
2022/6/24,111.86
2022/6/25,91.56
2022/6/26,239.87
2022/6/27,140.94
2022/6/28,129.96
2022/6/29,135.33
2022/6/30,158.37
2022/7/1,177.73
2022/7/2,130.95
2022/7/3,135.95
2022/7/4,309.83
2022/7/5,116.59
2022/7/6,91.52
2022/7/7,93.67
2022/7/8,104.33
2022/7/9,104.17
2022/7/10,210.3
2022/7/11,200.3
2022/7/12,126.67
2022/7/13,52.82
2022/7/14,203.03
2022/7/15,210.77
2022/7/16,214.9
2022/7/17,195.72
2022/7/18,182.94
2022/7/19,177.18
2022/7/20,113.33
2022/7/21,132.76
2022/7/22,138.82
2022/7/23,100.99
2022/7/24,209.57
2022/7/25,120.62
2022/7/26,94.68
2022/7/27,181.99
2022/7/28,111
2022/7/29,130.23
2022/7/30,61.72
2022/7/31,118.84
2022/8/1,141.32
2022/8/2,96.66
2022/8/3,115.69
2022/8/4,78.43
2022/8/5,107.43
2022/8/6,265.44
2022/8/7,187.1
2022/8/8,227.88
2022/8/9,189.05
2022/8/10,84.3
2022/8/11,99.36
2022/8/12,48.55
2022/8/13,112.14
2022/8/14,95.08
2022/8/15,145.63
2022/8/16,103.94
2022/8/17,75.77
2022/8/18,92.67
2022/8/19,98.49
2022/8/20,49.35
2022/8/21,149.65
2022/8/22,169.02
2022/8/23,93.31
2022/8/24,137.29
2022/8/25,66.37
2022/8/26,121.88
2022/8/27,96.29
2022/8/28,138.76
2022/8/29,97.52
2022/8/30,83.23
2022/8/31,126.46
2022/9/1,75.93
2022/9/2,65.23
2022/9/3,65.72
2022/9/4,95.37
2022/9/5,158.69
2022/9/6,91.55
2022/9/7,87.66
2022/9/8,47.62
2022/9/9,66.03
2022/9/10,64.78
2022/9/11,141.95
2022/9/12,162.37
2022/9/13,95.35
2022/9/14,116.73
2022/9/15,118.58
2022/9/16,123.3
2022/9/17,125.98
2022/9/18,131.17
2022/9/19,65.09
2022/9/20,78.61
2022/9/21,70.88
2022/9/22,139.2
2022/9/23,133.87
2022/9/24,114.37
2022/9/25,127.96
2022/9/26,85.96
2022/9/27,194.98
2022/9/28,155.79
2022/9/29,93.12
2022/9/30,192.84
2022/10/1,101.92
2022/10/2,296.28
2022/10/3,146.03
2022/10/4,148.79
2022/10/5,153.24
2022/10/6,168.97
2022/10/7,139.82
2022/10/8,100.81
2022/10/9,128.12
2022/10/10,181.4
2022/10/11,155.85
2022/10/12,186.85
2022/10/13,169.02
2022/10/14,180.93
2022/10/15,120.4
2022/10/16,208.79
2022/10/17,129.16
2022/10/18,73.35
2022/10/19,70.66
2022/10/20,78.35
2022/10/21,107.34
2022/10/22,72.32
2022/10/23,140.06
2022/10/24,168.29
2022/10/25,104.95
2022/10/26,84.81
2022/10/27,150.79
2022/10/28,204.29
2022/10/29,87.03
2022/10/30,114.98
2022/10/31,161.13
2022/11/1,127.48
2022/11/2,98.2
2022/11/3,140.73
2022/11/4,122.07
2022/11/5,66.38
2022/11/6,116.64
2022/11/7,245.52
2022/11/8,123.6
2022/11/9,146.6
2022/11/10,119.57
2022/11/11,183.98
2022/11/12,198.23
2022/11/13,228.73
2022/11/14,215.52
2022/11/15,95.09
2022/11/16,107.83
2022/11/17,91.22
2022/11/18,133.39
2022/11/19,110.6
2022/11/20,255.53
2022/11/21,122.23
2022/11/22,125.51
2022/11/23,183.38
2022/11/24,226.25
2022/11/25,189.26
2022/11/26,119.31
2022/11/27,173.32
2022/11/28,183.05
2022/11/29,90.52
2022/11/30,89.9
2022/12/1,177.11
2022/12/2,48.03
2022/12/3,83.3
2022/12/4,339.06
2022/12/5,187.14
2022/12/6,105.68
2022/12/7,151.37
2022/12/8,81.81
2022/12/9,114.31
2022/12/10,61
2022/12/11,223.06
2022/12/12,169.7
2022/12/13,122.35
2022/12/14,120.9
2022/12/15,114.95
2022/12/16,99.07
2022/12/17,84.76
2022/12/18,103.12
2022/12/19,87.27
2022/12/20,72.84
2022/12/21,147.63
2022/12/22,98.69
2022/12/23,84.14
2022/12/24,73.31
2022/12/25,343.59
2022/12/26,170.29
2022/12/27,69.63
2022/12/28,85.9
2022/12/29,123.69
2022/12/30,199.3
2022/12/31,162.78
2023/1/1,433.38
2023/1/2,185.33
2023/1/3,117.51
2023/1/4,114.2
2023/1/5,176.01
2023/1/6,158.88
2023/1/7,168.63
2023/1/8,204.85
2023/1/9,152.46
2023/1/10,386.4
2023/1/11,363.54
2023/1/12,189.12
2023/1/13,141.9
2023/1/14,176.67
2023/1/15,261.68
2023/1/16,166.4
2023/1/17,73.48
2023/1/18,310.22
2023/1/19,106.09
2023/1/20,119.89
2023/1/21,89.56
2023/1/22,258.78
2023/1/23,326.16
2023/1/24,123.28
2023/1/25,113.38
2023/1/26,72.53
2023/1/27,110.89
2023/1/28,114.2
2023/1/29,225.17
2023/1/30,190.98
2023/1/31,158.19
2023/2/1,137.21
2023/2/2,116.99
2023/2/3,115.81
2023/2/4,99.82
2023/2/5,90.75
2023/2/6,219.03
2023/2/7,190.34
2023/2/8,139.63
2023/2/9,129.06
2023/2/10,99.82
2023/2/11,118.66
2023/2/12,54.4
2023/2/13,70.05
2023/2/14,105.73
2023/2/15,200.6
2023/2/16,223.17
2023/2/17,97.82
2023/2/18,153.22
2023/2/19,101.26
2023/2/20,88.82
2023/2/21,68.9
2023/2/22,140.33
2023/2/23,188.33
2023/2/24,82.35
2023/2/25,57.93
2023/2/26,78.14
2023/2/27,130.62
2023/2/28,88.38
2023/3/1,79.33
2023/3/2,158.83
2023/3/3,90.05
2023/3/4,109.74
2023/3/5,120.29
2023/3/6,88.74
2023/3/7,97.28
2023/3/8,71.68
2023/3/9,99.01
2023/3/10,167.33
2023/3/11,111.64
2023/3/12,63.42
2023/3/13,226.43
2023/3/14,246.38
2023/3/15,165.53
2023/3/16,191.67
2023/3/17,236.53
2023/3/18,80.16
2023/3/19,213.92
2023/3/20,158.68
2023/3/21,102.69
2023/3/22,215.3
2023/3/23,190
2023/3/24,163.72
2023/3/25,132.95
2023/3/26,153.05
2023/3/27,141.81
2023/3/28,117.77
2023/3/29,127.01
2023/3/30,82.78
2023/3/31,144.99
2023/4/1,118.19
2023/4/2,407.69
2023/4/3,150.38
2023/4/4,154.53
2023/4/5,108.51
2023/4/6,40.4
2023/4/7,65.4
2023/4/8,124.42
2023/4/9,210.2
2023/4/10,116.65
2023/4/11,155.38
2023/4/12,109.82
2023/4/13,258.05
2023/4/14,38.2
2023/4/15,50.4
2023/4/16,279.06
2023/4/17,51.34
2023/4/18,186.52
2023/4/19,128.99
2023/4/20,98.98
2023/4/21,118.21
2023/4/22,113.76
2023/4/23,127.64
2023/4/24,149.57
2023/4/25,111.25
2023/4/26,135.07
2023/4/27,157.01
2023/4/28,94.05
2023/4/29,93.97
2023/4/30,209.08
2023/5/1,435.03
2023/5/2,249.56
2023/5/3,139.92
2023/5/4,105
2023/5/5,100.93
2023/5/6,87.09
2023/5/7,152.42
2023/5/8,311.34
2023/5/9,163.06
2023/5/10,69.51
2023/5/11,155.22
2023/5/12,190.28
2023/5/13,250.04
2023/5/14,189.55
2023/5/15,99.1
2023/5/16,67.14
2023/5/17,113.54
2023/5/18,210.79
2023/5/19,111.5
2023/5/20,206.6
2023/5/21,328.45
2023/5/22,398.71
2023/5/23,156.99
2023/5/24,301.54
2023/5/25,237.84
2023/5/26,220.29
2023/5/27,154.91
2023/5/28,241.49
2023/5/29,80.39
2023/5/30,111.1
2023/5/31,264.79
2023/6/1,108.62
2023/6/2,96.48
2023/6/3,63.27
2023/6/4,150.73
2023/6/5,133.01
2023/6/6,62.63
2023/6/7,119
2023/6/8,96.83
2023/6/9,58.14
2023/6/10,64.39
2023/6/11,90.27
2023/6/12,204.38
2023/6/13,110.96
2023/6/14,147.42
2023/6/15,71
2023/6/16,56.58
2023/6/17,61.35
2023/6/18,126.36
2023/6/19,277.07
2023/6/20,213.08
2023/6/21,65.39
2023/6/22,72.75
2023/6/23,74.02
2023/6/24,161
2023/6/25,340.25
2023/6/26,150.9
2023/6/27,127.96
2023/6/28,152.99
2023/6/29,117.91
2023/6/30,96.85
2023/7/1,86.8
2023/7/2,123.9
2023/7/3,65.32
2023/7/4,60.81
2023/7/5,137.28
2023/7/6,40.77
2023/7/7,93.53
2023/7/8,139.58
2023/7/9,71.88
2023/7/10,39.18
2023/7/11,37.82
2023/7/12,89.22
2023/7/13,75.95
2023/7/14,206.65
2023/7/15,53.17
2023/7/16,79.3
2023/7/17,155.95
2023/7/18,104.21
2023/7/19,37.11
2023/7/20,260.18
2023/7/21,80.78
2023/7/22,81.81
2023/7/23,142.45
2023/7/24,105.67
2023/7/25,37.76
2023/7/26,220.51
2023/7/27,95.33
2023/7/28,82.35
2023/7/29,108.35
2023/7/30,156.43
2023/7/31,81.19
2023/8/1,151.79
2023/8/2,121.59
2023/8/3,62.21
2023/8/4,60.58
2023/8/5,52.64
2023/8/6,85.29
2023/8/7,59.3
2023/8/8,49.89
2023/8/9,77.25
2023/8/10,46.74
2023/8/11,170.3
2023/8/12,73.28
2023/8/13,64.02
2023/8/14,236.53
2023/8/15,53.33
2023/8/16,128.55
2023/8/17,101.81
2023/8/18,36.93
2023/8/19,59.85
2023/8/20,141.46
2023/8/21,130.14
2023/8/22,52.69
2023/8/23,141.21
2023/8/24,76.47
2023/8/25,137.35
2023/8/26,172.14
2023/8/27,109.45
2023/8/28,70.13
2023/8/29,69.2
2023/8/30,66.94
2023/8/31,167.14
2023/9/1,57.38
2023/9/2,141.49
2023/9/3,180.96
2023/9/4,41.29
2023/9/5,66.39
2023/9/6,41.02
2023/9/7,95.66
2023/9/8,37.05
2023/9/9,65.78
2023/9/10,70.26
2023/9/11,82.18
2023/9/12,99.71
2023/9/13,132.91
2023/9/14,111.69
2023/9/15,63.69
2023/9/16,29.01
2023/9/17,132.64
2023/9/18,63.82
2023/9/19,146.72
2023/9/20,82.86
2023/9/21,106.49
2023/9/22,42.8
2023/9/23,52.98
2023/9/24,62.13
2023/9/25,14.69
2023/9/26,143.47
2023/9/27,150.04
2023/9/28,111.89
2023/9/29,136.08
2023/9/30,113.8
2023/10/1,143.15
2023/10/2,77.03
2023/10/3,100.4
2023/10/4,181.95
2023/10/5,47.99
2023/10/6,95.46
2023/10/7,89.38
2023/10/8,228.9
2023/10/9,264.13
2023/10/10,143.27
2023/10/11,192.77
2023/10/12,189.71
2023/10/13,58.76
2023/10/14,70.39
2023/10/15,512.8
2023/10/16,136.3
2023/10/17,97.8
2023/10/18,90.33
2023/10/19,279.65
2023/10/20,287.49
2023/10/21,82.04
2023/10/22,159.3
2023/10/23,150.87
2023/10/24,79.87
2023/10/25,124.21
2023/10/26,37.91
2023/10/27,90.17
2023/10/28,57.07
2023/10/29,67.84
2023/10/30,164.09
2023/10/31,42.38
2023/11/1,132.01
2023/11/2,58.14
2023/11/3,72.02
2023/11/4,34.76
2023/11/5,85.27
2023/11/6,342.88
2023/11/7,122.59
2023/11/8,119.34
2023/11/9,142.71
2023/11/10,127.96
