Date,RBE
2000/11/01,104.4
2000/11/02,104.4
2000/11/03,104.4
2000/11/04,104.4
2000/11/05,104.4
2000/11/06,104.4
2000/11/07,104.4
2000/11/08,104.4
2000/11/09,104.4
2000/11/10,104.4
2000/11/11,104.4
2000/11/12,104.4
2000/11/13,104.4
2000/11/14,104.4
2000/11/15,104.4
2000/11/16,104.4
2000/11/17,104.4
2000/11/18,104.4
2000/11/19,104.4
2000/11/20,104.4
2000/11/21,104.4
2000/11/22,104.4
2000/11/23,104.4
2000/11/24,104.4
2000/11/25,104.4
2000/11/26,104.4
2000/11/27,104.4
2000/11/28,104.4
2000/11/29,104.4
2000/11/30,104.4
2000/12/01,103.28
2000/12/02,103.28
2000/12/03,103.28
2000/12/04,103.28
2000/12/05,103.28
2000/12/06,103.28
2000/12/07,103.28
2000/12/08,103.28
2000/12/09,103.28
2000/12/10,103.28
2000/12/11,103.28
2000/12/12,103.28
2000/12/13,103.28
2000/12/14,103.28
2000/12/15,103.28
2000/12/16,103.28
2000/12/17,103.28
2000/12/18,103.28
2000/12/19,103.28
2000/12/20,103.28
2000/12/21,103.28
2000/12/22,103.28
2000/12/23,103.28
2000/12/24,103.28
2000/12/25,103.28
2000/12/26,103.28
2000/12/27,103.28
2000/12/28,103.28
2000/12/29,103.28
2000/12/30,103.28
2000/12/31,103.28
2001/01/01,103.74
2001/01/02,103.74
2001/01/03,103.74
2001/01/04,103.74
2001/01/05,103.74
2001/01/06,103.74
2001/01/07,103.74
2001/01/08,103.74
2001/01/09,103.74
2001/01/10,103.74
2001/01/11,103.74
2001/01/12,103.74
2001/01/13,103.74
2001/01/14,103.74
2001/01/15,103.74
2001/01/16,103.74
2001/01/17,103.74
2001/01/18,103.74
2001/01/19,103.74
2001/01/20,103.74
2001/01/21,103.74
2001/01/22,103.74
2001/01/23,103.74
2001/01/24,103.74
2001/01/25,103.74
2001/01/26,103.74
2001/01/27,103.74
2001/01/28,103.74
2001/01/29,103.74
2001/01/30,103.74
2001/01/31,103.74
2001/02/01,104.58
2001/02/02,104.58
2001/02/03,104.58
2001/02/04,104.58
2001/02/05,104.58
2001/02/06,104.58
2001/02/07,104.58
2001/02/08,104.58
2001/02/09,104.58
2001/02/10,104.58
2001/02/11,104.58
2001/02/12,104.58
2001/02/13,104.58
2001/02/14,104.58
2001/02/15,104.58
2001/02/16,104.58
2001/02/17,104.58
2001/02/18,104.58
2001/02/19,104.58
2001/02/20,104.58
2001/02/21,104.58
2001/02/22,104.58
2001/02/23,104.58
2001/02/24,104.58
2001/02/25,104.58
2001/02/26,104.58
2001/02/27,104.58
2001/02/28,104.58
2001/03/01,106.29
2001/03/02,106.29
2001/03/03,106.29
2001/03/04,106.29
2001/03/05,106.29
2001/03/06,106.29
2001/03/07,106.29
2001/03/08,106.29
2001/03/09,106.29
2001/03/10,106.29
2001/03/11,106.29
2001/03/12,106.29
2001/03/13,106.29
2001/03/14,106.29
2001/03/15,106.29
2001/03/16,106.29
2001/03/17,106.29
2001/03/18,106.29
2001/03/19,106.29
2001/03/20,106.29
2001/03/21,106.29
2001/03/22,106.29
2001/03/23,106.29
2001/03/24,106.29
2001/03/25,106.29
2001/03/26,106.29
2001/03/27,106.29
2001/03/28,106.29
2001/03/29,106.29
2001/03/30,106.29
2001/03/31,106.29
2001/04/01,107.07
2001/04/02,107.07
2001/04/03,107.07
2001/04/04,107.07
2001/04/05,107.07
2001/04/06,107.07
2001/04/07,107.07
2001/04/08,107.07
2001/04/09,107.07
2001/04/10,107.07
2001/04/11,107.07
2001/04/12,107.07
2001/04/13,107.07
2001/04/14,107.07
2001/04/15,107.07
2001/04/16,107.07
2001/04/17,107.07
2001/04/18,107.07
2001/04/19,107.07
2001/04/20,107.07
2001/04/21,107.07
2001/04/22,107.07
2001/04/23,107.07
2001/04/24,107.07
2001/04/25,107.07
2001/04/26,107.07
2001/04/27,107.07
2001/04/28,107.07
2001/04/29,107.07
2001/04/30,107.07
2001/05/01,106.92
2001/05/02,106.92
2001/05/03,106.92
2001/05/04,106.92
2001/05/05,106.92
2001/05/06,106.92
2001/05/07,106.92
2001/05/08,106.92
2001/05/09,106.92
2001/05/10,106.92
2001/05/11,106.92
2001/05/12,106.92
2001/05/13,106.92
2001/05/14,106.92
2001/05/15,106.92
2001/05/16,106.92
2001/05/17,106.92
2001/05/18,106.92
2001/05/19,106.92
2001/05/20,106.92
2001/05/21,106.92
2001/05/22,106.92
2001/05/23,106.92
2001/05/24,106.92
2001/05/25,106.92
2001/05/26,106.92
2001/05/27,106.92
2001/05/28,106.92
2001/05/29,106.92
2001/05/30,106.92
2001/05/31,106.92
2001/06/01,107.71
2001/06/02,107.71
2001/06/03,107.71
2001/06/04,107.71
2001/06/05,107.71
2001/06/06,107.71
2001/06/07,107.71
2001/06/08,107.71
2001/06/09,107.71
2001/06/10,107.71
2001/06/11,107.71
2001/06/12,107.71
2001/06/13,107.71
2001/06/14,107.71
2001/06/15,107.71
2001/06/16,107.71
2001/06/17,107.71
2001/06/18,107.71
2001/06/19,107.71
2001/06/20,107.71
2001/06/21,107.71
2001/06/22,107.71
2001/06/23,107.71
2001/06/24,107.71
2001/06/25,107.71
2001/06/26,107.71
2001/06/27,107.71
2001/06/28,107.71
2001/06/29,107.71
2001/06/30,107.71
2001/07/01,108.02
2001/07/02,108.02
2001/07/03,108.02
2001/07/04,108.02
2001/07/05,108.02
2001/07/06,108.02
2001/07/07,108.02
2001/07/08,108.02
2001/07/09,108.02
2001/07/10,108.02
2001/07/11,108.02
2001/07/12,108.02
2001/07/13,108.02
2001/07/14,108.02
2001/07/15,108.02
2001/07/16,108.02
2001/07/17,108.02
2001/07/18,108.02
2001/07/19,108.02
2001/07/20,108.02
2001/07/21,108.02
2001/07/22,108.02
2001/07/23,108.02
2001/07/24,108.02
2001/07/25,108.02
2001/07/26,108.02
2001/07/27,108.02
2001/07/28,108.02
2001/07/29,108.02
2001/07/30,108.02
2001/07/31,108.02
2001/08/01,106.16
2001/08/02,106.16
2001/08/03,106.16
2001/08/04,106.16
2001/08/05,106.16
2001/08/06,106.16
2001/08/07,106.16
2001/08/08,106.16
2001/08/09,106.16
2001/08/10,106.16
2001/08/11,106.16
2001/08/12,106.16
2001/08/13,106.16
2001/08/14,106.16
2001/08/15,106.16
2001/08/16,106.16
2001/08/17,106.16
2001/08/18,106.16
2001/08/19,106.16
2001/08/20,106.16
2001/08/21,106.16
2001/08/22,106.16
2001/08/23,106.16
2001/08/24,106.16
2001/08/25,106.16
2001/08/26,106.16
2001/08/27,106.16
2001/08/28,106.16
2001/08/29,106.16
2001/08/30,106.16
2001/08/31,106.16
2001/09/01,106.59
2001/09/02,106.59
2001/09/03,106.59
2001/09/04,106.59
2001/09/05,106.59
2001/09/06,106.59
2001/09/07,106.59
2001/09/08,106.59
2001/09/09,106.59
2001/09/10,106.59
2001/09/11,106.59
2001/09/12,106.59
2001/09/13,106.59
2001/09/14,106.59
2001/09/15,106.59
2001/09/16,106.59
2001/09/17,106.59
2001/09/18,106.59
2001/09/19,106.59
2001/09/20,106.59
2001/09/21,106.59
2001/09/22,106.59
2001/09/23,106.59
2001/09/24,106.59
2001/09/25,106.59
2001/09/26,106.59
2001/09/27,106.59
2001/09/28,106.59
2001/09/29,106.59
2001/09/30,106.59
2001/10/01,106.87
2001/10/02,106.87
2001/10/03,106.87
2001/10/04,106.87
2001/10/05,106.87
2001/10/06,106.87
2001/10/07,106.87
2001/10/08,106.87
2001/10/09,106.87
2001/10/10,106.87
2001/10/11,106.87
2001/10/12,106.87
2001/10/13,106.87
2001/10/14,106.87
2001/10/15,106.87
2001/10/16,106.87
2001/10/17,106.87
2001/10/18,106.87
2001/10/19,106.87
2001/10/20,106.87
2001/10/21,106.87
2001/10/22,106.87
2001/10/23,106.87
2001/10/24,106.87
2001/10/25,106.87
2001/10/26,106.87
2001/10/27,106.87
2001/10/28,106.87
2001/10/29,106.87
2001/10/30,106.87
2001/10/31,106.87
2001/11/01,107.38
2001/11/02,107.38
2001/11/03,107.38
2001/11/04,107.38
2001/11/05,107.38
2001/11/06,107.38
2001/11/07,107.38
2001/11/08,107.38
2001/11/09,107.38
2001/11/10,107.38
2001/11/11,107.38
2001/11/12,107.38
2001/11/13,107.38
2001/11/14,107.38
2001/11/15,107.38
2001/11/16,107.38
2001/11/17,107.38
2001/11/18,107.38
2001/11/19,107.38
2001/11/20,107.38
2001/11/21,107.38
2001/11/22,107.38
2001/11/23,107.38
2001/11/24,107.38
2001/11/25,107.38
2001/11/26,107.38
2001/11/27,107.38
2001/11/28,107.38
2001/11/29,107.38
2001/11/30,107.38
2001/12/01,106.95
2001/12/02,106.95
2001/12/03,106.95
2001/12/04,106.95
2001/12/05,106.95
2001/12/06,106.95
2001/12/07,106.95
2001/12/08,106.95
2001/12/09,106.95
2001/12/10,106.95
2001/12/11,106.95
2001/12/12,106.95
2001/12/13,106.95
2001/12/14,106.95
2001/12/15,106.95
2001/12/16,106.95
2001/12/17,106.95
2001/12/18,106.95
2001/12/19,106.95
2001/12/20,106.95
2001/12/21,106.95
2001/12/22,106.95
2001/12/23,106.95
2001/12/24,106.95
2001/12/25,106.95
2001/12/26,106.95
2001/12/27,106.95
2001/12/28,106.95
2001/12/29,106.95
2001/12/30,106.95
2001/12/31,106.95
2002/01/01,108.06
2002/01/02,108.06
2002/01/03,108.06
2002/01/04,108.06
2002/01/05,108.06
2002/01/06,108.06
2002/01/07,108.06
2002/01/08,108.06
2002/01/09,108.06
2002/01/10,108.06
2002/01/11,108.06
2002/01/12,108.06
2002/01/13,108.06
2002/01/14,108.06
2002/01/15,108.06
2002/01/16,108.06
2002/01/17,108.06
2002/01/18,108.06
2002/01/19,108.06
2002/01/20,108.06
2002/01/21,108.06
2002/01/22,108.06
2002/01/23,108.06
2002/01/24,108.06
2002/01/25,108.06
2002/01/26,108.06
2002/01/27,108.06
2002/01/28,108.06
2002/01/29,108.06
2002/01/30,108.06
2002/01/31,108.06
2002/02/01,108.74
2002/02/02,108.74
2002/02/03,108.74
2002/02/04,108.74
2002/02/05,108.74
2002/02/06,108.74
2002/02/07,108.74
2002/02/08,108.74
2002/02/09,108.74
2002/02/10,108.74
2002/02/11,108.74
2002/02/12,108.74
2002/02/13,108.74
2002/02/14,108.74
2002/02/15,108.74
2002/02/16,108.74
2002/02/17,108.74
2002/02/18,108.74
2002/02/19,108.74
2002/02/20,108.74
2002/02/21,108.74
2002/02/22,108.74
2002/02/23,108.74
2002/02/24,108.74
2002/02/25,108.74
2002/02/26,108.74
2002/02/27,108.74
2002/02/28,108.74
2002/03/01,108.48
2002/03/02,108.48
2002/03/03,108.48
2002/03/04,108.48
2002/03/05,108.48
2002/03/06,108.48
2002/03/07,108.48
2002/03/08,108.48
2002/03/09,108.48
2002/03/10,108.48
2002/03/11,108.48
2002/03/12,108.48
2002/03/13,108.48
2002/03/14,108.48
2002/03/15,108.48
2002/03/16,108.48
2002/03/17,108.48
2002/03/18,108.48
2002/03/19,108.48
2002/03/20,108.48
2002/03/21,108.48
2002/03/22,108.48
2002/03/23,108.48
2002/03/24,108.48
2002/03/25,108.48
2002/03/26,108.48
2002/03/27,108.48
2002/03/28,108.48
2002/03/29,108.48
2002/03/30,108.48
2002/03/31,108.48
2002/04/01,108.24
2002/04/02,108.24
2002/04/03,108.24
2002/04/04,108.24
2002/04/05,108.24
2002/04/06,108.24
2002/04/07,108.24
2002/04/08,108.24
2002/04/09,108.24
2002/04/10,108.24
2002/04/11,108.24
2002/04/12,108.24
2002/04/13,108.24
2002/04/14,108.24
2002/04/15,108.24
2002/04/16,108.24
2002/04/17,108.24
2002/04/18,108.24
2002/04/19,108.24
2002/04/20,108.24
2002/04/21,108.24
2002/04/22,108.24
2002/04/23,108.24
2002/04/24,108.24
2002/04/25,108.24
2002/04/26,108.24
2002/04/27,108.24
2002/04/28,108.24
2002/04/29,108.24
2002/04/30,108.24
2002/05/01,106.72
2002/05/02,106.72
2002/05/03,106.72
2002/05/04,106.72
2002/05/05,106.72
2002/05/06,106.72
2002/05/07,106.72
2002/05/08,106.72
2002/05/09,106.72
2002/05/10,106.72
2002/05/11,106.72
2002/05/12,106.72
2002/05/13,106.72
2002/05/14,106.72
2002/05/15,106.72
2002/05/16,106.72
2002/05/17,106.72
2002/05/18,106.72
2002/05/19,106.72
2002/05/20,106.72
2002/05/21,106.72
2002/05/22,106.72
2002/05/23,106.72
2002/05/24,106.72
2002/05/25,106.72
2002/05/26,106.72
2002/05/27,106.72
2002/05/28,106.72
2002/05/29,106.72
2002/05/30,106.72
2002/05/31,106.72
2002/06/01,105.5
2002/06/02,105.5
2002/06/03,105.5
2002/06/04,105.5
2002/06/05,105.5
2002/06/06,105.5
2002/06/07,105.5
2002/06/08,105.5
2002/06/09,105.5
2002/06/10,105.5
2002/06/11,105.5
2002/06/12,105.5
2002/06/13,105.5
2002/06/14,105.5
2002/06/15,105.5
2002/06/16,105.5
2002/06/17,105.5
2002/06/18,105.5
2002/06/19,105.5
2002/06/20,105.5
2002/06/21,105.5
2002/06/22,105.5
2002/06/23,105.5
2002/06/24,105.5
2002/06/25,105.5
2002/06/26,105.5
2002/06/27,105.5
2002/06/28,105.5
2002/06/29,105.5
2002/06/30,105.5
2002/07/01,104.08
2002/07/02,104.08
2002/07/03,104.08
2002/07/04,104.08
2002/07/05,104.08
2002/07/06,104.08
2002/07/07,104.08
2002/07/08,104.08
2002/07/09,104.08
2002/07/10,104.08
2002/07/11,104.08
2002/07/12,104.08
2002/07/13,104.08
2002/07/14,104.08
2002/07/15,104.08
2002/07/16,104.08
2002/07/17,104.08
2002/07/18,104.08
2002/07/19,104.08
2002/07/20,104.08
2002/07/21,104.08
2002/07/22,104.08
2002/07/23,104.08
2002/07/24,104.08
2002/07/25,104.08
2002/07/26,104.08
2002/07/27,104.08
2002/07/28,104.08
2002/07/29,104.08
2002/07/30,104.08
2002/07/31,104.08
2002/08/01,105.31
2002/08/02,105.31
2002/08/03,105.31
2002/08/04,105.31
2002/08/05,105.31
2002/08/06,105.31
2002/08/07,105.31
2002/08/08,105.31
2002/08/09,105.31
2002/08/10,105.31
2002/08/11,105.31
2002/08/12,105.31
2002/08/13,105.31
2002/08/14,105.31
2002/08/15,105.31
2002/08/16,105.31
2002/08/17,105.31
2002/08/18,105.31
2002/08/19,105.31
2002/08/20,105.31
2002/08/21,105.31
2002/08/22,105.31
2002/08/23,105.31
2002/08/24,105.31
2002/08/25,105.31
2002/08/26,105.31
2002/08/27,105.31
2002/08/28,105.31
2002/08/29,105.31
2002/08/30,105.31
2002/08/31,105.31
2002/09/01,105.81
2002/09/02,105.81
2002/09/03,105.81
2002/09/04,105.81
2002/09/05,105.81
2002/09/06,105.81
2002/09/07,105.81
2002/09/08,105.81
2002/09/09,105.81
2002/09/10,105.81
2002/09/11,105.81
2002/09/12,105.81
2002/09/13,105.81
2002/09/14,105.81
2002/09/15,105.81
2002/09/16,105.81
2002/09/17,105.81
2002/09/18,105.81
2002/09/19,105.81
2002/09/20,105.81
2002/09/21,105.81
2002/09/22,105.81
2002/09/23,105.81
2002/09/24,105.81
2002/09/25,105.81
2002/09/26,105.81
2002/09/27,105.81
2002/09/28,105.81
2002/09/29,105.81
2002/09/30,105.81
2002/10/01,106.57
2002/10/02,106.57
2002/10/03,106.57
2002/10/04,106.57
2002/10/05,106.57
2002/10/06,106.57
2002/10/07,106.57
2002/10/08,106.57
2002/10/09,106.57
2002/10/10,106.57
2002/10/11,106.57
2002/10/12,106.57
2002/10/13,106.57
2002/10/14,106.57
2002/10/15,106.57
2002/10/16,106.57
2002/10/17,106.57
2002/10/18,106.57
2002/10/19,106.57
2002/10/20,106.57
2002/10/21,106.57
2002/10/22,106.57
2002/10/23,106.57
2002/10/24,106.57
2002/10/25,106.57
2002/10/26,106.57
2002/10/27,106.57
2002/10/28,106.57
2002/10/29,106.57
2002/10/30,106.57
2002/10/31,106.57
2002/11/01,105.22
2002/11/02,105.22
2002/11/03,105.22
2002/11/04,105.22
2002/11/05,105.22
2002/11/06,105.22
2002/11/07,105.22
2002/11/08,105.22
2002/11/09,105.22
2002/11/10,105.22
2002/11/11,105.22
2002/11/12,105.22
2002/11/13,105.22
2002/11/14,105.22
2002/11/15,105.22
2002/11/16,105.22
2002/11/17,105.22
2002/11/18,105.22
2002/11/19,105.22
2002/11/20,105.22
2002/11/21,105.22
2002/11/22,105.22
2002/11/23,105.22
2002/11/24,105.22
2002/11/25,105.22
2002/11/26,105.22
2002/11/27,105.22
2002/11/28,105.22
2002/11/29,105.22
2002/11/30,105.22
2002/12/01,104.29
2002/12/02,104.29
2002/12/03,104.29
2002/12/04,104.29
2002/12/05,104.29
2002/12/06,104.29
2002/12/07,104.29
2002/12/08,104.29
2002/12/09,104.29
2002/12/10,104.29
2002/12/11,104.29
2002/12/12,104.29
2002/12/13,104.29
2002/12/14,104.29
2002/12/15,104.29
2002/12/16,104.29
2002/12/17,104.29
2002/12/18,104.29
2002/12/19,104.29
2002/12/20,104.29
2002/12/21,104.29
2002/12/22,104.29
2002/12/23,104.29
2002/12/24,104.29
2002/12/25,104.29
2002/12/26,104.29
2002/12/27,104.29
2002/12/28,104.29
2002/12/29,104.29
2002/12/30,104.29
2002/12/31,104.29
2003/01/01,102.92
2003/01/02,102.92
2003/01/03,102.92
2003/01/04,102.92
2003/01/05,102.92
2003/01/06,102.92
2003/01/07,102.92
2003/01/08,102.92
2003/01/09,102.92
2003/01/10,102.92
2003/01/11,102.92
2003/01/12,102.92
2003/01/13,102.92
2003/01/14,102.92
2003/01/15,102.92
2003/01/16,102.92
2003/01/17,102.92
2003/01/18,102.92
2003/01/19,102.92
2003/01/20,102.92
2003/01/21,102.92
2003/01/22,102.92
2003/01/23,102.92
2003/01/24,102.92
2003/01/25,102.92
2003/01/26,102.92
2003/01/27,102.92
2003/01/28,102.92
2003/01/29,102.92
2003/01/30,102.92
2003/01/31,102.92
2003/02/01,103.25
2003/02/02,103.25
2003/02/03,103.25
2003/02/04,103.25
2003/02/05,103.25
2003/02/06,103.25
2003/02/07,103.25
2003/02/08,103.25
2003/02/09,103.25
2003/02/10,103.25
2003/02/11,103.25
2003/02/12,103.25
2003/02/13,103.25
2003/02/14,103.25
2003/02/15,103.25
2003/02/16,103.25
2003/02/17,103.25
2003/02/18,103.25
2003/02/19,103.25
2003/02/20,103.25
2003/02/21,103.25
2003/02/22,103.25
2003/02/23,103.25
2003/02/24,103.25
2003/02/25,103.25
2003/02/26,103.25
2003/02/27,103.25
2003/02/28,103.25
2003/03/01,103.11
2003/03/02,103.11
2003/03/03,103.11
2003/03/04,103.11
2003/03/05,103.11
2003/03/06,103.11
2003/03/07,103.11
2003/03/08,103.11
2003/03/09,103.11
2003/03/10,103.11
2003/03/11,103.11
2003/03/12,103.11
2003/03/13,103.11
2003/03/14,103.11
2003/03/15,103.11
2003/03/16,103.11
2003/03/17,103.11
2003/03/18,103.11
2003/03/19,103.11
2003/03/20,103.11
2003/03/21,103.11
2003/03/22,103.11
2003/03/23,103.11
2003/03/24,103.11
2003/03/25,103.11
2003/03/26,103.11
2003/03/27,103.11
2003/03/28,103.11
2003/03/29,103.11
2003/03/30,103.11
2003/03/31,103.11
2003/04/01,102.1
2003/04/02,102.1
2003/04/03,102.1
2003/04/04,102.1
2003/04/05,102.1
2003/04/06,102.1
2003/04/07,102.1
2003/04/08,102.1
2003/04/09,102.1
2003/04/10,102.1
2003/04/11,102.1
2003/04/12,102.1
2003/04/13,102.1
2003/04/14,102.1
2003/04/15,102.1
2003/04/16,102.1
2003/04/17,102.1
2003/04/18,102.1
2003/04/19,102.1
2003/04/20,102.1
2003/04/21,102.1
2003/04/22,102.1
2003/04/23,102.1
2003/04/24,102.1
2003/04/25,102.1
2003/04/26,102.1
2003/04/27,102.1
2003/04/28,102.1
2003/04/29,102.1
2003/04/30,102.1
2003/05/01,98.46
2003/05/02,98.46
2003/05/03,98.46
2003/05/04,98.46
2003/05/05,98.46
2003/05/06,98.46
2003/05/07,98.46
2003/05/08,98.46
2003/05/09,98.46
2003/05/10,98.46
2003/05/11,98.46
2003/05/12,98.46
2003/05/13,98.46
2003/05/14,98.46
2003/05/15,98.46
2003/05/16,98.46
2003/05/17,98.46
2003/05/18,98.46
2003/05/19,98.46
2003/05/20,98.46
2003/05/21,98.46
2003/05/22,98.46
2003/05/23,98.46
2003/05/24,98.46
2003/05/25,98.46
2003/05/26,98.46
2003/05/27,98.46
2003/05/28,98.46
2003/05/29,98.46
2003/05/30,98.46
2003/05/31,98.46
2003/06/01,98.45
2003/06/02,98.45
2003/06/03,98.45
2003/06/04,98.45
2003/06/05,98.45
2003/06/06,98.45
2003/06/07,98.45
2003/06/08,98.45
2003/06/09,98.45
2003/06/10,98.45
2003/06/11,98.45
2003/06/12,98.45
2003/06/13,98.45
2003/06/14,98.45
2003/06/15,98.45
2003/06/16,98.45
2003/06/17,98.45
2003/06/18,98.45
2003/06/19,98.45
2003/06/20,98.45
2003/06/21,98.45
2003/06/22,98.45
2003/06/23,98.45
2003/06/24,98.45
2003/06/25,98.45
2003/06/26,98.45
2003/06/27,98.45
2003/06/28,98.45
2003/06/29,98.45
2003/06/30,98.45
2003/07/01,99.52
2003/07/02,99.52
2003/07/03,99.52
2003/07/04,99.52
2003/07/05,99.52
2003/07/06,99.52
2003/07/07,99.52
2003/07/08,99.52
2003/07/09,99.52
2003/07/10,99.52
2003/07/11,99.52
2003/07/12,99.52
2003/07/13,99.52
2003/07/14,99.52
2003/07/15,99.52
2003/07/16,99.52
2003/07/17,99.52
2003/07/18,99.52
2003/07/19,99.52
2003/07/20,99.52
2003/07/21,99.52
2003/07/22,99.52
2003/07/23,99.52
2003/07/24,99.52
2003/07/25,99.52
2003/07/26,99.52
2003/07/27,99.52
2003/07/28,99.52
2003/07/29,99.52
2003/07/30,99.52
2003/07/31,99.52
2003/08/01,100.87
2003/08/02,100.87
2003/08/03,100.87
2003/08/04,100.87
2003/08/05,100.87
2003/08/06,100.87
2003/08/07,100.87
2003/08/08,100.87
2003/08/09,100.87
2003/08/10,100.87
2003/08/11,100.87
2003/08/12,100.87
2003/08/13,100.87
2003/08/14,100.87
2003/08/15,100.87
2003/08/16,100.87
2003/08/17,100.87
2003/08/18,100.87
2003/08/19,100.87
2003/08/20,100.87
2003/08/21,100.87
2003/08/22,100.87
2003/08/23,100.87
2003/08/24,100.87
2003/08/25,100.87
2003/08/26,100.87
2003/08/27,100.87
2003/08/28,100.87
2003/08/29,100.87
2003/08/30,100.87
2003/08/31,100.87
2003/09/01,99.77
2003/09/02,99.77
2003/09/03,99.77
2003/09/04,99.77
2003/09/05,99.77
2003/09/06,99.77
2003/09/07,99.77
2003/09/08,99.77
2003/09/09,99.77
2003/09/10,99.77
2003/09/11,99.77
2003/09/12,99.77
2003/09/13,99.77
2003/09/14,99.77
2003/09/15,99.77
2003/09/16,99.77
2003/09/17,99.77
2003/09/18,99.77
2003/09/19,99.77
2003/09/20,99.77
2003/09/21,99.77
2003/09/22,99.77
2003/09/23,99.77
2003/09/24,99.77
2003/09/25,99.77
2003/09/26,99.77
2003/09/27,99.77
2003/09/28,99.77
2003/09/29,99.77
2003/09/30,99.77
2003/10/01,97.48
2003/10/02,97.48
2003/10/03,97.48
2003/10/04,97.48
2003/10/05,97.48
2003/10/06,97.48
2003/10/07,97.48
2003/10/08,97.48
2003/10/09,97.48
2003/10/10,97.48
2003/10/11,97.48
2003/10/12,97.48
2003/10/13,97.48
2003/10/14,97.48
2003/10/15,97.48
2003/10/16,97.48
2003/10/17,97.48
2003/10/18,97.48
2003/10/19,97.48
2003/10/20,97.48
2003/10/21,97.48
2003/10/22,97.48
2003/10/23,97.48
2003/10/24,97.48
2003/10/25,97.48
2003/10/26,97.48
2003/10/27,97.48
2003/10/28,97.48
2003/10/29,97.48
2003/10/30,97.48
2003/10/31,97.48
2003/11/01,96.78
2003/11/02,96.78
2003/11/03,96.78
2003/11/04,96.78
2003/11/05,96.78
2003/11/06,96.78
2003/11/07,96.78
2003/11/08,96.78
2003/11/09,96.78
2003/11/10,96.78
2003/11/11,96.78
2003/11/12,96.78
2003/11/13,96.78
2003/11/14,96.78
2003/11/15,96.78
2003/11/16,96.78
2003/11/17,96.78
2003/11/18,96.78
2003/11/19,96.78
2003/11/20,96.78
2003/11/21,96.78
2003/11/22,96.78
2003/11/23,96.78
2003/11/24,96.78
2003/11/25,96.78
2003/11/26,96.78
2003/11/27,96.78
2003/11/28,96.78
2003/11/29,96.78
2003/11/30,96.78
2003/12/01,95.11
2003/12/02,95.11
2003/12/03,95.11
2003/12/04,95.11
2003/12/05,95.11
2003/12/06,95.11
2003/12/07,95.11
2003/12/08,95.11
2003/12/09,95.11
2003/12/10,95.11
2003/12/11,95.11
2003/12/12,95.11
2003/12/13,95.11
2003/12/14,95.11
2003/12/15,95.11
2003/12/16,95.11
2003/12/17,95.11
2003/12/18,95.11
2003/12/19,95.11
2003/12/20,95.11
2003/12/21,95.11
2003/12/22,95.11
2003/12/23,95.11
2003/12/24,95.11
2003/12/25,95.11
2003/12/26,95.11
2003/12/27,95.11
2003/12/28,95.11
2003/12/29,95.11
2003/12/30,95.11
2003/12/31,95.11
2004/01/01,93.75
2004/01/02,93.75
2004/01/03,93.75
2004/01/04,93.75
2004/01/05,93.75
2004/01/06,93.75
2004/01/07,93.75
2004/01/08,93.75
2004/01/09,93.75
2004/01/10,93.75
2004/01/11,93.75
2004/01/12,93.75
2004/01/13,93.75
2004/01/14,93.75
2004/01/15,93.75
2004/01/16,93.75
2004/01/17,93.75
2004/01/18,93.75
2004/01/19,93.75
2004/01/20,93.75
2004/01/21,93.75
2004/01/22,93.75
2004/01/23,93.75
2004/01/24,93.75
2004/01/25,93.75
2004/01/26,93.75
2004/01/27,93.75
2004/01/28,93.75
2004/01/29,93.75
2004/01/30,93.75
2004/01/31,93.75
2004/02/01,94.42
2004/02/02,94.42
2004/02/03,94.42
2004/02/04,94.42
2004/02/05,94.42
2004/02/06,94.42
2004/02/07,94.42
2004/02/08,94.42
2004/02/09,94.42
2004/02/10,94.42
2004/02/11,94.42
2004/02/12,94.42
2004/02/13,94.42
2004/02/14,94.42
2004/02/15,94.42
2004/02/16,94.42
2004/02/17,94.42
2004/02/18,94.42
2004/02/19,94.42
2004/02/20,94.42
2004/02/21,94.42
2004/02/22,94.42
2004/02/23,94.42
2004/02/24,94.42
2004/02/25,94.42
2004/02/26,94.42
2004/02/27,94.42
2004/02/28,94.42
2004/02/29,94.42
2004/03/01,95.67
2004/03/02,95.67
2004/03/03,95.67
2004/03/04,95.67
2004/03/05,95.67
2004/03/06,95.67
2004/03/07,95.67
2004/03/08,95.67
2004/03/09,95.67
2004/03/10,95.67
2004/03/11,95.67
2004/03/12,95.67
2004/03/13,95.67
2004/03/14,95.67
2004/03/15,95.67
2004/03/16,95.67
2004/03/17,95.67
2004/03/18,95.67
2004/03/19,95.67
2004/03/20,95.67
2004/03/21,95.67
2004/03/22,95.67
2004/03/23,95.67
2004/03/24,95.67
2004/03/25,95.67
2004/03/26,95.67
2004/03/27,95.67
2004/03/28,95.67
2004/03/29,95.67
2004/03/30,95.67
2004/03/31,95.67
2004/04/01,96.37
2004/04/02,96.37
2004/04/03,96.37
2004/04/04,96.37
2004/04/05,96.37
2004/04/06,96.37
2004/04/07,96.37
2004/04/08,96.37
2004/04/09,96.37
2004/04/10,96.37
2004/04/11,96.37
2004/04/12,96.37
2004/04/13,96.37
2004/04/14,96.37
2004/04/15,96.37
2004/04/16,96.37
2004/04/17,96.37
2004/04/18,96.37
2004/04/19,96.37
2004/04/20,96.37
2004/04/21,96.37
2004/04/22,96.37
2004/04/23,96.37
2004/04/24,96.37
2004/04/25,96.37
2004/04/26,96.37
2004/04/27,96.37
2004/04/28,96.37
2004/04/29,96.37
2004/04/30,96.37
2004/05/01,98.26
2004/05/02,98.26
2004/05/03,98.26
2004/05/04,98.26
2004/05/05,98.26
2004/05/06,98.26
2004/05/07,98.26
2004/05/08,98.26
2004/05/09,98.26
2004/05/10,98.26
2004/05/11,98.26
2004/05/12,98.26
2004/05/13,98.26
2004/05/14,98.26
2004/05/15,98.26
2004/05/16,98.26
2004/05/17,98.26
2004/05/18,98.26
2004/05/19,98.26
2004/05/20,98.26
2004/05/21,98.26
2004/05/22,98.26
2004/05/23,98.26
2004/05/24,98.26
2004/05/25,98.26
2004/05/26,98.26
2004/05/27,98.26
2004/05/28,98.26
2004/05/29,98.26
2004/05/30,98.26
2004/05/31,98.26
2004/06/01,97.59
2004/06/02,97.59
2004/06/03,97.59
2004/06/04,97.59
2004/06/05,97.59
2004/06/06,97.59
2004/06/07,97.59
2004/06/08,97.59
2004/06/09,97.59
2004/06/10,97.59
2004/06/11,97.59
2004/06/12,97.59
2004/06/13,97.59
2004/06/14,97.59
2004/06/15,97.59
2004/06/16,97.59
2004/06/17,97.59
2004/06/18,97.59
2004/06/19,97.59
2004/06/20,97.59
2004/06/21,97.59
2004/06/22,97.59
2004/06/23,97.59
2004/06/24,97.59
2004/06/25,97.59
2004/06/26,97.59
2004/06/27,97.59
2004/06/28,97.59
2004/06/29,97.59
2004/06/30,97.59
2004/07/01,96.68
2004/07/02,96.68
2004/07/03,96.68
2004/07/04,96.68
2004/07/05,96.68
2004/07/06,96.68
2004/07/07,96.68
2004/07/08,96.68
2004/07/09,96.68
2004/07/10,96.68
2004/07/11,96.68
2004/07/12,96.68
2004/07/13,96.68
2004/07/14,96.68
2004/07/15,96.68
2004/07/16,96.68
2004/07/17,96.68
2004/07/18,96.68
2004/07/19,96.68
2004/07/20,96.68
2004/07/21,96.68
2004/07/22,96.68
2004/07/23,96.68
2004/07/24,96.68
2004/07/25,96.68
2004/07/26,96.68
2004/07/27,96.68
2004/07/28,96.68
2004/07/29,96.68
2004/07/30,96.68
2004/07/31,96.68
2004/08/01,96.75
2004/08/02,96.75
2004/08/03,96.75
2004/08/04,96.75
2004/08/05,96.75
2004/08/06,96.75
2004/08/07,96.75
2004/08/08,96.75
2004/08/09,96.75
2004/08/10,96.75
2004/08/11,96.75
2004/08/12,96.75
2004/08/13,96.75
2004/08/14,96.75
2004/08/15,96.75
2004/08/16,96.75
2004/08/17,96.75
2004/08/18,96.75
2004/08/19,96.75
2004/08/20,96.75
2004/08/21,96.75
2004/08/22,96.75
2004/08/23,96.75
2004/08/24,96.75
2004/08/25,96.75
2004/08/26,96.75
2004/08/27,96.75
2004/08/28,96.75
2004/08/29,96.75
2004/08/30,96.75
2004/08/31,96.75
2004/09/01,96.19
2004/09/02,96.19
2004/09/03,96.19
2004/09/04,96.19
2004/09/05,96.19
2004/09/06,96.19
2004/09/07,96.19
2004/09/08,96.19
2004/09/09,96.19
2004/09/10,96.19
2004/09/11,96.19
2004/09/12,96.19
2004/09/13,96.19
2004/09/14,96.19
2004/09/15,96.19
2004/09/16,96.19
2004/09/17,96.19
2004/09/18,96.19
2004/09/19,96.19
2004/09/20,96.19
2004/09/21,96.19
2004/09/22,96.19
2004/09/23,96.19
2004/09/24,96.19
2004/09/25,96.19
2004/09/26,96.19
2004/09/27,96.19
2004/09/28,96.19
2004/09/29,96.19
2004/09/30,96.19
2004/10/01,95.04
2004/10/02,95.04
2004/10/03,95.04
2004/10/04,95.04
2004/10/05,95.04
2004/10/06,95.04
2004/10/07,95.04
2004/10/08,95.04
2004/10/09,95.04
2004/10/10,95.04
2004/10/11,95.04
2004/10/12,95.04
2004/10/13,95.04
2004/10/14,95.04
2004/10/15,95.04
2004/10/16,95.04
2004/10/17,95.04
2004/10/18,95.04
2004/10/19,95.04
2004/10/20,95.04
2004/10/21,95.04
2004/10/22,95.04
2004/10/23,95.04
2004/10/24,95.04
2004/10/25,95.04
2004/10/26,95.04
2004/10/27,95.04
2004/10/28,95.04
2004/10/29,95.04
2004/10/30,95.04
2004/10/31,95.04
2004/11/01,92.4
2004/11/02,92.4
2004/11/03,92.4
2004/11/04,92.4
2004/11/05,92.4
2004/11/06,92.4
2004/11/07,92.4
2004/11/08,92.4
2004/11/09,92.4
2004/11/10,92.4
2004/11/11,92.4
2004/11/12,92.4
2004/11/13,92.4
2004/11/14,92.4
2004/11/15,92.4
2004/11/16,92.4
2004/11/17,92.4
2004/11/18,92.4
2004/11/19,92.4
2004/11/20,92.4
2004/11/21,92.4
2004/11/22,92.4
2004/11/23,92.4
2004/11/24,92.4
2004/11/25,92.4
2004/11/26,92.4
2004/11/27,92.4
2004/11/28,92.4
2004/11/29,92.4
2004/11/30,92.4
2004/12/01,90.9
2004/12/02,90.9
2004/12/03,90.9
2004/12/04,90.9
2004/12/05,90.9
2004/12/06,90.9
2004/12/07,90.9
2004/12/08,90.9
2004/12/09,90.9
2004/12/10,90.9
2004/12/11,90.9
2004/12/12,90.9
2004/12/13,90.9
2004/12/14,90.9
2004/12/15,90.9
2004/12/16,90.9
2004/12/17,90.9
2004/12/18,90.9
2004/12/19,90.9
2004/12/20,90.9
2004/12/21,90.9
2004/12/22,90.9
2004/12/23,90.9
2004/12/24,90.9
2004/12/25,90.9
2004/12/26,90.9
2004/12/27,90.9
2004/12/28,90.9
2004/12/29,90.9
2004/12/30,90.9
2004/12/31,90.9
2005/01/01,91.59
2005/01/02,91.59
2005/01/03,91.59
2005/01/04,91.59
2005/01/05,91.59
2005/01/06,91.59
2005/01/07,91.59
2005/01/08,91.59
2005/01/09,91.59
2005/01/10,91.59
2005/01/11,91.59
2005/01/12,91.59
2005/01/13,91.59
2005/01/14,91.59
2005/01/15,91.59
2005/01/16,91.59
2005/01/17,91.59
2005/01/18,91.59
2005/01/19,91.59
2005/01/20,91.59
2005/01/21,91.59
2005/01/22,91.59
2005/01/23,91.59
2005/01/24,91.59
2005/01/25,91.59
2005/01/26,91.59
2005/01/27,91.59
2005/01/28,91.59
2005/01/29,91.59
2005/01/30,91.59
2005/01/31,91.59
2005/02/01,91.77
2005/02/02,91.77
2005/02/03,91.77
2005/02/04,91.77
2005/02/05,91.77
2005/02/06,91.77
2005/02/07,91.77
2005/02/08,91.77
2005/02/09,91.77
2005/02/10,91.77
2005/02/11,91.77
2005/02/12,91.77
2005/02/13,91.77
2005/02/14,91.77
2005/02/15,91.77
2005/02/16,91.77
2005/02/17,91.77
2005/02/18,91.77
2005/02/19,91.77
2005/02/20,91.77
2005/02/21,91.77
2005/02/22,91.77
2005/02/23,91.77
2005/02/24,91.77
2005/02/25,91.77
2005/02/26,91.77
2005/02/27,91.77
2005/02/28,91.77
2005/03/01,91.68
2005/03/02,91.68
2005/03/03,91.68
2005/03/04,91.68
2005/03/05,91.68
2005/03/06,91.68
2005/03/07,91.68
2005/03/08,91.68
2005/03/09,91.68
2005/03/10,91.68
2005/03/11,91.68
2005/03/12,91.68
2005/03/13,91.68
2005/03/14,91.68
2005/03/15,91.68
2005/03/16,91.68
2005/03/17,91.68
2005/03/18,91.68
2005/03/19,91.68
2005/03/20,91.68
2005/03/21,91.68
2005/03/22,91.68
2005/03/23,91.68
2005/03/24,91.68
2005/03/25,91.68
2005/03/26,91.68
2005/03/27,91.68
2005/03/28,91.68
2005/03/29,91.68
2005/03/30,91.68
2005/03/31,91.68
2005/04/01,92.94
2005/04/02,92.94
2005/04/03,92.94
2005/04/04,92.94
2005/04/05,92.94
2005/04/06,92.94
2005/04/07,92.94
2005/04/08,92.94
2005/04/09,92.94
2005/04/10,92.94
2005/04/11,92.94
2005/04/12,92.94
2005/04/13,92.94
2005/04/14,92.94
2005/04/15,92.94
2005/04/16,92.94
2005/04/17,92.94
2005/04/18,92.94
2005/04/19,92.94
2005/04/20,92.94
2005/04/21,92.94
2005/04/22,92.94
2005/04/23,92.94
2005/04/24,92.94
2005/04/25,92.94
2005/04/26,92.94
2005/04/27,92.94
2005/04/28,92.94
2005/04/29,92.94
2005/04/30,92.94
2005/05/01,93.19
2005/05/02,93.19
2005/05/03,93.19
2005/05/04,93.19
2005/05/05,93.19
2005/05/06,93.19
2005/05/07,93.19
2005/05/08,93.19
2005/05/09,93.19
2005/05/10,93.19
2005/05/11,93.19
2005/05/12,93.19
2005/05/13,93.19
2005/05/14,93.19
2005/05/15,93.19
2005/05/16,93.19
2005/05/17,93.19
2005/05/18,93.19
2005/05/19,93.19
2005/05/20,93.19
2005/05/21,93.19
2005/05/22,93.19
2005/05/23,93.19
2005/05/24,93.19
2005/05/25,93.19
2005/05/26,93.19
2005/05/27,93.19
2005/05/28,93.19
2005/05/29,93.19
2005/05/30,93.19
2005/05/31,93.19
2005/06/01,94.3
2005/06/02,94.3
2005/06/03,94.3
2005/06/04,94.3
2005/06/05,94.3
2005/06/06,94.3
2005/06/07,94.3
2005/06/08,94.3
2005/06/09,94.3
2005/06/10,94.3
2005/06/11,94.3
2005/06/12,94.3
2005/06/13,94.3
2005/06/14,94.3
2005/06/15,94.3
2005/06/16,94.3
2005/06/17,94.3
2005/06/18,94.3
2005/06/19,94.3
2005/06/20,94.3
2005/06/21,94.3
2005/06/22,94.3
2005/06/23,94.3
2005/06/24,94.3
2005/06/25,94.3
2005/06/26,94.3
2005/06/27,94.3
2005/06/28,94.3
2005/06/29,94.3
2005/06/30,94.3
2005/07/01,94.92
2005/07/02,94.92
2005/07/03,94.92
2005/07/04,94.92
2005/07/05,94.92
2005/07/06,94.92
2005/07/07,94.92
2005/07/08,94.92
2005/07/09,94.92
2005/07/10,94.92
2005/07/11,94.92
2005/07/12,94.92
2005/07/13,94.92
2005/07/14,94.92
2005/07/15,94.92
2005/07/16,94.92
2005/07/17,94.92
2005/07/18,94.92
2005/07/19,94.92
2005/07/20,94.92
2005/07/21,94.92
2005/07/22,94.92
2005/07/23,94.92
2005/07/24,94.92
2005/07/25,94.92
2005/07/26,94.92
2005/07/27,94.92
2005/07/28,94.92
2005/07/29,94.92
2005/07/30,94.92
2005/07/31,94.92
2005/08/01,93.94
2005/08/02,93.94
2005/08/03,93.94
2005/08/04,93.94
2005/08/05,93.94
2005/08/06,93.94
2005/08/07,93.94
2005/08/08,93.94
2005/08/09,93.94
2005/08/10,93.94
2005/08/11,93.94
2005/08/12,93.94
2005/08/13,93.94
2005/08/14,93.94
2005/08/15,93.94
2005/08/16,93.94
2005/08/17,93.94
2005/08/18,93.94
2005/08/19,93.94
2005/08/20,93.94
2005/08/21,93.94
2005/08/22,93.94
2005/08/23,93.94
2005/08/24,93.94
2005/08/25,93.94
2005/08/26,93.94
2005/08/27,93.94
2005/08/28,93.94
2005/08/29,93.94
2005/08/30,93.94
2005/08/31,93.94
2005/09/01,94.5
2005/09/02,94.5
2005/09/03,94.5
2005/09/04,94.5
2005/09/05,94.5
2005/09/06,94.5
2005/09/07,94.5
2005/09/08,94.5
2005/09/09,94.5
2005/09/10,94.5
2005/09/11,94.5
2005/09/12,94.5
2005/09/13,94.5
2005/09/14,94.5
2005/09/15,94.5
2005/09/16,94.5
2005/09/17,94.5
2005/09/18,94.5
2005/09/19,94.5
2005/09/20,94.5
2005/09/21,94.5
2005/09/22,94.5
2005/09/23,94.5
2005/09/24,94.5
2005/09/25,94.5
2005/09/26,94.5
2005/09/27,94.5
2005/09/28,94.5
2005/09/29,94.5
2005/09/30,94.5
2005/10/01,95.6
2005/10/02,95.6
2005/10/03,95.6
2005/10/04,95.6
2005/10/05,95.6
2005/10/06,95.6
2005/10/07,95.6
2005/10/08,95.6
2005/10/09,95.6
2005/10/10,95.6
2005/10/11,95.6
2005/10/12,95.6
2005/10/13,95.6
2005/10/14,95.6
2005/10/15,95.6
2005/10/16,95.6
2005/10/17,95.6
2005/10/18,95.6
2005/10/19,95.6
2005/10/20,95.6
2005/10/21,95.6
2005/10/22,95.6
2005/10/23,95.6
2005/10/24,95.6
2005/10/25,95.6
2005/10/26,95.6
2005/10/27,95.6
2005/10/28,95.6
2005/10/29,95.6
2005/10/30,95.6
2005/10/31,95.6
2005/11/01,95.56
2005/11/02,95.56
2005/11/03,95.56
2005/11/04,95.56
2005/11/05,95.56
2005/11/06,95.56
2005/11/07,95.56
2005/11/08,95.56
2005/11/09,95.56
2005/11/10,95.56
2005/11/11,95.56
2005/11/12,95.56
2005/11/13,95.56
2005/11/14,95.56
2005/11/15,95.56
2005/11/16,95.56
2005/11/17,95.56
2005/11/18,95.56
2005/11/19,95.56
2005/11/20,95.56
2005/11/21,95.56
2005/11/22,95.56
2005/11/23,95.56
2005/11/24,95.56
2005/11/25,95.56
2005/11/26,95.56
2005/11/27,95.56
2005/11/28,95.56
2005/11/29,95.56
2005/11/30,95.56
2005/12/01,94.38
2005/12/02,94.38
2005/12/03,94.38
2005/12/04,94.38
2005/12/05,94.38
2005/12/06,94.38
2005/12/07,94.38
2005/12/08,94.38
2005/12/09,94.38
2005/12/10,94.38
2005/12/11,94.38
2005/12/12,94.38
2005/12/13,94.38
2005/12/14,94.38
2005/12/15,94.38
2005/12/16,94.38
2005/12/17,94.38
2005/12/18,94.38
2005/12/19,94.38
2005/12/20,94.38
2005/12/21,94.38
2005/12/22,94.38
2005/12/23,94.38
2005/12/24,94.38
2005/12/25,94.38
2005/12/26,94.38
2005/12/27,94.38
2005/12/28,94.38
2005/12/29,94.38
2005/12/30,94.38
2005/12/31,94.38
2006/01/01,93.5
2006/01/02,93.5
2006/01/03,93.5
2006/01/04,93.5
2006/01/05,93.5
2006/01/06,93.5
2006/01/07,93.5
2006/01/08,93.5
2006/01/09,93.5
2006/01/10,93.5
2006/01/11,93.5
2006/01/12,93.5
2006/01/13,93.5
2006/01/14,93.5
2006/01/15,93.5
2006/01/16,93.5
2006/01/17,93.5
2006/01/18,93.5
2006/01/19,93.5
2006/01/20,93.5
2006/01/21,93.5
2006/01/22,93.5
2006/01/23,93.5
2006/01/24,93.5
2006/01/25,93.5
2006/01/26,93.5
2006/01/27,93.5
2006/01/28,93.5
2006/01/29,93.5
2006/01/30,93.5
2006/01/31,93.5
2006/02/01,93.65
2006/02/02,93.65
2006/02/03,93.65
2006/02/04,93.65
2006/02/05,93.65
2006/02/06,93.65
2006/02/07,93.65
2006/02/08,93.65
2006/02/09,93.65
2006/02/10,93.65
2006/02/11,93.65
2006/02/12,93.65
2006/02/13,93.65
2006/02/14,93.65
2006/02/15,93.65
2006/02/16,93.65
2006/02/17,93.65
2006/02/18,93.65
2006/02/19,93.65
2006/02/20,93.65
2006/02/21,93.65
2006/02/22,93.65
2006/02/23,93.65
2006/02/24,93.65
2006/02/25,93.65
2006/02/26,93.65
2006/02/27,93.65
2006/02/28,93.65
2006/03/01,94.22
2006/03/02,94.22
2006/03/03,94.22
2006/03/04,94.22
2006/03/05,94.22
2006/03/06,94.22
2006/03/07,94.22
2006/03/08,94.22
2006/03/09,94.22
2006/03/10,94.22
2006/03/11,94.22
2006/03/12,94.22
2006/03/13,94.22
2006/03/14,94.22
2006/03/15,94.22
2006/03/16,94.22
2006/03/17,94.22
2006/03/18,94.22
2006/03/19,94.22
2006/03/20,94.22
2006/03/21,94.22
2006/03/22,94.22
2006/03/23,94.22
2006/03/24,94.22
2006/03/25,94.22
2006/03/26,94.22
2006/03/27,94.22
2006/03/28,94.22
2006/03/29,94.22
2006/03/30,94.22
2006/03/31,94.22
2006/04/01,93.95
2006/04/02,93.95
2006/04/03,93.95
2006/04/04,93.95
2006/04/05,93.95
2006/04/06,93.95
2006/04/07,93.95
2006/04/08,93.95
2006/04/09,93.95
2006/04/10,93.95
2006/04/11,93.95
2006/04/12,93.95
2006/04/13,93.95
2006/04/14,93.95
2006/04/15,93.95
2006/04/16,93.95
2006/04/17,93.95
2006/04/18,93.95
2006/04/19,93.95
2006/04/20,93.95
2006/04/21,93.95
2006/04/22,93.95
2006/04/23,93.95
2006/04/24,93.95
2006/04/25,93.95
2006/04/26,93.95
2006/04/27,93.95
2006/04/28,93.95
2006/04/29,93.95
2006/04/30,93.95
2006/05/01,92.28
2006/05/02,92.28
2006/05/03,92.28
2006/05/04,92.28
2006/05/05,92.28
2006/05/06,92.28
2006/05/07,92.28
2006/05/08,92.28
2006/05/09,92.28
2006/05/10,92.28
2006/05/11,92.28
2006/05/12,92.28
2006/05/13,92.28
2006/05/14,92.28
2006/05/15,92.28
2006/05/16,92.28
2006/05/17,92.28
2006/05/18,92.28
2006/05/19,92.28
2006/05/20,92.28
2006/05/21,92.28
2006/05/22,92.28
2006/05/23,92.28
2006/05/24,92.28
2006/05/25,92.28
2006/05/26,92.28
2006/05/27,92.28
2006/05/28,92.28
2006/05/29,92.28
2006/05/30,92.28
2006/05/31,92.28
2006/06/01,93.73
2006/06/02,93.73
2006/06/03,93.73
2006/06/04,93.73
2006/06/05,93.73
2006/06/06,93.73
2006/06/07,93.73
2006/06/08,93.73
2006/06/09,93.73
2006/06/10,93.73
2006/06/11,93.73
2006/06/12,93.73
2006/06/13,93.73
2006/06/14,93.73
2006/06/15,93.73
2006/06/16,93.73
2006/06/17,93.73
2006/06/18,93.73
2006/06/19,93.73
2006/06/20,93.73
2006/06/21,93.73
2006/06/22,93.73
2006/06/23,93.73
2006/06/24,93.73
2006/06/25,93.73
2006/06/26,93.73
2006/06/27,93.73
2006/06/28,93.73
2006/06/29,93.73
2006/06/30,93.73
2006/07/01,93.7
2006/07/02,93.7
2006/07/03,93.7
2006/07/04,93.7
2006/07/05,93.7
2006/07/06,93.7
2006/07/07,93.7
2006/07/08,93.7
2006/07/09,93.7
2006/07/10,93.7
2006/07/11,93.7
2006/07/12,93.7
2006/07/13,93.7
2006/07/14,93.7
2006/07/15,93.7
2006/07/16,93.7
2006/07/17,93.7
2006/07/18,93.7
2006/07/19,93.7
2006/07/20,93.7
2006/07/21,93.7
2006/07/22,93.7
2006/07/23,93.7
2006/07/24,93.7
2006/07/25,93.7
2006/07/26,93.7
2006/07/27,93.7
2006/07/28,93.7
2006/07/29,93.7
2006/07/30,93.7
2006/07/31,93.7
2006/08/01,93.01
2006/08/02,93.01
2006/08/03,93.01
2006/08/04,93.01
2006/08/05,93.01
2006/08/06,93.01
2006/08/07,93.01
2006/08/08,93.01
2006/08/09,93.01
2006/08/10,93.01
2006/08/11,93.01
2006/08/12,93.01
2006/08/13,93.01
2006/08/14,93.01
2006/08/15,93.01
2006/08/16,93.01
2006/08/17,93.01
2006/08/18,93.01
2006/08/19,93.01
2006/08/20,93.01
2006/08/21,93.01
2006/08/22,93.01
2006/08/23,93.01
2006/08/24,93.01
2006/08/25,93.01
2006/08/26,93.01
2006/08/27,93.01
2006/08/28,93.01
2006/08/29,93.01
2006/08/30,93.01
2006/08/31,93.01
2006/09/01,92.63
2006/09/02,92.63
2006/09/03,92.63
2006/09/04,92.63
2006/09/05,92.63
2006/09/06,92.63
2006/09/07,92.63
2006/09/08,92.63
2006/09/09,92.63
2006/09/10,92.63
2006/09/11,92.63
2006/09/12,92.63
2006/09/13,92.63
2006/09/14,92.63
2006/09/15,92.63
2006/09/16,92.63
2006/09/17,92.63
2006/09/18,92.63
2006/09/19,92.63
2006/09/20,92.63
2006/09/21,92.63
2006/09/22,92.63
2006/09/23,92.63
2006/09/24,92.63
2006/09/25,92.63
2006/09/26,92.63
2006/09/27,92.63
2006/09/28,92.63
2006/09/29,92.63
2006/09/30,92.63
2006/10/01,92.43
2006/10/02,92.43
2006/10/03,92.43
2006/10/04,92.43
2006/10/05,92.43
2006/10/06,92.43
2006/10/07,92.43
2006/10/08,92.43
2006/10/09,92.43
2006/10/10,92.43
2006/10/11,92.43
2006/10/12,92.43
2006/10/13,92.43
2006/10/14,92.43
2006/10/15,92.43
2006/10/16,92.43
2006/10/17,92.43
2006/10/18,92.43
2006/10/19,92.43
2006/10/20,92.43
2006/10/21,92.43
2006/10/22,92.43
2006/10/23,92.43
2006/10/24,92.43
2006/10/25,92.43
2006/10/26,92.43
2006/10/27,92.43
2006/10/28,92.43
2006/10/29,92.43
2006/10/30,92.43
2006/10/31,92.43
2006/11/01,91.31
2006/11/02,91.31
2006/11/03,91.31
2006/11/04,91.31
2006/11/05,91.31
2006/11/06,91.31
2006/11/07,91.31
2006/11/08,91.31
2006/11/09,91.31
2006/11/10,91.31
2006/11/11,91.31
2006/11/12,91.31
2006/11/13,91.31
2006/11/14,91.31
2006/11/15,91.31
2006/11/16,91.31
2006/11/17,91.31
2006/11/18,91.31
2006/11/19,91.31
2006/11/20,91.31
2006/11/21,91.31
2006/11/22,91.31
2006/11/23,91.31
2006/11/24,91.31
2006/11/25,91.31
2006/11/26,91.31
2006/11/27,91.31
2006/11/28,91.31
2006/11/29,91.31
2006/11/30,91.31
2006/12/01,90.24
2006/12/02,90.24
2006/12/03,90.24
2006/12/04,90.24
2006/12/05,90.24
2006/12/06,90.24
2006/12/07,90.24
2006/12/08,90.24
2006/12/09,90.24
2006/12/10,90.24
2006/12/11,90.24
2006/12/12,90.24
2006/12/13,90.24
2006/12/14,90.24
2006/12/15,90.24
2006/12/16,90.24
2006/12/17,90.24
2006/12/18,90.24
2006/12/19,90.24
2006/12/20,90.24
2006/12/21,90.24
2006/12/22,90.24
2006/12/23,90.24
2006/12/24,90.24
2006/12/25,90.24
2006/12/26,90.24
2006/12/27,90.24
2006/12/28,90.24
2006/12/29,90.24
2006/12/30,90.24
2006/12/31,90.24
2007/01/01,91.44
2007/01/02,91.44
2007/01/03,91.44
2007/01/04,91.44
2007/01/05,91.44
2007/01/06,91.44
2007/01/07,91.44
2007/01/08,91.44
2007/01/09,91.44
2007/01/10,91.44
2007/01/11,91.44
2007/01/12,91.44
2007/01/13,91.44
2007/01/14,91.44
2007/01/15,91.44
2007/01/16,91.44
2007/01/17,91.44
2007/01/18,91.44
2007/01/19,91.44
2007/01/20,91.44
2007/01/21,91.44
2007/01/22,91.44
2007/01/23,91.44
2007/01/24,91.44
2007/01/25,91.44
2007/01/26,91.44
2007/01/27,91.44
2007/01/28,91.44
2007/01/29,91.44
2007/01/30,91.44
2007/01/31,91.44
2007/02/01,91.22
2007/02/02,91.22
2007/02/03,91.22
2007/02/04,91.22
2007/02/05,91.22
2007/02/06,91.22
2007/02/07,91.22
2007/02/08,91.22
2007/02/09,91.22
2007/02/10,91.22
2007/02/11,91.22
2007/02/12,91.22
2007/02/13,91.22
2007/02/14,91.22
2007/02/15,91.22
2007/02/16,91.22
2007/02/17,91.22
2007/02/18,91.22
2007/02/19,91.22
2007/02/20,91.22
2007/02/21,91.22
2007/02/22,91.22
2007/02/23,91.22
2007/02/24,91.22
2007/02/25,91.22
2007/02/26,91.22
2007/02/27,91.22
2007/02/28,91.22
2007/03/01,91.31
2007/03/02,91.31
2007/03/03,91.31
2007/03/04,91.31
2007/03/05,91.31
2007/03/06,91.31
2007/03/07,91.31
2007/03/08,91.31
2007/03/09,91.31
2007/03/10,91.31
2007/03/11,91.31
2007/03/12,91.31
2007/03/13,91.31
2007/03/14,91.31
2007/03/15,91.31
2007/03/16,91.31
2007/03/17,91.31
2007/03/18,91.31
2007/03/19,91.31
2007/03/20,91.31
2007/03/21,91.31
2007/03/22,91.31
2007/03/23,91.31
2007/03/24,91.31
2007/03/25,91.31
2007/03/26,91.31
2007/03/27,91.31
2007/03/28,91.31
2007/03/29,91.31
2007/03/30,91.31
2007/03/31,91.31
2007/04/01,90.37
2007/04/02,90.37
2007/04/03,90.37
2007/04/04,90.37
2007/04/05,90.37
2007/04/06,90.37
2007/04/07,90.37
2007/04/08,90.37
2007/04/09,90.37
2007/04/10,90.37
2007/04/11,90.37
2007/04/12,90.37
2007/04/13,90.37
2007/04/14,90.37
2007/04/15,90.37
2007/04/16,90.37
2007/04/17,90.37
2007/04/18,90.37
2007/04/19,90.37
2007/04/20,90.37
2007/04/21,90.37
2007/04/22,90.37
2007/04/23,90.37
2007/04/24,90.37
2007/04/25,90.37
2007/04/26,90.37
2007/04/27,90.37
2007/04/28,90.37
2007/04/29,90.37
2007/04/30,90.37
2007/05/01,89.99
2007/05/02,89.99
2007/05/03,89.99
2007/05/04,89.99
2007/05/05,89.99
2007/05/06,89.99
2007/05/07,89.99
2007/05/08,89.99
2007/05/09,89.99
2007/05/10,89.99
2007/05/11,89.99
2007/05/12,89.99
2007/05/13,89.99
2007/05/14,89.99
2007/05/15,89.99
2007/05/16,89.99
2007/05/17,89.99
2007/05/18,89.99
2007/05/19,89.99
2007/05/20,89.99
2007/05/21,89.99
2007/05/22,89.99
2007/05/23,89.99
2007/05/24,89.99
2007/05/25,89.99
2007/05/26,89.99
2007/05/27,89.99
2007/05/28,89.99
2007/05/29,89.99
2007/05/30,89.99
2007/05/31,89.99
2007/06/01,89.89
2007/06/02,89.89
2007/06/03,89.89
2007/06/04,89.89
2007/06/05,89.89
2007/06/06,89.89
2007/06/07,89.89
2007/06/08,89.89
2007/06/09,89.89
2007/06/10,89.89
2007/06/11,89.89
2007/06/12,89.89
2007/06/13,89.89
2007/06/14,89.89
2007/06/15,89.89
2007/06/16,89.89
2007/06/17,89.89
2007/06/18,89.89
2007/06/19,89.89
2007/06/20,89.89
2007/06/21,89.89
2007/06/22,89.89
2007/06/23,89.89
2007/06/24,89.89
2007/06/25,89.89
2007/06/26,89.89
2007/06/27,89.89
2007/06/28,89.89
2007/06/29,89.89
2007/06/30,89.89
2007/07/01,88.51
2007/07/02,88.51
2007/07/03,88.51
2007/07/04,88.51
2007/07/05,88.51
2007/07/06,88.51
2007/07/07,88.51
2007/07/08,88.51
2007/07/09,88.51
2007/07/10,88.51
2007/07/11,88.51
2007/07/12,88.51
2007/07/13,88.51
2007/07/14,88.51
2007/07/15,88.51
2007/07/16,88.51
2007/07/17,88.51
2007/07/18,88.51
2007/07/19,88.51
2007/07/20,88.51
2007/07/21,88.51
2007/07/22,88.51
2007/07/23,88.51
2007/07/24,88.51
2007/07/25,88.51
2007/07/26,88.51
2007/07/27,88.51
2007/07/28,88.51
2007/07/29,88.51
2007/07/30,88.51
2007/07/31,88.51
2007/08/01,88.47
2007/08/02,88.47
2007/08/03,88.47
2007/08/04,88.47
2007/08/05,88.47
2007/08/06,88.47
2007/08/07,88.47
2007/08/08,88.47
2007/08/09,88.47
2007/08/10,88.47
2007/08/11,88.47
2007/08/12,88.47
2007/08/13,88.47
2007/08/14,88.47
2007/08/15,88.47
2007/08/16,88.47
2007/08/17,88.47
2007/08/18,88.47
2007/08/19,88.47
2007/08/20,88.47
2007/08/21,88.47
2007/08/22,88.47
2007/08/23,88.47
2007/08/24,88.47
2007/08/25,88.47
2007/08/26,88.47
2007/08/27,88.47
2007/08/28,88.47
2007/08/29,88.47
2007/08/30,88.47
2007/08/31,88.47
2007/09/01,87.2
2007/09/02,87.2
2007/09/03,87.2
2007/09/04,87.2
2007/09/05,87.2
2007/09/06,87.2
2007/09/07,87.2
2007/09/08,87.2
2007/09/09,87.2
2007/09/10,87.2
2007/09/11,87.2
2007/09/12,87.2
2007/09/13,87.2
2007/09/14,87.2
2007/09/15,87.2
2007/09/16,87.2
2007/09/17,87.2
2007/09/18,87.2
2007/09/19,87.2
2007/09/20,87.2
2007/09/21,87.2
2007/09/22,87.2
2007/09/23,87.2
2007/09/24,87.2
2007/09/25,87.2
2007/09/26,87.2
2007/09/27,87.2
2007/09/28,87.2
2007/09/29,87.2
2007/09/30,87.2
2007/10/01,85.32
2007/10/02,85.32
2007/10/03,85.32
2007/10/04,85.32
2007/10/05,85.32
2007/10/06,85.32
2007/10/07,85.32
2007/10/08,85.32
2007/10/09,85.32
2007/10/10,85.32
2007/10/11,85.32
2007/10/12,85.32
2007/10/13,85.32
2007/10/14,85.32
2007/10/15,85.32
2007/10/16,85.32
2007/10/17,85.32
2007/10/18,85.32
2007/10/19,85.32
2007/10/20,85.32
2007/10/21,85.32
2007/10/22,85.32
2007/10/23,85.32
2007/10/24,85.32
2007/10/25,85.32
2007/10/26,85.32
2007/10/27,85.32
2007/10/28,85.32
2007/10/29,85.32
2007/10/30,85.32
2007/10/31,85.32
2007/11/01,84.03
2007/11/02,84.03
2007/11/03,84.03
2007/11/04,84.03
2007/11/05,84.03
2007/11/06,84.03
2007/11/07,84.03
2007/11/08,84.03
2007/11/09,84.03
2007/11/10,84.03
2007/11/11,84.03
2007/11/12,84.03
2007/11/13,84.03
2007/11/14,84.03
2007/11/15,84.03
2007/11/16,84.03
2007/11/17,84.03
2007/11/18,84.03
2007/11/19,84.03
2007/11/20,84.03
2007/11/21,84.03
2007/11/22,84.03
2007/11/23,84.03
2007/11/24,84.03
2007/11/25,84.03
2007/11/26,84.03
2007/11/27,84.03
2007/11/28,84.03
2007/11/29,84.03
2007/11/30,84.03
2007/12/01,84.42
2007/12/02,84.42
2007/12/03,84.42
2007/12/04,84.42
2007/12/05,84.42
2007/12/06,84.42
2007/12/07,84.42
2007/12/08,84.42
2007/12/09,84.42
2007/12/10,84.42
2007/12/11,84.42
2007/12/12,84.42
2007/12/13,84.42
2007/12/14,84.42
2007/12/15,84.42
2007/12/16,84.42
2007/12/17,84.42
2007/12/18,84.42
2007/12/19,84.42
2007/12/20,84.42
2007/12/21,84.42
2007/12/22,84.42
2007/12/23,84.42
2007/12/24,84.42
2007/12/25,84.42
2007/12/26,84.42
2007/12/27,84.42
2007/12/28,84.42
2007/12/29,84.42
2007/12/30,84.42
2007/12/31,84.42
2008/01/01,83.9
2008/01/02,83.9
2008/01/03,83.9
2008/01/04,83.9
2008/01/05,83.9
2008/01/06,83.9
2008/01/07,83.9
2008/01/08,83.9
2008/01/09,83.9
2008/01/10,83.9
2008/01/11,83.9
2008/01/12,83.9
2008/01/13,83.9
2008/01/14,83.9
2008/01/15,83.9
2008/01/16,83.9
2008/01/17,83.9
2008/01/18,83.9
2008/01/19,83.9
2008/01/20,83.9
2008/01/21,83.9
2008/01/22,83.9
2008/01/23,83.9
2008/01/24,83.9
2008/01/25,83.9
2008/01/26,83.9
2008/01/27,83.9
2008/01/28,83.9
2008/01/29,83.9
2008/01/30,83.9
2008/01/31,83.9
2008/02/01,82.75
2008/02/02,82.75
2008/02/03,82.75
2008/02/04,82.75
2008/02/05,82.75
2008/02/06,82.75
2008/02/07,82.75
2008/02/08,82.75
2008/02/09,82.75
2008/02/10,82.75
2008/02/11,82.75
2008/02/12,82.75
2008/02/13,82.75
2008/02/14,82.75
2008/02/15,82.75
2008/02/16,82.75
2008/02/17,82.75
2008/02/18,82.75
2008/02/19,82.75
2008/02/20,82.75
2008/02/21,82.75
2008/02/22,82.75
2008/02/23,82.75
2008/02/24,82.75
2008/02/25,82.75
2008/02/26,82.75
2008/02/27,82.75
2008/02/28,82.75
2008/02/29,82.75
2008/03/01,81.49
2008/03/02,81.49
2008/03/03,81.49
2008/03/04,81.49
2008/03/05,81.49
2008/03/06,81.49
2008/03/07,81.49
2008/03/08,81.49
2008/03/09,81.49
2008/03/10,81.49
2008/03/11,81.49
2008/03/12,81.49
2008/03/13,81.49
2008/03/14,81.49
2008/03/15,81.49
2008/03/16,81.49
2008/03/17,81.49
2008/03/18,81.49
2008/03/19,81.49
2008/03/20,81.49
2008/03/21,81.49
2008/03/22,81.49
2008/03/23,81.49
2008/03/24,81.49
2008/03/25,81.49
2008/03/26,81.49
2008/03/27,81.49
2008/03/28,81.49
2008/03/29,81.49
2008/03/30,81.49
2008/03/31,81.49
2008/04/01,81.26
2008/04/02,81.26
2008/04/03,81.26
2008/04/04,81.26
2008/04/05,81.26
2008/04/06,81.26
2008/04/07,81.26
2008/04/08,81.26
2008/04/09,81.26
2008/04/10,81.26
2008/04/11,81.26
2008/04/12,81.26
2008/04/13,81.26
2008/04/14,81.26
2008/04/15,81.26
2008/04/16,81.26
2008/04/17,81.26
2008/04/18,81.26
2008/04/19,81.26
2008/04/20,81.26
2008/04/21,81.26
2008/04/22,81.26
2008/04/23,81.26
2008/04/24,81.26
2008/04/25,81.26
2008/04/26,81.26
2008/04/27,81.26
2008/04/28,81.26
2008/04/29,81.26
2008/04/30,81.26
2008/05/01,81.88
2008/05/02,81.88
2008/05/03,81.88
2008/05/04,81.88
2008/05/05,81.88
2008/05/06,81.88
2008/05/07,81.88
2008/05/08,81.88
2008/05/09,81.88
2008/05/10,81.88
2008/05/11,81.88
2008/05/12,81.88
2008/05/13,81.88
2008/05/14,81.88
2008/05/15,81.88
2008/05/16,81.88
2008/05/17,81.88
2008/05/18,81.88
2008/05/19,81.88
2008/05/20,81.88
2008/05/21,81.88
2008/05/22,81.88
2008/05/23,81.88
2008/05/24,81.88
2008/05/25,81.88
2008/05/26,81.88
2008/05/27,81.88
2008/05/28,81.88
2008/05/29,81.88
2008/05/30,81.88
2008/05/31,81.88
2008/06/01,82.4
2008/06/02,82.4
2008/06/03,82.4
2008/06/04,82.4
2008/06/05,82.4
2008/06/06,82.4
2008/06/07,82.4
2008/06/08,82.4
2008/06/09,82.4
2008/06/10,82.4
2008/06/11,82.4
2008/06/12,82.4
2008/06/13,82.4
2008/06/14,82.4
2008/06/15,82.4
2008/06/16,82.4
2008/06/17,82.4
2008/06/18,82.4
2008/06/19,82.4
2008/06/20,82.4
2008/06/21,82.4
2008/06/22,82.4
2008/06/23,82.4
2008/06/24,82.4
2008/06/25,82.4
2008/06/26,82.4
2008/06/27,82.4
2008/06/28,82.4
2008/06/29,82.4
2008/06/30,82.4
2008/07/01,81.91
2008/07/02,81.91
2008/07/03,81.91
2008/07/04,81.91
2008/07/05,81.91
2008/07/06,81.91
2008/07/07,81.91
2008/07/08,81.91
2008/07/09,81.91
2008/07/10,81.91
2008/07/11,81.91
2008/07/12,81.91
2008/07/13,81.91
2008/07/14,81.91
2008/07/15,81.91
2008/07/16,81.91
2008/07/17,81.91
2008/07/18,81.91
2008/07/19,81.91
2008/07/20,81.91
2008/07/21,81.91
2008/07/22,81.91
2008/07/23,81.91
2008/07/24,81.91
2008/07/25,81.91
2008/07/26,81.91
2008/07/27,81.91
2008/07/28,81.91
2008/07/29,81.91
2008/07/30,81.91
2008/07/31,81.91
2008/08/01,83.56
2008/08/02,83.56
2008/08/03,83.56
2008/08/04,83.56
2008/08/05,83.56
2008/08/06,83.56
2008/08/07,83.56
2008/08/08,83.56
2008/08/09,83.56
2008/08/10,83.56
2008/08/11,83.56
2008/08/12,83.56
2008/08/13,83.56
2008/08/14,83.56
2008/08/15,83.56
2008/08/16,83.56
2008/08/17,83.56
2008/08/18,83.56
2008/08/19,83.56
2008/08/20,83.56
2008/08/21,83.56
2008/08/22,83.56
2008/08/23,83.56
2008/08/24,83.56
2008/08/25,83.56
2008/08/26,83.56
2008/08/27,83.56
2008/08/28,83.56
2008/08/29,83.56
2008/08/30,83.56
2008/08/31,83.56
2008/09/01,85.33
2008/09/02,85.33
2008/09/03,85.33
2008/09/04,85.33
2008/09/05,85.33
2008/09/06,85.33
2008/09/07,85.33
2008/09/08,85.33
2008/09/09,85.33
2008/09/10,85.33
2008/09/11,85.33
2008/09/12,85.33
2008/09/13,85.33
2008/09/14,85.33
2008/09/15,85.33
2008/09/16,85.33
2008/09/17,85.33
2008/09/18,85.33
2008/09/19,85.33
2008/09/20,85.33
2008/09/21,85.33
2008/09/22,85.33
2008/09/23,85.33
2008/09/24,85.33
2008/09/25,85.33
2008/09/26,85.33
2008/09/27,85.33
2008/09/28,85.33
2008/09/29,85.33
2008/09/30,85.33
2008/10/01,90.14
2008/10/02,90.14
2008/10/03,90.14
2008/10/04,90.14
2008/10/05,90.14
2008/10/06,90.14
2008/10/07,90.14
2008/10/08,90.14
2008/10/09,90.14
2008/10/10,90.14
2008/10/11,90.14
2008/10/12,90.14
2008/10/13,90.14
2008/10/14,90.14
2008/10/15,90.14
2008/10/16,90.14
2008/10/17,90.14
2008/10/18,90.14
2008/10/19,90.14
2008/10/20,90.14
2008/10/21,90.14
2008/10/22,90.14
2008/10/23,90.14
2008/10/24,90.14
2008/10/25,90.14
2008/10/26,90.14
2008/10/27,90.14
2008/10/28,90.14
2008/10/29,90.14
2008/10/30,90.14
2008/10/31,90.14
2008/11/01,91.08
2008/11/02,91.08
2008/11/03,91.08
2008/11/04,91.08
2008/11/05,91.08
2008/11/06,91.08
2008/11/07,91.08
2008/11/08,91.08
2008/11/09,91.08
2008/11/10,91.08
2008/11/11,91.08
2008/11/12,91.08
2008/11/13,91.08
2008/11/14,91.08
2008/11/15,91.08
2008/11/16,91.08
2008/11/17,91.08
2008/11/18,91.08
2008/11/19,91.08
2008/11/20,91.08
2008/11/21,91.08
2008/11/22,91.08
2008/11/23,91.08
2008/11/24,91.08
2008/11/25,91.08
2008/11/26,91.08
2008/11/27,91.08
2008/11/28,91.08
2008/11/29,91.08
2008/11/30,91.08
2008/12/01,89.55
2008/12/02,89.55
2008/12/03,89.55
2008/12/04,89.55
2008/12/05,89.55
2008/12/06,89.55
2008/12/07,89.55
2008/12/08,89.55
2008/12/09,89.55
2008/12/10,89.55
2008/12/11,89.55
2008/12/12,89.55
2008/12/13,89.55
2008/12/14,89.55
2008/12/15,89.55
2008/12/16,89.55
2008/12/17,89.55
2008/12/18,89.55
2008/12/19,89.55
2008/12/20,89.55
2008/12/21,89.55
2008/12/22,89.55
2008/12/23,89.55
2008/12/24,89.55
2008/12/25,89.55
2008/12/26,89.55
2008/12/27,89.55
2008/12/28,89.55
2008/12/29,89.55
2008/12/30,89.55
2008/12/31,89.55
2009/01/01,90.47
2009/01/02,90.47
2009/01/03,90.47
2009/01/04,90.47
2009/01/05,90.47
2009/01/06,90.47
2009/01/07,90.47
2009/01/08,90.47
2009/01/09,90.47
2009/01/10,90.47
2009/01/11,90.47
2009/01/12,90.47
2009/01/13,90.47
2009/01/14,90.47
2009/01/15,90.47
2009/01/16,90.47
2009/01/17,90.47
2009/01/18,90.47
2009/01/19,90.47
2009/01/20,90.47
2009/01/21,90.47
2009/01/22,90.47
2009/01/23,90.47
2009/01/24,90.47
2009/01/25,90.47
2009/01/26,90.47
2009/01/27,90.47
2009/01/28,90.47
2009/01/29,90.47
2009/01/30,90.47
2009/01/31,90.47
2009/02/01,92.92
2009/02/02,92.92
2009/02/03,92.92
2009/02/04,92.92
2009/02/05,92.92
2009/02/06,92.92
2009/02/07,92.92
2009/02/08,92.92
2009/02/09,92.92
2009/02/10,92.92
2009/02/11,92.92
2009/02/12,92.92
2009/02/13,92.92
2009/02/14,92.92
2009/02/15,92.92
2009/02/16,92.92
2009/02/17,92.92
2009/02/18,92.92
2009/02/19,92.92
2009/02/20,92.92
2009/02/21,92.92
2009/02/22,92.92
2009/02/23,92.92
2009/02/24,92.92
2009/02/25,92.92
2009/02/26,92.92
2009/02/27,92.92
2009/02/28,92.92
2009/03/01,93.46
2009/03/02,93.46
2009/03/03,93.46
2009/03/04,93.46
2009/03/05,93.46
2009/03/06,93.46
2009/03/07,93.46
2009/03/08,93.46
2009/03/09,93.46
2009/03/10,93.46
2009/03/11,93.46
2009/03/12,93.46
2009/03/13,93.46
2009/03/14,93.46
2009/03/15,93.46
2009/03/16,93.46
2009/03/17,93.46
2009/03/18,93.46
2009/03/19,93.46
2009/03/20,93.46
2009/03/21,93.46
2009/03/22,93.46
2009/03/23,93.46
2009/03/24,93.46
2009/03/25,93.46
2009/03/26,93.46
2009/03/27,93.46
2009/03/28,93.46
2009/03/29,93.46
2009/03/30,93.46
2009/03/31,93.46
2009/04/01,91.27
2009/04/02,91.27
2009/04/03,91.27
2009/04/04,91.27
2009/04/05,91.27
2009/04/06,91.27
2009/04/07,91.27
2009/04/08,91.27
2009/04/09,91.27
2009/04/10,91.27
2009/04/11,91.27
2009/04/12,91.27
2009/04/13,91.27
2009/04/14,91.27
2009/04/15,91.27
2009/04/16,91.27
2009/04/17,91.27
2009/04/18,91.27
2009/04/19,91.27
2009/04/20,91.27
2009/04/21,91.27
2009/04/22,91.27
2009/04/23,91.27
2009/04/24,91.27
2009/04/25,91.27
2009/04/26,91.27
2009/04/27,91.27
2009/04/28,91.27
2009/04/29,91.27
2009/04/30,91.27
2009/05/01,88.7
2009/05/02,88.7
2009/05/03,88.7
2009/05/04,88.7
2009/05/05,88.7
2009/05/06,88.7
2009/05/07,88.7
2009/05/08,88.7
2009/05/09,88.7
2009/05/10,88.7
2009/05/11,88.7
2009/05/12,88.7
2009/05/13,88.7
2009/05/14,88.7
2009/05/15,88.7
2009/05/16,88.7
2009/05/17,88.7
2009/05/18,88.7
2009/05/19,88.7
2009/05/20,88.7
2009/05/21,88.7
2009/05/22,88.7
2009/05/23,88.7
2009/05/24,88.7
2009/05/25,88.7
2009/05/26,88.7
2009/05/27,88.7
2009/05/28,88.7
2009/05/29,88.7
2009/05/30,88.7
2009/05/31,88.7
2009/06/01,88.35
2009/06/02,88.35
2009/06/03,88.35
2009/06/04,88.35
2009/06/05,88.35
2009/06/06,88.35
2009/06/07,88.35
2009/06/08,88.35
2009/06/09,88.35
2009/06/10,88.35
2009/06/11,88.35
2009/06/12,88.35
2009/06/13,88.35
2009/06/14,88.35
2009/06/15,88.35
2009/06/16,88.35
2009/06/17,88.35
2009/06/18,88.35
2009/06/19,88.35
2009/06/20,88.35
2009/06/21,88.35
2009/06/22,88.35
2009/06/23,88.35
2009/06/24,88.35
2009/06/25,88.35
2009/06/26,88.35
2009/06/27,88.35
2009/06/28,88.35
2009/06/29,88.35
2009/06/30,88.35
2009/07/01,87.97
2009/07/02,87.97
2009/07/03,87.97
2009/07/04,87.97
2009/07/05,87.97
2009/07/06,87.97
2009/07/07,87.97
2009/07/08,87.97
2009/07/09,87.97
2009/07/10,87.97
2009/07/11,87.97
2009/07/12,87.97
2009/07/13,87.97
2009/07/14,87.97
2009/07/15,87.97
2009/07/16,87.97
2009/07/17,87.97
2009/07/18,87.97
2009/07/19,87.97
2009/07/20,87.97
2009/07/21,87.97
2009/07/22,87.97
2009/07/23,87.97
2009/07/24,87.97
2009/07/25,87.97
2009/07/26,87.97
2009/07/27,87.97
2009/07/28,87.97
2009/07/29,87.97
2009/07/30,87.97
2009/07/31,87.97
2009/08/01,86.75
2009/08/02,86.75
2009/08/03,86.75
2009/08/04,86.75
2009/08/05,86.75
2009/08/06,86.75
2009/08/07,86.75
2009/08/08,86.75
2009/08/09,86.75
2009/08/10,86.75
2009/08/11,86.75
2009/08/12,86.75
2009/08/13,86.75
2009/08/14,86.75
2009/08/15,86.75
2009/08/16,86.75
2009/08/17,86.75
2009/08/18,86.75
2009/08/19,86.75
2009/08/20,86.75
2009/08/21,86.75
2009/08/22,86.75
2009/08/23,86.75
2009/08/24,86.75
2009/08/25,86.75
2009/08/26,86.75
2009/08/27,86.75
2009/08/28,86.75
2009/08/29,86.75
2009/08/30,86.75
2009/08/31,86.75
2009/09/01,85.98
2009/09/02,85.98
2009/09/03,85.98
2009/09/04,85.98
2009/09/05,85.98
2009/09/06,85.98
2009/09/07,85.98
2009/09/08,85.98
2009/09/09,85.98
2009/09/10,85.98
2009/09/11,85.98
2009/09/12,85.98
2009/09/13,85.98
2009/09/14,85.98
2009/09/15,85.98
2009/09/16,85.98
2009/09/17,85.98
2009/09/18,85.98
2009/09/19,85.98
2009/09/20,85.98
2009/09/21,85.98
2009/09/22,85.98
2009/09/23,85.98
2009/09/24,85.98
2009/09/25,85.98
2009/09/26,85.98
2009/09/27,85.98
2009/09/28,85.98
2009/09/29,85.98
2009/09/30,85.98
2009/10/01,84.75
2009/10/02,84.75
2009/10/03,84.75
2009/10/04,84.75
2009/10/05,84.75
2009/10/06,84.75
2009/10/07,84.75
2009/10/08,84.75
2009/10/09,84.75
2009/10/10,84.75
2009/10/11,84.75
2009/10/12,84.75
2009/10/13,84.75
2009/10/14,84.75
2009/10/15,84.75
2009/10/16,84.75
2009/10/17,84.75
2009/10/18,84.75
2009/10/19,84.75
2009/10/20,84.75
2009/10/21,84.75
2009/10/22,84.75
2009/10/23,84.75
2009/10/24,84.75
2009/10/25,84.75
2009/10/26,84.75
2009/10/27,84.75
2009/10/28,84.75
2009/10/29,84.75
2009/10/30,84.75
2009/10/31,84.75
2009/11/01,84.17
2009/11/02,84.17
2009/11/03,84.17
2009/11/04,84.17
2009/11/05,84.17
2009/11/06,84.17
2009/11/07,84.17
2009/11/08,84.17
2009/11/09,84.17
2009/11/10,84.17
2009/11/11,84.17
2009/11/12,84.17
2009/11/13,84.17
2009/11/14,84.17
2009/11/15,84.17
2009/11/16,84.17
2009/11/17,84.17
2009/11/18,84.17
2009/11/19,84.17
2009/11/20,84.17
2009/11/21,84.17
2009/11/22,84.17
2009/11/23,84.17
2009/11/24,84.17
2009/11/25,84.17
2009/11/26,84.17
2009/11/27,84.17
2009/11/28,84.17
2009/11/29,84.17
2009/11/30,84.17
2009/12/01,84.11
2009/12/02,84.11
2009/12/03,84.11
2009/12/04,84.11
2009/12/05,84.11
2009/12/06,84.11
2009/12/07,84.11
2009/12/08,84.11
2009/12/09,84.11
2009/12/10,84.11
2009/12/11,84.11
2009/12/12,84.11
2009/12/13,84.11
2009/12/14,84.11
2009/12/15,84.11
2009/12/16,84.11
2009/12/17,84.11
2009/12/18,84.11
2009/12/19,84.11
2009/12/20,84.11
2009/12/21,84.11
2009/12/22,84.11
2009/12/23,84.11
2009/12/24,84.11
2009/12/25,84.11
2009/12/26,84.11
2009/12/27,84.11
2009/12/28,84.11
2009/12/29,84.11
2009/12/30,84.11
2009/12/31,84.11
2010/01/01,84.38
2010/01/02,84.38
2010/01/03,84.38
2010/01/04,84.38
2010/01/05,84.38
2010/01/06,84.38
2010/01/07,84.38
2010/01/08,84.38
2010/01/09,84.38
2010/01/10,84.38
2010/01/11,84.38
2010/01/12,84.38
2010/01/13,84.38
2010/01/14,84.38
2010/01/15,84.38
2010/01/16,84.38
2010/01/17,84.38
2010/01/18,84.38
2010/01/19,84.38
2010/01/20,84.38
2010/01/21,84.38
2010/01/22,84.38
2010/01/23,84.38
2010/01/24,84.38
2010/01/25,84.38
2010/01/26,84.38
2010/01/27,84.38
2010/01/28,84.38
2010/01/29,84.38
2010/01/30,84.38
2010/01/31,84.38
2010/02/01,85.16
2010/02/02,85.16
2010/02/03,85.16
2010/02/04,85.16
2010/02/05,85.16
2010/02/06,85.16
2010/02/07,85.16
2010/02/08,85.16
2010/02/09,85.16
2010/02/10,85.16
2010/02/11,85.16
2010/02/12,85.16
2010/02/13,85.16
2010/02/14,85.16
2010/02/15,85.16
2010/02/16,85.16
2010/02/17,85.16
2010/02/18,85.16
2010/02/19,85.16
2010/02/20,85.16
2010/02/21,85.16
2010/02/22,85.16
2010/02/23,85.16
2010/02/24,85.16
2010/02/25,85.16
2010/02/26,85.16
2010/02/27,85.16
2010/02/28,85.16
2010/03/01,84.68
2010/03/02,84.68
2010/03/03,84.68
2010/03/04,84.68
2010/03/05,84.68
2010/03/06,84.68
2010/03/07,84.68
2010/03/08,84.68
2010/03/09,84.68
2010/03/10,84.68
2010/03/11,84.68
2010/03/12,84.68
2010/03/13,84.68
2010/03/14,84.68
2010/03/15,84.68
2010/03/16,84.68
2010/03/17,84.68
2010/03/18,84.68
2010/03/19,84.68
2010/03/20,84.68
2010/03/21,84.68
2010/03/22,84.68
2010/03/23,84.68
2010/03/24,84.68
2010/03/25,84.68
2010/03/26,84.68
2010/03/27,84.68
2010/03/28,84.68
2010/03/29,84.68
2010/03/30,84.68
2010/03/31,84.68
2010/04/01,84.22
2010/04/02,84.22
2010/04/03,84.22
2010/04/04,84.22
2010/04/05,84.22
2010/04/06,84.22
2010/04/07,84.22
2010/04/08,84.22
2010/04/09,84.22
2010/04/10,84.22
2010/04/11,84.22
2010/04/12,84.22
2010/04/13,84.22
2010/04/14,84.22
2010/04/15,84.22
2010/04/16,84.22
2010/04/17,84.22
2010/04/18,84.22
2010/04/19,84.22
2010/04/20,84.22
2010/04/21,84.22
2010/04/22,84.22
2010/04/23,84.22
2010/04/24,84.22
2010/04/25,84.22
2010/04/26,84.22
2010/04/27,84.22
2010/04/28,84.22
2010/04/29,84.22
2010/04/30,84.22
2010/05/01,86.74
2010/05/02,86.74
2010/05/03,86.74
2010/05/04,86.74
2010/05/05,86.74
2010/05/06,86.74
2010/05/07,86.74
2010/05/08,86.74
2010/05/09,86.74
2010/05/10,86.74
2010/05/11,86.74
2010/05/12,86.74
2010/05/13,86.74
2010/05/14,86.74
2010/05/15,86.74
2010/05/16,86.74
2010/05/17,86.74
2010/05/18,86.74
2010/05/19,86.74
2010/05/20,86.74
2010/05/21,86.74
2010/05/22,86.74
2010/05/23,86.74
2010/05/24,86.74
2010/05/25,86.74
2010/05/26,86.74
2010/05/27,86.74
2010/05/28,86.74
2010/05/29,86.74
2010/05/30,86.74
2010/05/31,86.74
2010/06/01,87.36
2010/06/02,87.36
2010/06/03,87.36
2010/06/04,87.36
2010/06/05,87.36
2010/06/06,87.36
2010/06/07,87.36
2010/06/08,87.36
2010/06/09,87.36
2010/06/10,87.36
2010/06/11,87.36
2010/06/12,87.36
2010/06/13,87.36
2010/06/14,87.36
2010/06/15,87.36
2010/06/16,87.36
2010/06/17,87.36
2010/06/18,87.36
2010/06/19,87.36
2010/06/20,87.36
2010/06/21,87.36
2010/06/22,87.36
2010/06/23,87.36
2010/06/24,87.36
2010/06/25,87.36
2010/06/26,87.36
2010/06/27,87.36
2010/06/28,87.36
2010/06/29,87.36
2010/06/30,87.36
2010/07/01,85.85
2010/07/02,85.85
2010/07/03,85.85
2010/07/04,85.85
2010/07/05,85.85
2010/07/06,85.85
2010/07/07,85.85
2010/07/08,85.85
2010/07/09,85.85
2010/07/10,85.85
2010/07/11,85.85
2010/07/12,85.85
2010/07/13,85.85
2010/07/14,85.85
2010/07/15,85.85
2010/07/16,85.85
2010/07/17,85.85
2010/07/18,85.85
2010/07/19,85.85
2010/07/20,85.85
2010/07/21,85.85
2010/07/22,85.85
2010/07/23,85.85
2010/07/24,85.85
2010/07/25,85.85
2010/07/26,85.85
2010/07/27,85.85
2010/07/28,85.85
2010/07/29,85.85
2010/07/30,85.85
2010/07/31,85.85
2010/08/01,84.96
2010/08/02,84.96
2010/08/03,84.96
2010/08/04,84.96
2010/08/05,84.96
2010/08/06,84.96
2010/08/07,84.96
2010/08/08,84.96
2010/08/09,84.96
2010/08/10,84.96
2010/08/11,84.96
2010/08/12,84.96
2010/08/13,84.96
2010/08/14,84.96
2010/08/15,84.96
2010/08/16,84.96
2010/08/17,84.96
2010/08/18,84.96
2010/08/19,84.96
2010/08/20,84.96
2010/08/21,84.96
2010/08/22,84.96
2010/08/23,84.96
2010/08/24,84.96
2010/08/25,84.96
2010/08/26,84.96
2010/08/27,84.96
2010/08/28,84.96
2010/08/29,84.96
2010/08/30,84.96
2010/08/31,84.96
2010/09/01,83.95
2010/09/02,83.95
2010/09/03,83.95
2010/09/04,83.95
2010/09/05,83.95
2010/09/06,83.95
2010/09/07,83.95
2010/09/08,83.95
2010/09/09,83.95
2010/09/10,83.95
2010/09/11,83.95
2010/09/12,83.95
2010/09/13,83.95
2010/09/14,83.95
2010/09/15,83.95
2010/09/16,83.95
2010/09/17,83.95
2010/09/18,83.95
2010/09/19,83.95
2010/09/20,83.95
2010/09/21,83.95
2010/09/22,83.95
2010/09/23,83.95
2010/09/24,83.95
2010/09/25,83.95
2010/09/26,83.95
2010/09/27,83.95
2010/09/28,83.95
2010/09/29,83.95
2010/09/30,83.95
2010/10/01,81.26
2010/10/02,81.26
2010/10/03,81.26
2010/10/04,81.26
2010/10/05,81.26
2010/10/06,81.26
2010/10/07,81.26
2010/10/08,81.26
2010/10/09,81.26
2010/10/10,81.26
2010/10/11,81.26
2010/10/12,81.26
2010/10/13,81.26
2010/10/14,81.26
2010/10/15,81.26
2010/10/16,81.26
2010/10/17,81.26
2010/10/18,81.26
2010/10/19,81.26
2010/10/20,81.26
2010/10/21,81.26
2010/10/22,81.26
2010/10/23,81.26
2010/10/24,81.26
2010/10/25,81.26
2010/10/26,81.26
2010/10/27,81.26
2010/10/28,81.26
2010/10/29,81.26
2010/10/30,81.26
2010/10/31,81.26
2010/11/01,81.21
2010/11/02,81.21
2010/11/03,81.21
2010/11/04,81.21
2010/11/05,81.21
2010/11/06,81.21
2010/11/07,81.21
2010/11/08,81.21
2010/11/09,81.21
2010/11/10,81.21
2010/11/11,81.21
2010/11/12,81.21
2010/11/13,81.21
2010/11/14,81.21
2010/11/15,81.21
2010/11/16,81.21
2010/11/17,81.21
2010/11/18,81.21
2010/11/19,81.21
2010/11/20,81.21
2010/11/21,81.21
2010/11/22,81.21
2010/11/23,81.21
2010/11/24,81.21
2010/11/25,81.21
2010/11/26,81.21
2010/11/27,81.21
2010/11/28,81.21
2010/11/29,81.21
2010/11/30,81.21
2010/12/01,81.7
2010/12/02,81.7
2010/12/03,81.7
2010/12/04,81.7
2010/12/05,81.7
2010/12/06,81.7
2010/12/07,81.7
2010/12/08,81.7
2010/12/09,81.7
2010/12/10,81.7
2010/12/11,81.7
2010/12/12,81.7
2010/12/13,81.7
2010/12/14,81.7
2010/12/15,81.7
2010/12/16,81.7
2010/12/17,81.7
2010/12/18,81.7
2010/12/19,81.7
2010/12/20,81.7
2010/12/21,81.7
2010/12/22,81.7
2010/12/23,81.7
2010/12/24,81.7
2010/12/25,81.7
2010/12/26,81.7
2010/12/27,81.7
2010/12/28,81.7
2010/12/29,81.7
2010/12/30,81.7
2010/12/31,81.7
2011/01/01,80.91
2011/01/02,80.91
2011/01/03,80.91
2011/01/04,80.91
2011/01/05,80.91
2011/01/06,80.91
2011/01/07,80.91
2011/01/08,80.91
2011/01/09,80.91
2011/01/10,80.91
2011/01/11,80.91
2011/01/12,80.91
2011/01/13,80.91
2011/01/14,80.91
2011/01/15,80.91
2011/01/16,80.91
2011/01/17,80.91
2011/01/18,80.91
2011/01/19,80.91
2011/01/20,80.91
2011/01/21,80.91
2011/01/22,80.91
2011/01/23,80.91
2011/01/24,80.91
2011/01/25,80.91
2011/01/26,80.91
2011/01/27,80.91
2011/01/28,80.91
2011/01/29,80.91
2011/01/30,80.91
2011/01/31,80.91
2011/02/01,80.24
2011/02/02,80.24
2011/02/03,80.24
2011/02/04,80.24
2011/02/05,80.24
2011/02/06,80.24
2011/02/07,80.24
2011/02/08,80.24
2011/02/09,80.24
2011/02/10,80.24
2011/02/11,80.24
2011/02/12,80.24
2011/02/13,80.24
2011/02/14,80.24
2011/02/15,80.24
2011/02/16,80.24
2011/02/17,80.24
2011/02/18,80.24
2011/02/19,80.24
2011/02/20,80.24
2011/02/21,80.24
2011/02/22,80.24
2011/02/23,80.24
2011/02/24,80.24
2011/02/25,80.24
2011/02/26,80.24
2011/02/27,80.24
2011/02/28,80.24
2011/03/01,79.88
2011/03/02,79.88
2011/03/03,79.88
2011/03/04,79.88
2011/03/05,79.88
2011/03/06,79.88
2011/03/07,79.88
2011/03/08,79.88
2011/03/09,79.88
2011/03/10,79.88
2011/03/11,79.88
2011/03/12,79.88
2011/03/13,79.88
2011/03/14,79.88
2011/03/15,79.88
2011/03/16,79.88
2011/03/17,79.88
2011/03/18,79.88
2011/03/19,79.88
2011/03/20,79.88
2011/03/21,79.88
2011/03/22,79.88
2011/03/23,79.88
2011/03/24,79.88
2011/03/25,79.88
2011/03/26,79.88
2011/03/27,79.88
2011/03/28,79.88
2011/03/29,79.88
2011/03/30,79.88
2011/03/31,79.88
2011/04/01,78.83
2011/04/02,78.83
2011/04/03,78.83
2011/04/04,78.83
2011/04/05,78.83
2011/04/06,78.83
2011/04/07,78.83
2011/04/08,78.83
2011/04/09,78.83
2011/04/10,78.83
2011/04/11,78.83
2011/04/12,78.83
2011/04/13,78.83
2011/04/14,78.83
2011/04/15,78.83
2011/04/16,78.83
2011/04/17,78.83
2011/04/18,78.83
2011/04/19,78.83
2011/04/20,78.83
2011/04/21,78.83
2011/04/22,78.83
2011/04/23,78.83
2011/04/24,78.83
2011/04/25,78.83
2011/04/26,78.83
2011/04/27,78.83
2011/04/28,78.83
2011/04/29,78.83
2011/04/30,78.83
2011/05/01,78.99
2011/05/02,78.99
2011/05/03,78.99
2011/05/04,78.99
2011/05/05,78.99
2011/05/06,78.99
2011/05/07,78.99
2011/05/08,78.99
2011/05/09,78.99
2011/05/10,78.99
2011/05/11,78.99
2011/05/12,78.99
2011/05/13,78.99
2011/05/14,78.99
2011/05/15,78.99
2011/05/16,78.99
2011/05/17,78.99
2011/05/18,78.99
2011/05/19,78.99
2011/05/20,78.99
2011/05/21,78.99
2011/05/22,78.99
2011/05/23,78.99
2011/05/24,78.99
2011/05/25,78.99
2011/05/26,78.99
2011/05/27,78.99
2011/05/28,78.99
2011/05/29,78.99
2011/05/30,78.99
2011/05/31,78.99
2011/06/01,78.96
2011/06/02,78.96
2011/06/03,78.96
2011/06/04,78.96
2011/06/05,78.96
2011/06/06,78.96
2011/06/07,78.96
2011/06/08,78.96
2011/06/09,78.96
2011/06/10,78.96
2011/06/11,78.96
2011/06/12,78.96
2011/06/13,78.96
2011/06/14,78.96
2011/06/15,78.96
2011/06/16,78.96
2011/06/17,78.96
2011/06/18,78.96
2011/06/19,78.96
2011/06/20,78.96
2011/06/21,78.96
2011/06/22,78.96
2011/06/23,78.96
2011/06/24,78.96
2011/06/25,78.96
2011/06/26,78.96
2011/06/27,78.96
2011/06/28,78.96
2011/06/29,78.96
2011/06/30,78.96
2011/07/01,78.43
2011/07/02,78.43
2011/07/03,78.43
2011/07/04,78.43
2011/07/05,78.43
2011/07/06,78.43
2011/07/07,78.43
2011/07/08,78.43
2011/07/09,78.43
2011/07/10,78.43
2011/07/11,78.43
2011/07/12,78.43
2011/07/13,78.43
2011/07/14,78.43
2011/07/15,78.43
2011/07/16,78.43
2011/07/17,78.43
2011/07/18,78.43
2011/07/19,78.43
2011/07/20,78.43
2011/07/21,78.43
2011/07/22,78.43
2011/07/23,78.43
2011/07/24,78.43
2011/07/25,78.43
2011/07/26,78.43
2011/07/27,78.43
2011/07/28,78.43
2011/07/29,78.43
2011/07/30,78.43
2011/07/31,78.43
2011/08/01,78.86
2011/08/02,78.86
2011/08/03,78.86
2011/08/04,78.86
2011/08/05,78.86
2011/08/06,78.86
2011/08/07,78.86
2011/08/08,78.86
2011/08/09,78.86
2011/08/10,78.86
2011/08/11,78.86
2011/08/12,78.86
2011/08/13,78.86
2011/08/14,78.86
2011/08/15,78.86
2011/08/16,78.86
2011/08/17,78.86
2011/08/18,78.86
2011/08/19,78.86
2011/08/20,78.86
2011/08/21,78.86
2011/08/22,78.86
2011/08/23,78.86
2011/08/24,78.86
2011/08/25,78.86
2011/08/26,78.86
2011/08/27,78.86
2011/08/28,78.86
2011/08/29,78.86
2011/08/30,78.86
2011/08/31,78.86
2011/09/01,80.98
2011/09/02,80.98
2011/09/03,80.98
2011/09/04,80.98
2011/09/05,80.98
2011/09/06,80.98
2011/09/07,80.98
2011/09/08,80.98
2011/09/09,80.98
2011/09/10,80.98
2011/09/11,80.98
2011/09/12,80.98
2011/09/13,80.98
2011/09/14,80.98
2011/09/15,80.98
2011/09/16,80.98
2011/09/17,80.98
2011/09/18,80.98
2011/09/19,80.98
2011/09/20,80.98
2011/09/21,80.98
2011/09/22,80.98
2011/09/23,80.98
2011/09/24,80.98
2011/09/25,80.98
2011/09/26,80.98
2011/09/27,80.98
2011/09/28,80.98
2011/09/29,80.98
2011/09/30,80.98
2011/10/01,81.47
2011/10/02,81.47
2011/10/03,81.47
2011/10/04,81.47
2011/10/05,81.47
2011/10/06,81.47
2011/10/07,81.47
2011/10/08,81.47
2011/10/09,81.47
2011/10/10,81.47
2011/10/11,81.47
2011/10/12,81.47
2011/10/13,81.47
2011/10/14,81.47
2011/10/15,81.47
2011/10/16,81.47
2011/10/17,81.47
2011/10/18,81.47
2011/10/19,81.47
2011/10/20,81.47
2011/10/21,81.47
2011/10/22,81.47
2011/10/23,81.47
2011/10/24,81.47
2011/10/25,81.47
2011/10/26,81.47
2011/10/27,81.47
2011/10/28,81.47
2011/10/29,81.47
2011/10/30,81.47
2011/10/31,81.47
2011/11/01,81.79
2011/11/02,81.79
2011/11/03,81.79
2011/11/04,81.79
2011/11/05,81.79
2011/11/06,81.79
2011/11/07,81.79
2011/11/08,81.79
2011/11/09,81.79
2011/11/10,81.79
2011/11/11,81.79
2011/11/12,81.79
2011/11/13,81.79
2011/11/14,81.79
2011/11/15,81.79
2011/11/16,81.79
2011/11/17,81.79
2011/11/18,81.79
2011/11/19,81.79
2011/11/20,81.79
2011/11/21,81.79
2011/11/22,81.79
2011/11/23,81.79
2011/11/24,81.79
2011/11/25,81.79
2011/11/26,81.79
2011/11/27,81.79
2011/11/28,81.79
2011/11/29,81.79
2011/11/30,81.79
2011/12/01,82.1
2011/12/02,82.1
2011/12/03,82.1
2011/12/04,82.1
2011/12/05,82.1
2011/12/06,82.1
2011/12/07,82.1
2011/12/08,82.1
2011/12/09,82.1
2011/12/10,82.1
2011/12/11,82.1
2011/12/12,82.1
2011/12/13,82.1
2011/12/14,82.1
2011/12/15,82.1
2011/12/16,82.1
2011/12/17,82.1
2011/12/18,82.1
2011/12/19,82.1
2011/12/20,82.1
2011/12/21,82.1
2011/12/22,82.1
2011/12/23,82.1
2011/12/24,82.1
2011/12/25,82.1
2011/12/26,82.1
2011/12/27,82.1
2011/12/28,82.1
2011/12/29,82.1
2011/12/30,82.1
2011/12/31,82.1
2012/01/01,81.82
2012/01/02,81.82
2012/01/03,81.82
2012/01/04,81.82
2012/01/05,81.82
2012/01/06,81.82
2012/01/07,81.82
2012/01/08,81.82
2012/01/09,81.82
2012/01/10,81.82
2012/01/11,81.82
2012/01/12,81.82
2012/01/13,81.82
2012/01/14,81.82
2012/01/15,81.82
2012/01/16,81.82
2012/01/17,81.82
2012/01/18,81.82
2012/01/19,81.82
2012/01/20,81.82
2012/01/21,81.82
2012/01/22,81.82
2012/01/23,81.82
2012/01/24,81.82
2012/01/25,81.82
2012/01/26,81.82
2012/01/27,81.82
2012/01/28,81.82
2012/01/29,81.82
2012/01/30,81.82
2012/01/31,81.82
2012/02/01,80.5
2012/02/02,80.5
2012/02/03,80.5
2012/02/04,80.5
2012/02/05,80.5
2012/02/06,80.5
2012/02/07,80.5
2012/02/08,80.5
2012/02/09,80.5
2012/02/10,80.5
2012/02/11,80.5
2012/02/12,80.5
2012/02/13,80.5
2012/02/14,80.5
2012/02/15,80.5
2012/02/16,80.5
2012/02/17,80.5
2012/02/18,80.5
2012/02/19,80.5
2012/02/20,80.5
2012/02/21,80.5
2012/02/22,80.5
2012/02/23,80.5
2012/02/24,80.5
2012/02/25,80.5
2012/02/26,80.5
2012/02/27,80.5
2012/02/28,80.5
2012/02/29,80.5
2012/03/01,81.22
2012/03/02,81.22
2012/03/03,81.22
2012/03/04,81.22
2012/03/05,81.22
2012/03/06,81.22
2012/03/07,81.22
2012/03/08,81.22
2012/03/09,81.22
2012/03/10,81.22
2012/03/11,81.22
2012/03/12,81.22
2012/03/13,81.22
2012/03/14,81.22
2012/03/15,81.22
2012/03/16,81.22
2012/03/17,81.22
2012/03/18,81.22
2012/03/19,81.22
2012/03/20,81.22
2012/03/21,81.22
2012/03/22,81.22
2012/03/23,81.22
2012/03/24,81.22
2012/03/25,81.22
2012/03/26,81.22
2012/03/27,81.22
2012/03/28,81.22
2012/03/29,81.22
2012/03/30,81.22
2012/03/31,81.22
2012/04/01,81.56
2012/04/02,81.56
2012/04/03,81.56
2012/04/04,81.56
2012/04/05,81.56
2012/04/06,81.56
2012/04/07,81.56
2012/04/08,81.56
2012/04/09,81.56
2012/04/10,81.56
2012/04/11,81.56
2012/04/12,81.56
2012/04/13,81.56
2012/04/14,81.56
2012/04/15,81.56
2012/04/16,81.56
2012/04/17,81.56
2012/04/18,81.56
2012/04/19,81.56
2012/04/20,81.56
2012/04/21,81.56
2012/04/22,81.56
2012/04/23,81.56
2012/04/24,81.56
2012/04/25,81.56
2012/04/26,81.56
2012/04/27,81.56
2012/04/28,81.56
2012/04/29,81.56
2012/04/30,81.56
2012/05/01,83.02
2012/05/02,83.02
2012/05/03,83.02
2012/05/04,83.02
2012/05/05,83.02
2012/05/06,83.02
2012/05/07,83.02
2012/05/08,83.02
2012/05/09,83.02
2012/05/10,83.02
2012/05/11,83.02
2012/05/12,83.02
2012/05/13,83.02
2012/05/14,83.02
2012/05/15,83.02
2012/05/16,83.02
2012/05/17,83.02
2012/05/18,83.02
2012/05/19,83.02
2012/05/20,83.02
2012/05/21,83.02
2012/05/22,83.02
2012/05/23,83.02
2012/05/24,83.02
2012/05/25,83.02
2012/05/26,83.02
2012/05/27,83.02
2012/05/28,83.02
2012/05/29,83.02
2012/05/30,83.02
2012/05/31,83.02
2012/06/01,84.19
2012/06/02,84.19
2012/06/03,84.19
2012/06/04,84.19
2012/06/05,84.19
2012/06/06,84.19
2012/06/07,84.19
2012/06/08,84.19
2012/06/09,84.19
2012/06/10,84.19
2012/06/11,84.19
2012/06/12,84.19
2012/06/13,84.19
2012/06/14,84.19
2012/06/15,84.19
2012/06/16,84.19
2012/06/17,84.19
2012/06/18,84.19
2012/06/19,84.19
2012/06/20,84.19
2012/06/21,84.19
2012/06/22,84.19
2012/06/23,84.19
2012/06/24,84.19
2012/06/25,84.19
2012/06/26,84.19
2012/06/27,84.19
2012/06/28,84.19
2012/06/29,84.19
2012/06/30,84.19
2012/07/01,83.64
2012/07/02,83.64
2012/07/03,83.64
2012/07/04,83.64
2012/07/05,83.64
2012/07/06,83.64
2012/07/07,83.64
2012/07/08,83.64
2012/07/09,83.64
2012/07/10,83.64
2012/07/11,83.64
2012/07/12,83.64
2012/07/13,83.64
2012/07/14,83.64
2012/07/15,83.64
2012/07/16,83.64
2012/07/17,83.64
2012/07/18,83.64
2012/07/19,83.64
2012/07/20,83.64
2012/07/21,83.64
2012/07/22,83.64
2012/07/23,83.64
2012/07/24,83.64
2012/07/25,83.64
2012/07/26,83.64
2012/07/27,83.64
2012/07/28,83.64
2012/07/29,83.64
2012/07/30,83.64
2012/07/31,83.64
2012/08/01,83.06
2012/08/02,83.06
2012/08/03,83.06
2012/08/04,83.06
2012/08/05,83.06
2012/08/06,83.06
2012/08/07,83.06
2012/08/08,83.06
2012/08/09,83.06
2012/08/10,83.06
2012/08/11,83.06
2012/08/12,83.06
2012/08/13,83.06
2012/08/14,83.06
2012/08/15,83.06
2012/08/16,83.06
2012/08/17,83.06
2012/08/18,83.06
2012/08/19,83.06
2012/08/20,83.06
2012/08/21,83.06
2012/08/22,83.06
2012/08/23,83.06
2012/08/24,83.06
2012/08/25,83.06
2012/08/26,83.06
2012/08/27,83.06
2012/08/28,83.06
2012/08/29,83.06
2012/08/30,83.06
2012/08/31,83.06
2012/09/01,81.8
2012/09/02,81.8
2012/09/03,81.8
2012/09/04,81.8
2012/09/05,81.8
2012/09/06,81.8
2012/09/07,81.8
2012/09/08,81.8
2012/09/09,81.8
2012/09/10,81.8
2012/09/11,81.8
2012/09/12,81.8
2012/09/13,81.8
2012/09/14,81.8
2012/09/15,81.8
2012/09/16,81.8
2012/09/17,81.8
2012/09/18,81.8
2012/09/19,81.8
2012/09/20,81.8
2012/09/21,81.8
2012/09/22,81.8
2012/09/23,81.8
2012/09/24,81.8
2012/09/25,81.8
2012/09/26,81.8
2012/09/27,81.8
2012/09/28,81.8
2012/09/29,81.8
2012/09/30,81.8
2012/10/01,81.32
2012/10/02,81.32
2012/10/03,81.32
2012/10/04,81.32
2012/10/05,81.32
2012/10/06,81.32
2012/10/07,81.32
2012/10/08,81.32
2012/10/09,81.32
2012/10/10,81.32
2012/10/11,81.32
2012/10/12,81.32
2012/10/13,81.32
2012/10/14,81.32
2012/10/15,81.32
2012/10/16,81.32
2012/10/17,81.32
2012/10/18,81.32
2012/10/19,81.32
2012/10/20,81.32
2012/10/21,81.32
2012/10/22,81.32
2012/10/23,81.32
2012/10/24,81.32
2012/10/25,81.32
2012/10/26,81.32
2012/10/27,81.32
2012/10/28,81.32
2012/10/29,81.32
2012/10/30,81.32
2012/10/31,81.32
2012/11/01,81.48
2012/11/02,81.48
2012/11/03,81.48
2012/11/04,81.48
2012/11/05,81.48
2012/11/06,81.48
2012/11/07,81.48
2012/11/08,81.48
2012/11/09,81.48
2012/11/10,81.48
2012/11/11,81.48
2012/11/12,81.48
2012/11/13,81.48
2012/11/14,81.48
2012/11/15,81.48
2012/11/16,81.48
2012/11/17,81.48
2012/11/18,81.48
2012/11/19,81.48
2012/11/20,81.48
2012/11/21,81.48
2012/11/22,81.48
2012/11/23,81.48
2012/11/24,81.48
2012/11/25,81.48
2012/11/26,81.48
2012/11/27,81.48
2012/11/28,81.48
2012/11/29,81.48
2012/11/30,81.48
2012/12/01,80.5
2012/12/02,80.5
2012/12/03,80.5
2012/12/04,80.5
2012/12/05,80.5
2012/12/06,80.5
2012/12/07,80.5
2012/12/08,80.5
2012/12/09,80.5
2012/12/10,80.5
2012/12/11,80.5
2012/12/12,80.5
2012/12/13,80.5
2012/12/14,80.5
2012/12/15,80.5
2012/12/16,80.5
2012/12/17,80.5
2012/12/18,80.5
2012/12/19,80.5
2012/12/20,80.5
2012/12/21,80.5
2012/12/22,80.5
2012/12/23,80.5
2012/12/24,80.5
2012/12/25,80.5
2012/12/26,80.5
2012/12/27,80.5
2012/12/28,80.5
2012/12/29,80.5
2012/12/30,80.5
2012/12/31,80.5
2013/01/01,80.7
2013/01/02,80.7
2013/01/03,80.7
2013/01/04,80.7
2013/01/05,80.7
2013/01/06,80.7
2013/01/07,80.7
2013/01/08,80.7
2013/01/09,80.7
2013/01/10,80.7
2013/01/11,80.7
2013/01/12,80.7
2013/01/13,80.7
2013/01/14,80.7
2013/01/15,80.7
2013/01/16,80.7
2013/01/17,80.7
2013/01/18,80.7
2013/01/19,80.7
2013/01/20,80.7
2013/01/21,80.7
2013/01/22,80.7
2013/01/23,80.7
2013/01/24,80.7
2013/01/25,80.7
2013/01/26,80.7
2013/01/27,80.7
2013/01/28,80.7
2013/01/29,80.7
2013/01/30,80.7
2013/01/31,80.7
2013/02/01,81.38
2013/02/02,81.38
2013/02/03,81.38
2013/02/04,81.38
2013/02/05,81.38
2013/02/06,81.38
2013/02/07,81.38
2013/02/08,81.38
2013/02/09,81.38
2013/02/10,81.38
2013/02/11,81.38
2013/02/12,81.38
2013/02/13,81.38
2013/02/14,81.38
2013/02/15,81.38
2013/02/16,81.38
2013/02/17,81.38
2013/02/18,81.38
2013/02/19,81.38
2013/02/20,81.38
2013/02/21,81.38
2013/02/22,81.38
2013/02/23,81.38
2013/02/24,81.38
2013/02/25,81.38
2013/02/26,81.38
2013/02/27,81.38
2013/02/28,81.38
2013/03/01,82.27
2013/03/02,82.27
2013/03/03,82.27
2013/03/04,82.27
2013/03/05,82.27
2013/03/06,82.27
2013/03/07,82.27
2013/03/08,82.27
2013/03/09,82.27
2013/03/10,82.27
2013/03/11,82.27
2013/03/12,82.27
2013/03/13,82.27
2013/03/14,82.27
2013/03/15,82.27
2013/03/16,82.27
2013/03/17,82.27
2013/03/18,82.27
2013/03/19,82.27
2013/03/20,82.27
2013/03/21,82.27
2013/03/22,82.27
2013/03/23,82.27
2013/03/24,82.27
2013/03/25,82.27
2013/03/26,82.27
2013/03/27,82.27
2013/03/28,82.27
2013/03/29,82.27
2013/03/30,82.27
2013/03/31,82.27
2013/04/01,81.79
2013/04/02,81.79
2013/04/03,81.79
2013/04/04,81.79
2013/04/05,81.79
2013/04/06,81.79
2013/04/07,81.79
2013/04/08,81.79
2013/04/09,81.79
2013/04/10,81.79
2013/04/11,81.79
2013/04/12,81.79
2013/04/13,81.79
2013/04/14,81.79
2013/04/15,81.79
2013/04/16,81.79
2013/04/17,81.79
2013/04/18,81.79
2013/04/19,81.79
2013/04/20,81.79
2013/04/21,81.79
2013/04/22,81.79
2013/04/23,81.79
2013/04/24,81.79
2013/04/25,81.79
2013/04/26,81.79
2013/04/27,81.79
2013/04/28,81.79
2013/04/29,81.79
2013/04/30,81.79
2013/05/01,82.38
2013/05/02,82.38
2013/05/03,82.38
2013/05/04,82.38
2013/05/05,82.38
2013/05/06,82.38
2013/05/07,82.38
2013/05/08,82.38
2013/05/09,82.38
2013/05/10,82.38
2013/05/11,82.38
2013/05/12,82.38
2013/05/13,82.38
2013/05/14,82.38
2013/05/15,82.38
2013/05/16,82.38
2013/05/17,82.38
2013/05/18,82.38
2013/05/19,82.38
2013/05/20,82.38
2013/05/21,82.38
2013/05/22,82.38
2013/05/23,82.38
2013/05/24,82.38
2013/05/25,82.38
2013/05/26,82.38
2013/05/27,82.38
2013/05/28,82.38
2013/05/29,82.38
2013/05/30,82.38
2013/05/31,82.38
2013/06/01,83.07
2013/06/02,83.07
2013/06/03,83.07
2013/06/04,83.07
2013/06/05,83.07
2013/06/06,83.07
2013/06/07,83.07
2013/06/08,83.07
2013/06/09,83.07
2013/06/10,83.07
2013/06/11,83.07
2013/06/12,83.07
2013/06/13,83.07
2013/06/14,83.07
2013/06/15,83.07
2013/06/16,83.07
2013/06/17,83.07
2013/06/18,83.07
2013/06/19,83.07
2013/06/20,83.07
2013/06/21,83.07
2013/06/22,83.07
2013/06/23,83.07
2013/06/24,83.07
2013/06/25,83.07
2013/06/26,83.07
2013/06/27,83.07
2013/06/28,83.07
2013/06/29,83.07
2013/06/30,83.07
2013/07/01,83.52
2013/07/02,83.52
2013/07/03,83.52
2013/07/04,83.52
2013/07/05,83.52
2013/07/06,83.52
2013/07/07,83.52
2013/07/08,83.52
2013/07/09,83.52
2013/07/10,83.52
2013/07/11,83.52
2013/07/12,83.52
2013/07/13,83.52
2013/07/14,83.52
2013/07/15,83.52
2013/07/16,83.52
2013/07/17,83.52
2013/07/18,83.52
2013/07/19,83.52
2013/07/20,83.52
2013/07/21,83.52
2013/07/22,83.52
2013/07/23,83.52
2013/07/24,83.52
2013/07/25,83.52
2013/07/26,83.52
2013/07/27,83.52
2013/07/28,83.52
2013/07/29,83.52
2013/07/30,83.52
2013/07/31,83.52
2013/08/01,83.26
2013/08/02,83.26
2013/08/03,83.26
2013/08/04,83.26
2013/08/05,83.26
2013/08/06,83.26
2013/08/07,83.26
2013/08/08,83.26
2013/08/09,83.26
2013/08/10,83.26
2013/08/11,83.26
2013/08/12,83.26
2013/08/13,83.26
2013/08/14,83.26
2013/08/15,83.26
2013/08/16,83.26
2013/08/17,83.26
2013/08/18,83.26
2013/08/19,83.26
2013/08/20,83.26
2013/08/21,83.26
2013/08/22,83.26
2013/08/23,83.26
2013/08/24,83.26
2013/08/25,83.26
2013/08/26,83.26
2013/08/27,83.26
2013/08/28,83.26
2013/08/29,83.26
2013/08/30,83.26
2013/08/31,83.26
2013/09/01,82.86
2013/09/02,82.86
2013/09/03,82.86
2013/09/04,82.86
2013/09/05,82.86
2013/09/06,82.86
2013/09/07,82.86
2013/09/08,82.86
2013/09/09,82.86
2013/09/10,82.86
2013/09/11,82.86
2013/09/12,82.86
2013/09/13,82.86
2013/09/14,82.86
2013/09/15,82.86
2013/09/16,82.86
2013/09/17,82.86
2013/09/18,82.86
2013/09/19,82.86
2013/09/20,82.86
2013/09/21,82.86
2013/09/22,82.86
2013/09/23,82.86
2013/09/24,82.86
2013/09/25,82.86
2013/09/26,82.86
2013/09/27,82.86
2013/09/28,82.86
2013/09/29,82.86
2013/09/30,82.86
2013/10/01,81.7
2013/10/02,81.7
2013/10/03,81.7
2013/10/04,81.7
2013/10/05,81.7
2013/10/06,81.7
2013/10/07,81.7
2013/10/08,81.7
2013/10/09,81.7
2013/10/10,81.7
2013/10/11,81.7
2013/10/12,81.7
2013/10/13,81.7
2013/10/14,81.7
2013/10/15,81.7
2013/10/16,81.7
2013/10/17,81.7
2013/10/18,81.7
2013/10/19,81.7
2013/10/20,81.7
2013/10/21,81.7
2013/10/22,81.7
2013/10/23,81.7
2013/10/24,81.7
2013/10/25,81.7
2013/10/26,81.7
2013/10/27,81.7
2013/10/28,81.7
2013/10/29,81.7
2013/10/30,81.7
2013/10/31,81.7
2013/11/01,82.11
2013/11/02,82.11
2013/11/03,82.11
2013/11/04,82.11
2013/11/05,82.11
2013/11/06,82.11
2013/11/07,82.11
2013/11/08,82.11
2013/11/09,82.11
2013/11/10,82.11
2013/11/11,82.11
2013/11/12,82.11
2013/11/13,82.11
2013/11/14,82.11
2013/11/15,82.11
2013/11/16,82.11
2013/11/17,82.11
2013/11/18,82.11
2013/11/19,82.11
2013/11/20,82.11
2013/11/21,82.11
2013/11/22,82.11
2013/11/23,82.11
2013/11/24,82.11
2013/11/25,82.11
2013/11/26,82.11
2013/11/27,82.11
2013/11/28,82.11
2013/11/29,82.11
2013/11/30,82.11
2013/12/01,82.06
2013/12/02,82.06
2013/12/03,82.06
2013/12/04,82.06
2013/12/05,82.06
2013/12/06,82.06
2013/12/07,82.06
2013/12/08,82.06
2013/12/09,82.06
2013/12/10,82.06
2013/12/11,82.06
2013/12/12,82.06
2013/12/13,82.06
2013/12/14,82.06
2013/12/15,82.06
2013/12/16,82.06
2013/12/17,82.06
2013/12/18,82.06
2013/12/19,82.06
2013/12/20,82.06
2013/12/21,82.06
2013/12/22,82.06
2013/12/23,82.06
2013/12/24,82.06
2013/12/25,82.06
2013/12/26,82.06
2013/12/27,82.06
2013/12/28,82.06
2013/12/29,82.06
2013/12/30,82.06
2013/12/31,82.06
2014/01/01,82.96
2014/01/02,82.96
2014/01/03,82.96
2014/01/04,82.96
2014/01/05,82.96
2014/01/06,82.96
2014/01/07,82.96
2014/01/08,82.96
2014/01/09,82.96
2014/01/10,82.96
2014/01/11,82.96
2014/01/12,82.96
2014/01/13,82.96
2014/01/14,82.96
2014/01/15,82.96
2014/01/16,82.96
2014/01/17,82.96
2014/01/18,82.96
2014/01/19,82.96
2014/01/20,82.96
2014/01/21,82.96
2014/01/22,82.96
2014/01/23,82.96
2014/01/24,82.96
2014/01/25,82.96
2014/01/26,82.96
2014/01/27,82.96
2014/01/28,82.96
2014/01/29,82.96
2014/01/30,82.96
2014/01/31,82.96
2014/02/01,83.04
2014/02/02,83.04
2014/02/03,83.04
2014/02/04,83.04
2014/02/05,83.04
2014/02/06,83.04
2014/02/07,83.04
2014/02/08,83.04
2014/02/09,83.04
2014/02/10,83.04
2014/02/11,83.04
2014/02/12,83.04
2014/02/13,83.04
2014/02/14,83.04
2014/02/15,83.04
2014/02/16,83.04
2014/02/17,83.04
2014/02/18,83.04
2014/02/19,83.04
2014/02/20,83.04
2014/02/21,83.04
2014/02/22,83.04
2014/02/23,83.04
2014/02/24,83.04
2014/02/25,83.04
2014/02/26,83.04
2014/02/27,83.04
2014/02/28,83.04
2014/03/01,83.33
2014/03/02,83.33
2014/03/03,83.33
2014/03/04,83.33
2014/03/05,83.33
2014/03/06,83.33
2014/03/07,83.33
2014/03/08,83.33
2014/03/09,83.33
2014/03/10,83.33
2014/03/11,83.33
2014/03/12,83.33
2014/03/13,83.33
2014/03/14,83.33
2014/03/15,83.33
2014/03/16,83.33
2014/03/17,83.33
2014/03/18,83.33
2014/03/19,83.33
2014/03/20,83.33
2014/03/21,83.33
2014/03/22,83.33
2014/03/23,83.33
2014/03/24,83.33
2014/03/25,83.33
2014/03/26,83.33
2014/03/27,83.33
2014/03/28,83.33
2014/03/29,83.33
2014/03/30,83.33
2014/03/31,83.33
2014/04/01,83.17
2014/04/02,83.17
2014/04/03,83.17
2014/04/04,83.17
2014/04/05,83.17
2014/04/06,83.17
2014/04/07,83.17
2014/04/08,83.17
2014/04/09,83.17
2014/04/10,83.17
2014/04/11,83.17
2014/04/12,83.17
2014/04/13,83.17
2014/04/14,83.17
2014/04/15,83.17
2014/04/16,83.17
2014/04/17,83.17
2014/04/18,83.17
2014/04/19,83.17
2014/04/20,83.17
2014/04/21,83.17
2014/04/22,83.17
2014/04/23,83.17
2014/04/24,83.17
2014/04/25,83.17
2014/04/26,83.17
2014/04/27,83.17
2014/04/28,83.17
2014/04/29,83.17
2014/04/30,83.17
2014/05/01,83.1
2014/05/02,83.1
2014/05/03,83.1
2014/05/04,83.1
2014/05/05,83.1
2014/05/06,83.1
2014/05/07,83.1
2014/05/08,83.1
2014/05/09,83.1
2014/05/10,83.1
2014/05/11,83.1
2014/05/12,83.1
2014/05/13,83.1
2014/05/14,83.1
2014/05/15,83.1
2014/05/16,83.1
2014/05/17,83.1
2014/05/18,83.1
2014/05/19,83.1
2014/05/20,83.1
2014/05/21,83.1
2014/05/22,83.1
2014/05/23,83.1
2014/05/24,83.1
2014/05/25,83.1
2014/05/26,83.1
2014/05/27,83.1
2014/05/28,83.1
2014/05/29,83.1
2014/05/30,83.1
2014/05/31,83.1
2014/06/01,83.38
2014/06/02,83.38
2014/06/03,83.38
2014/06/04,83.38
2014/06/05,83.38
2014/06/06,83.38
2014/06/07,83.38
2014/06/08,83.38
2014/06/09,83.38
2014/06/10,83.38
2014/06/11,83.38
2014/06/12,83.38
2014/06/13,83.38
2014/06/14,83.38
2014/06/15,83.38
2014/06/16,83.38
2014/06/17,83.38
2014/06/18,83.38
2014/06/19,83.38
2014/06/20,83.38
2014/06/21,83.38
2014/06/22,83.38
2014/06/23,83.38
2014/06/24,83.38
2014/06/25,83.38
2014/06/26,83.38
2014/06/27,83.38
2014/06/28,83.38
2014/06/29,83.38
2014/06/30,83.38
2014/07/01,83.14
2014/07/02,83.14
2014/07/03,83.14
2014/07/04,83.14
2014/07/05,83.14
2014/07/06,83.14
2014/07/07,83.14
2014/07/08,83.14
2014/07/09,83.14
2014/07/10,83.14
2014/07/11,83.14
2014/07/12,83.14
2014/07/13,83.14
2014/07/14,83.14
2014/07/15,83.14
2014/07/16,83.14
2014/07/17,83.14
2014/07/18,83.14
2014/07/19,83.14
2014/07/20,83.14
2014/07/21,83.14
2014/07/22,83.14
2014/07/23,83.14
2014/07/24,83.14
2014/07/25,83.14
2014/07/26,83.14
2014/07/27,83.14
2014/07/28,83.14
2014/07/29,83.14
2014/07/30,83.14
2014/07/31,83.14
2014/08/01,83.61
2014/08/02,83.61
2014/08/03,83.61
2014/08/04,83.61
2014/08/05,83.61
2014/08/06,83.61
2014/08/07,83.61
2014/08/08,83.61
2014/08/09,83.61
2014/08/10,83.61
2014/08/11,83.61
2014/08/12,83.61
2014/08/13,83.61
2014/08/14,83.61
2014/08/15,83.61
2014/08/16,83.61
2014/08/17,83.61
2014/08/18,83.61
2014/08/19,83.61
2014/08/20,83.61
2014/08/21,83.61
2014/08/22,83.61
2014/08/23,83.61
2014/08/24,83.61
2014/08/25,83.61
2014/08/26,83.61
2014/08/27,83.61
2014/08/28,83.61
2014/08/29,83.61
2014/08/30,83.61
2014/08/31,83.61
2014/09/01,84.63
2014/09/02,84.63
2014/09/03,84.63
2014/09/04,84.63
2014/09/05,84.63
2014/09/06,84.63
2014/09/07,84.63
2014/09/08,84.63
2014/09/09,84.63
2014/09/10,84.63
2014/09/11,84.63
2014/09/12,84.63
2014/09/13,84.63
2014/09/14,84.63
2014/09/15,84.63
2014/09/16,84.63
2014/09/17,84.63
2014/09/18,84.63
2014/09/19,84.63
2014/09/20,84.63
2014/09/21,84.63
2014/09/22,84.63
2014/09/23,84.63
2014/09/24,84.63
2014/09/25,84.63
2014/09/26,84.63
2014/09/27,84.63
2014/09/28,84.63
2014/09/29,84.63
2014/09/30,84.63
2014/10/01,85.4
2014/10/02,85.4
2014/10/03,85.4
2014/10/04,85.4
2014/10/05,85.4
2014/10/06,85.4
2014/10/07,85.4
2014/10/08,85.4
2014/10/09,85.4
2014/10/10,85.4
2014/10/11,85.4
2014/10/12,85.4
2014/10/13,85.4
2014/10/14,85.4
2014/10/15,85.4
2014/10/16,85.4
2014/10/17,85.4
2014/10/18,85.4
2014/10/19,85.4
2014/10/20,85.4
2014/10/21,85.4
2014/10/22,85.4
2014/10/23,85.4
2014/10/24,85.4
2014/10/25,85.4
2014/10/26,85.4
2014/10/27,85.4
2014/10/28,85.4
2014/10/29,85.4
2014/10/30,85.4
2014/10/31,85.4
2014/11/01,86.34
2014/11/02,86.34
2014/11/03,86.34
2014/11/04,86.34
2014/11/05,86.34
2014/11/06,86.34
2014/11/07,86.34
2014/11/08,86.34
2014/11/09,86.34
2014/11/10,86.34
2014/11/11,86.34
2014/11/12,86.34
2014/11/13,86.34
2014/11/14,86.34
2014/11/15,86.34
2014/11/16,86.34
2014/11/17,86.34
2014/11/18,86.34
2014/11/19,86.34
2014/11/20,86.34
2014/11/21,86.34
2014/11/22,86.34
2014/11/23,86.34
2014/11/24,86.34
2014/11/25,86.34
2014/11/26,86.34
2014/11/27,86.34
2014/11/28,86.34
2014/11/29,86.34
2014/11/30,86.34
2014/12/01,87.77
2014/12/02,87.77
2014/12/03,87.77
2014/12/04,87.77
2014/12/05,87.77
2014/12/06,87.77
2014/12/07,87.77
2014/12/08,87.77
2014/12/09,87.77
2014/12/10,87.77
2014/12/11,87.77
2014/12/12,87.77
2014/12/13,87.77
2014/12/14,87.77
2014/12/15,87.77
2014/12/16,87.77
2014/12/17,87.77
2014/12/18,87.77
2014/12/19,87.77
2014/12/20,87.77
2014/12/21,87.77
2014/12/22,87.77
2014/12/23,87.77
2014/12/24,87.77
2014/12/25,87.77
2014/12/26,87.77
2014/12/27,87.77
2014/12/28,87.77
2014/12/29,87.77
2014/12/30,87.77
2014/12/31,87.77
2015/01/01,89.45
2015/01/02,89.45
2015/01/03,89.45
2015/01/04,89.45
2015/01/05,89.45
2015/01/06,89.45
2015/01/07,89.45
2015/01/08,89.45
2015/01/09,89.45
2015/01/10,89.45
2015/01/11,89.45
2015/01/12,89.45
2015/01/13,89.45
2015/01/14,89.45
2015/01/15,89.45
2015/01/16,89.45
2015/01/17,89.45
2015/01/18,89.45
2015/01/19,89.45
2015/01/20,89.45
2015/01/21,89.45
2015/01/22,89.45
2015/01/23,89.45
2015/01/24,89.45
2015/01/25,89.45
2015/01/26,89.45
2015/01/27,89.45
2015/01/28,89.45
2015/01/29,89.45
2015/01/30,89.45
2015/01/31,89.45
2015/02/01,90.55
2015/02/02,90.55
2015/02/03,90.55
2015/02/04,90.55
2015/02/05,90.55
2015/02/06,90.55
2015/02/07,90.55
2015/02/08,90.55
2015/02/09,90.55
2015/02/10,90.55
2015/02/11,90.55
2015/02/12,90.55
2015/02/13,90.55
2015/02/14,90.55
2015/02/15,90.55
2015/02/16,90.55
2015/02/17,90.55
2015/02/18,90.55
2015/02/19,90.55
2015/02/20,90.55
2015/02/21,90.55
2015/02/22,90.55
2015/02/23,90.55
2015/02/24,90.55
2015/02/25,90.55
2015/02/26,90.55
2015/02/27,90.55
2015/02/28,90.55
2015/03/01,92.44
2015/03/02,92.44
2015/03/03,92.44
2015/03/04,92.44
2015/03/05,92.44
2015/03/06,92.44
2015/03/07,92.44
2015/03/08,92.44
2015/03/09,92.44
2015/03/10,92.44
2015/03/11,92.44
2015/03/12,92.44
2015/03/13,92.44
2015/03/14,92.44
2015/03/15,92.44
2015/03/16,92.44
2015/03/17,92.44
2015/03/18,92.44
2015/03/19,92.44
2015/03/20,92.44
2015/03/21,92.44
2015/03/22,92.44
2015/03/23,92.44
2015/03/24,92.44
2015/03/25,92.44
2015/03/26,92.44
2015/03/27,92.44
2015/03/28,92.44
2015/03/29,92.44
2015/03/30,92.44
2015/03/31,92.44
2015/04/01,91.93
2015/04/02,91.93
2015/04/03,91.93
2015/04/04,91.93
2015/04/05,91.93
2015/04/06,91.93
2015/04/07,91.93
2015/04/08,91.93
2015/04/09,91.93
2015/04/10,91.93
2015/04/11,91.93
2015/04/12,91.93
2015/04/13,91.93
2015/04/14,91.93
2015/04/15,91.93
2015/04/16,91.93
2015/04/17,91.93
2015/04/18,91.93
2015/04/19,91.93
2015/04/20,91.93
2015/04/21,91.93
2015/04/22,91.93
2015/04/23,91.93
2015/04/24,91.93
2015/04/25,91.93
2015/04/26,91.93
2015/04/27,91.93
2015/04/28,91.93
2015/04/29,91.93
2015/04/30,91.93
2015/05/01,91.52
2015/05/02,91.52
2015/05/03,91.52
2015/05/04,91.52
2015/05/05,91.52
2015/05/06,91.52
2015/05/07,91.52
2015/05/08,91.52
2015/05/09,91.52
2015/05/10,91.52
2015/05/11,91.52
2015/05/12,91.52
2015/05/13,91.52
2015/05/14,91.52
2015/05/15,91.52
2015/05/16,91.52
2015/05/17,91.52
2015/05/18,91.52
2015/05/19,91.52
2015/05/20,91.52
2015/05/21,91.52
2015/05/22,91.52
2015/05/23,91.52
2015/05/24,91.52
2015/05/25,91.52
2015/05/26,91.52
2015/05/27,91.52
2015/05/28,91.52
2015/05/29,91.52
2015/05/30,91.52
2015/05/31,91.52
2015/06/01,92.4
2015/06/02,92.4
2015/06/03,92.4
2015/06/04,92.4
2015/06/05,92.4
2015/06/06,92.4
2015/06/07,92.4
2015/06/08,92.4
2015/06/09,92.4
2015/06/10,92.4
2015/06/11,92.4
2015/06/12,92.4
2015/06/13,92.4
2015/06/14,92.4
2015/06/15,92.4
2015/06/16,92.4
2015/06/17,92.4
2015/06/18,92.4
2015/06/19,92.4
2015/06/20,92.4
2015/06/21,92.4
2015/06/22,92.4
2015/06/23,92.4
2015/06/24,92.4
2015/06/25,92.4
2015/06/26,92.4
2015/06/27,92.4
2015/06/28,92.4
2015/06/29,92.4
2015/06/30,92.4
2015/07/01,93.87
2015/07/02,93.87
2015/07/03,93.87
2015/07/04,93.87
2015/07/05,93.87
2015/07/06,93.87
2015/07/07,93.87
2015/07/08,93.87
2015/07/09,93.87
2015/07/10,93.87
2015/07/11,93.87
2015/07/12,93.87
2015/07/13,93.87
2015/07/14,93.87
2015/07/15,93.87
2015/07/16,93.87
2015/07/17,93.87
2015/07/18,93.87
2015/07/19,93.87
2015/07/20,93.87
2015/07/21,93.87
2015/07/22,93.87
2015/07/23,93.87
2015/07/24,93.87
2015/07/25,93.87
2015/07/26,93.87
2015/07/27,93.87
2015/07/28,93.87
2015/07/29,93.87
2015/07/30,93.87
2015/07/31,93.87
2015/08/01,95.19
2015/08/02,95.19
2015/08/03,95.19
2015/08/04,95.19
2015/08/05,95.19
2015/08/06,95.19
2015/08/07,95.19
2015/08/08,95.19
2015/08/09,95.19
2015/08/10,95.19
2015/08/11,95.19
2015/08/12,95.19
2015/08/13,95.19
2015/08/14,95.19
2015/08/15,95.19
2015/08/16,95.19
2015/08/17,95.19
2015/08/18,95.19
2015/08/19,95.19
2015/08/20,95.19
2015/08/21,95.19
2015/08/22,95.19
2015/08/23,95.19
2015/08/24,95.19
2015/08/25,95.19
2015/08/26,95.19
2015/08/27,95.19
2015/08/28,95.19
2015/08/29,95.19
2015/08/30,95.19
2015/08/31,95.19
2015/09/01,95.55
2015/09/02,95.55
2015/09/03,95.55
2015/09/04,95.55
2015/09/05,95.55
2015/09/06,95.55
2015/09/07,95.55
2015/09/08,95.55
2015/09/09,95.55
2015/09/10,95.55
2015/09/11,95.55
2015/09/12,95.55
2015/09/13,95.55
2015/09/14,95.55
2015/09/15,95.55
2015/09/16,95.55
2015/09/17,95.55
2015/09/18,95.55
2015/09/19,95.55
2015/09/20,95.55
2015/09/21,95.55
2015/09/22,95.55
2015/09/23,95.55
2015/09/24,95.55
2015/09/25,95.55
2015/09/26,95.55
2015/09/27,95.55
2015/09/28,95.55
2015/09/29,95.55
2015/09/30,95.55
2015/10/01,94.62
2015/10/02,94.62
2015/10/03,94.62
2015/10/04,94.62
2015/10/05,94.62
2015/10/06,94.62
2015/10/07,94.62
2015/10/08,94.62
2015/10/09,94.62
2015/10/10,94.62
2015/10/11,94.62
2015/10/12,94.62
2015/10/13,94.62
2015/10/14,94.62
2015/10/15,94.62
2015/10/16,94.62
2015/10/17,94.62
2015/10/18,94.62
2015/10/19,94.62
2015/10/20,94.62
2015/10/21,94.62
2015/10/22,94.62
2015/10/23,94.62
2015/10/24,94.62
2015/10/25,94.62
2015/10/26,94.62
2015/10/27,94.62
2015/10/28,94.62
2015/10/29,94.62
2015/10/30,94.62
2015/10/31,94.62
2015/11/01,95.95
2015/11/02,95.95
2015/11/03,95.95
2015/11/04,95.95
2015/11/05,95.95
2015/11/06,95.95
2015/11/07,95.95
2015/11/08,95.95
2015/11/09,95.95
2015/11/10,95.95
2015/11/11,95.95
2015/11/12,95.95
2015/11/13,95.95
2015/11/14,95.95
2015/11/15,95.95
2015/11/16,95.95
2015/11/17,95.95
2015/11/18,95.95
2015/11/19,95.95
2015/11/20,95.95
2015/11/21,95.95
2015/11/22,95.95
2015/11/23,95.95
2015/11/24,95.95
2015/11/25,95.95
2015/11/26,95.95
2015/11/27,95.95
2015/11/28,95.95
2015/11/29,95.95
2015/11/30,95.95
2015/12/01,96.42
2015/12/02,96.42
2015/12/03,96.42
2015/12/04,96.42
2015/12/05,96.42
2015/12/06,96.42
2015/12/07,96.42
2015/12/08,96.42
2015/12/09,96.42
2015/12/10,96.42
2015/12/11,96.42
2015/12/12,96.42
2015/12/13,96.42
2015/12/14,96.42
2015/12/15,96.42
2015/12/16,96.42
2015/12/17,96.42
2015/12/18,96.42
2015/12/19,96.42
2015/12/20,96.42
2015/12/21,96.42
2015/12/22,96.42
2015/12/23,96.42
2015/12/24,96.42
2015/12/25,96.42
2015/12/26,96.42
2015/12/27,96.42
2015/12/28,96.42
2015/12/29,96.42
2015/12/30,96.42
2015/12/31,96.42
2016/01/01,98.74
2016/01/02,98.74
2016/01/03,98.74
2016/01/04,98.74
2016/01/05,98.74
2016/01/06,98.74
2016/01/07,98.74
2016/01/08,98.74
2016/01/09,98.74
2016/01/10,98.74
2016/01/11,98.74
2016/01/12,98.74
2016/01/13,98.74
2016/01/14,98.74
2016/01/15,98.74
2016/01/16,98.74
2016/01/17,98.74
2016/01/18,98.74
2016/01/19,98.74
2016/01/20,98.74
2016/01/21,98.74
2016/01/22,98.74
2016/01/23,98.74
2016/01/24,98.74
2016/01/25,98.74
2016/01/26,98.74
2016/01/27,98.74
2016/01/28,98.74
2016/01/29,98.74
2016/01/30,98.74
2016/01/31,98.74
2016/02/01,97.36
2016/02/02,97.36
2016/02/03,97.36
2016/02/04,97.36
2016/02/05,97.36
2016/02/06,97.36
2016/02/07,97.36
2016/02/08,97.36
2016/02/09,97.36
2016/02/10,97.36
2016/02/11,97.36
2016/02/12,97.36
2016/02/13,97.36
2016/02/14,97.36
2016/02/15,97.36
2016/02/16,97.36
2016/02/17,97.36
2016/02/18,97.36
2016/02/19,97.36
2016/02/20,97.36
2016/02/21,97.36
2016/02/22,97.36
2016/02/23,97.36
2016/02/24,97.36
2016/02/25,97.36
2016/02/26,97.36
2016/02/27,97.36
2016/02/28,97.36
2016/02/29,97.36
2016/03/01,95.73
2016/03/02,95.73
2016/03/03,95.73
2016/03/04,95.73
2016/03/05,95.73
2016/03/06,95.73
2016/03/07,95.73
2016/03/08,95.73
2016/03/09,95.73
2016/03/10,95.73
2016/03/11,95.73
2016/03/12,95.73
2016/03/13,95.73
2016/03/14,95.73
2016/03/15,95.73
2016/03/16,95.73
2016/03/17,95.73
2016/03/18,95.73
2016/03/19,95.73
2016/03/20,95.73
2016/03/21,95.73
2016/03/22,95.73
2016/03/23,95.73
2016/03/24,95.73
2016/03/25,95.73
2016/03/26,95.73
2016/03/27,95.73
2016/03/28,95.73
2016/03/29,95.73
2016/03/30,95.73
2016/03/31,95.73
2016/04/01,94.5
2016/04/02,94.5
2016/04/03,94.5
2016/04/04,94.5
2016/04/05,94.5
2016/04/06,94.5
2016/04/07,94.5
2016/04/08,94.5
2016/04/09,94.5
2016/04/10,94.5
2016/04/11,94.5
2016/04/12,94.5
2016/04/13,94.5
2016/04/14,94.5
2016/04/15,94.5
2016/04/16,94.5
2016/04/17,94.5
2016/04/18,94.5
2016/04/19,94.5
2016/04/20,94.5
2016/04/21,94.5
2016/04/22,94.5
2016/04/23,94.5
2016/04/24,94.5
2016/04/25,94.5
2016/04/26,94.5
2016/04/27,94.5
2016/04/28,94.5
2016/04/29,94.5
2016/04/30,94.5
2016/05/01,95.82
2016/05/02,95.82
2016/05/03,95.82
2016/05/04,95.82
2016/05/05,95.82
2016/05/06,95.82
2016/05/07,95.82
2016/05/08,95.82
2016/05/09,95.82
2016/05/10,95.82
2016/05/11,95.82
2016/05/12,95.82
2016/05/13,95.82
2016/05/14,95.82
2016/05/15,95.82
2016/05/16,95.82
2016/05/17,95.82
2016/05/18,95.82
2016/05/19,95.82
2016/05/20,95.82
2016/05/21,95.82
2016/05/22,95.82
2016/05/23,95.82
2016/05/24,95.82
2016/05/25,95.82
2016/05/26,95.82
2016/05/27,95.82
2016/05/28,95.82
2016/05/29,95.82
2016/05/30,95.82
2016/05/31,95.82
2016/06/01,96.44
2016/06/02,96.44
2016/06/03,96.44
2016/06/04,96.44
2016/06/05,96.44
2016/06/06,96.44
2016/06/07,96.44
2016/06/08,96.44
2016/06/09,96.44
2016/06/10,96.44
2016/06/11,96.44
2016/06/12,96.44
2016/06/13,96.44
2016/06/14,96.44
2016/06/15,96.44
2016/06/16,96.44
2016/06/17,96.44
2016/06/18,96.44
2016/06/19,96.44
2016/06/20,96.44
2016/06/21,96.44
2016/06/22,96.44
2016/06/23,96.44
2016/06/24,96.44
2016/06/25,96.44
2016/06/26,96.44
2016/06/27,96.44
2016/06/28,96.44
2016/06/29,96.44
2016/06/30,96.44
2016/07/01,96.85
2016/07/02,96.85
2016/07/03,96.85
2016/07/04,96.85
2016/07/05,96.85
2016/07/06,96.85
2016/07/07,96.85
2016/07/08,96.85
2016/07/09,96.85
2016/07/10,96.85
2016/07/11,96.85
2016/07/12,96.85
2016/07/13,96.85
2016/07/14,96.85
2016/07/15,96.85
2016/07/16,96.85
2016/07/17,96.85
2016/07/18,96.85
2016/07/19,96.85
2016/07/20,96.85
2016/07/21,96.85
2016/07/22,96.85
2016/07/23,96.85
2016/07/24,96.85
2016/07/25,96.85
2016/07/26,96.85
2016/07/27,96.85
2016/07/28,96.85
2016/07/29,96.85
2016/07/30,96.85
2016/07/31,96.85
2016/08/01,95.99
2016/08/02,95.99
2016/08/03,95.99
2016/08/04,95.99
2016/08/05,95.99
2016/08/06,95.99
2016/08/07,95.99
2016/08/08,95.99
2016/08/09,95.99
2016/08/10,95.99
2016/08/11,95.99
2016/08/12,95.99
2016/08/13,95.99
2016/08/14,95.99
2016/08/15,95.99
2016/08/16,95.99
2016/08/17,95.99
2016/08/18,95.99
2016/08/19,95.99
2016/08/20,95.99
2016/08/21,95.99
2016/08/22,95.99
2016/08/23,95.99
2016/08/24,95.99
2016/08/25,95.99
2016/08/26,95.99
2016/08/27,95.99
2016/08/28,95.99
2016/08/29,95.99
2016/08/30,95.99
2016/08/31,95.99
2016/09/01,96.61
2016/09/02,96.61
2016/09/03,96.61
2016/09/04,96.61
2016/09/05,96.61
2016/09/06,96.61
2016/09/07,96.61
2016/09/08,96.61
2016/09/09,96.61
2016/09/10,96.61
2016/09/11,96.61
2016/09/12,96.61
2016/09/13,96.61
2016/09/14,96.61
2016/09/15,96.61
2016/09/16,96.61
2016/09/17,96.61
2016/09/18,96.61
2016/09/19,96.61
2016/09/20,96.61
2016/09/21,96.61
2016/09/22,96.61
2016/09/23,96.61
2016/09/24,96.61
2016/09/25,96.61
2016/09/26,96.61
2016/09/27,96.61
2016/09/28,96.61
2016/09/29,96.61
2016/09/30,96.61
2016/10/01,97.39
2016/10/02,97.39
2016/10/03,97.39
2016/10/04,97.39
2016/10/05,97.39
2016/10/06,97.39
2016/10/07,97.39
2016/10/08,97.39
2016/10/09,97.39
2016/10/10,97.39
2016/10/11,97.39
2016/10/12,97.39
2016/10/13,97.39
2016/10/14,97.39
2016/10/15,97.39
2016/10/16,97.39
2016/10/17,97.39
2016/10/18,97.39
2016/10/19,97.39
2016/10/20,97.39
2016/10/21,97.39
2016/10/22,97.39
2016/10/23,97.39
2016/10/24,97.39
2016/10/25,97.39
2016/10/26,97.39
2016/10/27,97.39
2016/10/28,97.39
2016/10/29,97.39
2016/10/30,97.39
2016/10/31,97.39
2016/11/01,99.66
2016/11/02,99.66
2016/11/03,99.66
2016/11/04,99.66
2016/11/05,99.66
2016/11/06,99.66
2016/11/07,99.66
2016/11/08,99.66
2016/11/09,99.66
2016/11/10,99.66
2016/11/11,99.66
2016/11/12,99.66
2016/11/13,99.66
2016/11/14,99.66
2016/11/15,99.66
2016/11/16,99.66
2016/11/17,99.66
2016/11/18,99.66
2016/11/19,99.66
2016/11/20,99.66
2016/11/21,99.66
2016/11/22,99.66
2016/11/23,99.66
2016/11/24,99.66
2016/11/25,99.66
2016/11/26,99.66
2016/11/27,99.66
2016/11/28,99.66
2016/11/29,99.66
2016/11/30,99.66
2016/12/01,101.16
2016/12/02,101.16
2016/12/03,101.16
2016/12/04,101.16
2016/12/05,101.16
2016/12/06,101.16
2016/12/07,101.16
2016/12/08,101.16
2016/12/09,101.16
2016/12/10,101.16
2016/12/11,101.16
2016/12/12,101.16
2016/12/13,101.16
2016/12/14,101.16
2016/12/15,101.16
2016/12/16,101.16
2016/12/17,101.16
2016/12/18,101.16
2016/12/19,101.16
2016/12/20,101.16
2016/12/21,101.16
2016/12/22,101.16
2016/12/23,101.16
2016/12/24,101.16
2016/12/25,101.16
2016/12/26,101.16
2016/12/27,101.16
2016/12/28,101.16
2016/12/29,101.16
2016/12/30,101.16
2016/12/31,101.16
2017/01/01,101.35
2017/01/02,101.35
2017/01/03,101.35
2017/01/04,101.35
2017/01/05,101.35
2017/01/06,101.35
2017/01/07,101.35
2017/01/08,101.35
2017/01/09,101.35
2017/01/10,101.35
2017/01/11,101.35
2017/01/12,101.35
2017/01/13,101.35
2017/01/14,101.35
2017/01/15,101.35
2017/01/16,101.35
2017/01/17,101.35
2017/01/18,101.35
2017/01/19,101.35
2017/01/20,101.35
2017/01/21,101.35
2017/01/22,101.35
2017/01/23,101.35
2017/01/24,101.35
2017/01/25,101.35
2017/01/26,101.35
2017/01/27,101.35
2017/01/28,101.35
2017/01/29,101.35
2017/01/30,101.35
2017/01/31,101.35
2017/02/01,99.84
2017/02/02,99.84
2017/02/03,99.84
2017/02/04,99.84
2017/02/05,99.84
2017/02/06,99.84
2017/02/07,99.84
2017/02/08,99.84
2017/02/09,99.84
2017/02/10,99.84
2017/02/11,99.84
2017/02/12,99.84
2017/02/13,99.84
2017/02/14,99.84
2017/02/15,99.84
2017/02/16,99.84
2017/02/17,99.84
2017/02/18,99.84
2017/02/19,99.84
2017/02/20,99.84
2017/02/21,99.84
2017/02/22,99.84
2017/02/23,99.84
2017/02/24,99.84
2017/02/25,99.84
2017/02/26,99.84
2017/02/27,99.84
2017/02/28,99.84
2017/03/01,99.29
2017/03/02,99.29
2017/03/03,99.29
2017/03/04,99.29
2017/03/05,99.29
2017/03/06,99.29
2017/03/07,99.29
2017/03/08,99.29
2017/03/09,99.29
2017/03/10,99.29
2017/03/11,99.29
2017/03/12,99.29
2017/03/13,99.29
2017/03/14,99.29
2017/03/15,99.29
2017/03/16,99.29
2017/03/17,99.29
2017/03/18,99.29
2017/03/19,99.29
2017/03/20,99.29
2017/03/21,99.29
2017/03/22,99.29
2017/03/23,99.29
2017/03/24,99.29
2017/03/25,99.29
2017/03/26,99.29
2017/03/27,99.29
2017/03/28,99.29
2017/03/29,99.29
2017/03/30,99.29
2017/03/31,99.29
2017/04/01,98.55
2017/04/02,98.55
2017/04/03,98.55
2017/04/04,98.55
2017/04/05,98.55
2017/04/06,98.55
2017/04/07,98.55
2017/04/08,98.55
2017/04/09,98.55
2017/04/10,98.55
2017/04/11,98.55
2017/04/12,98.55
2017/04/13,98.55
2017/04/14,98.55
2017/04/15,98.55
2017/04/16,98.55
2017/04/17,98.55
2017/04/18,98.55
2017/04/19,98.55
2017/04/20,98.55
2017/04/21,98.55
2017/04/22,98.55
2017/04/23,98.55
2017/04/24,98.55
2017/04/25,98.55
2017/04/26,98.55
2017/04/27,98.55
2017/04/28,98.55
2017/04/29,98.55
2017/04/30,98.55
2017/05/01,98.14
2017/05/02,98.14
2017/05/03,98.14
2017/05/04,98.14
2017/05/05,98.14
2017/05/06,98.14
2017/05/07,98.14
2017/05/08,98.14
2017/05/09,98.14
2017/05/10,98.14
2017/05/11,98.14
2017/05/12,98.14
2017/05/13,98.14
2017/05/14,98.14
2017/05/15,98.14
2017/05/16,98.14
2017/05/17,98.14
2017/05/18,98.14
2017/05/19,98.14
2017/05/20,98.14
2017/05/21,98.14
2017/05/22,98.14
2017/05/23,98.14
2017/05/24,98.14
2017/05/25,98.14
2017/05/26,98.14
2017/05/27,98.14
2017/05/28,98.14
2017/05/29,98.14
2017/05/30,98.14
2017/05/31,98.14
2017/06/01,96.85
2017/06/02,96.85
2017/06/03,96.85
2017/06/04,96.85
2017/06/05,96.85
2017/06/06,96.85
2017/06/07,96.85
2017/06/08,96.85
2017/06/09,96.85
2017/06/10,96.85
2017/06/11,96.85
2017/06/12,96.85
2017/06/13,96.85
2017/06/14,96.85
2017/06/15,96.85
2017/06/16,96.85
2017/06/17,96.85
2017/06/18,96.85
2017/06/19,96.85
2017/06/20,96.85
2017/06/21,96.85
2017/06/22,96.85
2017/06/23,96.85
2017/06/24,96.85
2017/06/25,96.85
2017/06/26,96.85
2017/06/27,96.85
2017/06/28,96.85
2017/06/29,96.85
2017/06/30,96.85
2017/07/01,95.47
2017/07/02,95.47
2017/07/03,95.47
2017/07/04,95.47
2017/07/05,95.47
2017/07/06,95.47
2017/07/07,95.47
2017/07/08,95.47
2017/07/09,95.47
2017/07/10,95.47
2017/07/11,95.47
2017/07/12,95.47
2017/07/13,95.47
2017/07/14,95.47
2017/07/15,95.47
2017/07/16,95.47
2017/07/17,95.47
2017/07/18,95.47
2017/07/19,95.47
2017/07/20,95.47
2017/07/21,95.47
2017/07/22,95.47
2017/07/23,95.47
2017/07/24,95.47
2017/07/25,95.47
2017/07/26,95.47
2017/07/27,95.47
2017/07/28,95.47
2017/07/29,95.47
2017/07/30,95.47
2017/07/31,95.47
2017/08/01,94.27
2017/08/02,94.27
2017/08/03,94.27
2017/08/04,94.27
2017/08/05,94.27
2017/08/06,94.27
2017/08/07,94.27
2017/08/08,94.27
2017/08/09,94.27
2017/08/10,94.27
2017/08/11,94.27
2017/08/12,94.27
2017/08/13,94.27
2017/08/14,94.27
2017/08/15,94.27
2017/08/16,94.27
2017/08/17,94.27
2017/08/18,94.27
2017/08/19,94.27
2017/08/20,94.27
2017/08/21,94.27
2017/08/22,94.27
2017/08/23,94.27
2017/08/24,94.27
2017/08/25,94.27
2017/08/26,94.27
2017/08/27,94.27
2017/08/28,94.27
2017/08/29,94.27
2017/08/30,94.27
2017/08/31,94.27
2017/09/01,93.58
2017/09/02,93.58
2017/09/03,93.58
2017/09/04,93.58
2017/09/05,93.58
2017/09/06,93.58
2017/09/07,93.58
2017/09/08,93.58
2017/09/09,93.58
2017/09/10,93.58
2017/09/11,93.58
2017/09/12,93.58
2017/09/13,93.58
2017/09/14,93.58
2017/09/15,93.58
2017/09/16,93.58
2017/09/17,93.58
2017/09/18,93.58
2017/09/19,93.58
2017/09/20,93.58
2017/09/21,93.58
2017/09/22,93.58
2017/09/23,93.58
2017/09/24,93.58
2017/09/25,93.58
2017/09/26,93.58
2017/09/27,93.58
2017/09/28,93.58
2017/09/29,93.58
2017/09/30,93.58
2017/10/01,95.04
2017/10/02,95.04
2017/10/03,95.04
2017/10/04,95.04
2017/10/05,95.04
2017/10/06,95.04
2017/10/07,95.04
2017/10/08,95.04
2017/10/09,95.04
2017/10/10,95.04
2017/10/11,95.04
2017/10/12,95.04
2017/10/13,95.04
2017/10/14,95.04
2017/10/15,95.04
2017/10/16,95.04
2017/10/17,95.04
2017/10/18,95.04
2017/10/19,95.04
2017/10/20,95.04
2017/10/21,95.04
2017/10/22,95.04
2017/10/23,95.04
2017/10/24,95.04
2017/10/25,95.04
2017/10/26,95.04
2017/10/27,95.04
2017/10/28,95.04
2017/10/29,95.04
2017/10/30,95.04
2017/10/31,95.04
2017/11/01,95.02
2017/11/02,95.02
2017/11/03,95.02
2017/11/04,95.02
2017/11/05,95.02
2017/11/06,95.02
2017/11/07,95.02
2017/11/08,95.02
2017/11/09,95.02
2017/11/10,95.02
2017/11/11,95.02
2017/11/12,95.02
2017/11/13,95.02
2017/11/14,95.02
2017/11/15,95.02
2017/11/16,95.02
2017/11/17,95.02
2017/11/18,95.02
2017/11/19,95.02
2017/11/20,95.02
2017/11/21,95.02
2017/11/22,95.02
2017/11/23,95.02
2017/11/24,95.02
2017/11/25,95.02
2017/11/26,95.02
2017/11/27,95.02
2017/11/28,95.02
2017/11/29,95.02
2017/11/30,95.02
2017/12/01,94.38
2017/12/02,94.38
2017/12/03,94.38
2017/12/04,94.38
2017/12/05,94.38
2017/12/06,94.38
2017/12/07,94.38
2017/12/08,94.38
2017/12/09,94.38
2017/12/10,94.38
2017/12/11,94.38
2017/12/12,94.38
2017/12/13,94.38
2017/12/14,94.38
2017/12/15,94.38
2017/12/16,94.38
2017/12/17,94.38
2017/12/18,94.38
2017/12/19,94.38
2017/12/20,94.38
2017/12/21,94.38
2017/12/22,94.38
2017/12/23,94.38
2017/12/24,94.38
2017/12/25,94.38
2017/12/26,94.38
2017/12/27,94.38
2017/12/28,94.38
2017/12/29,94.38
2017/12/30,94.38
2017/12/31,94.38
2018/01/01,92.7
2018/01/02,92.7
2018/01/03,92.7
2018/01/04,92.7
2018/01/05,92.7
2018/01/06,92.7
2018/01/07,92.7
2018/01/08,92.7
2018/01/09,92.7
2018/01/10,92.7
2018/01/11,92.7
2018/01/12,92.7
2018/01/13,92.7
2018/01/14,92.7
2018/01/15,92.7
2018/01/16,92.7
2018/01/17,92.7
2018/01/18,92.7
2018/01/19,92.7
2018/01/20,92.7
2018/01/21,92.7
2018/01/22,92.7
2018/01/23,92.7
2018/01/24,92.7
2018/01/25,92.7
2018/01/26,92.7
2018/01/27,92.7
2018/01/28,92.7
2018/01/29,92.7
2018/01/30,92.7
2018/01/31,92.7
2018/02/01,91.69
2018/02/02,91.69
2018/02/03,91.69
2018/02/04,91.69
2018/02/05,91.69
2018/02/06,91.69
2018/02/07,91.69
2018/02/08,91.69
2018/02/09,91.69
2018/02/10,91.69
2018/02/11,91.69
2018/02/12,91.69
2018/02/13,91.69
2018/02/14,91.69
2018/02/15,91.69
2018/02/16,91.69
2018/02/17,91.69
2018/02/18,91.69
2018/02/19,91.69
2018/02/20,91.69
2018/02/21,91.69
2018/02/22,91.69
2018/02/23,91.69
2018/02/24,91.69
2018/02/25,91.69
2018/02/26,91.69
2018/02/27,91.69
2018/02/28,91.69
2018/03/01,92.18
2018/03/02,92.18
2018/03/03,92.18
2018/03/04,92.18
2018/03/05,92.18
2018/03/06,92.18
2018/03/07,92.18
2018/03/08,92.18
2018/03/09,92.18
2018/03/10,92.18
2018/03/11,92.18
2018/03/12,92.18
2018/03/13,92.18
2018/03/14,92.18
2018/03/15,92.18
2018/03/16,92.18
2018/03/17,92.18
2018/03/18,92.18
2018/03/19,92.18
2018/03/20,92.18
2018/03/21,92.18
2018/03/22,92.18
2018/03/23,92.18
2018/03/24,92.18
2018/03/25,92.18
2018/03/26,92.18
2018/03/27,92.18
2018/03/28,92.18
2018/03/29,92.18
2018/03/30,92.18
2018/03/31,92.18
2018/04/01,92.43
2018/04/02,92.43
2018/04/03,92.43
2018/04/04,92.43
2018/04/05,92.43
2018/04/06,92.43
2018/04/07,92.43
2018/04/08,92.43
2018/04/09,92.43
2018/04/10,92.43
2018/04/11,92.43
2018/04/12,92.43
2018/04/13,92.43
2018/04/14,92.43
2018/04/15,92.43
2018/04/16,92.43
2018/04/17,92.43
2018/04/18,92.43
2018/04/19,92.43
2018/04/20,92.43
2018/04/21,92.43
2018/04/22,92.43
2018/04/23,92.43
2018/04/24,92.43
2018/04/25,92.43
2018/04/26,92.43
2018/04/27,92.43
2018/04/28,92.43
2018/04/29,92.43
2018/04/30,92.43
2018/05/01,95.3
2018/05/02,95.3
2018/05/03,95.3
2018/05/04,95.3
2018/05/05,95.3
2018/05/06,95.3
2018/05/07,95.3
2018/05/08,95.3
2018/05/09,95.3
2018/05/10,95.3
2018/05/11,95.3
2018/05/12,95.3
2018/05/13,95.3
2018/05/14,95.3
2018/05/15,95.3
2018/05/16,95.3
2018/05/17,95.3
2018/05/18,95.3
2018/05/19,95.3
2018/05/20,95.3
2018/05/21,95.3
2018/05/22,95.3
2018/05/23,95.3
2018/05/24,95.3
2018/05/25,95.3
2018/05/26,95.3
2018/05/27,95.3
2018/05/28,95.3
2018/05/29,95.3
2018/05/30,95.3
2018/05/31,95.3
2018/06/01,96.91
2018/06/02,96.91
2018/06/03,96.91
2018/06/04,96.91
2018/06/05,96.91
2018/06/06,96.91
2018/06/07,96.91
2018/06/08,96.91
2018/06/09,96.91
2018/06/10,96.91
2018/06/11,96.91
2018/06/12,96.91
2018/06/13,96.91
2018/06/14,96.91
2018/06/15,96.91
2018/06/16,96.91
2018/06/17,96.91
2018/06/18,96.91
2018/06/19,96.91
2018/06/20,96.91
2018/06/21,96.91
2018/06/22,96.91
2018/06/23,96.91
2018/06/24,96.91
2018/06/25,96.91
2018/06/26,96.91
2018/06/27,96.91
2018/06/28,96.91
2018/06/29,96.91
2018/06/30,96.91
2018/07/01,97.16
2018/07/02,97.16
2018/07/03,97.16
2018/07/04,97.16
2018/07/05,97.16
2018/07/06,97.16
2018/07/07,97.16
2018/07/08,97.16
2018/07/09,97.16
2018/07/10,97.16
2018/07/11,97.16
2018/07/12,97.16
2018/07/13,97.16
2018/07/14,97.16
2018/07/15,97.16
2018/07/16,97.16
2018/07/17,97.16
2018/07/18,97.16
2018/07/19,97.16
2018/07/20,97.16
2018/07/21,97.16
2018/07/22,97.16
2018/07/23,97.16
2018/07/24,97.16
2018/07/25,97.16
2018/07/26,97.16
2018/07/27,97.16
2018/07/28,97.16
2018/07/29,97.16
2018/07/30,97.16
2018/07/31,97.16
2018/08/01,97.63
2018/08/02,97.63
2018/08/03,97.63
2018/08/04,97.63
2018/08/05,97.63
2018/08/06,97.63
2018/08/07,97.63
2018/08/08,97.63
2018/08/09,97.63
2018/08/10,97.63
2018/08/11,97.63
2018/08/12,97.63
2018/08/13,97.63
2018/08/14,97.63
2018/08/15,97.63
2018/08/16,97.63
2018/08/17,97.63
2018/08/18,97.63
2018/08/19,97.63
2018/08/20,97.63
2018/08/21,97.63
2018/08/22,97.63
2018/08/23,97.63
2018/08/24,97.63
2018/08/25,97.63
2018/08/26,97.63
2018/08/27,97.63
2018/08/28,97.63
2018/08/29,97.63
2018/08/30,97.63
2018/08/31,97.63
2018/09/01,97.62
2018/09/02,97.62
2018/09/03,97.62
2018/09/04,97.62
2018/09/05,97.62
2018/09/06,97.62
2018/09/07,97.62
2018/09/08,97.62
2018/09/09,97.62
2018/09/10,97.62
2018/09/11,97.62
2018/09/12,97.62
2018/09/13,97.62
2018/09/14,97.62
2018/09/15,97.62
2018/09/16,97.62
2018/09/17,97.62
2018/09/18,97.62
2018/09/19,97.62
2018/09/20,97.62
2018/09/21,97.62
2018/09/22,97.62
2018/09/23,97.62
2018/09/24,97.62
2018/09/25,97.62
2018/09/26,97.62
2018/09/27,97.62
2018/09/28,97.62
2018/09/29,97.62
2018/09/30,97.62
2018/10/01,98.16
2018/10/02,98.16
2018/10/03,98.16
2018/10/04,98.16
2018/10/05,98.16
2018/10/06,98.16
2018/10/07,98.16
2018/10/08,98.16
2018/10/09,98.16
2018/10/10,98.16
2018/10/11,98.16
2018/10/12,98.16
2018/10/13,98.16
2018/10/14,98.16
2018/10/15,98.16
2018/10/16,98.16
2018/10/17,98.16
2018/10/18,98.16
2018/10/19,98.16
2018/10/20,98.16
2018/10/21,98.16
2018/10/22,98.16
2018/10/23,98.16
2018/10/24,98.16
2018/10/25,98.16
2018/10/26,98.16
2018/10/27,98.16
2018/10/28,98.16
2018/10/29,98.16
2018/10/30,98.16
2018/10/31,98.16
2018/11/01,99.04
2018/11/02,99.04
2018/11/03,99.04
2018/11/04,99.04
2018/11/05,99.04
2018/11/06,99.04
2018/11/07,99.04
2018/11/08,99.04
2018/11/09,99.04
2018/11/10,99.04
2018/11/11,99.04
2018/11/12,99.04
2018/11/13,99.04
2018/11/14,99.04
2018/11/15,99.04
2018/11/16,99.04
2018/11/17,99.04
2018/11/18,99.04
2018/11/19,99.04
2018/11/20,99.04
2018/11/21,99.04
2018/11/22,99.04
2018/11/23,99.04
2018/11/24,99.04
2018/11/25,99.04
2018/11/26,99.04
2018/11/27,99.04
2018/11/28,99.04
2018/11/29,99.04
2018/11/30,99.04
2018/12/01,98.55
2018/12/02,98.55
2018/12/03,98.55
2018/12/04,98.55
2018/12/05,98.55
2018/12/06,98.55
2018/12/07,98.55
2018/12/08,98.55
2018/12/09,98.55
2018/12/10,98.55
2018/12/11,98.55
2018/12/12,98.55
2018/12/13,98.55
2018/12/14,98.55
2018/12/15,98.55
2018/12/16,98.55
2018/12/17,98.55
2018/12/18,98.55
2018/12/19,98.55
2018/12/20,98.55
2018/12/21,98.55
2018/12/22,98.55
2018/12/23,98.55
2018/12/24,98.55
2018/12/25,98.55
2018/12/26,98.55
2018/12/27,98.55
2018/12/28,98.55
2018/12/29,98.55
2018/12/30,98.55
2018/12/31,98.55
2019/01/01,97.4
2019/01/02,97.4
2019/01/03,97.4
2019/01/04,97.4
2019/01/05,97.4
2019/01/06,97.4
2019/01/07,97.4
2019/01/08,97.4
2019/01/09,97.4
2019/01/10,97.4
2019/01/11,97.4
2019/01/12,97.4
2019/01/13,97.4
2019/01/14,97.4
2019/01/15,97.4
2019/01/16,97.4
2019/01/17,97.4
2019/01/18,97.4
2019/01/19,97.4
2019/01/20,97.4
2019/01/21,97.4
2019/01/22,97.4
2019/01/23,97.4
2019/01/24,97.4
2019/01/25,97.4
2019/01/26,97.4
2019/01/27,97.4
2019/01/28,97.4
2019/01/29,97.4
2019/01/30,97.4
2019/01/31,97.4
2019/02/01,97.11
2019/02/02,97.11
2019/02/03,97.11
2019/02/04,97.11
2019/02/05,97.11
2019/02/06,97.11
2019/02/07,97.11
2019/02/08,97.11
2019/02/09,97.11
2019/02/10,97.11
2019/02/11,97.11
2019/02/12,97.11
2019/02/13,97.11
2019/02/14,97.11
2019/02/15,97.11
2019/02/16,97.11
2019/02/17,97.11
2019/02/18,97.11
2019/02/19,97.11
2019/02/20,97.11
2019/02/21,97.11
2019/02/22,97.11
2019/02/23,97.11
2019/02/24,97.11
2019/02/25,97.11
2019/02/26,97.11
2019/02/27,97.11
2019/02/28,97.11
2019/03/01,97.69
2019/03/02,97.69
2019/03/03,97.69
2019/03/04,97.69
2019/03/05,97.69
2019/03/06,97.69
2019/03/07,97.69
2019/03/08,97.69
2019/03/09,97.69
2019/03/10,97.69
2019/03/11,97.69
2019/03/12,97.69
2019/03/13,97.69
2019/03/14,97.69
2019/03/15,97.69
2019/03/16,97.69
2019/03/17,97.69
2019/03/18,97.69
2019/03/19,97.69
2019/03/20,97.69
2019/03/21,97.69
2019/03/22,97.69
2019/03/23,97.69
2019/03/24,97.69
2019/03/25,97.69
2019/03/26,97.69
2019/03/27,97.69
2019/03/28,97.69
2019/03/29,97.69
2019/03/30,97.69
2019/03/31,97.69
2019/04/01,98.02
2019/04/02,98.02
2019/04/03,98.02
2019/04/04,98.02
2019/04/05,98.02
2019/04/06,98.02
2019/04/07,98.02
2019/04/08,98.02
2019/04/09,98.02
2019/04/10,98.02
2019/04/11,98.02
2019/04/12,98.02
2019/04/13,98.02
2019/04/14,98.02
2019/04/15,98.02
2019/04/16,98.02
2019/04/17,98.02
2019/04/18,98.02
2019/04/19,98.02
2019/04/20,98.02
2019/04/21,98.02
2019/04/22,98.02
2019/04/23,98.02
2019/04/24,98.02
2019/04/25,98.02
2019/04/26,98.02
2019/04/27,98.02
2019/04/28,98.02
2019/04/29,98.02
2019/04/30,98.02
2019/05/01,99.12
2019/05/02,99.12
2019/05/03,99.12
2019/05/04,99.12
2019/05/05,99.12
2019/05/06,99.12
2019/05/07,99.12
2019/05/08,99.12
2019/05/09,99.12
2019/05/10,99.12
2019/05/11,99.12
2019/05/12,99.12
2019/05/13,99.12
2019/05/14,99.12
2019/05/15,99.12
2019/05/16,99.12
2019/05/17,99.12
2019/05/18,99.12
2019/05/19,99.12
2019/05/20,99.12
2019/05/21,99.12
2019/05/22,99.12
2019/05/23,99.12
2019/05/24,99.12
2019/05/25,99.12
2019/05/26,99.12
2019/05/27,99.12
2019/05/28,99.12
2019/05/29,99.12
2019/05/30,99.12
2019/05/31,99.12
2019/06/01,98.76
2019/06/02,98.76
2019/06/03,98.76
2019/06/04,98.76
2019/06/05,98.76
2019/06/06,98.76
2019/06/07,98.76
2019/06/08,98.76
2019/06/09,98.76
2019/06/10,98.76
2019/06/11,98.76
2019/06/12,98.76
2019/06/13,98.76
2019/06/14,98.76
2019/06/15,98.76
2019/06/16,98.76
2019/06/17,98.76
2019/06/18,98.76
2019/06/19,98.76
2019/06/20,98.76
2019/06/21,98.76
2019/06/22,98.76
2019/06/23,98.76
2019/06/24,98.76
2019/06/25,98.76
2019/06/26,98.76
2019/06/27,98.76
2019/06/28,98.76
2019/06/29,98.76
2019/06/30,98.76
2019/07/01,98.38
2019/07/02,98.38
2019/07/03,98.38
2019/07/04,98.38
2019/07/05,98.38
2019/07/06,98.38
2019/07/07,98.38
2019/07/08,98.38
2019/07/09,98.38
2019/07/10,98.38
2019/07/11,98.38
2019/07/12,98.38
2019/07/13,98.38
2019/07/14,98.38
2019/07/15,98.38
2019/07/16,98.38
2019/07/17,98.38
2019/07/18,98.38
2019/07/19,98.38
2019/07/20,98.38
2019/07/21,98.38
2019/07/22,98.38
2019/07/23,98.38
2019/07/24,98.38
2019/07/25,98.38
2019/07/26,98.38
2019/07/27,98.38
2019/07/28,98.38
2019/07/29,98.38
2019/07/30,98.38
2019/07/31,98.38
2019/08/01,99.98
2019/08/02,99.98
2019/08/03,99.98
2019/08/04,99.98
2019/08/05,99.98
2019/08/06,99.98
2019/08/07,99.98
2019/08/08,99.98
2019/08/09,99.98
2019/08/10,99.98
2019/08/11,99.98
2019/08/12,99.98
2019/08/13,99.98
2019/08/14,99.98
2019/08/15,99.98
2019/08/16,99.98
2019/08/17,99.98
2019/08/18,99.98
2019/08/19,99.98
2019/08/20,99.98
2019/08/21,99.98
2019/08/22,99.98
2019/08/23,99.98
2019/08/24,99.98
2019/08/25,99.98
2019/08/26,99.98
2019/08/27,99.98
2019/08/28,99.98
2019/08/29,99.98
2019/08/30,99.98
2019/08/31,99.98
2019/09/01,100.11
2019/09/02,100.11
2019/09/03,100.11
2019/09/04,100.11
2019/09/05,100.11
2019/09/06,100.11
2019/09/07,100.11
2019/09/08,100.11
2019/09/09,100.11
2019/09/10,100.11
2019/09/11,100.11
2019/09/12,100.11
2019/09/13,100.11
2019/09/14,100.11
2019/09/15,100.11
2019/09/16,100.11
2019/09/17,100.11
2019/09/18,100.11
2019/09/19,100.11
2019/09/20,100.11
2019/09/21,100.11
2019/09/22,100.11
2019/09/23,100.11
2019/09/24,100.11
2019/09/25,100.11
2019/09/26,100.11
2019/09/27,100.11
2019/09/28,100.11
2019/09/29,100.11
2019/09/30,100.11
2019/10/01,99.42
2019/10/02,99.42
2019/10/03,99.42
2019/10/04,99.42
2019/10/05,99.42
2019/10/06,99.42
2019/10/07,99.42
2019/10/08,99.42
2019/10/09,99.42
2019/10/10,99.42
2019/10/11,99.42
2019/10/12,99.42
2019/10/13,99.42
2019/10/14,99.42
2019/10/15,99.42
2019/10/16,99.42
2019/10/17,99.42
2019/10/18,99.42
2019/10/19,99.42
2019/10/20,99.42
2019/10/21,99.42
2019/10/22,99.42
2019/10/23,99.42
2019/10/24,99.42
2019/10/25,99.42
2019/10/26,99.42
2019/10/27,99.42
2019/10/28,99.42
2019/10/29,99.42
2019/10/30,99.42
2019/10/31,99.42
2019/11/01,98.89
2019/11/02,98.89
2019/11/03,98.89
2019/11/04,98.89
2019/11/05,98.89
2019/11/06,98.89
2019/11/07,98.89
2019/11/08,98.89
2019/11/09,98.89
2019/11/10,98.89
2019/11/11,98.89
2019/11/12,98.89
2019/11/13,98.89
2019/11/14,98.89
2019/11/15,98.89
2019/11/16,98.89
2019/11/17,98.89
2019/11/18,98.89
2019/11/19,98.89
2019/11/20,98.89
2019/11/21,98.89
2019/11/22,98.89
2019/11/23,98.89
2019/11/24,98.89
2019/11/25,98.89
2019/11/26,98.89
2019/11/27,98.89
2019/11/28,98.89
2019/11/29,98.89
2019/11/30,98.89
2019/12/01,98.12
2019/12/02,98.12
2019/12/03,98.12
2019/12/04,98.12
2019/12/05,98.12
2019/12/06,98.12
2019/12/07,98.12
2019/12/08,98.12
2019/12/09,98.12
2019/12/10,98.12
2019/12/11,98.12
2019/12/12,98.12
2019/12/13,98.12
2019/12/14,98.12
2019/12/15,98.12
2019/12/16,98.12
2019/12/17,98.12
2019/12/18,98.12
2019/12/19,98.12
2019/12/20,98.12
2019/12/21,98.12
2019/12/22,98.12
2019/12/23,98.12
2019/12/24,98.12
2019/12/25,98.12
2019/12/26,98.12
2019/12/27,98.12
2019/12/28,98.12
2019/12/29,98.12
2019/12/30,98.12
2019/12/31,98.12
2020/01/01,97.65
2020/01/02,97.65
2020/01/03,97.65
2020/01/04,97.65
2020/01/05,97.65
2020/01/06,97.65
2020/01/07,97.65
2020/01/08,97.65
2020/01/09,97.65
2020/01/10,97.65
2020/01/11,97.65
2020/01/12,97.65
2020/01/13,97.65
2020/01/14,97.65
2020/01/15,97.65
2020/01/16,97.65
2020/01/17,97.65
2020/01/18,97.65
2020/01/19,97.65
2020/01/20,97.65
2020/01/21,97.65
2020/01/22,97.65
2020/01/23,97.65
2020/01/24,97.65
2020/01/25,97.65
2020/01/26,97.65
2020/01/27,97.65
2020/01/28,97.65
2020/01/29,97.65
2020/01/30,97.65
2020/01/31,97.65
2020/02/01,98.76
2020/02/02,98.76
2020/02/03,98.76
2020/02/04,98.76
2020/02/05,98.76
2020/02/06,98.76
2020/02/07,98.76
2020/02/08,98.76
2020/02/09,98.76
2020/02/10,98.76
2020/02/11,98.76
2020/02/12,98.76
2020/02/13,98.76
2020/02/14,98.76
2020/02/15,98.76
2020/02/16,98.76
2020/02/17,98.76
2020/02/18,98.76
2020/02/19,98.76
2020/02/20,98.76
2020/02/21,98.76
2020/02/22,98.76
2020/02/23,98.76
2020/02/24,98.76
2020/02/25,98.76
2020/02/26,98.76
2020/02/27,98.76
2020/02/28,98.76
2020/02/29,98.76
2020/03/01,102.42
2020/03/02,102.42
2020/03/03,102.42
2020/03/04,102.42
2020/03/05,102.42
2020/03/06,102.42
2020/03/07,102.42
2020/03/08,102.42
2020/03/09,102.42
2020/03/10,102.42
2020/03/11,102.42
2020/03/12,102.42
2020/03/13,102.42
2020/03/14,102.42
2020/03/15,102.42
2020/03/16,102.42
2020/03/17,102.42
2020/03/18,102.42
2020/03/19,102.42
2020/03/20,102.42
2020/03/21,102.42
2020/03/22,102.42
2020/03/23,102.42
2020/03/24,102.42
2020/03/25,102.42
2020/03/26,102.42
2020/03/27,102.42
2020/03/28,102.42
2020/03/29,102.42
2020/03/30,102.42
2020/03/31,102.42
2020/04/01,104.41
2020/04/02,104.41
2020/04/03,104.41
2020/04/04,104.41
2020/04/05,104.41
2020/04/06,104.41
2020/04/07,104.41
2020/04/08,104.41
2020/04/09,104.41
2020/04/10,104.41
2020/04/11,104.41
2020/04/12,104.41
2020/04/13,104.41
2020/04/14,104.41
2020/04/15,104.41
2020/04/16,104.41
2020/04/17,104.41
2020/04/18,104.41
2020/04/19,104.41
2020/04/20,104.41
2020/04/21,104.41
2020/04/22,104.41
2020/04/23,104.41
2020/04/24,104.41
2020/04/25,104.41
2020/04/26,104.41
2020/04/27,104.41
2020/04/28,104.41
2020/04/29,104.41
2020/04/30,104.41
2020/05/01,103.91
2020/05/02,103.91
2020/05/03,103.91
2020/05/04,103.91
2020/05/05,103.91
2020/05/06,103.91
2020/05/07,103.91
2020/05/08,103.91
2020/05/09,103.91
2020/05/10,103.91
2020/05/11,103.91
2020/05/12,103.91
2020/05/13,103.91
2020/05/14,103.91
2020/05/15,103.91
2020/05/16,103.91
2020/05/17,103.91
2020/05/18,103.91
2020/05/19,103.91
2020/05/20,103.91
2020/05/21,103.91
2020/05/22,103.91
2020/05/23,103.91
2020/05/24,103.91
2020/05/25,103.91
2020/05/26,103.91
2020/05/27,103.91
2020/05/28,103.91
2020/05/29,103.91
2020/05/30,103.91
2020/05/31,103.91
2020/06/01,101.77
2020/06/02,101.77
2020/06/03,101.77
2020/06/04,101.77
2020/06/05,101.77
2020/06/06,101.77
2020/06/07,101.77
2020/06/08,101.77
2020/06/09,101.77
2020/06/10,101.77
2020/06/11,101.77
2020/06/12,101.77
2020/06/13,101.77
2020/06/14,101.77
2020/06/15,101.77
2020/06/16,101.77
2020/06/17,101.77
2020/06/18,101.77
2020/06/19,101.77
2020/06/20,101.77
2020/06/21,101.77
2020/06/22,101.77
2020/06/23,101.77
2020/06/24,101.77
2020/06/25,101.77
2020/06/26,101.77
2020/06/27,101.77
2020/06/28,101.77
2020/06/29,101.77
2020/06/30,101.77
2020/07/01,101.24
2020/07/02,101.24
2020/07/03,101.24
2020/07/04,101.24
2020/07/05,101.24
2020/07/06,101.24
2020/07/07,101.24
2020/07/08,101.24
2020/07/09,101.24
2020/07/10,101.24
2020/07/11,101.24
2020/07/12,101.24
2020/07/13,101.24
2020/07/14,101.24
2020/07/15,101.24
2020/07/16,101.24
2020/07/17,101.24
2020/07/18,101.24
2020/07/19,101.24
2020/07/20,101.24
2020/07/21,101.24
2020/07/22,101.24
2020/07/23,101.24
2020/07/24,101.24
2020/07/25,101.24
2020/07/26,101.24
2020/07/27,101.24
2020/07/28,101.24
2020/07/29,101.24
2020/07/30,101.24
2020/07/31,101.24
2020/08/01,99.94
2020/08/02,99.94
2020/08/03,99.94
2020/08/04,99.94
2020/08/05,99.94
2020/08/06,99.94
2020/08/07,99.94
2020/08/08,99.94
2020/08/09,99.94
2020/08/10,99.94
2020/08/11,99.94
2020/08/12,99.94
2020/08/13,99.94
2020/08/14,99.94
2020/08/15,99.94
2020/08/16,99.94
2020/08/17,99.94
2020/08/18,99.94
2020/08/19,99.94
2020/08/20,99.94
2020/08/21,99.94
2020/08/22,99.94
2020/08/23,99.94
2020/08/24,99.94
2020/08/25,99.94
2020/08/26,99.94
2020/08/27,99.94
2020/08/28,99.94
2020/08/29,99.94
2020/08/30,99.94
2020/08/31,99.94
2020/09/01,99.25
2020/09/02,99.25
2020/09/03,99.25
2020/09/04,99.25
2020/09/05,99.25
2020/09/06,99.25
2020/09/07,99.25
2020/09/08,99.25
2020/09/09,99.25
2020/09/10,99.25
2020/09/11,99.25
2020/09/12,99.25
2020/09/13,99.25
2020/09/14,99.25
2020/09/15,99.25
2020/09/16,99.25
2020/09/17,99.25
2020/09/18,99.25
2020/09/19,99.25
2020/09/20,99.25
2020/09/21,99.25
2020/09/22,99.25
2020/09/23,99.25
2020/09/24,99.25
2020/09/25,99.25
2020/09/26,99.25
2020/09/27,99.25
2020/09/28,99.25
2020/09/29,99.25
2020/09/30,99.25
2020/10/01,98.56
2020/10/02,98.56
2020/10/03,98.56
2020/10/04,98.56
2020/10/05,98.56
2020/10/06,98.56
2020/10/07,98.56
2020/10/08,98.56
2020/10/09,98.56
2020/10/10,98.56
2020/10/11,98.56
2020/10/12,98.56
2020/10/13,98.56
2020/10/14,98.56
2020/10/15,98.56
2020/10/16,98.56
2020/10/17,98.56
2020/10/18,98.56
2020/10/19,98.56
2020/10/20,98.56
2020/10/21,98.56
2020/10/22,98.56
2020/10/23,98.56
2020/10/24,98.56
2020/10/25,98.56
2020/10/26,98.56
2020/10/27,98.56
2020/10/28,98.56
2020/10/29,98.56
2020/10/30,98.56
2020/10/31,98.56
2020/11/01,97.02
2020/11/02,97.02
2020/11/03,97.02
2020/11/04,97.02
2020/11/05,97.02
2020/11/06,97.02
2020/11/07,97.02
2020/11/08,97.02
2020/11/09,97.02
2020/11/10,97.02
2020/11/11,97.02
2020/11/12,97.02
2020/11/13,97.02
2020/11/14,97.02
2020/11/15,97.02
2020/11/16,97.02
2020/11/17,97.02
2020/11/18,97.02
2020/11/19,97.02
2020/11/20,97.02
2020/11/21,97.02
2020/11/22,97.02
2020/11/23,97.02
2020/11/24,97.02
2020/11/25,97.02
2020/11/26,97.02
2020/11/27,97.02
2020/11/28,97.02
2020/11/29,97.02
2020/11/30,97.02
2020/12/01,95.06
2020/12/02,95.06
2020/12/03,95.06
2020/12/04,95.06
2020/12/05,95.06
2020/12/06,95.06
2020/12/07,95.06
2020/12/08,95.06
2020/12/09,95.06
2020/12/10,95.06
2020/12/11,95.06
2020/12/12,95.06
2020/12/13,95.06
2020/12/14,95.06
2020/12/15,95.06
2020/12/16,95.06
2020/12/17,95.06
2020/12/18,95.06
2020/12/19,95.06
2020/12/20,95.06
2020/12/21,95.06
2020/12/22,95.06
2020/12/23,95.06
2020/12/24,95.06
2020/12/25,95.06
2020/12/26,95.06
2020/12/27,95.06
2020/12/28,95.06
2020/12/29,95.06
2020/12/30,95.06
2020/12/31,95.06
2021/01/01,94.62
2021/01/02,94.62
2021/01/03,94.62
2021/01/04,94.62
2021/01/05,94.62
2021/01/06,94.62
2021/01/07,94.62
2021/01/08,94.62
2021/01/09,94.62
2021/01/10,94.62
2021/01/11,94.62
2021/01/12,94.62
2021/01/13,94.62
2021/01/14,94.62
2021/01/15,94.62
2021/01/16,94.62
2021/01/17,94.62
2021/01/18,94.62
2021/01/19,94.62
2021/01/20,94.62
2021/01/21,94.62
2021/01/22,94.62
2021/01/23,94.62
2021/01/24,94.62
2021/01/25,94.62
2021/01/26,94.62
2021/01/27,94.62
2021/01/28,94.62
2021/01/29,94.62
2021/01/30,94.62
2021/01/31,94.62
2021/02/01,94.99
2021/02/02,94.99
2021/02/03,94.99
2021/02/04,94.99
2021/02/05,94.99
2021/02/06,94.99
2021/02/07,94.99
2021/02/08,94.99
2021/02/09,94.99
2021/02/10,94.99
2021/02/11,94.99
2021/02/12,94.99
2021/02/13,94.99
2021/02/14,94.99
2021/02/15,94.99
2021/02/16,94.99
2021/02/17,94.99
2021/02/18,94.99
2021/02/19,94.99
2021/02/20,94.99
2021/02/21,94.99
2021/02/22,94.99
2021/02/23,94.99
2021/02/24,94.99
2021/02/25,94.99
2021/02/26,94.99
2021/02/27,94.99
2021/02/28,94.99
2021/03/01,96.76
2021/03/02,96.76
2021/03/03,96.76
2021/03/04,96.76
2021/03/05,96.76
2021/03/06,96.76
2021/03/07,96.76
2021/03/08,96.76
2021/03/09,96.76
2021/03/10,96.76
2021/03/11,96.76
2021/03/12,96.76
2021/03/13,96.76
2021/03/14,96.76
2021/03/15,96.76
2021/03/16,96.76
2021/03/17,96.76
2021/03/18,96.76
2021/03/19,96.76
2021/03/20,96.76
2021/03/21,96.76
2021/03/22,96.76
2021/03/23,96.76
2021/03/24,96.76
2021/03/25,96.76
2021/03/26,96.76
2021/03/27,96.76
2021/03/28,96.76
2021/03/29,96.76
2021/03/30,96.76
2021/03/31,96.76
2021/04/01,96.82
2021/04/02,96.82
2021/04/03,96.82
2021/04/04,96.82
2021/04/05,96.82
2021/04/06,96.82
2021/04/07,96.82
2021/04/08,96.82
2021/04/09,96.82
2021/04/10,96.82
2021/04/11,96.82
2021/04/12,96.82
2021/04/13,96.82
2021/04/14,96.82
2021/04/15,96.82
2021/04/16,96.82
2021/04/17,96.82
2021/04/18,96.82
2021/04/19,96.82
2021/04/20,96.82
2021/04/21,96.82
2021/04/22,96.82
2021/04/23,96.82
2021/04/24,96.82
2021/04/25,96.82
2021/04/26,96.82
2021/04/27,96.82
2021/04/28,96.82
2021/04/29,96.82
2021/04/30,96.82
2021/05/01,96.22
2021/05/02,96.22
2021/05/03,96.22
2021/05/04,96.22
2021/05/05,96.22
2021/05/06,96.22
2021/05/07,96.22
2021/05/08,96.22
2021/05/09,96.22
2021/05/10,96.22
2021/05/11,96.22
2021/05/12,96.22
2021/05/13,96.22
2021/05/14,96.22
2021/05/15,96.22
2021/05/16,96.22
2021/05/17,96.22
2021/05/18,96.22
2021/05/19,96.22
2021/05/20,96.22
2021/05/21,96.22
2021/05/22,96.22
2021/05/23,96.22
2021/05/24,96.22
2021/05/25,96.22
2021/05/26,96.22
2021/05/27,96.22
2021/05/28,96.22
2021/05/29,96.22
2021/05/30,96.22
2021/05/31,96.22
2021/06/01,97.19
2021/06/02,97.19
2021/06/03,97.19
2021/06/04,97.19
2021/06/05,97.19
2021/06/06,97.19
2021/06/07,97.19
2021/06/08,97.19
2021/06/09,97.19
2021/06/10,97.19
2021/06/11,97.19
2021/06/12,97.19
2021/06/13,97.19
2021/06/14,97.19
2021/06/15,97.19
2021/06/16,97.19
2021/06/17,97.19
2021/06/18,97.19
2021/06/19,97.19
2021/06/20,97.19
2021/06/21,97.19
2021/06/22,97.19
2021/06/23,97.19
2021/06/24,97.19
2021/06/25,97.19
2021/06/26,97.19
2021/06/27,97.19
2021/06/28,97.19
2021/06/29,97.19
2021/06/30,97.19
2021/07/01,98.56
2021/07/02,98.56
2021/07/03,98.56
2021/07/04,98.56
2021/07/05,98.56
2021/07/06,98.56
2021/07/07,98.56
2021/07/08,98.56
2021/07/09,98.56
2021/07/10,98.56
2021/07/11,98.56
2021/07/12,98.56
2021/07/13,98.56
2021/07/14,98.56
2021/07/15,98.56
2021/07/16,98.56
2021/07/17,98.56
2021/07/18,98.56
2021/07/19,98.56
2021/07/20,98.56
2021/07/21,98.56
2021/07/22,98.56
2021/07/23,98.56
2021/07/24,98.56
2021/07/25,98.56
2021/07/26,98.56
2021/07/27,98.56
2021/07/28,98.56
2021/07/29,98.56
2021/07/30,98.56
2021/07/31,98.56
2021/08/01,98.78
2021/08/02,98.78
2021/08/03,98.78
2021/08/04,98.78
2021/08/05,98.78
2021/08/06,98.78
2021/08/07,98.78
2021/08/08,98.78
2021/08/09,98.78
2021/08/10,98.78
2021/08/11,98.78
2021/08/12,98.78
2021/08/13,98.78
2021/08/14,98.78
2021/08/15,98.78
2021/08/16,98.78
2021/08/17,98.78
2021/08/18,98.78
2021/08/19,98.78
2021/08/20,98.78
2021/08/21,98.78
2021/08/22,98.78
2021/08/23,98.78
2021/08/24,98.78
2021/08/25,98.78
2021/08/26,98.78
2021/08/27,98.78
2021/08/28,98.78
2021/08/29,98.78
2021/08/30,98.78
2021/08/31,98.78
2021/09/01,98.68
2021/09/02,98.68
2021/09/03,98.68
2021/09/04,98.68
2021/09/05,98.68
2021/09/06,98.68
2021/09/07,98.68
2021/09/08,98.68
2021/09/09,98.68
2021/09/10,98.68
2021/09/11,98.68
2021/09/12,98.68
2021/09/13,98.68
2021/09/14,98.68
2021/09/15,98.68
2021/09/16,98.68
2021/09/17,98.68
2021/09/18,98.68
2021/09/19,98.68
2021/09/20,98.68
2021/09/21,98.68
2021/09/22,98.68
2021/09/23,98.68
2021/09/24,98.68
2021/09/25,98.68
2021/09/26,98.68
2021/09/27,98.68
2021/09/28,98.68
2021/09/29,98.68
2021/09/30,98.68
2021/10/01,99.5
2021/10/02,99.5
2021/10/03,99.5
2021/10/04,99.5
2021/10/05,99.5
2021/10/06,99.5
2021/10/07,99.5
2021/10/08,99.5
2021/10/09,99.5
2021/10/10,99.5
2021/10/11,99.5
2021/10/12,99.5
2021/10/13,99.5
2021/10/14,99.5
2021/10/15,99.5
2021/10/16,99.5
2021/10/17,99.5
2021/10/18,99.5
2021/10/19,99.5
2021/10/20,99.5
2021/10/21,99.5
2021/10/22,99.5
2021/10/23,99.5
2021/10/24,99.5
2021/10/25,99.5
2021/10/26,99.5
2021/10/27,99.5
2021/10/28,99.5
2021/10/29,99.5
2021/10/30,99.5
2021/10/31,99.5
2021/11/01,100.32
2021/11/02,100.32
2021/11/03,100.32
2021/11/04,100.32
2021/11/05,100.32
2021/11/06,100.32
2021/11/07,100.32
2021/11/08,100.32
2021/11/09,100.32
2021/11/10,100.32
2021/11/11,100.32
2021/11/12,100.32
2021/11/13,100.32
2021/11/14,100.32
2021/11/15,100.32
2021/11/16,100.32
2021/11/17,100.32
2021/11/18,100.32
2021/11/19,100.32
2021/11/20,100.32
2021/11/21,100.32
2021/11/22,100.32
2021/11/23,100.32
2021/11/24,100.32
2021/11/25,100.32
2021/11/26,100.32
2021/11/27,100.32
2021/11/28,100.32
2021/11/29,100.32
2021/11/30,100.32
2021/12/01,101.02
2021/12/02,101.02
2021/12/03,101.02
2021/12/04,101.02
2021/12/05,101.02
2021/12/06,101.02
2021/12/07,101.02
2021/12/08,101.02
2021/12/09,101.02
2021/12/10,101.02
2021/12/11,101.02
2021/12/12,101.02
2021/12/13,101.02
2021/12/14,101.02
2021/12/15,101.02
2021/12/16,101.02
2021/12/17,101.02
2021/12/18,101.02
2021/12/19,101.02
2021/12/20,101.02
2021/12/21,101.02
2021/12/22,101.02
2021/12/23,101.02
2021/12/24,101.02
2021/12/25,101.02
2021/12/26,101.02
2021/12/27,101.02
2021/12/28,101.02
2021/12/29,101.02
2021/12/30,101.02
2021/12/31,101.02
2022/01/01,100.89
2022/01/02,100.89
2022/01/03,100.89
2022/01/04,100.89
2022/01/05,100.89
2022/01/06,100.89
2022/01/07,100.89
2022/01/08,100.89
2022/01/09,100.89
2022/01/10,100.89
2022/01/11,100.89
2022/01/12,100.89
2022/01/13,100.89
2022/01/14,100.89
2022/01/15,100.89
2022/01/16,100.89
2022/01/17,100.89
2022/01/18,100.89
2022/01/19,100.89
2022/01/20,100.89
2022/01/21,100.89
2022/01/22,100.89
2022/01/23,100.89
2022/01/24,100.89
2022/01/25,100.89
2022/01/26,100.89
2022/01/27,100.89
2022/01/28,100.89
2022/01/29,100.89
2022/01/30,100.89
2022/01/31,100.89
2022/02/01,100.82
2022/02/02,100.82
2022/02/03,100.82
2022/02/04,100.82
2022/02/05,100.82
2022/02/06,100.82
2022/02/07,100.82
2022/02/08,100.82
2022/02/09,100.82
2022/02/10,100.82
2022/02/11,100.82
2022/02/12,100.82
2022/02/13,100.82
2022/02/14,100.82
2022/02/15,100.82
2022/02/16,100.82
2022/02/17,100.82
2022/02/18,100.82
2022/02/19,100.82
2022/02/20,100.82
2022/02/21,100.82
2022/02/22,100.82
2022/02/23,100.82
2022/02/24,100.82
2022/02/25,100.82
2022/02/26,100.82
2022/02/27,100.82
2022/02/28,100.82
2022/03/01,102.44
2022/03/02,102.44
2022/03/03,102.44
2022/03/04,102.44
2022/03/05,102.44
2022/03/06,102.44
2022/03/07,102.44
2022/03/08,102.44
2022/03/09,102.44
2022/03/10,102.44
2022/03/11,102.44
2022/03/12,102.44
2022/03/13,102.44
2022/03/14,102.44
2022/03/15,102.44
2022/03/16,102.44
2022/03/17,102.44
2022/03/18,102.44
2022/03/19,102.44
2022/03/20,102.44
2022/03/21,102.44
2022/03/22,102.44
2022/03/23,102.44
2022/03/24,102.44
2022/03/25,102.44
2022/03/26,102.44
2022/03/27,102.44
2022/03/28,102.44
2022/03/29,102.44
2022/03/30,102.44
2022/03/31,102.44
2022/04/01,103.16
2022/04/02,103.16
2022/04/03,103.16
2022/04/04,103.16
2022/04/05,103.16
2022/04/06,103.16
2022/04/07,103.16
2022/04/08,103.16
2022/04/09,103.16
2022/04/10,103.16
2022/04/11,103.16
2022/04/12,103.16
2022/04/13,103.16
2022/04/14,103.16
2022/04/15,103.16
2022/04/16,103.16
2022/04/17,103.16
2022/04/18,103.16
2022/04/19,103.16
2022/04/20,103.16
2022/04/21,103.16
2022/04/22,103.16
2022/04/23,103.16
2022/04/24,103.16
2022/04/25,103.16
2022/04/26,103.16
2022/04/27,103.16
2022/04/28,103.16
2022/04/29,103.16
2022/04/30,103.16
2022/05/01,106.18
2022/05/02,106.18
2022/05/03,106.18
2022/05/04,106.18
2022/05/05,106.18
2022/05/06,106.18
2022/05/07,106.18
2022/05/08,106.18
2022/05/09,106.18
2022/05/10,106.18
2022/05/11,106.18
2022/05/12,106.18
2022/05/13,106.18
2022/05/14,106.18
2022/05/15,106.18
2022/05/16,106.18
2022/05/17,106.18
2022/05/18,106.18
2022/05/19,106.18
2022/05/20,106.18
2022/05/21,106.18
2022/05/22,106.18
2022/05/23,106.18
2022/05/24,106.18
2022/05/25,106.18
2022/05/26,106.18
2022/05/27,106.18
2022/05/28,106.18
2022/05/29,106.18
2022/05/30,106.18
2022/05/31,106.18
2022/06/01,107.42
2022/06/02,107.42
2022/06/03,107.42
2022/06/04,107.42
2022/06/05,107.42
2022/06/06,107.42
2022/06/07,107.42
2022/06/08,107.42
2022/06/09,107.42
2022/06/10,107.42
2022/06/11,107.42
2022/06/12,107.42
2022/06/13,107.42
2022/06/14,107.42
2022/06/15,107.42
2022/06/16,107.42
2022/06/17,107.42
2022/06/18,107.42
2022/06/19,107.42
2022/06/20,107.42
2022/06/21,107.42
2022/06/22,107.42
2022/06/23,107.42
2022/06/24,107.42
2022/06/25,107.42
2022/06/26,107.42
2022/06/27,107.42
2022/06/28,107.42
2022/06/29,107.42
2022/06/30,107.42
2022/07/01,109.2
2022/07/02,109.2
2022/07/03,109.2
2022/07/04,109.2
2022/07/05,109.2
2022/07/06,109.2
2022/07/07,109.2
2022/07/08,109.2
2022/07/09,109.2
2022/07/10,109.2
2022/07/11,109.2
2022/07/12,109.2
2022/07/13,109.2
2022/07/14,109.2
2022/07/15,109.2
2022/07/16,109.2
2022/07/17,109.2
2022/07/18,109.2
2022/07/19,109.2
2022/07/20,109.2
2022/07/21,109.2
2022/07/22,109.2
2022/07/23,109.2
2022/07/24,109.2
2022/07/25,109.2
2022/07/26,109.2
2022/07/27,109.2
2022/07/28,109.2
2022/07/29,109.2
2022/07/30,109.2
2022/07/31,109.2
2022/08/01,108.69
2022/08/02,108.69
2022/08/03,108.69
2022/08/04,108.69
2022/08/05,108.69
2022/08/06,108.69
2022/08/07,108.69
2022/08/08,108.69
2022/08/09,108.69
2022/08/10,108.69
2022/08/11,108.69
2022/08/12,108.69
2022/08/13,108.69
2022/08/14,108.69
2022/08/15,108.69
2022/08/16,108.69
2022/08/17,108.69
2022/08/18,108.69
2022/08/19,108.69
2022/08/20,108.69
2022/08/21,108.69
2022/08/22,108.69
2022/08/23,108.69
2022/08/24,108.69
2022/08/25,108.69
2022/08/26,108.69
2022/08/27,108.69
2022/08/28,108.69
2022/08/29,108.69
2022/08/30,108.69
2022/08/31,108.69
2022/09/01,111.26
2022/09/02,111.26
2022/09/03,111.26
2022/09/04,111.26
2022/09/05,111.26
2022/09/06,111.26
2022/09/07,111.26
2022/09/08,111.26
2022/09/09,111.26
2022/09/10,111.26
2022/09/11,111.26
2022/09/12,111.26
2022/09/13,111.26
2022/09/14,111.26
2022/09/15,111.26
2022/09/16,111.26
2022/09/17,111.26
2022/09/18,111.26
2022/09/19,111.26
2022/09/20,111.26
2022/09/21,111.26
2022/09/22,111.26
2022/09/23,111.26
2022/09/24,111.26
2022/09/25,111.26
2022/09/26,111.26
2022/09/27,111.26
2022/09/28,111.26
2022/09/29,111.26
2022/09/30,111.26
2022/10/01,112.99
2022/10/02,112.99
2022/10/03,112.99
2022/10/04,112.99
2022/10/05,112.99
2022/10/06,112.99
2022/10/07,112.99
2022/10/08,112.99
2022/10/09,112.99
2022/10/10,112.99
2022/10/11,112.99
2022/10/12,112.99
2022/10/13,112.99
2022/10/14,112.99
2022/10/15,112.99
2022/10/16,112.99
2022/10/17,112.99
2022/10/18,112.99
2022/10/19,112.99
2022/10/20,112.99
2022/10/21,112.99
2022/10/22,112.99
2022/10/23,112.99
2022/10/24,112.99
2022/10/25,112.99
2022/10/26,112.99
2022/10/27,112.99
2022/10/28,112.99
2022/10/29,112.99
2022/10/30,112.99
2022/10/31,112.99
2022/11/01,110.19
2022/11/02,110.19
2022/11/03,110.19
2022/11/04,110.19
2022/11/05,110.19
2022/11/06,110.19
2022/11/07,110.19
2022/11/08,110.19
2022/11/09,110.19
2022/11/10,110.19
2022/11/11,110.19
2022/11/12,110.19
2022/11/13,110.19
2022/11/14,110.19
2022/11/15,110.19
2022/11/16,110.19
2022/11/17,110.19
2022/11/18,110.19
2022/11/19,110.19
2022/11/20,110.19
2022/11/21,110.19
2022/11/22,110.19
2022/11/23,110.19
2022/11/24,110.19
2022/11/25,110.19
2022/11/26,110.19
2022/11/27,110.19
2022/11/28,110.19
2022/11/29,110.19
2022/11/30,110.19
2022/12/01,107.44
2022/12/02,107.44
2022/12/03,107.44
2022/12/04,107.44
2022/12/05,107.44
2022/12/06,107.44
2022/12/07,107.44
2022/12/08,107.44
2022/12/09,107.44
2022/12/10,107.44
2022/12/11,107.44
2022/12/12,107.44
2022/12/13,107.44
2022/12/14,107.44
2022/12/15,107.44
2022/12/16,107.44
2022/12/17,107.44
2022/12/18,107.44
2022/12/19,107.44
2022/12/20,107.44
2022/12/21,107.44
2022/12/22,107.44
2022/12/23,107.44
2022/12/24,107.44
2022/12/25,107.44
2022/12/26,107.44
2022/12/27,107.44
2022/12/28,107.44
2022/12/29,107.44
2022/12/30,107.44
2022/12/31,107.44
2023/01/01,105.69
2023/01/02,105.69
2023/01/03,105.69
2023/01/04,105.69
2023/01/05,105.69
2023/01/06,105.69
2023/01/07,105.69
2023/01/08,105.69
2023/01/09,105.69
2023/01/10,105.69
2023/01/11,105.69
2023/01/12,105.69
2023/01/13,105.69
2023/01/14,105.69
2023/01/15,105.69
2023/01/16,105.69
2023/01/17,105.69
2023/01/18,105.69
2023/01/19,105.69
2023/01/20,105.69
2023/01/21,105.69
2023/01/22,105.69
2023/01/23,105.69
2023/01/24,105.69
2023/01/25,105.69
2023/01/26,105.69
2023/01/27,105.69
2023/01/28,105.69
2023/01/29,105.69
2023/01/30,105.69
2023/01/31,105.69
2023/02/01,106.2
2023/02/02,106.2
2023/02/03,106.2
2023/02/04,106.2
2023/02/05,106.2
2023/02/06,106.2
2023/02/07,106.2
2023/02/08,106.2
2023/02/09,106.2
2023/02/10,106.2
2023/02/11,106.2
2023/02/12,106.2
2023/02/13,106.2
2023/02/14,106.2
2023/02/15,106.2
2023/02/16,106.2
2023/02/17,106.2
2023/02/18,106.2
2023/02/19,106.2
2023/02/20,106.2
2023/02/21,106.2
2023/02/22,106.2
2023/02/23,106.2
2023/02/24,106.2
2023/02/25,106.2
2023/02/26,106.2
2023/02/27,106.2
2023/02/28,106.2
2023/03/01,106.83
2023/03/02,106.83
2023/03/03,106.83
2023/03/04,106.83
2023/03/05,106.83
2023/03/06,106.83
2023/03/07,106.83
2023/03/08,106.83
2023/03/09,106.83
2023/03/10,106.83
2023/03/11,106.83
2023/03/12,106.83
2023/03/13,106.83
2023/03/14,106.83
2023/03/15,106.83
2023/03/16,106.83
2023/03/17,106.83
2023/03/18,106.83
2023/03/19,106.83
2023/03/20,106.83
2023/03/21,106.83
2023/03/22,106.83
2023/03/23,106.83
2023/03/24,106.83
2023/03/25,106.83
2023/03/26,106.83
2023/03/27,106.83
2023/03/28,106.83
2023/03/29,106.83
2023/03/30,106.83
2023/03/31,106.83
2023/04/01,105.96
2023/04/02,105.96
2023/04/03,105.96
2023/04/04,105.96
2023/04/05,105.96
2023/04/06,105.96
2023/04/07,105.96
2023/04/08,105.96
2023/04/09,105.96
2023/04/10,105.96
2023/04/11,105.96
2023/04/12,105.96
2023/04/13,105.96
2023/04/14,105.96
2023/04/15,105.96
2023/04/16,105.96
2023/04/17,105.96
2023/04/18,105.96
2023/04/19,105.96
2023/04/20,105.96
2023/04/21,105.96
2023/04/22,105.96
2023/04/23,105.96
2023/04/24,105.96
2023/04/25,105.96
2023/04/26,105.96
2023/04/27,105.96
2023/04/28,105.96
2023/04/29,105.96
2023/04/30,105.96
2023/05/01,106.76
2023/05/02,106.76
2023/05/03,106.76
2023/05/04,106.76
2023/05/05,106.76
2023/05/06,106.76
2023/05/07,106.76
2023/05/08,106.76
2023/05/09,106.76
2023/05/10,106.76
2023/05/11,106.76
2023/05/12,106.76
2023/05/13,106.76
2023/05/14,106.76
2023/05/15,106.76
2023/05/16,106.76
2023/05/17,106.76
2023/05/18,106.76
2023/05/19,106.76
2023/05/20,106.76
2023/05/21,106.76
2023/05/22,106.76
2023/05/23,106.76
2023/05/24,106.76
2023/05/25,106.76
2023/05/26,106.76
2023/05/27,106.76
2023/05/28,106.76
2023/05/29,106.76
2023/05/30,106.76
2023/05/31,106.76
2023/06/01,107.25
2023/06/02,107.25
2023/06/03,107.25
2023/06/04,107.25
2023/06/05,107.25
2023/06/06,107.25
2023/06/07,107.25
2023/06/08,107.25
2023/06/09,107.25
2023/06/10,107.25
2023/06/11,107.25
2023/06/12,107.25
2023/06/13,107.25
2023/06/14,107.25
2023/06/15,107.25
2023/06/16,107.25
2023/06/17,107.25
2023/06/18,107.25
2023/06/19,107.25
2023/06/20,107.25
2023/06/21,107.25
2023/06/22,107.25
2023/06/23,107.25
2023/06/24,107.25
2023/06/25,107.25
2023/06/26,107.25
2023/06/27,107.25
2023/06/28,107.25
2023/06/29,107.25
2023/06/30,107.25
2023/07/01,106.24
2023/07/02,106.24
2023/07/03,106.24
2023/07/04,106.24
2023/07/05,106.24
2023/07/06,106.24
2023/07/07,106.24
2023/07/08,106.24
2023/07/09,106.24
2023/07/10,106.24
2023/07/11,106.24
2023/07/12,106.24
2023/07/13,106.24
2023/07/14,106.24
2023/07/15,106.24
2023/07/16,106.24
2023/07/17,106.24
2023/07/18,106.24
2023/07/19,106.24
2023/07/20,106.24
2023/07/21,106.24
2023/07/22,106.24
2023/07/23,106.24
2023/07/24,106.24
2023/07/25,106.24
2023/07/26,106.24
2023/07/27,106.24
2023/07/28,106.24
2023/07/29,106.24
2023/07/30,106.24
2023/07/31,106.24
2023/08/01,107.71
2023/08/02,107.71
2023/08/03,107.71
2023/08/04,107.71
2023/08/05,107.71
2023/08/06,107.71
2023/08/07,107.71
2023/08/08,107.71
2023/08/09,107.71
2023/08/10,107.71
2023/08/11,107.71
2023/08/12,107.71
2023/08/13,107.71
2023/08/14,107.71
2023/08/15,107.71
2023/08/16,107.71
2023/08/17,107.71
2023/08/18,107.71
2023/08/19,107.71
2023/08/20,107.71
2023/08/21,107.71
2023/08/22,107.71
2023/08/23,107.71
2023/08/24,107.71
2023/08/25,107.71
2023/08/26,107.71
2023/08/27,107.71
2023/08/28,107.71
2023/08/29,107.71
2023/08/30,107.71
2023/08/31,107.71
2023/09/01,109.13
2023/09/02,109.13
2023/09/03,109.13
2023/09/04,109.13
2023/09/05,109.13
2023/09/06,109.13
2023/09/07,109.13
2023/09/08,109.13
2023/09/09,109.13
2023/09/10,109.13
2023/09/11,109.13
2023/09/12,109.13
2023/09/13,109.13
2023/09/14,109.13
2023/09/15,109.13
2023/09/16,109.13
2023/09/17,109.13
2023/09/18,109.13
2023/09/19,109.13
2023/09/20,109.13
2023/09/21,109.13
2023/09/22,109.13
2023/09/23,109.13
2023/09/24,109.13
2023/09/25,109.13
2023/09/26,109.13
2023/09/27,109.13
2023/09/28,109.13
2023/09/29,109.13
2023/09/30,109.13
2023/10/01,110.46
2023/10/02,110.46
2023/10/03,110.46
2023/10/04,110.46
2023/10/05,110.46
2023/10/06,110.46
2023/10/07,110.46
2023/10/08,110.46
2023/10/09,110.46
2023/10/10,110.46
2023/10/11,110.46
2023/10/12,110.46
2023/10/13,110.46
2023/10/14,110.46
2023/10/15,110.46
2023/10/16,110.46
2023/10/17,110.46
2023/10/18,110.46
2023/10/19,110.46
2023/10/20,110.46
2023/10/21,110.46
2023/10/22,110.46
2023/10/23,110.46
2023/10/24,110.46
2023/10/25,110.46
2023/10/26,110.46
2023/10/27,110.46
2023/10/28,110.46
2023/10/29,110.46
2023/10/30,110.46
2023/10/31,110.46
2023/11/01,108.43
2023/11/02,108.43
2023/11/03,108.43
2023/11/04,108.43
2023/11/05,108.43
2023/11/06,108.43
2023/11/07,108.43
2023/11/08,108.43
2023/11/09,108.43
2023/11/10,108.43
2023/11/11,108.43
2023/11/12,108.43
2023/11/13,108.43
2023/11/14,108.43
2023/11/15,108.43
2023/11/16,108.43
2023/11/17,108.43
2023/11/18,108.43
2023/11/19,108.43
2023/11/20,108.43
2023/11/21,108.43
2023/11/22,108.43
2023/11/23,108.43
2023/11/24,108.43
2023/11/25,108.43
2023/11/26,108.43
2023/11/27,108.43
2023/11/28,108.43
2023/11/29,108.43
2023/11/30,108.43
