Date,VIX
2000/11/10,28.53
2000/11/11,31.71780849194614
2000/11/12,31.333808491946137
2000/11/13,29.059999999999995
2000/11/14,26.81
2000/11/15,26.15
2000/11/16,25.05
2000/11/17,24.81
2000/11/18,25.871974318503632
2000/11/19,27.182241983221946
2000/11/20,27.43
2000/11/21,26.62
2000/11/22,27.71
2000/11/23,27.308133604198616
2000/11/24,26
2000/11/25,25.52506476033
2000/11/26,25.95158130134288
2000/11/27,26.93
2000/11/28,27.64
2000/11/29,27.49
2000/11/30,29.65
2000/12/01,27.48
2000/12/02,27.064636575319675
2000/12/03,28.177516546509953
2000/12/04,27.78
2000/12/05,24.99
2000/12/06,25.07
2000/12/07,25.34
2000/12/08,22.41
2000/12/09,20.949091466250916
2000/12/10,21.629769644261597
2000/12/11,23.510000000000005
2000/12/12,24.88
2000/12/13,23.63
2000/12/14,24.86
2000/12/15,26.55
2000/12/16,27.929986752148096
2000/12/17,28.53086069349866
2000/12/18,27.7
2000/12/19,27.17
2000/12/20,31.74
2000/12/21,29.66
2000/12/22,27.55
2000/12/23,27.102715739924662
2000/12/24,27.561612192920247
2000/12/25,28.30970254945571
2000/12/26,28.73
2000/12/27,28.14
2000/12/28,26.57
2000/12/29,26.85
2000/12/30,28.65570855325301
2000/12/31,30.66024852925521
2001/01/01,31.544664240629803
2001/01/02,29.99
2001/01/03,26.6
2001/01/04,26.97
2001/01/05,28.67
2001/01/06,30.04134888593416
2001/01/07,30.57568029294161
2001/01/08,29.84
2001/01/09,27.99
2001/01/10,26.8
2001/01/11,25.79
2001/01/12,24.56
2001/01/13,24.09138446261904
2001/01/14,24.331226696770745
2001/01/15,24.865455582537077
2001/01/16,25.28
2001/01/17,24.93
2001/01/18,23.37
2001/01/19,23.24
2001/01/20,23.82325473985974
2001/01/21,24.095714023146936
2001/01/22,23.25
2001/01/23,21.57
2001/01/24,22.03
2001/01/25,22.64
2001/01/26,22.57
2001/01/27,22.484376276661788
2001/01/28,22.518518194954883
2001/01/29,22.61
2001/01/30,22.57
2001/01/31,22.02
2001/02/01,21.66
2001/02/02,21.95
2001/02/03,22.2132201699487
2001/02/04,22.28051864110457
2001/02/05,22.19
2001/02/06,21.98
2001/02/07,21.67
2001/02/08,21.46
2001/02/09,22.03
2001/02/10,22.45586557493648
2001/02/11,22.426847074948924
2001/02/12,21.92
2001/02/13,21.37
2001/02/14,21.52
2001/02/15,20.27
2001/02/16,22.12
2001/02/17,23.668962707186814
2001/02/18,24.16710430933945
2001/02/19,24.284193756822358
2001/02/20,24.69
2001/02/21,25.75
2001/02/22,26.76
2001/02/23,27.21
2001/02/24,26.66337954175623
2001/02/25,25.759595527014362
2001/02/26,25.43
2001/02/27,26.49
2001/02/28,28.35
2001/03/01,28.08
2001/03/02,27.43
2001/03/03,27.335751901628253
2001/03/04,27.421797230563826
2001/03/05,27.12
2001/03/06,25.89
2001/03/07,24.12
2001/03/08,24.29
2001/03/09,25.62
2001/03/10,28.396039936883714
2001/03/11,30.804407676256808
2001/03/12,30.32
2001/03/13,27.55
2001/03/14,29.61
2001/03/15,28.56
2001/03/16,29.91
2001/03/17,30.4117212659472
2001/03/18,29.84639234464733
2001/03/19,29.78
2001/03/20,30.96
2001/03/21,31.93
2001/03/22,32.84
2001/03/23,30.45
2001/03/24,29.524792537764977
2001/03/25,29.80639033881577
2001/03/26,29.04
2001/03/27,27.04
2001/03/28,28.58
2001/03/29,29.17
2001/03/30,28.64
2001/03/31,28.243101080999146
2001/04/01,28.83741830985281
2001/04/02,31.21
2001/04/03,34.72
2001/04/04,34.07
2001/04/05,29.94
2001/04/06,31.69
2001/04/07,33.59871600837849
2001/04/08,33.62105192072177
2001/04/09,31.91
2001/04/10,29.44
2001/04/11,28.46
2001/04/12,26.12
2001/04/13,24.9509211060137
2001/04/14,25.181530684121338
2001/04/15,25.933874920168307
2001/04/16,26.330000000000002
2001/04/17,25.61
2001/04/18,24.13
2001/04/19,24.16
2001/04/20,25.38
2001/04/21,26.52637487236504
2001/04/22,27.41486940747829
2001/04/23,28.16
2001/04/24,28.49
2001/04/25,27.4
2001/04/26,25.96
2001/04/27,24.02
2001/04/28,24.01573360449145
2001/04/29,25.136257201746417
2001/04/30,25.48
2001/05/01,24.2
2001/05/02,24.23
2001/05/03,25.78
2001/05/04,23.91
2001/05/05,23.289279180851146
2001/05/06,24.172192225807173
2001/05/07,24.86
2001/05/08,24.44
2001/05/09,24.35
2001/05/10,24
2001/05/11,23.54
2001/05/12,23.609084430101326
2001/05/13,23.997364584905437
2001/05/14,24.26
2001/05/15,23.71
2001/05/16,21.89
2001/05/17,21.47
2001/05/18,21.23
2001/05/19,20.909792194202844
2001/05/20,20.70173683939543
2001/05/21,20.76
2001/05/22,21.35
2001/05/23,22.08
2001/05/24,20.57
2001/05/25,20.6
2001/05/26,21.016743717900837
2001/05/27,21.313404353266215
2001/05/28,21.63836281199849
2001/05/29,22.14
2001/05/30,22.76
2001/05/31,22.64
2001/06/01,21.59
2001/06/02,21.64343931620122
2001/06/03,22.099082288055715
2001/06/04,21.38
2001/06/05,19.58
2001/06/06,20.39
2001/06/07,19.67
2001/06/08,19.92
2001/06/09,20.399256012368166
2001/06/10,20.651073511536097
2001/06/11,20.7
2001/06/12,20.7
2001/06/13,21.45
2001/06/14,23.12
2001/06/15,22.81
2001/06/16,22.822972069889044
2001/06/17,23.252117664614502
2001/06/18,23.17
2001/06/19,22.34
2001/06/20,21.71
2001/06/21,19.38
2001/06/22,20.02
2001/06/23,20.60285136244678
2001/06/24,20.558417470952385
2001/06/25,20.67
2001/06/26,21.2
2001/06/27,20.88
2001/06/28,20.01
2001/06/29,19.06
2001/06/30,18.60912151574968
2001/07/01,18.592934687342268
2001/07/02,18.76
2001/07/03,18.92
2001/07/04,19.201279317205366
2001/07/05,20.09
2001/07/06,21.63
2001/07/07,22.340231219488594
2001/07/08,22.387570405431823
2001/07/09,22.48
2001/07/10,23.25
2001/07/11,24.01
2001/07/12,22.09
2001/07/13,21.14
2001/07/14,21.641235367397787
2001/07/15,22.582452327775435
2001/07/16,22.91
2001/07/17,22.61
2001/07/18,23.6
2001/07/19,22.51
2001/07/20,22.34
2001/07/21,22.357529376300175
2001/07/22,22.602067307900086
2001/07/23,23.74
2001/07/24,25.24
2001/07/25,24
2001/07/26,23.01
2001/07/27,22
2001/07/28,22.032767751887107
2001/07/29,22.62588793109098
2001/07/30,22.69
2001/07/31,21.62
2001/08/01,20.56
2001/08/02,20.09
2001/08/03,19.89
2001/08/04,20.73678998286884
2001/08/05,21.838025869703216
2001/08/06,21.89
2001/08/07,21.01
2001/08/08,22.32
2001/08/09,21.75
2001/08/10,20.55
2001/08/11,20.110698858824176
2001/08/12,20.23188388655544
2001/08/13,20.42
2001/08/14,20.48
2001/08/15,20.91
2001/08/16,21.54
2001/08/17,23.84
2001/08/18,23.969580740703506
2001/08/19,22.797160786852977
2001/08/20,22.87
2001/08/21,24.4
2001/08/22,22.44
2001/08/23,22.23
2001/08/24,19.71
2001/08/25,18.429721917215844
2001/08/26,19.023393880528925
2001/08/27,20.56
2001/08/28,22
2001/08/29,23.03
2001/08/30,25.41
2001/08/31,24.92
2001/09/01,24.454455424235285
2001/09/02,24.762083289514813
2001/09/03,25.38116951003694
2001/09/04,25.85
2001/09/05,26.35
2001/09/06,28.61
2001/09/07,30.99
2001/09/08,31.76241752556844
2001/09/09,31.620372301438234
2001/09/10,31.84
2001/09/11,33.379828036483666
2001/09/12,35.92795079747635
2001/09/13,38.854854412404485
2001/09/14,41.53102501069449
2001/09/15,43.3269487217728
2001/09/16,43.61311167506583
2001/09/17,41.760000000000005
2001/09/18,38.87
2001/09/19,40.56
2001/09/20,43.74
2001/09/21,42.66
2001/09/22,40.96023828168726
2001/09/23,39.507373280336495
2001/09/24,37.75
2001/09/25,35.81
2001/09/26,35.26
2001/09/27,34
2001/09/28,31.93
2001/09/29,31.576352834459335
2001/09/30,32.26150097373638
2001/10/01,32.32
2001/10/02,31.18
2001/10/03,31.34
2001/10/04,31.97
2001/10/05,33.39
2001/10/06,34.3206079841953
2001/10/07,34.73970361757033
2001/10/08,35.12
2001/10/09,34.83
2001/10/10,31.6
2001/10/11,31.5
2001/10/12,35.27
2001/10/13,37.66616703728743
2001/10/14,37.58391401403482
2001/10/15,35.31
2001/10/16,32.88
2001/10/17,35.08
2001/10/18,34.95
2001/10/19,34.11
2001/10/20,33.320818445104834
2001/10/21,32.645366632982615
2001/10/22,32.25
2001/10/23,32
2001/10/24,30.95
2001/10/25,29.46
2001/10/26,28.42
2001/10/27,28.566465521847803
2001/10/28,29.75999939992632
2001/10/29,31.64
2001/10/30,33.46
2001/10/31,33.56
2001/11/01,32.31
2001/11/02,30.71
2001/11/03,30.556903880214595
2001/11/04,31.01816519982976
2001/11/05,30.5
2001/11/06,28.8
2001/11/07,29.13
2001/11/08,28.62
2001/11/09,27.44
2001/11/10,28.3342115902729
2001/11/11,29.857168939236715
2001/11/12,29.349999999999998
2001/11/13,26.47
2001/11/14,26.56
2001/11/15,25.56
2001/11/16,25.07
2001/11/17,24.923101133668354
2001/11/18,24.759754477838296
2001/11/19,24.46
2001/11/20,24.12
2001/11/21,24.19
2001/11/22,23.757422476427276
2001/11/23,23.25
2001/11/24,23.321374596813467
2001/11/25,23.678109913070312
2001/11/26,23.79
2001/11/27,24
2001/11/28,25.9
2001/11/29,25.18
2001/11/30,23.84
2001/12/01,24.300682548172034
2001/12/02,25.54786322112416
2001/12/03,25.77
2001/12/04,24.08
2001/12/05,23.02
2001/12/06,23.71
2001/12/07,23.49
2001/12/08,23.929717884246656
2001/12/09,24.939408313079962
2001/12/10,25.62
2001/12/11,25.3
2001/12/12,24.87
2001/12/13,25.91
2001/12/14,24.63
2001/12/15,24.00342985266332
2001/12/16,24.249722645737585
2001/12/17,24.26
2001/12/18,23.29
2001/12/19,22.58
2001/12/20,23.67
2001/12/21,22.5
2001/12/22,21.830633642778007
2001/12/23,22.121671675840282
2001/12/24,22.62
2001/12/25,22.705495625462284
2001/12/26,22.29
2001/12/27,21.59
2001/12/28,21.4
2001/12/29,22.067567109434368
2001/12/30,23.094898781495587
2001/12/31,23.8
2002/01/01,23.650184372313475
2002/01/02,22.71
2002/01/03,21.34
2002/01/04,20.45
2002/01/05,20.663675137473742
2002/01/06,21.436198870159014
2002/01/07,21.94
2002/01/08,21.83
2002/01/09,22.13
2002/01/10,22.36
2002/01/11,22.6
2002/01/12,23.28077859168309
2002/01/13,23.871800609396807
2002/01/14,23.58
2002/01/15,22.7
2002/01/16,23.45
2002/01/17,22.25
2002/01/18,22.52
2002/01/19,23.487252146054264
2002/01/20,24.279081014439804
2002/01/21,24.463869375605437
2002/01/22,23.61
2002/01/23,21.88
2002/01/24,21.15
2002/01/25,21.01
2002/01/26,20.13233902466401
2002/01/27,19.596300773355335
2002/01/28,21.14
2002/01/29,24.35
2002/01/30,23.22
2002/01/31,21.09
2002/02/01,21.12
2002/02/02,22.30311745418531
2002/02/03,23.756235662926617
2002/02/04,24.87
2002/02/05,25.45
2002/02/06,26.09
2002/02/07,25.11
2002/02/08,23.26
2002/02/09,22.121203296554494
2002/02/10,21.746735216656912
2002/02/11,21.78
2002/02/12,21.62
2002/02/13,20.85
2002/02/14,21.77
2002/02/15,22.37
2002/02/16,23.456595600114834
2002/02/17,24.745617783319585
2002/02/18,25.361831074864543
2002/02/19,24.43
2002/02/20,22.66
2002/02/21,23.8
2002/02/22,22.86
2002/02/23,21.98718456450527
2002/02/24,21.8062640403484
2002/02/25,21.84
2002/02/26,21.68
2002/02/27,21.49
2002/02/28,21.59
2002/03/01,19.96
2002/03/02,19.396783295022196
2002/03/03,19.940083943413025
2002/03/04,20.500000000000004
2002/03/05,20.3
2002/03/06,19.94
2002/03/07,20.04
2002/03/08,19.27
2002/03/09,19.12891842111987
2002/03/10,19.557490937438327
2002/03/11,19.84
2002/03/12,19.59
2002/03/13,19.46
2002/03/14,19.2
2002/03/15,18.42
2002/03/16,18.478553483341333
2002/03/17,18.978507365051453
2002/03/18,18.93
2002/03/19,18.16
2002/03/20,18.46
2002/03/21,18.15
2002/03/22,17.77
2002/03/23,17.92534233426096
2002/03/24,18.32123069748848
2002/03/25,18.48
2002/03/26,18.13
2002/03/27,17.7
2002/03/28,17.4
2002/03/29,17.489570880051517
2002/03/30,17.8744978508911
2002/03/31,18.354675896285134
2002/04/01,18.73
2002/04/02,19.16
2002/04/03,20.2
2002/04/04,19.78
2002/04/05,19.13
2002/04/06,18.960982081944195
2002/04/07,19.18389158002777
2002/04/08,19.61
2002/04/09,19.47
2002/04/10,18.19
2002/04/11,20.3
2002/04/12,19.42
2002/04/13,19.309546504544883
2002/04/14,20.06090515887124
2002/04/15,19.82
2002/04/16,18.11
2002/04/17,18.43
2002/04/18,19.29
2002/04/19,18.3
2002/04/20,18.103746424323553
2002/04/21,18.873202995222968
2002/04/22,19.77
2002/04/23,20.28
2002/04/24,20.77
2002/04/25,20.95
2002/04/26,22.14
2002/04/27,23.642176570059387
2002/04/28,24.542655369753184
2002/04/29,24.05
2002/04/30,21.91
2002/05/01,20.06
2002/05/02,20.07
2002/05/03,20.19
2002/05/04,20.914717011231282
2002/05/05,21.947654626905578
2002/05/06,22.56
2002/05/07,21.94
2002/05/08,20.39
2002/05/09,21.56
2002/05/10,22.41
2002/05/11,22.4820227086108
2002/05/12,21.924832397832198
2002/05/13,20.72
2002/05/14,19.35
2002/05/15,19.19
2002/05/16,18.5
2002/05/17,17.7
2002/05/18,17.65219967017412
2002/05/19,18.270121117057446
2002/05/20,19.24
2002/05/21,20.05
2002/05/22,19.58
2002/05/23,18.23
2002/05/24,18.9
2002/05/25,19.740523277649118
2002/05/26,20.1663484556558
2002/05/27,20.31149940583458
2002/05/28,20.31
2002/05/29,20.39
2002/05/30,20.61
2002/05/31,19.98
2002/06/01,20.387126183679154
2002/06/02,21.78185397471071
2002/06/03,23.37
2002/06/04,23.89
2002/06/05,22.61
2002/06/06,24.16
2002/06/07,23.51
2002/06/08,22.82812759696372
2002/06/09,22.972302395883403
2002/06/10,23.72
2002/06/11,24.45
2002/06/12,24.15
2002/06/13,25.02
2002/06/14,25.96
2002/06/15,26.089023005825734
2002/06/16,25.54436361671105
2002/06/17,24.64
2002/06/18,24.24
2002/06/19,26.06
2002/06/20,27.48
2002/06/21,27.23
2002/06/22,26.787692509872844
2002/06/23,26.668025999080612
2002/06/24,26.98
2002/06/25,27.84
2002/06/26,28.42
2002/06/27,26.29
2002/06/28,25.4
2002/06/29,25.315885042124915
2002/06/30,25.799581847462544
2002/07/01,27.11
2002/07/02,28.96
2002/07/03,29.42
2002/07/04,28.385473260354686
2002/07/05,27.11
2002/07/06,26.748856617295903
2002/07/07,27.24775125688958
2002/07/08,28.25
2002/07/09,30.22
2002/07/10,34.1
2002/07/11,33.85
2002/07/12,32.94
2002/07/13,32.778599201821244
2002/07/14,33.44511802522854
2002/07/15,35.03
2002/07/16,36.65
2002/07/17,35.45
2002/07/18,35.12
2002/07/19,38.17
2002/07/20,39.40132227838651
2002/07/21,39.651471937569724
2002/07/22,41.87
2002/07/23,44.92
2002/07/24,39.86
2002/07/25,39.27
2002/07/26,35.51
2002/07/27,32.30862162851059
2002/07/28,31.088744417928275
2002/07/29,31.33
2002/07/30,31.92
2002/07/31,32.03
2002/08/01,36.95
2002/08/02,41.29
2002/08/03,44.33018870837782
2002/08/04,45.82400505160592
2002/08/05,45.08
2002/08/06,42.03
2002/08/07,38.73
2002/08/08,36.33
2002/08/09,35.33
2002/08/10,35.71618653301849
2002/08/11,36.63742962261445
2002/08/12,37.05
2002/08/13,35.82
2002/08/14,32.36
2002/08/15,29.43
2002/08/16,28.81
2002/08/17,28.386089101203467
2002/08/18,28.081601598784502
2002/08/19,28.61
2002/08/20,29.59
2002/08/21,28.23
2002/08/22,27.75
2002/08/23,29.32
2002/08/24,30.343197377946595
2002/08/25,30.409069544490084
2002/08/26,29.89
2002/08/27,30.11
2002/08/28,33.32
2002/08/29,33.67
2002/08/30,32.64
2002/08/31,34.23563465114488
2002/09/01,37.50650792369811
2002/09/02,40.17662723440228
2002/09/03,39.97
2002/09/04,37.44
2002/09/05,38.86
2002/09/06,36.33
2002/09/07,35.28441410792232
2002/09/08,36.078277750197884
2002/09/09,36.45
2002/09/10,35.08
2002/09/11,34.81
2002/09/12,37.5
2002/09/13,35.82
2002/09/14,34.58379510757611
2002/09/15,35.10941968978904
2002/09/16,36.74
2002/09/17,38.01
2002/09/18,37.52
2002/09/19,40.65
2002/09/20,38.98
2002/09/21,37.65449057659691
2002/09/22,38.14852299645803
2002/09/23,39.68
2002/09/24,40.52
2002/09/25,37.33
2002/09/26,34.6
2002/09/27,36.97
2002/09/28,40.687656797061976
2002/09/29,42.46226114948165
2002/09/30,39.69
2002/10/01,34.12
2002/10/02,36.83
2002/10/03,37.31
2002/10/04,39.46
2002/10/05,41.98019914198049
2002/10/06,43.321240628270985
2002/10/07,42.64
2002/10/08,41.02
2002/10/09,42.13
2002/10/10,37.55
2002/10/11,35.7
2002/10/12,36.27800104987237
2002/10/13,36.993845471845304
2002/10/14,36.04
2002/10/15,34.02
2002/10/16,36
2002/10/17,34.1
2002/10/18,33.53
2002/10/19,33.104064838274184
2002/10/20,32.66399280312065
2002/10/21,33.11
2002/10/22,34.09
2002/10/23,33.2
2002/10/24,34.03
2002/10/25,30
2002/10/26,27.9851989328668
2002/10/27,28.94764383644353
2002/10/28,31.07
2002/10/29,32.27
2002/10/30,31.23
2002/10/31,31.14
2002/11/01,29.3
2002/11/02,28.723272729923064
2002/11/03,29.600390989152892
2002/11/04,30.82
2002/11/05,31.23
2002/11/06,30.73
2002/11/07,31.42
2002/11/08,29.41
2002/11/09,29.237067914885035
2002/11/10,30.63021696513149
2002/11/11,31.3
2002/11/12,30.58
2002/11/13,31.24
2002/11/14,28.67
2002/11/15,26.65
2002/11/16,26.320047662767383
2002/11/17,26.940222362495053
2002/11/18,27.66
2002/11/19,27.41
2002/11/20,25.32
2002/11/21,23.81
2002/11/22,23.16
2002/11/23,22.82774778163307
2002/11/24,23.002316722888754
2002/11/25,24.07
2002/11/26,25.97
2002/11/27,27.25
2002/11/28,27.64812883185038
2002/11/29,27.5
2002/11/30,27.18487590121561
2002/12/01,27.05597387581412
2002/12/02,27.46
2002/12/03,28.33
2002/12/04,28.92
2002/12/05,30.1
2002/12/06,28.88
2002/12/07,29.23266902725068
2002/12/08,30.635913107523606
2002/12/09,30.78
2002/12/10,28.76
2002/12/11,27.76
2002/12/12,27.29
2002/12/13,28.18
2002/12/14,28.013034413287137
2002/12/15,26.976918710324078
2002/12/16,26.24
2002/12/17,26.66
2002/12/18,28.29
2002/12/19,30.21
2002/12/20,26.71
2002/12/21,24.74478125061791
2002/12/22,25.16774209784088
2002/12/23,26.2
2002/12/24,26.49
2002/12/25,26.479050553678505
2002/12/26,27.37
2002/12/27,29.55
2002/12/28,30.605172433353584
2002/12/29,30.40626634280321
2002/12/30,29.62
2002/12/31,28.62
2003/01/01,26.96993286816427
2003/01/02,25.39
2003/01/03,24.68
2003/01/04,24.56723567166845
2003/01/05,24.731168030050153
2003/01/06,24.91
2003/01/07,25.13
2003/01/08,25.53
2003/01/09,24.25
2003/01/10,24.32
2003/01/11,24.847314831209
2003/01/12,25.129231104855897
2003/01/13,24.9
2003/01/14,24.57
2003/01/15,25.51
2003/01/16,25.01
2003/01/17,25.7
2003/01/18,26.060855123926746
2003/01/19,26.01148415371219
2003/01/20,26.27887110664154
2003/01/21,27.59
2003/01/22,29.01
2003/01/23,27.53
2003/01/24,31.51
2003/01/25,35.080344032601175
2003/01/26,36.103334255576385
2003/01/27,34.69
2003/01/28,31.93
2003/01/29,31.26
2003/01/30,31.32
2003/01/31,31.17
2003/02/01,30.607632716127547
2003/02/02,30.27424927133514
2003/02/03,31.02
2003/02/04,32.76
2003/02/05,33.04
2003/02/06,33.35
2003/02/07,34.01
2003/02/08,34.391989226635594
2003/02/09,34.37354170389549
2003/02/10,33.99
2003/02/11,33.68
2003/02/12,34.33
2003/02/13,33.7
2003/02/14,32.62
2003/02/15,31.79740810334471
2003/02/16,31.291503462543954
2003/02/17,31.072347090471222
2003/02/18,31.11
2003/02/19,31.31
2003/02/20,31.16
2003/02/21,30.25
2003/02/22,30.465926176343224
2003/02/23,31.425998327375794
2003/02/24,31.98
2003/02/25,31.74
2003/02/26,31.94
2003/02/27,30.53
2003/02/28,29.63
2003/03/01,29.141958894843437
2003/03/02,29.240110250078192
2003/03/03,30.43
2003/03/04,31.83
2003/03/05,30.38
2003/03/06,31.37
2003/03/07,31.08
2003/03/08,31.35889336392968
2003/03/09,32.3942994133139
2003/03/10,33.31
2003/03/11,33.61
2003/03/12,33.51
2003/03/13,31.76
2003/03/14,30.98
2003/03/15,31.498983951668613
2003/03/16,32.18219407649146
2003/03/17,31.75
2003/03/18,30.43
2003/03/19,31.54
2003/03/20,30.44
2003/03/21,28.67
2003/03/22,28.954690824596327
2003/03/23,30.205345702406422
2003/03/24,30.39
2003/03/25,28.75
2003/03/26,28.23
2003/03/27,27.96
2003/03/28,27.75
2003/03/29,28.27263284953517
2003/03/30,29.0215615237022
2003/03/31,29.15
2003/04/01,28.36
2003/04/02,28.02
2003/04/03,28.21
2003/04/04,29.13
2003/04/05,29.688627075319573
2003/04/06,29.49507056864546
2003/04/07,28.45
2003/04/08,27.13
2003/04/09,27.11
2003/04/10,25.6
2003/04/11,24.44
2003/04/12,24.05852937713891
2003/04/13,23.911909770769554
2003/04/14,23.41
2003/04/15,22.56
2003/04/16,22.52
2003/04/17,21.5
2003/04/18,21.29503722182608
2003/04/19,21.867214423570736
2003/04/20,22.36828441353002
2003/04/21,21.95
2003/04/22,20.7
2003/04/23,20.8
2003/04/24,20.33
2003/04/25,20.8
2003/04/26,21.13007335098298
2003/04/27,21.06355595450941
2003/04/28,20.84
2003/04/29,20.76
2003/04/30,21.21
2003/05/01,21.59
2003/05/02,20.63
2003/05/03,20.40696357695776
2003/05/04,20.865301719763817
2003/05/05,21.13
2003/05/06,20.8
2003/05/07,21
2003/05/08,21.24
2003/05/09,19.69
2003/05/10,18.847714952315748
2003/05/11,19.001154450130514
2003/05/12,19.52
2003/05/13,19.91
2003/05/14,20
2003/05/15,19.24
2003/05/16,18.4
2003/05/17,18.534076442530875
2003/05/18,19.4221314083601
2003/05/19,20.51
2003/05/20,21.29
2003/05/21,21.21
2003/05/22,19.78
2003/05/23,19.17
2003/05/24,19.212791785184386
2003/05/25,19.51806447866046
2003/05/26,19.8543049328063
2003/05/27,19.99
2003/05/28,20.03
2003/05/29,20.43
2003/05/30,19.47
2003/05/31,19.37666051725411
2003/06/01,20.146051319816813
2003/06/02,20.85
2003/06/03,20.84
2003/06/04,20.62
2003/06/05,20.83
2003/06/06,21.25
2003/06/07,22.03059972528786
2003/06/08,22.59988988265102
2003/06/09,22.15
2003/06/10,20.64
2003/06/11,20.21
2003/06/12,20.41
2003/06/13,20.66
2003/06/14,20.65294805800143
2003/06/15,20.45352511220183
2003/06/16,20.22
2003/06/17,20.01
2003/06/18,19.76
2003/06/19,19.8
2003/06/20,19.14
2003/06/21,19.232789437501964
2003/06/22,19.96015560186259
2003/06/23,20.58
2003/06/24,20.75
2003/06/25,20.81
2003/06/26,19.4
2003/06/27,19.16
2003/06/28,19.306368893840144
2003/06/29,19.42192728502694
2003/06/30,19.52
2003/07/01,19.46
2003/07/02,19.03
2003/07/03,19.39
2003/07/04,19.886700405156926
2003/07/05,20.207220001443588
2003/07/06,20.28662959700846
2003/07/07,20.06
2003/07/08,19.48
2003/07/09,18.93
2003/07/10,19.19
2003/07/11,18.47
2003/07/12,18.438803158700907
2003/07/13,19.071471017439496
2003/07/14,19.59
2003/07/15,19.55
2003/07/16,19.76
2003/07/17,20.22
2003/07/18,19.11
2003/07/19,18.88344492940132
2003/07/20,19.46835329276208
2003/07/21,19.78
2003/07/22,19.17
2003/07/23,18.64
2003/07/24,18.6
2003/07/25,17.75
2003/07/26,17.4654037688471
2003/07/27,17.82960744410596
2003/07/28,18.36
2003/07/29,18.67
2003/07/30,18.85
2003/07/31,19.49
2003/08/01,20.75
2003/08/02,20.94822664799031
2003/08/03,20.679345250341246
2003/08/04,21.27
2003/08/05,22.68
2003/08/06,21.5
2003/08/07,20.26
2003/08/08,19.59
2003/08/09,19.981289491894998
2003/08/10,20.49553967683799
2003/08/11,19.75
2003/08/12,17.94
2003/08/13,18.77
2003/08/14,18.47
2003/08/15,18.27
2003/08/16,18.315631331847793
2003/08/17,18.33941147761451
2003/08/18,18.18
2003/08/19,17.86
2003/08/20,17.82
2003/08/21,17.84
2003/08/22,18.55
2003/08/23,19.142430138619943
2003/08/24,19.43349065571625
2003/08/25,19.53
2003/08/26,19.49
2003/08/27,19.13
2003/08/28,18.48
2003/08/29,18.63
2003/08/30,18.73116432511096
2003/08/31,18.66931678603003
2003/09/01,18.685310853934084
2003/09/02,19.02
2003/09/03,19.44
2003/09/04,18.71
2003/09/05,18.17
2003/09/06,17.990753142616477
2003/09/07,18.044149407938292
2003/09/08,18.26
2003/09/09,18.85
2003/09/10,20.01
2003/09/11,19.25
2003/09/12,18.68
2003/09/13,19.071614078310404
2003/09/14,19.61620188839485
2003/09/15,19.28
2003/09/16,18.03
2003/09/17,18.15
2003/09/18,17.57
2003/09/19,17.54
2003/09/20,18.366137656157285
2003/09/21,19.34275669003822
2003/09/22,19.65
2003/09/23,19.47
2003/09/24,21.22
2003/09/25,22.26
2003/09/26,22.23
2003/09/27,21.593961958657
2003/09/28,21.11971521462931
2003/09/29,21.67
2003/09/30,22.72
2003/10/01,21.07
2003/10/02,20.8
2003/10/03,19.5
2003/10/04,18.91348109256098
2003/10/05,19.171664285824015
2003/10/06,19.51
2003/10/07,19.41
2003/10/08,19.18
2003/10/09,18.82
2003/10/10,18.45
2003/10/11,18.146703034276705
2003/10/12,17.868467750130318
2003/10/13,17.55
2003/10/14,17.37
2003/10/15,17.69
2003/10/16,17.19
2003/10/17,17.62
2003/10/18,17.92426463534555
2003/10/19,17.712019701745923
2003/10/20,17.04
2003/10/21,16.55
2003/10/22,17.67
2003/10/23,17.68
2003/10/24,17.71
2003/10/25,18.15708932480619
2003/10/26,18.48352166139943
2003/10/27,18.05
2003/10/28,16.82
2003/10/29,16.43
2003/10/30,16.33
2003/10/31,16.1
2003/11/01,16.160611003944165
2003/11/02,16.407223069373167
2003/11/03,16.55
2003/11/04,16.55
2003/11/05,16.86
2003/11/06,16.74
2003/11/07,16.93
2003/11/08,17.208493750942832
2003/11/09,17.44086042469345
2003/11/10,17.62
2003/11/11,17.54
2003/11/12,16.75
2003/11/13,16.47
2003/11/14,16.94
2003/11/15,17.4610168059566
2003/11/16,17.96672395086716
2003/11/17,18.6
2003/11/18,19.11
2003/11/19,18.8
2003/11/20,19.48
2003/11/21,18.98
2003/11/22,18.385351979981348
2003/11/23,17.963723042131885
2003/11/24,17.44
2003/11/25,16.71
2003/11/26,16.23
2003/11/27,16.119988295348538
2003/11/28,16.32
2003/11/29,16.70890481049399
2003/11/30,16.977602415095298
2003/12/01,16.77
2003/12/02,16.27
2003/12/03,16.63
2003/12/04,16.3
2003/12/05,17.09
2003/12/06,17.08505607841977
2003/12/07,16.516991403864587
2003/12/08,16.54
2003/12/09,17.63
2003/12/10,17.87
2003/12/11,16.73
2003/12/12,16.41
2003/12/13,16.94682173645493
2003/12/14,17.508991165719245
2003/12/15,17.23
2003/12/16,15.93
2003/12/17,15.58
2003/12/18,16.16
2003/12/19,16.42
2003/12/20,16.738308132677933
2003/12/21,17.02567979058899
2003/12/22,16.94
2003/12/23,16.49
2003/12/24,16.66
2003/12/25,17.139215934303987
2003/12/26,17.45
2003/12/27,17.322248048050906
2003/12/28,17.055098401168074
2003/12/29,17.09
2003/12/30,17.68
2003/12/31,18.31
2004/01/01,18.417240377117068
2004/01/02,18.22
2004/01/03,18.043484360505015
2004/01/04,17.845028535945705
2004/01/05,17.49
2004/01/06,16.73
2004/01/07,15.5
2004/01/08,15.61
2004/01/09,16.75
2004/01/10,16.834154841866372
2004/01/11,16.412804903216127
2004/01/12,16.82
2004/01/13,18.04
2004/01/14,16.75
2004/01/15,15.56
2004/01/16,15
2004/01/17,15.071391754710405
2004/01/18,15.438586184787459
2004/01/19,15.638987522470783
2004/01/20,15.21
2004/01/21,14.34
2004/01/22,14.71
2004/01/23,14.84
2004/01/24,14.627123440727859
2004/01/25,14.42661657288309
2004/01/26,14.55
2004/01/27,15.35
2004/01/28,16.78
2004/01/29,17.14
2004/01/30,16.63
2004/01/31,16.509300967728976
2004/02/01,16.78801766336083
2004/02/02,17.11
2004/02/03,17.34
2004/02/04,17.87
2004/02/05,17.71
2004/02/06,16
2004/02/07,15.470373967015295
2004/02/08,15.984490412901287
2004/02/09,16.39
2004/02/10,15.94
2004/02/11,15.39
2004/02/12,15.31
2004/02/13,15.58
2004/02/14,15.66220505536796
2004/02/15,15.55328493499743
2004/02/16,15.412722347128188
2004/02/17,15.4
2004/02/18,15.59
2004/02/19,15.8
2004/02/20,16.04
2004/02/21,16.234368805696622
2004/02/22,16.32979162899443
2004/02/23,16.29
2004/02/24,15.9
2004/02/25,14.93
2004/02/26,14.83
2004/02/27,14.55
2004/02/28,14.248046748929218
2004/02/29,14.169576584337598
2004/03/01,14.44
2004/03/02,14.86
2004/03/03,14.55
2004/03/04,14.4
2004/03/05,14.48
2004/03/06,14.778794690886405
2004/03/07,15.243458270815506
2004/03/08,15.79
2004/03/09,16.6
2004/03/10,18.67
2004/03/11,20.67
2004/03/12,18.3
2004/03/13,17.926067772239406
2004/03/14,19.660501201079487
2004/03/15,21.13
2004/03/16,20.34
2004/03/17,18.11
2004/03/18,18.53
2004/03/19,19.15
2004/03/20,20.22340167059978
2004/03/21,21.34029199471865
2004/03/22,21.58
2004/03/23,20.67
2004/03/24,19.81
2004/03/25,17.88
2004/03/26,17.33
2004/03/27,17.146555906570985
2004/03/28,16.8652803982279
2004/03/29,16.5
2004/03/30,16.28
2004/03/31,16.74
2004/04/01,16.65
2004/04/02,15.64
2004/04/03,14.953821122327751
2004/04/04,14.78833492967542
2004/04/05,14.97
2004/04/06,15.32
2004/04/07,15.76
2004/04/08,16.26
2004/04/09,15.70467161602854
2004/04/10,14.641764039179892
2004/04/11,14.142974442741298
2004/04/12,15.28
2004/04/13,17.26
2004/04/14,15.62
2004/04/15,15.74
2004/04/16,14.94
2004/04/17,14.25023837326144
2004/04/18,14.366876013011565
2004/04/19,15.42
2004/04/20,16.67
2004/04/21,15.6
2004/04/22,14.61
2004/04/23,14.01
2004/04/24,14.040679328537363
2004/04/25,14.445034541406136
2004/04/26,14.77
2004/04/27,15.07
2004/04/28,16.29
2004/04/29,16.6
2004/04/30,17.19
2004/05/01,17.2316840992428
2004/05/02,16.84445280804553
2004/05/03,16.62
2004/05/04,16.55
2004/05/05,15.77
2004/05/06,17.05
2004/05/07,18.13
2004/05/08,19.173905700403015
2004/05/09,19.935925653652966
2004/05/10,19.77
2004/05/11,18.57
2004/05/12,18.14
2004/05/13,18.86
2004/05/14,18.47
2004/05/15,18.776082289068007
2004/05/16,19.614323825237538
2004/05/17,19.96
2004/05/18,19.33
2004/05/19,18.93
2004/05/20,18.67
2004/05/21,18.49
2004/05/22,18.893047226089113
2004/05/23,19.128791724866744
2004/05/24,18.08
2004/05/25,15.96
2004/05/26,15.97
2004/05/27,15.28
2004/05/28,15.5
2004/05/29,16.024930761147086
2004/05/30,16.412721396011893
2004/05/31,16.544151332870754
2004/06/01,16.3
2004/06/02,16.08
2004/06/03,17.03
2004/06/04,16.78
2004/06/05,16.287043606606105
2004/06/06,15.87536503968157
2004/06/07,15.39
2004/06/08,15.01
2004/06/09,15.39
2004/06/10,15.04
2004/06/11,15.04
2004/06/12,15.63516866637539
2004/06/13,16.217184044984837
2004/06/14,16.07
2004/06/15,15.05
2004/06/16,14.79
2004/06/17,15.15
2004/06/18,14.99
2004/06/19,15.167505113967762
2004/06/20,15.473049203581217
2004/06/21,15.26
2004/06/22,14.31
2004/06/23,13.98
2004/06/24,14.81
2004/06/25,15.19
2004/06/26,15.570724032926472
2004/06/27,15.96143021927936
2004/06/28,16.07
2004/06/29,15.47
2004/06/30,14.34
2004/07/01,15.2
2004/07/02,15.08
2004/07/03,15.193489340963378
2004/07/04,15.746790940073097
2004/07/05,16.259197069146268
2004/07/06,16.25
2004/07/07,15.81
2004/07/08,16.2
2004/07/09,15.78
2004/07/10,15.361966958558126
2004/07/11,15.152757716944155
2004/07/12,14.96
2004/07/13,14.46
2004/07/14,13.76
2004/07/15,14.71
2004/07/16,14.34
2004/07/17,14.721677057218916
2004/07/18,15.491410230579993
2004/07/19,15.17
2004/07/20,14.17
2004/07/21,16.41
2004/07/22,15.75
2004/07/23,16.5
2004/07/24,17.397071686798323
2004/07/25,17.66145480433394
2004/07/26,17.3
2004/07/27,16.55
2004/07/28,16.15
2004/07/29,15.68
2004/07/30,15.32
2004/07/31,15.025474969080301
2004/08/01,14.958324149733649
2004/08/02,15.37
2004/08/03,16.03
2004/08/04,16.21
2004/08/05,18.32
2004/08/06,19.34
2004/08/07,19.80636132877847
2004/08/08,19.79688087779586
2004/08/09,18.89
2004/08/10,17.47
2004/08/11,18.04
2004/08/12,19.08
2004/08/13,17.98
2004/08/14,17.350652015597277
2004/08/15,17.45860369979021
2004/08/16,17.57
2004/08/17,17.02
2004/08/18,16.23
2004/08/19,16.96
2004/08/20,16
2004/08/21,15.553676033154185
2004/08/22,15.798663572940175
2004/08/23,15.88
2004/08/24,15.33
2004/08/25,14.98
2004/08/26,14.91
2004/08/27,14.71
2004/08/28,14.855209294976717
2004/08/29,15.217588412184027
2004/08/30,15.44
2004/08/31,15.29
2004/09/01,14.91
2004/09/02,14.28
2004/09/03,13.91
2004/09/04,13.811247965543668
2004/09/05,13.870873436261117
2004/09/06,13.990062188848007
2004/09/07,14.07
2004/09/08,14.06
2004/09/09,14.01
2004/09/10,13.76
2004/09/11,13.461269657717846
2004/09/12,13.235589657957647
2004/09/13,13.17
2004/09/14,13.56
2004/09/15,14.64
2004/09/16,14.39
2004/09/17,14.03
2004/09/18,14.322653369049862
2004/09/19,14.720110549700145
2004/09/20,14.43
2004/09/21,13.66
2004/09/22,14.74
2004/09/23,14.8
2004/09/24,14.28
2004/09/25,14.340003149678097
2004/09/26,14.672942559638003
2004/09/27,14.62
2004/09/28,13.83
2004/09/29,13.21
2004/09/30,13.34
2004/10/01,12.75
2004/10/02,12.437323699075435
2004/10/03,12.69404661717505
2004/10/04,13.41
2004/10/05,13.95
2004/10/06,13.28
2004/10/07,14.5
2004/10/08,15.05
2004/10/09,14.938241237921842
2004/10/10,14.703086580636475
2004/10/11,14.71
2004/10/12,15.05
2004/10/13,15.42
2004/10/14,16.43
2004/10/15,15.04
2004/10/16,14.095167936204765
2004/10/17,14.164689754262579
2004/10/18,14.71
2004/10/19,15.13
2004/10/20,14.85
2004/10/21,14.54
2004/10/22,15.28
2004/10/23,16.01922190662735
2004/10/24,16.441026378439616
2004/10/25,16.58
2004/10/26,16.39
2004/10/27,15.72
2004/10/28,15.39
2004/10/29,16.27
2004/10/30,16.552834951436736
2004/10/31,16.301933114606907
2004/11/01,16.27
2004/11/02,16.18
2004/11/03,14.04
2004/11/04,13.97
2004/11/05,13.84
2004/11/06,13.726577464678078
2004/11/07,13.766380974211978
2004/11/08,13.8
2004/11/09,13.61
2004/11/10,13.08
2004/11/11,13.04
2004/11/12,13.33
2004/11/13,13.514321126337464
2004/11/14,13.522977406512876
2004/11/15,13.38
2004/11/16,13.21
2004/11/17,13.21
2004/11/18,12.98
2004/11/19,13.5
2004/11/20,13.689957730369988
2004/11/21,13.414741355286074
2004/11/22,12.97
2004/11/23,12.67
2004/11/24,12.72
2004/11/25,12.752919430499714
2004/11/26,12.79
2004/11/27,12.948465613809237
2004/11/28,13.157670154744492
2004/11/29,13.3
2004/11/30,13.24
2004/12/01,12.97
2004/12/02,12.98
2004/12/03,12.96
2004/12/04,12.852055223069648
2004/12/05,12.852515649915357
2004/12/06,13.19
2004/12/07,13.67
2004/12/08,13.19
2004/12/09,12.88
2004/12/10,12.76
2004/12/11,12.58466439764592
2004/12/12,12.452678910681682
2004/12/13,12.54
2004/12/14,12.73
2004/12/15,12.35
2004/12/16,12.27
2004/12/17,11.95
2004/12/18,11.84091062341218
2004/12/19,11.89639554236722
2004/12/20,11.83
2004/12/21,11.55
2004/12/22,11.45
2004/12/23,11.23
2004/12/24,11.270546851741482
2004/12/25,11.558106143337143
2004/12/26,11.909112363264233
2004/12/27,12.14
2004/12/28,12
2004/12/29,11.62
2004/12/30,12.56
2004/12/31,13.29
2005/01/01,13.761500159260319
2005/01/02,14.047282571391191
2005/01/03,14.08
2005/01/04,13.98
2005/01/05,14.09
2005/01/06,13.58
2005/01/07,13.49
2005/01/08,13.3995345376545
2005/01/09,13.250733915356786
2005/01/10,13.23
2005/01/11,13.19
2005/01/12,12.56
2005/01/13,12.84
2005/01/14,12.43
2005/01/15,11.987926291855201
2005/01/16,11.842310851021455
2005/01/17,12.000539984676982
2005/01/18,12.47
2005/01/19,13.18
2005/01/20,13.83
2005/01/21,14.36
2005/01/22,14.736060179921653
2005/01/23,14.86696843004107
2005/01/24,14.65
2005/01/25,14.06
2005/01/26,13.44
2005/01/27,13.24
2005/01/28,13.24
2005/01/29,13.306177834080124
2005/01/30,13.243175902299447
2005/01/31,12.82
2005/02/01,12.03
2005/02/02,11.66
2005/02/03,11.79
2005/02/04,11.21
2005/02/05,11.151797556565741
2005/02/06,11.534498412306586
2005/02/07,11.73
2005/02/08,11.6
2005/02/09,12
2005/02/10,11.51
2005/02/11,11.43
2005/02/12,11.531220023079866
2005/02/13,11.580847749577321
2005/02/14,11.52
2005/02/15,11.27
2005/02/16,11.1
2005/02/17,11.77
2005/02/18,11.18
2005/02/19,11.224503808649366
2005/02/20,12.028234281158547
2005/02/21,12.897847613088453
2005/02/22,13.14
2005/02/23,12.39
2005/02/24,11.57
2005/02/25,11.49
2005/02/26,11.727202946084171
2005/02/27,11.984820013318519
2005/02/28,12.08
2005/03/01,12.04
2005/03/02,12.5
2005/03/03,12.93
2005/03/04,11.94
2005/03/05,11.546100786526612
2005/03/06,11.867312988791454
2005/03/07,12.26
2005/03/08,12.4
2005/03/09,12.7
2005/03/10,12.49
2005/03/11,12.8
2005/03/12,12.679992167426994
2005/03/13,12.318392538307904
2005/03/14,12.39
2005/03/15,13.15
2005/03/16,13.49
2005/03/17,13.29
2005/03/18,13.14
2005/03/19,13.056509677869535
2005/03/20,13.151375510131595
2005/03/21,13.61
2005/03/22,14.27
2005/03/23,14.06
2005/03/24,13.42
2005/03/25,12.916212559933472
2005/03/26,12.732696512621253
2005/03/27,12.975332208998408
2005/03/28,13.75
2005/03/29,14.49
2005/03/30,13.64
2005/03/31,14.02
2005/04/01,14.09
2005/04/02,14.142784337522205
2005/04/03,14.232449471262568
2005/04/04,14.11
2005/04/05,13.68
2005/04/06,13.15
2005/04/07,12.33
2005/04/08,12.62
2005/04/09,12.963295978532033
2005/04/10,12.815762091863341
2005/04/11,11.98
2005/04/12,11.3
2005/04/13,13.31
2005/04/14,14.53
2005/04/15,17.74
2005/04/16,19.364850236333037
2005/04/17,18.732865220067307
2005/04/18,16.56
2005/04/19,14.96
2005/04/20,16.92
2005/04/21,14.41
2005/04/22,15.38
2005/04/23,15.838679977745905
2005/04/24,15.10800928432694
2005/04/25,14.62
2005/04/26,14.91
2005/04/27,14.87
2005/04/28,16.86
2005/04/29,15.31
2005/04/30,14.433197527215444
2005/05/01,14.79766657132512
2005/05/02,15.12
2005/05/03,14.53
2005/05/04,13.85
2005/05/05,13.98
2005/05/06,14.05
2005/05/07,13.59265681460597
2005/05/08,13.214821840200614
2005/05/09,13.75
2005/05/10,14.91
2005/05/11,14.45
2005/05/12,16.12
2005/05/13,16.32
2005/05/14,16.23629037447406
2005/05/15,16.173080770344384
2005/05/16,15.68
2005/05/17,14.57
2005/05/18,13.63
2005/05/19,13.32
2005/05/20,13.14
2005/05/21,13.08777188768978
2005/05/22,13.07757083628589
2005/05/23,12.95
2005/05/24,12.69
2005/05/25,12.58
2005/05/26,12.24
2005/05/27,12.15
2005/05/28,12.551815692511614
2005/05/29,13.146611205798168
2005/05/30,13.528101116185638
2005/05/31,13.29
2005/06/01,12.36
2005/06/02,11.84
2005/06/03,12.15
2005/06/04,12.363742577097405
2005/06/05,12.35268998865778
2005/06/06,12.28
2005/06/07,12.39
2005/06/08,12.7
2005/06/09,12.08
2005/06/10,11.96
2005/06/11,11.847182041825175
2005/06/12,11.667033978486643
2005/06/13,11.65
2005/06/14,11.79
2005/06/15,11.46
2005/06/16,11.15
2005/06/17,11.48
2005/06/18,11.7295336244908
2005/06/19,11.710579887488379
2005/06/20,11.47
2005/06/21,11.08
2005/06/22,11.05
2005/06/23,12.13
2005/06/24,12.18
2005/06/25,12.427904903859227
2005/06/26,12.786936386235817
2005/06/27,12.52
2005/06/28,11.58
2005/06/29,11.77
2005/06/30,12.04
2005/07/01,11.4
2005/07/02,10.93874073099018
2005/07/03,10.904045006526616
2005/07/04,11.187326778799745
2005/07/05,11.68
2005/07/06,12.27
2005/07/07,12.49
2005/07/08,11.45
2005/07/09,11.006800989199462
2005/07/10,11.176860210370993
2005/07/11,11.28
2005/07/12,10.95
2005/07/13,10.84
2005/07/14,10.81
2005/07/15,10.33
2005/07/16,10.299103396790802
2005/07/17,10.607426316495078
2005/07/18,10.77
2005/07/19,10.45
2005/07/20,10.23
2005/07/21,10.97
2005/07/22,10.52
2005/07/23,10.380215890157867
2005/07/24,10.735954715258277
2005/07/25,11.1
2005/07/26,10.99
2005/07/27,10.36
2005/07/28,10.52
2005/07/29,11.57
2005/07/30,12.224010511328611
2005/07/31,12.323059174212954
2005/08/01,12.08
2005/08/02,11.75
2005/08/03,11.83
2005/08/04,12.52
2005/08/05,12.48
2005/08/06,12.808560111060654
2005/08/07,13.303207390120859
2005/08/08,13.21
2005/08/09,12.4
2005/08/10,12.38
2005/08/11,12.42
2005/08/12,12.74
2005/08/13,12.393596795764953
2005/08/14,11.893742398621876
2005/08/15,12.26
2005/08/16,13.52
2005/08/17,13.3
2005/08/18,13.42
2005/08/19,13.42
2005/08/20,13.47760342968958
2005/08/21,13.549739457081271
2005/08/22,13.42
2005/08/23,13.34
2005/08/24,14.17
2005/08/25,13.73
2005/08/26,13.72
2005/08/27,13.619833339994251
2005/08/28,13.425104140184718
2005/08/29,13.52
2005/08/30,13.65
2005/08/31,12.6
2005/09/01,13.15
2005/09/02,13.57
2005/09/03,13.708947331757173
2005/09/04,13.676658922446435
2005/09/05,13.431041051912482
2005/09/06,12.93
2005/09/07,12.52
2005/09/08,12.93
2005/09/09,11.98
2005/09/10,11.248669813338823
2005/09/11,11.194834486347546
2005/09/12,11.65
2005/09/13,12.39
2005/09/14,12.91
2005/09/15,12.49
2005/09/16,11.22
2005/09/17,10.937103262483152
2005/09/18,11.502775423440543
2005/09/19,12.14
2005/09/20,12.64
2005/09/21,13.79
2005/09/22,13.33
2005/09/23,12.96
2005/09/24,12.97780772300332
2005/09/25,13.09036038831467
2005/09/26,13.04
2005/09/27,12.76
2005/09/28,12.63
2005/09/29,12.24
2005/09/30,11.92
2005/10/01,11.867101256295822
2005/10/02,12.062983861659308
2005/10/03,12.46
2005/10/04,13.2
2005/10/05,14.55
2005/10/06,14.96
2005/10/07,14.59
2005/10/08,14.698719827076603
2005/10/09,15.185753573477866
2005/10/10,15.55
2005/10/11,15.63
2005/10/12,16.22
2005/10/13,16.47
2005/10/14,14.87
2005/10/15,13.737984156564794
2005/10/16,13.704480333175061
2005/10/17,14.67
2005/10/18,15.33
2005/10/19,13.5
2005/10/20,16.11
2005/10/21,16.13
2005/10/22,15.393410860609873
2005/10/23,14.96244613211987
2005/10/24,14.74
2005/10/25,14.53
2005/10/26,14.59
2005/10/27,16.02
2005/10/28,14.25
2005/10/29,13.641482948238945
2005/10/30,14.506956787558952
2005/10/31,15.32
2005/11/01,14.85
2005/11/02,13.48
2005/11/03,13
2005/11/04,13.17
2005/11/05,13.245198653314395
2005/11/06,13.178074817548827
2005/11/07,13.1
2005/11/08,13.08
2005/11/09,12.8
2005/11/10,11.9
2005/11/11,11.63
2005/11/12,11.773156672676864
2005/11/13,12.02181987985658
2005/11/14,12.18
2005/11/15,12.23
2005/11/16,12.26
2005/11/17,11.25
2005/11/18,11.12
2005/11/19,11.180053426797748
2005/11/20,11.08223463396913
2005/11/21,10.82
2005/11/22,10.6
2005/11/23,10.96
2005/11/24,10.979864427126302
2005/11/25,10.88
2005/11/26,11.134082523009805
2005/11/27,11.566660356546173
2005/11/28,11.84
2005/11/29,11.89
2005/11/30,12.06
2005/12/01,11.24
2005/12/02,11.01
2005/12/03,11.244983255509569
2005/12/04,11.540653619714233
2005/12/05,11.6
2005/12/06,11.52
2005/12/07,12.18
2005/12/08,12.21
2005/12/09,11.69
2005/12/10,11.459939402066398
2005/12/11,11.482226672879598
2005/12/12,11.47
2005/12/13,11.11
2005/12/14,10.48
2005/12/15,10.73
2005/12/16,10.68
2005/12/17,10.844315437395672
2005/12/18,11.19327530524171
2005/12/19,11.38
2005/12/20,11.19
2005/12/21,10.81
2005/12/22,10.29
2005/12/23,10.27
2005/12/24,10.630285321220601
2005/12/25,11.116192286379647
2005/12/26,11.504003108348869
2005/12/27,11.57
2005/12/28,11.35
2005/12/29,11.61
2005/12/30,12.07
2005/12/31,12.060103031654332
2006/01/01,11.688070803913137
2006/01/02,11.274503174215376
2006/01/03,11.14
2006/01/04,11.37
2006/01/05,11.31
2006/01/06,11
2006/01/07,10.987058512544866
2006/01/08,11.140852471569142
2006/01/09,11.13
2006/01/10,10.86
2006/01/11,10.94
2006/01/12,11.2
2006/01/13,11.23
2006/01/14,11.19549967711195
2006/01/15,11.236180738295724
2006/01/16,11.443771430331637
2006/01/17,11.91
2006/01/18,12.25
2006/01/19,11.98
2006/01/20,14.56
2006/01/21,15.703599828341723
2006/01/22,15.051839184988605
2006/01/23,13.929999999999998
2006/01/24,13.31
2006/01/25,12.87
2006/01/26,12.42
2006/01/27,11.97
2006/01/28,11.725507513525441
2006/01/29,11.828170315114246
2006/01/30,12.39
2006/01/31,12.95
2006/02/01,12.36
2006/02/02,13.23
2006/02/03,12.96
2006/02/04,12.530462534726562
2006/02/05,12.524183568189782
2006/02/06,13.04
2006/02/07,13.59
2006/02/08,12.83
2006/02/09,13.12
2006/02/10,12.87
2006/02/11,13.147861417546245
2006/02/12,13.633955189119396
2006/02/13,13.35
2006/02/14,12.25
2006/02/15,12.31
2006/02/16,11.48
2006/02/17,12.01
2006/02/18,12.672071886963547
2006/02/19,12.944229857538085
2006/02/20,12.84927289934358
2006/02/21,12.41
2006/02/22,11.88
2006/02/23,11.87
2006/02/24,11.46
2006/02/25,11.044887783010825
2006/02/26,11.004672092710706
2006/02/27,11.59
2006/02/28,12.34
2006/03/01,11.54
2006/03/02,11.72
2006/03/03,11.96
2006/03/04,12.224392009795897
2006/03/05,12.52660701938763
2006/03/06,12.74
2006/03/07,12.66
2006/03/08,12.32
2006/03/09,12.68
2006/03/10,11.85
2006/03/11,11.490746189737672
2006/03/12,11.589280935224878
2006/03/13,11.37
2006/03/14,10.74
2006/03/15,11.35
2006/03/16,11.98
2006/03/17,12.12
2006/03/18,12.053775674445193
2006/03/19,11.919510831871637
2006/03/20,11.79
2006/03/21,11.62
2006/03/22,11.21
2006/03/23,11.17
2006/03/24,11.19
2006/03/25,11.179914436218448
2006/03/26,11.234450450462518
2006/03/27,11.46
2006/03/28,11.58
2006/03/29,10.95
2006/03/30,11.57
2006/03/31,11.39
2006/04/01,11.378449901576847
2006/04/02,11.600351018550215
2006/04/03,11.57
2006/04/04,11.14
2006/04/05,11.13
2006/04/06,11.45
2006/04/07,12.26
2006/04/08,12.340319609672783
2006/04/09,12.028709889859888
2006/04/10,12.19
2006/04/11,13
2006/04/12,12.76
2006/04/13,12.38
2006/04/14,12.547781472743013
2006/04/15,12.963478049252934
2006/04/16,13.137435601136389
2006/04/17,12.58
2006/04/18,11.4
2006/04/19,11.32
2006/04/20,11.64
2006/04/21,11.59
2006/04/22,11.579465570361364
2006/04/23,11.6680168713768
2006/04/24,11.75
2006/04/25,11.75
2006/04/26,11.76
2006/04/27,11.84
2006/04/28,11.59
2006/04/29,11.889170573430032
2006/04/30,12.442488165981615
2006/05/01,12.54
2006/05/02,11.99
2006/05/03,11.99
2006/05/04,11.86
2006/05/05,11.62
2006/05/06,11.624238225374416
2006/05/07,11.809127703977373
2006/05/08,12
2006/05/09,11.99
2006/05/10,11.78
2006/05/11,12.49
2006/05/12,14.19
2006/05/13,14.928176956808256
2006/05/14,14.565929944951051
2006/05/15,13.570000000000002
2006/05/16,13.35
2006/05/17,16.26
2006/05/18,16.99
2006/05/19,17.18
2006/05/20,17.246228942620665
2006/05/21,17.320395593537143
2006/05/22,17.72
2006/05/23,18.26
2006/05/24,17.36
2006/05/25,15.5
2006/05/26,14.26
2006/05/27,15.029709540922614
2006/05/28,16.965773532147683
2006/05/29,18.648950757298913
2006/05/30,18.66
2006/05/31,16.44
2006/06/01,14.52
2006/06/02,14.32
2006/06/03,14.897233300940735
2006/06/04,15.755082383159499
2006/06/05,16.65
2006/06/06,17.34
2006/06/07,17.8
2006/06/08,18.35
2006/06/09,18.12
2006/06/10,17.96431799444102
2006/06/11,18.69392408855203
2006/06/12,20.96
2006/06/13,23.81
2006/06/14,21.46
2006/06/15,15.9
2006/06/16,17.25
2006/06/17,18.79449315415645
2006/06/18,18.71636315099841
2006/06/19,17.83
2006/06/20,16.69
2006/06/21,15.52
2006/06/22,15.88
2006/06/23,15.89
2006/06/24,15.547282976355739
2006/06/25,15.32603098717573
2006/06/26,15.62
2006/06/27,16.4
2006/06/28,15.79
2006/06/29,13.03
2006/06/30,13.08
2006/07/01,13.244948964306703
2006/07/02,12.999223969371583
2006/07/03,13.05
2006/07/04,13.764482656351205
2006/07/05,14.15
2006/07/06,13.65
2006/07/07,13.97
2006/07/08,14.460033111046815
2006/07/09,14.578155253847427
2006/07/10,14.02
2006/07/11,13.14
2006/07/12,14.49
2006/07/13,17.79
2006/07/14,18.05
2006/07/15,18.067790741016424
2006/07/16,18.463173691157476
2006/07/17,18.64
2006/07/18,17.74
2006/07/19,15.55
2006/07/20,16.21
2006/07/21,17.4
2006/07/22,17.103974035015753
2006/07/23,15.920222565904481
2006/07/24,14.98
2006/07/25,14.85
2006/07/26,14.62
2006/07/27,14.94
2006/07/28,14.33
2006/07/29,14.111120360345877
2006/07/30,14.44953753509746
2006/07/31,14.95
2006/08/01,15.05
2006/08/02,14.34
2006/08/03,14.46
2006/08/04,14.34
2006/08/05,14.515776208944391
2006/08/06,14.939675643183715
2006/08/07,15.23
2006/08/08,15.23
2006/08/09,15.2
2006/08/10,14.46
2006/08/11,14.3
2006/08/12,14.45636689370333
2006/08/13,14.53461939340687
2006/08/14,14.26
2006/08/15,13.42
2006/08/16,12.41
2006/08/17,12.24
2006/08/18,11.64
2006/08/19,11.556927078818468
2006/08/20,11.929287555250841
2006/08/21,12.22
2006/08/22,12.19
2006/08/23,12.4
2006/08/24,12.4
2006/08/25,12.31
2006/08/26,12.206392016020077
2006/08/27,12.141148599167034
2006/08/28,12.18
2006/08/29,12.28
2006/08/30,12.22
2006/08/31,12.31
2006/09/01,11.96
2006/09/02,11.606992916490224
2006/09/03,11.516916559795492
2006/09/04,11.815881923203014
2006/09/05,12.63
2006/09/06,13.74
2006/09/07,13.88
2006/09/08,13.16
2006/09/09,13.029479741386838
2006/09/10,13.2321783801174
2006/09/11,12.99
2006/09/12,11.92
2006/09/13,11.18
2006/09/14,11.55
2006/09/15,11.76
2006/09/16,11.690152150085678
2006/09/17,11.611092138052554
2006/09/18,11.78
2006/09/19,11.98
2006/09/20,11.39
2006/09/21,12.25
2006/09/22,12.59
2006/09/23,12.64220790331506
2006/09/24,12.536548820133927
2006/09/25,12.12
2006/09/26,11.53
2006/09/27,11.58
2006/09/28,11.72
2006/09/29,11.98
2006/09/30,12.30971847020143
2006/10/01,12.557663412021665
2006/10/02,12.57
2006/10/03,12.24
2006/10/04,11.86
2006/10/05,11.98
2006/10/06,11.56
2006/10/07,11.442460123507264
2006/10/08,11.617425472216414
2006/10/09,11.68
2006/10/10,11.52
2006/10/11,11.62
2006/10/12,11.09
2006/10/13,10.75
2006/10/14,10.573640000468224
2006/10/15,10.624100037928256
2006/10/16,11.09
2006/10/17,11.73
2006/10/18,11.34
2006/10/19,10.9
2006/10/20,10.63
2006/10/21,10.748300914098133
2006/10/22,11.024257090314734
2006/10/23,11.08
2006/10/24,10.78
2006/10/25,10.66
2006/10/26,10.56
2006/10/27,10.8
2006/10/28,11.087834175243803
2006/10/29,11.249437602963917
2006/10/30,11.2
2006/10/31,11.1
2006/11/01,11.51
2006/11/02,11.42
2006/11/03,11.16
2006/11/04,11.057493547370052
2006/11/05,11.086302707297808
2006/11/06,11.16
2006/11/07,11.09
2006/11/08,10.75
2006/11/09,11.01
2006/11/10,10.79
2006/11/11,10.755690325353871
2006/11/12,10.898188471307535
2006/11/13,10.86
2006/11/14,10.5
2006/11/15,10.31
2006/11/16,10.16
2006/11/17,10.05
2006/11/18,10.025485424566924
2006/11/19,10.02695241908441
2006/11/20,9.97
2006/11/21,9.9
2006/11/22,10.14
2006/11/23,10.361256104716345
2006/11/24,10.73
2006/11/25,11.451211033855353
2006/11/26,12.148468105040036
2006/11/27,12.3
2006/11/28,11.62
2006/11/29,10.83
2006/11/30,10.91
2006/12/01,11.66
2006/12/02,11.80690233554655
2006/12/03,11.477968262983431
2006/12/04,11.23
2006/12/05,11.27
2006/12/06,11.33
2006/12/07,12.67
2006/12/08,12.07
2006/12/09,11.242782275422966
2006/12/10,10.823544512593898
2006/12/11,10.71
2006/12/12,10.65
2006/12/13,10.18
2006/12/14,9.97
2006/12/15,10.05
2006/12/16,10.32846352644586
2006/12/17,10.595537501706717
2006/12/18,10.6
2006/12/19,10.3
2006/12/20,10.26
2006/12/21,10.53
2006/12/22,11.36
2006/12/23,11.953579725792231
2006/12/24,12.108517777898832
2006/12/25,11.864196941056019
2006/12/26,11.26
2006/12/27,10.64
2006/12/28,10.99
2006/12/29,11.56
2006/12/30,12.07713342014858
2006/12/31,12.470729559735654
2007/01/01,12.653758989248438
2007/01/02,12.539192279174149
2007/01/03,12.04
2007/01/04,11.51
2007/01/05,12.14
2007/01/06,12.42846606319679
2007/01/07,12.237097090053812
2007/01/08,12
2007/01/09,11.91
2007/01/10,11.47
2007/01/11,10.87
2007/01/12,10.15
2007/01/13,9.97810121418122
2007/01/14,10.256271111168894
2007/01/15,10.62880545257212
2007/01/16,10.74
2007/01/17,10.59
2007/01/18,10.85
2007/01/19,10.4
2007/01/20,10.326685430341406
2007/01/21,10.61762015133443
2007/01/22,10.77
2007/01/23,10.34
2007/01/24,9.89
2007/01/25,11.22
2007/01/26,11.13
2007/01/27,11.10562131135591
2007/01/28,11.388656119752314
2007/01/29,11.45
2007/01/30,10.96
2007/01/31,10.42
2007/02/01,10.31
2007/02/02,10.08
2007/02/03,10.062829922775386
2007/02/04,10.271193138285104
2007/02/05,10.55
2007/02/06,10.65
2007/02/07,10.32
2007/02/08,10.44
2007/02/09,11.1
2007/02/10,11.841982267949117
2007/02/11,12.173211748932408
2007/02/12,11.61
2007/02/13,10.34
2007/02/14,10.23
2007/02/15,10.22
2007/02/16,10.02
2007/02/17,9.948800264537615
2007/02/18,10.017297165070756
2007/02/19,10.14214548306852
2007/02/20,10.24
2007/02/21,10.2
2007/02/22,10.18
2007/02/23,10.58
2007/02/24,8.821501727992155
2007/02/25,7.578623557391041
2007/02/26,11.149999999999999
2007/02/27,18.31
2007/02/28,15.419999999999998
2007/03/01,15.82
2007/03/02,18.61
2007/03/03,20.888138259118218
2007/03/04,21.53631536994228
2007/03/05,19.63
2007/03/06,15.96
2007/03/07,15.24
2007/03/08,14.29
2007/03/09,14.09
2007/03/10,12.9486138131212
2007/03/11,12.125887218807977
2007/03/12,13.990000000000002
2007/03/13,18.13
2007/03/14,17.27
2007/03/15,16.43
2007/03/16,16.79
2007/03/17,16.620781716798856
2007/03/18,15.774453051949708
2007/03/19,14.59
2007/03/20,13.27
2007/03/21,12.19
2007/03/22,12.93
2007/03/23,12.95
2007/03/24,12.921800143043061
2007/03/25,13.064471384720559
2007/03/26,13.16
2007/03/27,13.48
2007/03/28,14.98
2007/03/29,15.14
2007/03/30,14.64
2007/03/31,14.681571567267103
2007/04/01,14.894452010738064
2007/04/02,14.53
2007/04/03,13.46
2007/04/04,13.24
2007/04/05,13.23
2007/04/06,13.382514674535933
2007/04/07,13.575103366612794
2007/04/08,13.572640375383257
2007/04/09,13.14
2007/04/10,12.68
2007/04/11,13.49
2007/04/12,12.71
2007/04/13,12.2
2007/04/14,12.005056085749366
2007/04/15,11.934959005536776
2007/04/16,11.98
2007/04/17,12.14
2007/04/18,12.42
2007/04/19,12.54
2007/04/20,12.07
2007/04/21,12.123583542849607
2007/04/22,12.618537734069257
2007/04/23,13.04
2007/04/24,13.12
2007/04/25,13.21
2007/04/26,12.79
2007/04/27,12.45
2007/04/28,13.015523070601049
2007/04/29,13.916824652363696
2007/04/30,14.219999999999999
2007/05/01,13.51
2007/05/02,13.08
2007/05/03,13.09
2007/05/04,12.91
2007/05/05,12.834249231060761
2007/05/06,12.934654788110205
2007/05/07,13.15
2007/05/08,13.21
2007/05/09,12.88
2007/05/10,13.6
2007/05/11,12.95
2007/05/12,12.801391068982454
2007/05/13,13.351917700644053
2007/05/14,13.96
2007/05/15,14.01
2007/05/16,13.5
2007/05/17,13.51
2007/05/18,12.76
2007/05/19,12.62220255875872
2007/05/20,13.032179816142916
2007/05/21,13.3
2007/05/22,13.06
2007/05/23,13.24
2007/05/24,14.08
2007/05/25,13.34
2007/05/26,13.018354581878238
2007/05/27,13.34045409556781
2007/05/28,13.709826561473477
2007/05/29,13.53
2007/05/30,12.83
2007/05/31,13.05
2007/06/01,12.78
2007/06/02,12.707347959916223
2007/06/03,12.956673033361772
2007/06/04,13.29
2007/06/05,13.63
2007/06/06,14.87
2007/06/07,17.06
2007/06/08,14.84
2007/06/09,12.958829930123997
2007/06/10,12.961422771690565
2007/06/11,14.710000000000004
2007/06/12,16.67
2007/06/13,14.73
2007/06/14,13.64
2007/06/15,13.94
2007/06/16,14.275581986238672
2007/06/17,14.177502366946616
2007/06/18,13.42
2007/06/19,12.85
2007/06/20,14.67
2007/06/21,14.21
2007/06/22,15.75
2007/06/23,15.97759526376247
2007/06/24,15.481518548102677
2007/06/25,16.65
2007/06/26,18.89
2007/06/27,15.53
2007/06/28,15.54
2007/06/29,16.23
2007/06/30,16.317441300272467
2007/07/01,15.986247365046335
2007/07/02,15.4
2007/07/03,14.92
2007/07/04,15.247778105314977
2007/07/05,15.48
2007/07/06,14.72
2007/07/07,13.808450398150256
2007/07/08,13.675655746243088
2007/07/09,15.16
2007/07/10,17.57
2007/07/11,16.64
2007/07/12,15.54
2007/07/13,15.15
2007/07/14,15.225331685628918
2007/07/15,15.47509610931094
2007/07/16,15.59
2007/07/17,15.63
2007/07/18,16
2007/07/19,15.23
2007/07/20,16.95
2007/07/21,17.250074588599556
2007/07/22,16.486936330689574
2007/07/23,16.81
2007/07/24,18.55
2007/07/25,18.1
2007/07/26,20.74
2007/07/27,24.17
2007/07/28,23.777291655322472
2007/07/29,21.469262396970176
2007/07/30,20.869999999999997
2007/07/31,23.52
2007/08/01,23.67
2007/08/02,21.22
2007/08/03,25.16
2007/08/04,26.81780653607038
2007/08/05,25.23860763788062
2007/08/06,22.94
2007/08/07,21.56
2007/08/08,21.45
2007/08/09,26.48
2007/08/10,28.3
2007/08/11,27.93026029810834
2007/08/12,27.045882077388598
2007/08/13,26.57
2007/08/14,27.68
2007/08/15,30.67
2007/08/16,30.83
2007/08/17,29.99
2007/08/18,28.751356783151614
2007/08/19,27.389257071805886
2007/08/20,26.33
2007/08/21,25.25
2007/08/22,22.89
2007/08/23,22.62
2007/08/24,20.72
2007/08/25,19.257953718605588
2007/08/26,19.687302739519865
2007/08/27,22.72
2007/08/28,26.3
2007/08/29,23.81
2007/08/30,25.06
2007/08/31,23.38
2007/09/01,21.442149279766852
2007/09/02,20.680129604835717
2007/09/03,21.118045127486724
2007/09/04,22.78
2007/09/05,24.58
2007/09/06,23.99
2007/09/07,26.23
2007/09/08,28.207677936587075
2007/09/09,28.616456197207896
2007/09/10,27.38
2007/09/11,25.27
2007/09/12,24.96
2007/09/13,24.76
2007/09/14,24.92
2007/09/15,27.054566564006667
2007/09/16,28.75061245607877
2007/09/17,26.48
2007/09/18,20.35
2007/09/19,20.03
2007/09/20,20.45
2007/09/21,19
2007/09/22,18.60062679250031
2007/09/23,19.125528032711433
2007/09/24,19.37
2007/09/25,18.6
2007/09/26,17.63
2007/09/27,17
2007/09/28,18
2007/09/29,18.29790081236525
2007/09/30,17.928812533484038
2007/10/01,17.84
2007/10/02,18.49
2007/10/03,18.8
2007/10/04,18.44
2007/10/05,16.91
2007/10/06,16.7831067889468
2007/10/07,17.506486520717054
2007/10/08,17.46
2007/10/09,16.12
2007/10/10,16.67
2007/10/11,18.88
2007/10/12,17.73
2007/10/13,17.132048451253443
2007/10/14,17.88678064156232
2007/10/15,19.25
2007/10/16,20.02
2007/10/17,18.54
2007/10/18,18.5
2007/10/19,22.96
2007/10/20,24.85496142279076
2007/10/21,23.742131944869733
2007/10/22,21.64
2007/10/23,20.41
2007/10/24,20.8
2007/10/25,21.17
2007/10/26,19.56
2007/10/27,18.320078298663994
2007/10/28,18.35324673304054
2007/10/29,19.87
2007/10/30,21.07
2007/10/31,18.53
2007/11/01,23.21
2007/11/02,23.01
2007/11/03,23.799329962259325
2007/11/04,25.42477994751415
2007/11/05,24.309999999999995
2007/11/06,21.39
2007/11/07,26.489999999999995
2007/11/08,26.16
2007/11/09,28.5
2007/11/10,32.43511747949748
2007/11/11,34.335363023543955
2007/11/12,31.09
2007/11/13,24.1
2007/11/14,25.94
2007/11/15,28.06
2007/11/16,25.49
2007/11/17,24.79374391857231
2007/11/18,25.82662928837302
2007/11/19,26.009999999999998
2007/11/20,24.88
2007/11/21,26.84
2007/11/22,26.611635148696966
2007/11/23,25.61
2007/11/24,26.75043619533875
2007/11/25,28.66384086229769
2007/11/26,28.91
2007/11/27,26.28
2007/11/28,24.11
2007/11/29,23.97
2007/11/30,22.87
2007/12/01,22.456219150799004
2007/12/02,22.90894364642688
2007/12/03,23.61
2007/12/04,23.79
2007/12/05,22.53
2007/12/06,20.96
2007/12/07,20.85
2007/12/08,20.081586624984006
2007/12/09,19.433137880574193
2007/12/10,20.74
2007/12/11,23.59
2007/12/12,22.47
2007/12/13,22.56
2007/12/14,23.27
2007/12/15,24.317067771770983
2007/12/16,25.048938161828637
2007/12/17,24.52
2007/12/18,22.64
2007/12/19,21.68
2007/12/20,20.58
2007/12/21,18.47
2007/12/22,17.750758328715392
2007/12/23,18.180892113284777
2007/12/24,18.6
2007/12/25,18.33473905202349
2007/12/26,18.66
2007/12/27,20.26
2007/12/28,20.74
2007/12/29,21.094599435293063
2007/12/30,21.707103290934782
2007/12/31,22.5
2008/01/01,23.252412281726016
2008/01/02,23.17
2008/01/03,22.49
2008/01/04,23.94
2008/01/05,24.100005294559708
2008/01/06,23.401219314132597
2008/01/07,23.79
2008/01/08,25.43
2008/01/09,24.12
2008/01/10,23.45
2008/01/11,23.68
2008/01/12,23.457730211741996
2008/01/13,22.988234451500425
2008/01/14,22.9
2008/01/15,23.34
2008/01/16,24.38
2008/01/17,28.46
2008/01/18,27.18
2008/01/19,26.938911912849285
2008/01/20,28.689784174050043
2008/01/21,30.643264348225777
2008/01/22,31.010000000000005
2008/01/23,29.02
2008/01/24,27.78
2008/01/25,29.08
2008/01/26,29.529314909174
2008/01/27,28.815740839445102
2008/01/28,27.78
2008/01/29,27.32
2008/01/30,27.62
2008/01/31,26.2
2008/02/01,24.02
2008/02/02,23.278641729640178
2008/02/03,24.0877585849689
2008/02/04,25.99
2008/02/05,28.24
2008/02/06,28.97
2008/02/07,27.66
2008/02/08,28.01
2008/02/09,28.430177243788137
2008/02/10,28.27393542485359
2008/02/11,27.6
2008/02/12,26.33
2008/02/13,24.88
2008/02/14,25.54
2008/02/15,25.02
2008/02/16,25.033415960555356
2008/02/17,25.675470397932518
2008/02/18,26.13228963634342
2008/02/19,25.589999999999996
2008/02/20,24.4
2008/02/21,25.12
2008/02/22,24.06
2008/02/23,23.529659061724225
2008/02/24,23.564504632804326
2008/02/25,23.03
2008/02/26,21.9
2008/02/27,22.69
2008/02/28,23.53
2008/02/29,26.54
2008/03/01,27.81375097252617
2008/03/02,27.24480528594669
2008/03/03,26.28
2008/03/04,25.52
2008/03/05,24.6
2008/03/06,27.55
2008/03/07,27.49
2008/03/08,28.504418983466778
2008/03/09,30.063417623067572
2008/03/10,29.38
2008/03/11,26.36
2008/03/12,27.22
2008/03/13,27.29
2008/03/14,31.16
2008/03/15,35.27408973800256
2008/03/16,36.40491767562371
2008/03/17,32.24
2008/03/18,25.79
2008/03/19,29.840000000000003
2008/03/20,26.62
2008/03/21,23.759514461665148
2008/03/22,23.642072285412382
2008/03/23,24.791093966453424
2008/03/24,25.73
2008/03/25,25.72
2008/03/26,26.08
2008/03/27,25.88
2008/03/28,25.71
2008/03/29,26.473473038036666
2008/03/30,27.006007343762843
2008/03/31,25.61
2008/04/01,22.68
2008/04/02,23.43
2008/04/03,23.21
2008/04/04,22.45
2008/04/05,22.245714162991327
2008/04/06,22.38688912643429
2008/04/07,22.42
2008/04/08,22.36
2008/04/09,22.81
2008/04/10,21.98
2008/04/11,23.46
2008/04/12,24.451352298036408
2008/04/13,24.37458227801362
2008/04/14,23.82
2008/04/15,22.78
2008/04/16,20.53
2008/04/17,20.37
2008/04/18,20.13
2008/04/19,19.94489989108842
2008/04/20,20.069852057395835
2008/04/21,20.5
2008/04/22,20.87
2008/04/23,20.26
2008/04/24,20.06
2008/04/25,19.59
2008/04/26,19.31021761680934
2008/04/27,19.355667310732866
2008/04/28,19.64
2008/04/29,20.24
2008/04/30,20.79
2008/05/01,18.88
2008/05/02,18.18
2008/05/03,18.61324381810387
2008/05/04,19.149759590070236
2008/05/05,18.9
2008/05/06,18.21
2008/05/07,19.73
2008/05/08,19.4
2008/05/09,19.41
2008/05/10,18.996494672573025
2008/05/11,18.233722784163213
2008/05/12,17.79
2008/05/13,17.98
2008/05/14,17.66
2008/05/15,16.3
2008/05/16,16.47
2008/05/17,16.78647324933706
2008/05/18,16.884374356535545
2008/05/19,17.01
2008/05/20,17.58
2008/05/21,18.59
2008/05/22,18.05
2008/05/23,19.55
2008/05/24,20.646222198039716
2008/05/25,20.734245157299334
2008/05/26,20.252645537909284
2008/05/27,19.64
2008/05/28,19.07
2008/05/29,18.14
2008/05/30,17.83
2008/05/31,18.35578719891936
2008/06/01,19.222750413498463
2008/06/02,19.83
2008/06/03,20.24
2008/06/04,20.8
2008/06/05,18.63
2008/06/06,23.56
2008/06/07,25.951368105158693
2008/06/08,24.810663652163804
2008/06/09,23.12
2008/06/10,23.18
2008/06/11,24.12
2008/06/12,23.33
2008/06/13,21.22
2008/06/14,20.37613799952939
2008/06/15,20.622551779660533
2008/06/16,20.95
2008/06/17,21.13
2008/06/18,22.24
2008/06/19,21.58
2008/06/20,22.87
2008/06/21,23.40166019283071
2008/06/22,22.968397377798283
2008/06/23,22.64
2008/06/24,22.42
2008/06/25,21.14
2008/06/26,23.93
2008/06/27,23.44
2008/06/28,23.25814734510503
2008/06/29,23.888585919421683
2008/06/30,23.95
2008/07/01,23.65
2008/07/02,25.92
2008/07/03,24.79
2008/07/04,24.74768855911123
2008/07/05,26.080162610006138
2008/07/06,27.015055355897978
2008/07/07,25.78
2008/07/08,23.15
2008/07/09,25.23
2008/07/10,25.59
2008/07/11,27.49
2008/07/12,28.396434484301423
2008/07/13,28.285666334263958
2008/07/14,28.48
2008/07/15,28.54
2008/07/16,25.1
2008/07/17,25.01
2008/07/18,24.05
2008/07/19,23.700372511979737
2008/07/20,23.795396375169993
2008/07/21,23.05
2008/07/22,21.18
2008/07/23,21.31
2008/07/24,23.44
2008/07/25,22.91
2008/07/26,23.307831566314857
2008/07/27,24.391162597175054
2008/07/28,24.23
2008/07/29,22.03
2008/07/30,21.21
2008/07/31,22.94
2008/08/01,22.57
2008/08/02,22.994561880796258
2008/08/03,23.903202243619056
2008/08/04,23.49
2008/08/05,21.14
2008/08/06,20.23
2008/08/07,21.15
2008/08/08,20.66
2008/08/09,19.936023957348837
2008/08/10,19.68459193343823
2008/08/11,20.12
2008/08/12,21.17
2008/08/13,21.55
2008/08/14,20.34
2008/08/15,19.58
2008/08/16,19.657319145100917
2008/08/17,20.241052264347395
2008/08/18,20.98
2008/08/19,21.28
2008/08/20,20.42
2008/08/21,19.82
2008/08/22,18.81
2008/08/23,19.1095005610536
2008/08/24,20.253787391156603
2008/08/25,20.97
2008/08/26,20.49
2008/08/27,19.76
2008/08/28,19.43
2008/08/29,20.65
2008/08/30,21.958124126254155
2008/08/31,22.74096878720617
2008/09/01,22.813329054555098
2008/09/02,21.99
2008/09/03,21.43
2008/09/04,24.03
2008/09/05,23.06
2008/09/06,21.377084568515272
2008/09/07,20.952613898143575
2008/09/08,22.64
2008/09/09,25.47
2008/09/10,24.52
2008/09/11,24.39
2008/09/12,25.66
2008/09/13,28.763942137506735
2008/09/14,31.701648968700557
2008/09/15,31.7
2008/09/16,30.3
2008/09/17,36.22
2008/09/18,33.1
2008/09/19,32.07
2008/09/20,32.20762092695204
2008/09/21,32.59564525520843
2008/09/22,33.85
2008/09/23,35.72
2008/09/24,35.19
2008/09/25,32.82
2008/09/26,34.74
2008/09/27,41.14253022307203
2008/09/28,47.075537982598995
2008/09/29,46.72
2008/09/30,39.39
2008/10/01,39.81
2008/10/02,45.26
2008/10/03,45.14
2008/10/04,46.24039426743219
2008/10/05,49.27768057427751
2008/10/06,52.05
2008/10/07,53.68
2008/10/08,57.53
2008/10/09,63.92
2008/10/10,69.95
2008/10/11,68.70703758455099
2008/10/12,62.179944268983135
2008/10/13,54.99
2008/10/14,55.13
2008/10/15,69.25
2008/10/16,67.61
2008/10/17,70.33
2008/10/18,68.41464224490686
2008/10/19,61.07848576304846
2008/10/20,52.97
2008/10/21,53.11
2008/10/22,69.65
2008/10/23,67.8
2008/10/24,79.13
2008/10/25,88.96063276226378
2008/10/26,89.60370050921998
2008/10/27,80.06
2008/10/28,66.96
2008/10/29,69.96
2008/10/30,62.9
2008/10/31,59.89
2008/11/01,59.6569806105097
2008/11/02,58.378616681607554
2008/11/03,53.68
2008/11/04,47.73
2008/11/05,54.56
2008/11/06,63.68
2008/11/07,56.1
2008/11/08,53.143229956022196
2008/11/09,56.56953717867168
2008/11/10,59.98
2008/11/11,61.44
2008/11/12,66.46
2008/11/13,59.83
2008/11/14,66.31
2008/11/15,71.65102108044984
2008/11/16,71.80680460430756
2008/11/17,69.15
2008/11/18,67.64
2008/11/19,74.26
2008/11/20,80.86
2008/11/21,72.67
2008/11/22,66.8147117034602
2008/11/23,65.52377201184567
2008/11/24,64.7
2008/11/25,60.9
2008/11/26,54.92
2008/11/27,52.95841154859003
2008/11/28,55.84
2008/11/29,62.055325974947124
2008/11/30,67.75625998160233
2008/12/01,68.51
2008/12/02,62.98
2008/12/03,60.72
2008/12/04,63.64
2008/12/05,59.93
2008/12/06,57.15195665051377
2008/12/07,57.11610009328345
2008/12/08,58.49
2008/12/09,58.91
2008/12/10,55.73
2008/12/11,55.78
2008/12/12,54.28
2008/12/13,55.23754711577947
2008/12/14,57.29640714124931
2008/12/15,56.76
2008/12/16,52.37
2008/12/17,49.84
2008/12/18,47.34
2008/12/19,44.93
2008/12/20,43.84041462758401
2008/12/21,43.89955963199529
2008/12/22,44.56
2008/12/23,45.02
2008/12/24,44.21
2008/12/25,43.448155399307865
2008/12/26,43.38
2008/12/27,44.06082651323113
2008/12/28,44.60696385676085
2008/12/29,43.9
2008/12/30,41.63
2008/12/31,40
2009/01/01,39.230249244737244
2009/01/02,39.19
2009/01/03,39.693447576992654
2009/01/04,39.964619183158376
2009/01/05,39.08
2009/01/06,38.56
2009/01/07,43.39
2009/01/08,42.56
2009/01/09,42.82
2009/01/10,45.09275478601104
2009/01/11,46.933143038011956
2009/01/12,45.84
2009/01/13,43.27
2009/01/14,49.14
2009/01/15,51
2009/01/16,46.11
2009/01/17,47.80305627752233
2009/01/18,54.446775392035704
2009/01/19,59.557106810531224
2009/01/20,56.64999999999999
2009/01/21,46.42
2009/01/22,47.29
2009/01/23,47.27
2009/01/24,47.09321773240661
2009/01/25,47.04016142981036
2009/01/26,45.69
2009/01/27,42.25
2009/01/28,39.66
2009/01/29,42.63
2009/01/30,44.84
2009/01/31,46.315873322696156
2009/02/01,46.85464230332504
2009/02/02,45.52
2009/02/03,43.06
2009/02/04,43.85
2009/02/05,43.73
2009/02/06,43.37
2009/02/07,42.45776124052679
2009/02/08,42.016712795830344
2009/02/09,43.64
2009/02/10,46.67
2009/02/11,44.53
2009/02/12,41.25
2009/02/13,42.93
2009/02/14,45.29075004642278
2009/02/15,46.95252902435575
2009/02/16,48.03554349011085
2009/02/17,48.66
2009/02/18,48.46
2009/02/19,47.08
2009/02/20,49.3
2009/02/21,53.22793202492998
2009/02/22,55.42615548691023
2009/02/23,52.62
2009/02/24,45.49
2009/02/25,44.67
2009/02/26,44.66
2009/02/27,46.35
2009/02/28,49.09498429603078
2009/03/01,51.58253644017838
2009/03/02,52.65
2009/03/03,50.93
2009/03/04,47.56
2009/03/05,50.17
2009/03/06,49.33
2009/03/07,50.059547930487696
2009/03/08,51.46670663139166
2009/03/09,49.68
2009/03/10,44.37
2009/03/11,43.61
2009/03/12,41.18
2009/03/13,42.36
2009/03/14,44.25320723126172
2009/03/15,44.95994737089545
2009/03/16,43.74
2009/03/17,40.8
2009/03/18,40.06
2009/03/19,43.68
2009/03/20,45.89
2009/03/21,45.745552388960526
2009/03/22,44.434296870839276
2009/03/23,43.23
2009/03/24,42.93
2009/03/25,42.25
2009/03/26,40.36
2009/03/27,41.04
2009/03/28,43.06683173786099
2009/03/29,44.942915369762446
2009/03/30,45.54
2009/03/31,44.14
2009/04/01,42.28
2009/04/02,42.04
2009/04/03,39.7
2009/04/04,39.0683304891925
2009/04/05,40.068228890658105
2009/04/06,40.93
2009/04/07,40.39
2009/04/08,38.85
2009/04/09,36.53
2009/04/10,35.55986955177153
2009/04/11,35.93401902132856
2009/04/12,36.92615898022131
2009/04/13,37.81
2009/04/14,37.67
2009/04/15,36.17
2009/04/16,35.79
2009/04/17,33.94
2009/04/18,35.2448077239186
2009/04/19,38.23522796350102
2009/04/20,39.18
2009/04/21,37.14
2009/04/22,38.1
2009/04/23,37.15
2009/04/24,36.82
2009/04/25,37.21673857102835
2009/04/26,37.81920827087836
2009/04/27,38.32
2009/04/28,37.95
2009/04/29,36.08
2009/04/30,36.5
2009/05/01,35.3
2009/05/02,34.66147138564887
2009/05/03,34.73755346603531
2009/05/04,34.53
2009/05/05,33.36
2009/05/06,32.45
2009/05/07,33.44
2009/05/08,32.05
2009/05/09,31.99690635235414
2009/05/10,32.96492074246318
2009/05/11,32.87
2009/05/12,31.8
2009/05/13,33.65
2009/05/14,31.37
2009/05/15,33.12
2009/05/16,33.770936212251875
2009/05/17,32.334619715907124
2009/05/18,30.24
2009/05/19,28.8
2009/05/20,29.03
2009/05/21,31.35
2009/05/22,32.63
2009/05/23,32.22745933495704
2009/05/24,31.044081127665187
2009/05/25,30.151162356540738
2009/05/26,30.62
2009/05/27,32.36
2009/05/28,31.67
2009/05/29,28.92
2009/05/30,28.372718875477773
2009/05/31,29.437717559824726
2009/06/01,30.04
2009/06/02,29.63
2009/06/03,31.02
2009/06/04,30.18
2009/06/05,29.62
2009/06/06,29.98068491097779
2009/06/07,30.3665861656868
2009/06/08,29.77
2009/06/09,28.27
2009/06/10,28.46
2009/06/11,28.11
2009/06/12,28.15
2009/06/13,28.430207739801315
2009/06/14,29.159708480200493
2009/06/15,30.81
2009/06/16,32.68
2009/06/17,31.54
2009/06/18,30.03
2009/06/19,27.99
2009/06/20,28.223118498115024
2009/06/21,29.95903386350217
2009/06/22,31.17
2009/06/23,30.58
2009/06/24,29.05
2009/06/25,26.36
2009/06/26,25.93
2009/06/27,25.54827086197077
2009/06/28,25.061374104929723
2009/06/29,25.35
2009/06/30,26.35
2009/07/01,26.22
2009/07/02,27.95
2009/07/03,28.799701901014675
2009/07/04,28.58368542597299
2009/07/05,28.31332623794481
2009/07/06,29
2009/07/07,30.85
2009/07/08,31.3
2009/07/09,29.78
2009/07/10,29.02
2009/07/11,28.49531996966072
2009/07/12,27.675057313135213
2009/07/13,26.31
2009/07/14,25.02
2009/07/15,25.89
2009/07/16,25.42
2009/07/17,24.34
2009/07/18,24.081043158184332
2009/07/19,24.337515054352217
2009/07/20,24.4
2009/07/21,23.87
2009/07/22,23.47
2009/07/23,23.43
2009/07/24,23.09
2009/07/25,23.13169199751454
2009/07/26,23.60474523503384
2009/07/27,24.28
2009/07/28,25.01
2009/07/29,25.61
2009/07/30,25.4
2009/07/31,25.92
2009/08/01,26.246795049884206
2009/08/02,26.092150281717498
2009/08/03,25.56
2009/08/04,24.89
2009/08/05,24.9
2009/08/06,25.67
2009/08/07,24.76
2009/08/08,24.0425266381846
2009/08/09,24.14086177085264
2009/08/10,24.99
2009/08/11,25.99
2009/08/12,25.45
2009/08/13,24.71
2009/08/14,24.27
2009/08/15,25.656100099262208
2009/08/16,27.57940946849434
2009/08/17,27.89
2009/08/18,26.18
2009/08/19,26.26
2009/08/20,25.09
2009/08/21,25.01
2009/08/22,25.234208890871653
2009/08/23,25.285999133549275
2009/08/24,25.14
2009/08/25,24.92
2009/08/26,24.95
2009/08/27,24.68
2009/08/28,24.76
2009/08/29,24.36350098404273
2009/08/30,24.313782297165396
2009/08/31,26.01
2009/09/01,29.15
2009/09/02,28.9
2009/09/03,27.1
2009/09/04,25.26
2009/09/05,24.760653017491023
2009/09/06,25.23540806725811
2009/09/07,25.812459083396146
2009/09/08,25.620000000000005
2009/09/09,24.32
2009/09/10,23.55
2009/09/11,24.15
2009/09/12,24.523454035206843
2009/09/13,24.36373610982501
2009/09/14,23.86
2009/09/15,23.42
2009/09/16,23.69
2009/09/17,23.65
2009/09/18,23.92
2009/09/19,24.360611276676973
2009/09/20,24.544010954787463
2009/09/21,24.06
2009/09/22,23.08
2009/09/23,23.49
2009/09/24,24.95
2009/09/25,25.61
2009/09/26,25.440018637988988
2009/09/27,25.00424912202952
2009/09/28,24.88
2009/09/29,25.19
2009/09/30,25.61
2009/10/01,28.27
2009/10/02,28.68
2009/10/03,28.263942131981615
2009/10/04,27.685599139002647
2009/10/05,26.84
2009/10/06,25.7
2009/10/07,24.68
2009/10/08,24.18
2009/10/09,23.12
2009/10/10,22.66913653973517
2009/10/11,22.808137473831305
2009/10/12,23.01
2009/10/13,22.99
2009/10/14,22.86
2009/10/15,21.72
2009/10/16,21.43
2009/10/17,21.73572931018905
2009/10/18,21.95229789114578
2009/10/19,21.49
2009/10/20,20.9
2009/10/21,22.22
2009/10/22,20.69
2009/10/23,22.27
2009/10/24,23.94984777141658
2009/10/25,24.559758016266795
2009/10/26,24.31
2009/10/27,24.83
2009/10/28,27.91
2009/10/29,24.76
2009/10/30,30.69
2009/10/31,33.74599079429967
2009/11/01,32.2563619471903
2009/11/02,29.78
2009/11/03,28.81
2009/11/04,27.72
2009/11/05,25.43
2009/11/06,24.19
2009/11/07,23.653101454714665
2009/11/08,23.380227158441972
2009/11/09,23.15
2009/11/10,22.84
2009/11/11,23.04
2009/11/12,24.24
2009/11/13,23.36
2009/11/14,22.751978284347008
2009/11/15,22.796810368337145
2009/11/16,22.89
2009/11/17,22.41
2009/11/18,21.63
2009/11/19,22.63
2009/11/20,22.19
2009/11/21,21.718522021358503
2009/11/22,21.519839954242087
2009/11/23,21.16
2009/11/24,20.47
2009/11/25,20.48
2009/11/26,22.380097675980824
2009/11/27,24.85
2009/11/28,26.22767221963802
2009/11/29,26.133859032806537
2009/11/30,24.51
2009/12/01,21.92
2009/12/02,21.12
2009/12/03,22.46
2009/12/04,21.25
2009/12/05,20.299082868324376
2009/12/06,20.61437456964441
2009/12/07,22.1
2009/12/08,23.69
2009/12/09,22.66
2009/12/10,22.32
2009/12/11,21.59
2009/12/12,20.93880564588869
2009/12/13,20.748678573920277
2009/12/14,21.15
2009/12/15,21.49
2009/12/16,20.54
2009/12/17,22.51
2009/12/18,21.68
2009/12/19,20.972053718086684
2009/12/20,20.8994484650419
2009/12/21,20.49
2009/12/22,19.54
2009/12/23,19.71
2009/12/24,19.47
2009/12/25,19.304071989351804
2009/12/26,19.3979341405799
2009/12/27,19.642829221518042
2009/12/28,19.93
2009/12/29,20.01
2009/12/30,19.96
2009/12/31,21.68
2010/01/01,22.543625666972723
2010/01/02,22.171185232085413
2010/01/03,21.143152181155397
2010/01/04,20.04
2010/01/05,19.35
2010/01/06,19.16
2010/01/07,19.06
2010/01/08,18.13
2010/01/09,17.352515261512877
2010/01/10,17.126458116361345
2010/01/11,17.55
2010/01/12,18.25
2010/01/13,17.85
2010/01/14,17.63
2010/01/15,17.91
2010/01/16,17.906303035588017
2010/01/17,17.651743073741155
2010/01/18,17.443811575023716
2010/01/19,17.58
2010/01/20,18.68
2010/01/21,22.27
2010/01/22,27.31
2010/01/23,28.730140076409448
2010/01/24,27.25792644008168
2010/01/25,25.41
2010/01/26,24.55
2010/01/27,23.14
2010/01/28,23.73
2010/01/29,24.62
2010/01/30,24.54079755714876
2010/01/31,23.70619022525597
2010/02/01,22.59
2010/02/02,21.48
2010/02/03,21.6
2010/02/04,26.08
2010/02/05,26.11
2010/02/06,25.83081278360452
2010/02/07,26.283369646887742
2010/02/08,26.51
2010/02/09,26
2010/02/10,25.4
2010/02/11,23.96
2010/02/12,22.73
2010/02/13,22.19933316088933
2010/02/14,22.154581126157094
2010/02/15,22.277538528346312
2010/02/16,22.25
2010/02/17,21.72
2010/02/18,20.63
2010/02/19,20.02
2010/02/20,19.382975365034238
2010/02/21,19.104514005488234
2010/02/22,19.94
2010/02/23,21.37
2010/02/24,20.27
2010/02/25,20.1
2010/02/26,19.5
2010/02/27,19.172830440398627
2010/02/28,19.209691904650054
2010/03/01,19.26
2010/03/02,19.06
2010/03/03,18.83
2010/03/04,18.72
2010/03/05,17.42
2010/03/06,16.97561898891963
2010/03/07,17.37570853441183
2010/03/08,17.79
2010/03/09,17.92
2010/03/10,18.57
2010/03/11,18.06
2010/03/12,17.58
2010/03/13,17.601849545272273
2010/03/14,17.857135991451933
2010/03/15,18
2010/03/16,17.69
2010/03/17,16.91
2010/03/18,16.62
2010/03/19,16.97
2010/03/20,17.313234315186307
2010/03/21,17.34048268026568
2010/03/22,16.87
2010/03/23,16.35
2010/03/24,17.55
2010/03/25,18.4
2010/03/26,17.77
2010/03/27,17.536093732182735
2010/03/28,17.701209042610135
2010/03/29,17.59
2010/03/30,17.13
2010/03/31,17.59
2010/04/01,17.47
2010/04/02,17.45271523920021
2010/04/03,17.59223040367221
2010/04/04,17.558130366308106
2010/04/05,17.02
2010/04/06,16.23
2010/04/07,16.62
2010/04/08,16.48
2010/04/09,16.14
2010/04/10,15.660826033489496
2010/04/11,15.331882088053549
2010/04/12,15.58
2010/04/13,16.2
2010/04/14,15.59
2010/04/15,15.89
2010/04/16,18.36
2010/04/17,19.572161030271577
2010/04/18,19.034417390010265
2010/04/19,17.34
2010/04/20,15.73
2010/04/21,16.32
2010/04/22,16.47
2010/04/23,16.62
2010/04/24,15.470146898683868
2010/04/25,14.810802552585256
2010/04/26,17.47
2010/04/27,22.81
2010/04/28,21.08
2010/04/29,18.44
2010/04/30,22.05
2010/05/01,22.3378382766816
2010/05/02,20.135503499907443
2010/05/03,20.189999999999998
2010/05/04,23.84
2010/05/05,24.91
2010/05/06,32.8
2010/05/07,40.95
2010/05/08,40.103240881233674
2010/05/09,33.807805461086396
2010/05/10,28.84
2010/05/11,28.32
2010/05/12,25.52
2010/05/13,26.68
2010/05/14,31.24
2010/05/15,32.10202853601828
2010/05/16,30.65936383463542
2010/05/17,30.84
2010/05/18,33.55
2010/05/19,35.32
2010/05/20,45.79
2010/05/21,40.1
2010/05/22,36.97666993639956
2010/05/23,38.475649674905206
2010/05/24,38.32
2010/05/25,34.61
2010/05/26,35.02
2010/05/27,29.68
2010/05/28,32.07
2010/05/29,36.19110580567601
2010/05/30,38.64461674305803
2010/05/31,38.678319308911036
2010/06/01,35.54
2010/06/02,30.17
2010/06/03,29.46
2010/06/04,35.48
2010/06/05,39.21670645267368
2010/06/06,39.17994483869234
2010/06/07,36.57
2010/06/08,33.7
2010/06/09,33.73
2010/06/10,30.57
2010/06/11,28.79
2010/06/12,29.069521134996485
2010/06/13,29.63302932305716
2010/06/14,28.58
2010/06/15,25.87
2010/06/16,25.92
2010/06/17,25.05
2010/06/18,23.95
2010/06/19,23.210961274360173
2010/06/20,23.32121986608121
2010/06/21,24.88
2010/06/22,27.05
2010/06/23,26.91
2010/06/24,29.74
2010/06/25,28.53
2010/06/26,26.459931512297047
2010/06/27,26.13646355787727
2010/06/28,29
2010/06/29,34.13
2010/06/30,34.54
2010/07/01,32.86
2010/07/02,30.12
2010/07/03,29.307122932499713
2010/07/04,29.999923515279917
2010/07/05,30.635262340420162
2010/07/06,29.65
2010/07/07,26.84
2010/07/08,25.71
2010/07/09,24.98
2010/07/10,24.541350602829024
2010/07/11,24.407213312573596
2010/07/12,24.43
2010/07/13,24.56
2010/07/14,24.89
2010/07/15,25.14
2010/07/16,26.25
2010/07/17,27.318502914149214
2010/07/18,27.464444155463255
2010/07/19,25.97
2010/07/20,23.93
2010/07/21,25.64
2010/07/22,24.63
2010/07/23,23.47
2010/07/24,22.885294191124466
2010/07/25,22.6689865675203
2010/07/26,22.73
2010/07/27,23.19
2010/07/28,24.25
2010/07/29,24.13
2010/07/30,23.5
2010/07/31,22.644085381339682
2010/08/01,21.971475020478742
2010/08/02,22.01
2010/08/03,22.63
2010/08/04,22.21
2010/08/05,22.1
2010/08/06,21.74
2010/08/07,21.838430965526772
2010/08/08,22.176027351966862
2010/08/09,22.14
2010/08/10,22.37
2010/08/11,25.39
2010/08/12,25.73
2010/08/13,26.24
2010/08/14,26.928914854832378
2010/08/15,27.05903975938006
2010/08/16,26.1
2010/08/17,24.33
2010/08/18,24.59
2010/08/19,26.44
2010/08/20,25.49
2010/08/21,24.360657023749457
2010/08/22,24.307243718699972
2010/08/23,25.66
2010/08/24,27.46
2010/08/25,26.7
2010/08/26,27.37
2010/08/27,24.45
2010/08/28,23.987115519566924
2010/08/29,25.8416926908239
2010/08/30,27.21
2010/08/31,26.05
2010/09/01,23.89
2010/09/02,23.19
2010/09/03,21.31
2010/09/04,20.8310677795264
2010/09/05,21.812650868688067
2010/09/06,23.165408523505704
2010/09/07,23.8
2010/09/08,23.25
2010/09/09,22.81
2010/09/10,21.99
2010/09/11,21.389026445200223
2010/09/12,21.158694916328002
2010/09/13,21.21
2010/09/14,21.56
2010/09/15,22.1
2010/09/16,21.72
2010/09/17,22.01
2010/09/18,21.8027380817992
2010/09/19,21.34094236247238
2010/09/20,21.5
2010/09/21,22.35
2010/09/22,22.51
2010/09/23,23.87
2010/09/24,21.71
2010/09/25,20.841568305457425
2010/09/26,21.65831583022732
2010/09/27,22.54
2010/09/28,22.6
2010/09/29,23.25
2010/09/30,23.7
2010/10/01,22.5
2010/10/02,22.67606390011675
2010/10/03,23.643428359803814
2010/10/04,23.53
2010/10/05,21.76
2010/10/06,21.49
2010/10/07,21.56
2010/10/08,20.71
2010/10/09,19.82837290238236
2010/10/10,19.233080557240257
2010/10/11,18.96
2010/10/12,18.93
2010/10/13,19.07
2010/10/14,19.88
2010/10/15,19.03
2010/10/16,18.117535752520233
2010/10/17,18.021758931991066
2010/10/18,19.09
2010/10/19,20.63
2010/10/20,19.79
2010/10/21,19.27
2010/10/22,18.78
2010/10/23,18.82810407881047
2010/10/24,19.319081544858918
2010/10/25,19.85
2010/10/26,20.22
2010/10/27,20.71
2010/10/28,20.88
2010/10/29,21.2
2010/10/30,21.460538275898582
2010/10/31,21.63819580101741
2010/11/01,21.83
2010/11/02,21.57
2010/11/03,19.56
2010/11/04,18.52
2010/11/05,18.26
2010/11/06,17.96901777673919
2010/11/07,17.837225016558424
2010/11/08,18.29
2010/11/09,19.08
2010/11/10,18.47
2010/11/11,18.64
2010/11/12,20.61
2010/11/13,20.686535301278223
2010/11/14,19.749895909005108
2010/11/15,20.200000000000003
2010/11/16,22.58
2010/11/17,21.76
2010/11/18,18.75
2010/11/19,18.04
2010/11/20,17.44810920409615
2010/11/21,17.128860654008566
2010/11/22,18.37
2010/11/23,20.63
2010/11/24,19.56
2010/11/25,20.500479771944285
2010/11/26,22.22
2010/11/27,21.96654586631622
2010/11/28,20.987477790141675
2010/11/29,21.53
2010/11/30,23.54
2010/12/01,21.36
2010/12/02,19.39
2010/12/03,18.01
2010/12/04,17.55090152821135
2010/12/05,17.74226992840146
2010/12/06,18.02
2010/12/07,17.99
2010/12/08,17.74
2010/12/09,17.25
2010/12/10,17.61
2010/12/11,17.81584242636228
2010/12/12,17.713593048239602
2010/12/13,17.55
2010/12/14,17.61
2010/12/15,17.94
2010/12/16,17.39
2010/12/17,16.11
2010/12/18,15.593070872939412
2010/12/19,15.845594414532282
2010/12/20,16.41
2010/12/21,16.49
2010/12/22,15.45
2010/12/23,16.47
2010/12/24,17.46262079795257
2010/12/25,17.827724148881217
2010/12/26,17.813965425369254
2010/12/27,17.67
2010/12/28,17.52
2010/12/29,17.28
2010/12/30,17.52
2010/12/31,17.75
2011/01/01,17.803640378297242
2011/01/02,17.735003961287564
2011/01/03,17.61
2011/01/04,17.38
2011/01/05,17.02
2011/01/06,17.4
2011/01/07,17.14
2011/01/08,17.203825609912954
2011/01/09,17.523857822092815
2011/01/10,17.54
2011/01/11,16.89
2011/01/12,16.24
2011/01/13,16.39
2011/01/14,15.46
2011/01/15,14.62902452533827
2011/01/16,14.39252550365346
2011/01/17,14.792263730141919
2011/01/18,15.87
2011/01/19,17.31
2011/01/20,17.99
2011/01/21,18.47
2011/01/22,18.379621209530512
2011/01/23,17.943844037546608
2011/01/24,17.65
2011/01/25,17.59
2011/01/26,16.64
2011/01/27,16.15
2011/01/28,20.04
2011/01/29,22.136410670875826
2011/01/30,21.541256049627798
2011/01/31,19.529999999999998
2011/02/01,17.63
2011/02/02,17.3
2011/02/03,16.69
2011/02/04,15.93
2011/02/05,15.890099837224225
2011/02/06,16.2283838782636
2011/02/07,16.28
2011/02/08,15.81
2011/02/09,15.87
2011/02/10,16.09
2011/02/11,15.69
2011/02/12,15.481536233151449
2011/02/13,15.614901430552344
2011/02/14,15.95
2011/02/15,16.37
2011/02/16,16.72
2011/02/17,16.59
2011/02/18,16.43
2011/02/19,16.818647310324955
2011/02/20,17.765829359096088
2011/02/21,19.137596728319178
2011/02/22,20.8
2011/02/23,22.13
2011/02/24,21.32
2011/02/25,19.22
2011/02/26,17.479903095586824
2011/02/27,16.969809839959275
2011/02/28,18.35
2011/03/01,21.01
2011/03/02,20.7
2011/03/03,18.6
2011/03/04,19.06
2011/03/05,20.154643630596816
2011/03/06,20.810172089308967
2011/03/07,20.66
2011/03/08,19.82
2011/03/09,20.22
2011/03/10,21.88
2011/03/11,20.08
2011/03/12,18.968305469000285
2011/03/13,19.516679124768242
2011/03/14,21.129999999999995
2011/03/15,24.32
2011/03/16,29.4
2011/03/17,26.37
2011/03/18,24.44
2011/03/19,23.038068053425945
2011/03/20,21.581721334099882
2011/03/21,20.61
2011/03/22,20.21
2011/03/23,19.17
2011/03/24,18
2011/03/25,17.91
2011/03/26,18.721328031352478
2011/03/27,19.553348000395125
2011/03/28,19.44
2011/03/29,18.16
2011/03/30,17.71
2011/03/31,17.74
2011/04/01,17.4
2011/04/02,17.31147674294627
2011/04/03,17.445855772805174
2011/04/04,17.5
2011/04/05,17.25
2011/04/06,16.9
2011/04/07,17.11
2011/04/08,17.87
2011/04/09,17.669460396324688
2011/04/10,16.907971972892955
2011/04/11,16.59
2011/04/12,17.09
2011/04/13,16.92
2011/04/14,16.27
2011/04/15,15.32
2011/04/16,15.688215689400277
2011/04/17,16.701899109860367
2011/04/18,16.96
2011/04/19,15.83
2011/04/20,15.07
2011/04/21,14.69
2011/04/22,14.772095898042544
2011/04/23,15.159791107860233
2011/04/24,15.582590763747804
2011/04/25,15.77
2011/04/26,15.62
2011/04/27,15.35
2011/04/28,14.62
2011/04/29,14.75
2011/04/30,15.060883822518665
2011/05/01,15.413008589389042
2011/05/02,15.99
2011/05/03,16.7
2011/05/04,17.08
2011/05/05,18.2
2011/05/06,18.4
2011/05/07,18.434447632755244
2011/05/08,18.207195973146533
2011/05/09,17.16
2011/05/10,15.91
2011/05/11,16.95
2011/05/12,16.03
2011/05/13,17.07
2011/05/14,18.128315881065326
2011/05/15,18.45631997880697
2011/05/16,18.24
2011/05/17,17.55
2011/05/18,16.23
2011/05/19,15.52
2011/05/20,17.43
2011/05/21,18.650615635833955
2011/05/22,18.706278932657312
2011/05/23,18.27
2011/05/24,17.82
2011/05/25,17.07
2011/05/26,16.09
2011/05/27,15.98
2011/05/28,15.221893626140867
2011/05/29,14.171910084433744
2011/05/30,13.89347150050975
2011/05/31,15.45
2011/06/01,18.3
2011/06/02,18.09
2011/06/03,17.95
2011/06/04,18.330660160241557
2011/06/05,18.670358472332964
2011/06/06,18.49
2011/06/07,18.07
2011/06/08,18.79
2011/06/09,17.77
2011/06/10,18.86
2011/06/11,20.250545413401266
2011/06/12,20.68409770234012
2011/06/13,19.61
2011/06/14,18.26
2011/06/15,21.32
2011/06/16,22.73
2011/06/17,21.85
2011/06/18,21.134510157580426
2011/06/19,20.70279748700614
2011/06/20,19.99
2011/06/21,18.86
2011/06/22,18.52
2011/06/23,19.29
2011/06/24,21.1
2011/06/25,21.899380755912098
2011/06/26,21.54832906028257
2011/06/27,20.56
2011/06/28,19.17
2011/06/29,17.27
2011/06/30,16.52
2011/07/01,15.87
2011/07/02,15.48264866337188
2011/07/03,15.442176770080776
2011/07/04,15.663116491749285
2011/07/05,16.06
2011/07/06,16.34
2011/07/07,15.95
2011/07/08,15.95
2011/07/09,16.288293683579667
2011/07/10,17.03153555428311
2011/07/11,18.39
2011/07/12,19.87
2011/07/13,19.91
2011/07/14,20.8
2011/07/15,19.53
2011/07/16,19.739616292346064
2011/07/17,20.94336616752867
2011/07/18,20.95
2011/07/19,19.21
2011/07/20,19.09
2011/07/21,17.56
2011/07/22,17.52
2011/07/23,18.173979690871146
2011/07/24,18.85548577668426
2011/07/25,19.35
2011/07/26,20.23
2011/07/27,22.98
2011/07/28,23.74
2011/07/29,25.25
2011/07/30,24.892451576624648
2011/07/31,23.56796938764648
2011/08/01,23.66
2011/08/02,24.79
2011/08/03,23.38
2011/08/04,31.66
2011/08/05,32
2011/08/06,39.75340715044576
2011/08/07,49.6813865863047
2011/08/08,47.99999999999999
2011/08/09,35.06
2011/08/10,42.99
2011/08/11,39
2011/08/12,36.36
2011/08/13,34.172754985976425
2011/08/14,32.015694943646935
2011/08/15,31.87
2011/08/16,32.85
2011/08/17,31.58
2011/08/18,42.67
2011/08/19,43.05
2011/08/20,43.19634762538061
2011/08/21,44.44165868824992
2011/08/22,42.44
2011/08/23,36.27
2011/08/24,35.9
2011/08/25,39.76
2011/08/26,35.59
2011/08/27,32.12043689393613
2011/08/28,31.454461188012232
2011/08/29,32.28
2011/08/30,32.89
2011/08/31,31.62
2011/09/01,31.82
2011/09/02,33.92
2011/09/03,36.52192852886375
2011/09/04,38.5387479216884
2011/09/05,39.01619335366884
2011/09/06,37
2011/09/07,33.38
2011/09/08,34.32
2011/09/09,38.52
2011/09/10,40.52003553543016
2011/09/11,40.10369086938292
2011/09/12,38.59
2011/09/13,36.91
2011/09/14,34.6
2011/09/15,31.97
2011/09/16,30.98
2011/09/17,31.49786379987275
2011/09/18,32.46013715359285
2011/09/19,32.73
2011/09/20,32.86
2011/09/21,37.32
2011/09/22,41.35
2011/09/23,41.25
2011/09/24,40.8743414444628
2011/09/25,40.510361598670954
2011/09/26,39.02
2011/09/27,37.71
2011/09/28,41.08
2011/09/29,38.84
2011/09/30,42.96
2011/10/01,46.926446849391354
2011/10/02,47.80373397301097
2011/10/03,45.45
2011/10/04,40.82
2011/10/05,37.81
2011/10/06,36.27
2011/10/07,36.2
2011/10/08,35.30589718438607
2011/10/09,33.861313468409094
2011/10/10,33.02
2011/10/11,32.86
2011/10/12,31.26
2011/10/13,30.7
2011/10/14,28.24
2011/10/15,29.308207537804314
2011/10/16,32.39257945665621
2011/10/17,33.39
2011/10/18,31.56
2011/10/19,34.44
2011/10/20,34.78
2011/10/21,31.32
2011/10/22,28.388912532680695
2011/10/23,27.51113939928275
2011/10/24,29.26
2011/10/25,32.22
2011/10/26,29.86
2011/10/27,25.46
2011/10/28,24.53
2011/10/29,24.71937814756442
2011/10/30,26.103936689964108
2011/10/31,29.96
2011/11/01,34.77
2011/11/02,32.74
2011/11/03,30.5
2011/11/04,30.16
2011/11/05,31.38393690958387
2011/11/06,32.11687851474121
2011/11/07,29.85
2011/11/08,27.48
2011/11/09,36.16
2011/11/10,32.81
2011/11/11,30.04
2011/11/12,29.9206537891484
2011/11/13,30.676342446483396
2011/11/14,31.13
2011/11/15,31.22
2011/11/16,33.51
2011/11/17,34.51
2011/11/18,32
2011/11/19,31.47330801476906
2011/11/20,32.58011184862599
2011/11/21,32.91
2011/11/22,31.97
2011/11/23,33.98
2011/11/24,34.91698450992604
2011/11/25,34.47
2011/11/26,33.763551169975536
2011/11/27,32.995018166983726
2011/11/28,32.13
2011/11/29,30.64
2011/11/30,27.8
2011/12/01,27.41
2011/12/02,27.52
2011/12/03,27.53399977675984
2011/12/04,27.601379798819984
2011/12/05,27.84
2011/12/06,28.13
2011/12/07,28.67
2011/12/08,30.59
2011/12/09,26.38
2011/12/10,24.222438239473842
2011/12/11,24.84248810722801
2011/12/12,25.67
2011/12/13,25.41
2011/12/14,26.04
2011/12/15,25.11
2011/12/16,24.29
2011/12/17,24.567882535371687
2011/12/18,25.149894549026552
2011/12/19,24.92
2011/12/20,23.22
2011/12/21,21.43
2011/12/22,21.16
2011/12/23,20.73
2011/12/24,20.212812034120542
2011/12/25,20.02396319655511
2011/12/26,20.48313276071212
2011/12/27,21.91
2011/12/28,23.52
2011/12/29,22.65
2011/12/30,23.4
2011/12/31,24.097203942938002
2012/01/01,24.11787599627183
2012/01/02,23.67211005146974
2012/01/03,22.97
2012/01/04,22.22
2012/01/05,21.48
2012/01/06,20.63
2012/01/07,20.586564713297825
2012/01/08,20.991975462486735
2012/01/09,21.07
2012/01/10,20.69
2012/01/11,21.05
2012/01/12,20.47
2012/01/13,20.91
2012/01/14,21.797530796869108
2012/01/15,22.53359278257682
2012/01/16,22.780358376996123
2012/01/17,22.2
2012/01/18,20.89
2012/01/19,19.87
2012/01/20,18.28
2012/01/21,17.659382435429393
2012/01/22,18.00082814110167
2012/01/23,18.67
2012/01/24,18.91
2012/01/25,18.31
2012/01/26,18.57
2012/01/27,18.53
2012/01/28,18.643393297852302
2012/01/29,18.997421056871858
2012/01/30,19.4
2012/01/31,19.44
2012/02/01,18.55
2012/02/02,17.98
2012/02/03,17.1
2012/02/04,17.00488231169771
2012/02/05,17.472898833264274
2012/02/06,17.76
2012/02/07,17.65
2012/02/08,18.16
2012/02/09,18.63
2012/02/10,20.79
2012/02/11,21.220027064572147
2012/02/12,20.109299823415565
2012/02/13,19.04
2012/02/14,19.54
2012/02/15,21.14
2012/02/16,19.22
2012/02/17,17.78
2012/02/18,17.27754437261051
2012/02/19,17.308873091742615
2012/02/20,17.678265265003414
2012/02/21,18.19
2012/02/22,18.19
2012/02/23,16.8
2012/02/24,17.31
2012/02/25,18.067258840970094
2012/02/26,18.366054036479895
2012/02/27,18.19
2012/02/28,17.96
2012/02/29,18.43
2012/03/01,17.26
2012/03/02,17.29
2012/03/03,16.818613739804075
2012/03/04,16.497319594965212
2012/03/05,18.05
2012/03/06,20.87
2012/03/07,19.07
2012/03/08,17.95
2012/03/09,17.11
2012/03/10,16.62432323217127
2012/03/11,16.294229195757957
2012/03/12,15.64
2012/03/13,14.8
2012/03/14,15.31
2012/03/15,15.42
2012/03/16,14.47
2012/03/17,14.03444364331344
2012/03/18,14.318588011678093
2012/03/19,15.04
2012/03/20,15.58
2012/03/21,15.13
2012/03/22,15.57
2012/03/23,14.82
2012/03/24,13.895695499281073
2012/03/25,13.57507647414967
2012/03/26,14.26
2012/03/27,15.59
2012/03/28,15.47
2012/03/29,15.48
2012/03/30,15.5
2012/03/31,15.579556371563102
2012/04/01,15.672247827769159
2012/04/02,15.64
2012/04/03,15.66
2012/04/04,16.44
2012/04/05,16.7
2012/04/06,16.761060429171415
2012/04/07,16.98676000830684
2012/04/08,17.59657958328885
2012/04/09,18.81
2012/04/10,20.39
2012/04/11,20.02
2012/04/12,17.2
2012/04/13,19.55
2012/04/14,21.207665152586628
2012/04/15,20.865826406389512
2012/04/16,19.55
2012/04/17,18.46
2012/04/18,18.64
2012/04/19,18.36
2012/04/20,17.44
2012/04/21,17.66624880006729
2012/04/22,18.567433842016662
2012/04/23,18.97
2012/04/24,18.1
2012/04/25,16.82
2012/04/26,16.24
2012/04/27,16.32
2012/04/28,16.789213124363307
2012/04/29,17.222817287740586
2012/04/30,17.15
2012/05/01,16.6
2012/05/02,16.88
2012/05/03,17.56
2012/05/04,19.16
2012/05/05,19.811190784998356
2012/05/06,19.506962565091136
2012/05/07,18.94
2012/05/08,19.05
2012/05/09,20.08
2012/05/10,18.83
2012/05/11,19.89
2012/05/12,21.06340417867794
2012/05/13,21.61852285771379
2012/05/14,21.87
2012/05/15,21.97
2012/05/16,22.27
2012/05/17,24.49
2012/05/18,25.1
2012/05/19,24.11238856905881
2012/05/20,22.705960914832893
2012/05/21,22.01
2012/05/22,22.48
2012/05/23,22.33
2012/05/24,21.54
2012/05/25,21.76
2012/05/26,21.041986257791763
2012/05/27,19.798561114445445
2012/05/28,19.353355413876407
2012/05/29,21.03
2012/05/30,24.14
2012/05/31,24.06
2012/06/01,26.66
2012/06/02,27.960750980626113
2012/06/03,27.36776113439262
2012/06/04,26.12
2012/06/05,24.68
2012/06/06,22.16
2012/06/07,21.72
2012/06/08,21.23
2012/06/09,22.253422064625948
2012/06/10,23.74240284835996
2012/06/11,23.56
2012/06/12,22.09
2012/06/13,24.27
2012/06/14,21.68
2012/06/15,21.11
2012/06/16,20.286983605826258
2012/06/17,18.932486768514917
2012/06/18,18.32
2012/06/19,18.38
2012/06/20,17.24
2012/06/21,20.08
2012/06/22,18.11
2012/06/23,17.64982331578691
2012/06/24,19.216436895796626
2012/06/25,20.38
2012/06/26,19.72
2012/06/27,19.45
2012/06/28,19.71
2012/06/29,17.08
2012/06/30,15.859772287441643
2012/07/01,16.262743423693433
2012/07/02,16.800000000000004
2012/07/03,16.66
2012/07/04,17.101014992366494
2012/07/05,17.5
2012/07/06,17.1
2012/07/07,16.877846056658793
2012/07/08,17.159084501930607
2012/07/09,17.98
2012/07/10,18.72
2012/07/11,17.95
2012/07/12,18.33
2012/07/13,16.74
2012/07/14,16.227341948014725
2012/07/15,16.80805772433068
2012/07/16,17.11
2012/07/17,16.48
2012/07/18,16.16
2012/07/19,15.45
2012/07/20,16.27
2012/07/21,16.846431669824874
2012/07/22,17.30774838813783
2012/07/23,18.62
2012/07/24,20.47
2012/07/25,19.34
2012/07/26,17.53
2012/07/27,16.7
2012/07/28,16.65987950244876
2012/07/29,17.162025876563465
2012/07/30,18.03
2012/07/31,18.93
2012/08/01,18.96
2012/08/02,17.57
2012/08/03,15.64
2012/08/04,14.973355564306106
2012/08/05,15.34616507414349
2012/08/06,15.95
2012/08/07,15.99
2012/08/08,15.32
2012/08/09,15.28
2012/08/10,14.74
2012/08/11,13.869045535362506
2012/08/12,13.313483835406645
2012/08/13,13.7
2012/08/14,14.85
2012/08/15,14.63
2012/08/16,14.29
2012/08/17,13.45
2012/08/18,12.986662097224098
2012/08/19,13.182640441838561
2012/08/20,14.02
2012/08/21,15.02
2012/08/22,15.11
2012/08/23,15.96
2012/08/24,15.18
2012/08/25,15.051212222117458
2012/08/26,15.724118042377881
2012/08/27,16.35
2012/08/28,16.49
2012/08/29,17.06
2012/08/30,17.83
2012/08/31,17.47
2012/09/01,17.197184569205668
2012/09/02,17.297721254168813
2012/09/03,17.61189731204755
2012/09/04,17.98
2012/09/05,17.74
2012/09/06,15.6
2012/09/07,14.38
2012/09/08,14.584203462139762
2012/09/09,15.48672456472248
2012/09/10,16.28
2012/09/11,16.41
2012/09/12,15.8
2012/09/13,14.05
2012/09/14,14.51
2012/09/15,15.009478385794585
2012/09/16,14.941776256744689
2012/09/17,14.59
2012/09/18,14.18
2012/09/19,13.88
2012/09/20,14.07
2012/09/21,13.98
2012/09/22,13.75880532311215
2012/09/23,13.724198856127684
2012/09/24,14.15
2012/09/25,15.43
2012/09/26,16.81
2012/09/27,14.84
2012/09/28,15.73
2012/09/29,16.71974197055454
2012/09/30,16.811041467544552
2012/10/01,16.32
2012/10/02,15.71
2012/10/03,15.43
2012/10/04,14.55
2012/10/05,14.33
2012/10/06,14.231732517109451
2012/10/07,14.345897319045859
2012/10/08,15.11
2012/10/09,16.37
2012/10/10,16.29
2012/10/11,15.59
2012/10/12,16.14
2012/10/13,16.219683661536347
2012/10/14,15.729781558460735
2012/10/15,15.27
2012/10/16,15.22
2012/10/17,15.07
2012/10/18,15.03
2012/10/19,17.06
2012/10/20,17.215193383470158
2012/10/21,16.24748155647398
2012/10/22,16.62
2012/10/23,18.83
2012/10/24,18.33
2012/10/25,18.12
2012/10/26,17.81
2012/10/27,18.162369283044615
2012/10/28,19.017413365195438
2012/10/29,19.77527280582395
2012/10/30,19.836088164301643
2012/10/31,18.6
2012/11/01,16.69
2012/11/02,17.59
2012/11/03,18.756813747993263
2012/11/04,19.10472356362299
2012/11/05,18.42
2012/11/06,17.58
2012/11/07,19.08
2012/11/08,18.49
2012/11/09,18.61
2012/11/10,18.324024628518146
2012/11/11,17.488926465864857
2012/11/12,16.68
2012/11/13,16.65
2012/11/14,17.92
2012/11/15,17.99
2012/11/16,16.41
2012/11/17,15.462653231618605
2012/11/18,15.271505315012694
2012/11/19,15.24
2012/11/20,15.08
2012/11/21,15.31
2012/11/22,15.317749543971082
2012/11/23,15.14
2012/11/24,15.043573985553394
2012/11/25,15.139533408662569
2012/11/26,15.5
2012/11/27,15.92
2012/11/28,15.51
2012/11/29,15.06
2012/11/30,15.87
2012/12/01,16.307970197706364
2012/12/02,16.35611674223599
2012/12/03,16.64
2012/12/04,17.12
2012/12/05,16.46
2012/12/06,16.58
2012/12/07,15.9
2012/12/08,15.746974885108667
2012/12/09,16.04549865532162
2012/12/10,16.05
2012/12/11,15.57
2012/12/12,15.95
2012/12/13,16.56
2012/12/14,17
2012/12/15,17.276135015575512
2012/12/16,17.158195049908148
2012/12/17,16.34
2012/12/18,15.57
2012/12/19,17.36
2012/12/20,17.67
2012/12/21,17.84
2012/12/22,17.698141460415833
2012/12/23,17.49448292064305
2012/12/24,17.84
2012/12/25,18.95286038113296
2012/12/26,19.48
2012/12/27,19.47
2012/12/28,22.72
2012/12/29,23.36240053732306
2012/12/30,21.131644761415437
2012/12/31,18.02
2013/01/01,15.714344476857487
2013/01/02,14.68
2013/01/03,14.56
2013/01/04,13.83
2013/01/05,13.553810525326078
2013/01/06,13.712171405628833
2013/01/07,13.79
2013/01/08,13.62
2013/01/09,13.81
2013/01/10,13.49
2013/01/11,13.36
2013/01/12,13.36895357680058
2013/01/13,13.42546196775384
2013/01/14,13.52
2013/01/15,13.55
2013/01/16,13.42
2013/01/17,13.57
2013/01/18,12.46
2013/01/19,11.785956547590443
2013/01/20,11.815279535997512
2013/01/21,12.159462756405826
2013/01/22,12.43
2013/01/23,12.46
2013/01/24,12.69
2013/01/25,12.89
2013/01/26,13.280027063928577
2013/01/27,13.6367488609082
2013/01/28,13.57
2013/01/29,13.31
2013/01/30,14.32
2013/01/31,14.28
2013/02/01,12.9
2013/02/02,13.059254186641148
2013/02/03,14.19859065538835
2013/02/04,14.670000000000002
2013/02/05,13.72
2013/02/06,13.41
2013/02/07,13.5
2013/02/08,13.02
2013/02/09,12.881448444708084
2013/02/10,13.011532053160082
2013/02/11,12.94
2013/02/12,12.64
2013/02/13,12.98
2013/02/14,12.66
2013/02/15,12.46
2013/02/16,11.850021117168602
2013/02/17,11.154896712113251
2013/02/18,11.074823951001274
2013/02/19,12.310000000000002
2013/02/20,14.68
2013/02/21,15.22
2013/02/22,14.17
2013/02/23,15.480195158495057
2013/02/24,17.992856139839937
2013/02/25,18.99
2013/02/26,16.87
2013/02/27,14.73
2013/02/28,15.51
2013/03/01,15.36
2013/03/02,14.916331494970288
2013/03/03,14.525380517853613
2013/03/04,14.01
2013/03/05,13.48
2013/03/06,13.53
2013/03/07,13.06
2013/03/08,12.59
2013/03/09,11.937917980040348
2013/03/10,11.416042564563737
2013/03/11,11.56
2013/03/12,12.27
2013/03/13,11.83
2013/03/14,11.3
2013/03/15,11.3
2013/03/16,11.511127130483137
2013/03/17,12.089231238686846
2013/03/18,13.36
2013/03/19,14.39
2013/03/20,12.67
2013/03/21,13.99
2013/03/22,13.57
2013/03/23,13.506895655278079
2013/03/24,13.939409826971602
2013/03/25,13.74
2013/03/26,12.77
2013/03/27,13.15
2013/03/28,12.7
2013/03/29,12.805671067410662
2013/03/30,13.46742137872912
2013/03/31,13.965461000683021
2013/04/01,13.580000000000002
2013/04/02,12.78
2013/04/03,14.21
2013/04/04,13.89
2013/04/05,13.92
2013/04/06,13.871329938162171
2013/04/07,13.556998102152704
2013/04/08,13.19
2013/04/09,12.84
2013/04/10,12.36
2013/04/11,12.24
2013/04/12,12.06
2013/04/13,14.5005145968396
2013/04/14,17.45017782771682
2013/04/15,17.269999999999996
2013/04/16,13.96
2013/04/17,16.51
2013/04/18,17.56
2013/04/19,14.97
2013/04/20,13.88749892456407
2013/04/21,14.277754555631088
2013/04/22,14.39
2013/04/23,13.48
2013/04/24,13.61
2013/04/25,13.62
2013/04/26,13.61
2013/04/27,13.777912323830035
2013/04/28,13.907762693271687
2013/04/29,13.71
2013/04/30,13.52
2013/05/01,14.49
2013/05/02,13.59
2013/05/03,12.85
2013/05/04,12.537914380858261
2013/05/05,12.48691592651384
2013/05/06,12.66
2013/05/07,12.83
2013/05/08,12.66
2013/05/09,13.13
2013/05/10,12.59
2013/05/11,12.213328696612425
2013/05/12,12.275198230866833
2013/05/13,12.55
2013/05/14,12.77
2013/05/15,12.81
2013/05/16,13.07
2013/05/17,12.45
2013/05/18,12.241296045377371
2013/05/19,12.563679730247234
2013/05/20,13.02
2013/05/21,13.37
2013/05/22,13.82
2013/05/23,14.07
2013/05/24,13.99
2013/05/25,13.876401907918817
2013/05/26,13.870137139668165
2013/05/27,14.046303801583433
2013/05/28,14.48
2013/05/29,14.83
2013/05/30,14.53
2013/05/31,16.3
2013/06/01,17.223193882833492
2013/06/02,16.948305127575566
2013/06/03,16.28
2013/06/04,16.27
2013/06/05,17.5
2013/06/06,16.63
2013/06/07,15.14
2013/06/08,14.42646105273227
2013/06/09,14.575423320204857
2013/06/10,15.44
2013/06/11,17.07
2013/06/12,18.59
2013/06/13,16.41
2013/06/14,17.15
2013/06/15,17.645802201050284
2013/06/16,17.226313244145715
2013/06/17,16.8
2013/06/18,16.61
2013/06/19,16.64
2013/06/20,20.49
2013/06/21,18.9
2013/06/22,18.437126425673313
2013/06/23,19.658880488916736
2013/06/24,20.11
2013/06/25,18.47
2013/06/26,17.21
2013/06/27,16.86
2013/06/28,16.86
2013/06/29,16.709827742132
2013/06/30,16.476835114642583
2013/07/01,16.37
2013/07/02,16.44
2013/07/03,16.2
2013/07/04,15.51934806406438
2013/07/05,14.89
2013/07/06,14.759099395881607
2013/07/07,14.867621623364709
2013/07/08,14.78
2013/07/09,14.35
2013/07/10,14.21
2013/07/11,14.01
2013/07/12,13.84
2013/07/13,13.555347831471785
2013/07/14,13.408579150060627
2013/07/15,13.79
2013/07/16,14.42
2013/07/17,13.78
2013/07/18,13.77
2013/07/19,12.54
2013/07/20,11.840415628124564
2013/07/21,11.923418193234932
2013/07/22,12.29
2013/07/23,12.66
2013/07/24,13.18
2013/07/25,12.97
2013/07/26,12.72
2013/07/27,12.849895965699183
2013/07/28,13.171714403963234
2013/07/29,13.39
2013/07/30,13.39
2013/07/31,13.45
2013/08/01,12.94
2013/08/02,11.98
2013/08/03,11.369690370531316
2013/08/04,11.316512034805198
2013/08/05,11.84
2013/08/06,12.72
2013/08/07,12.98
2013/08/08,12.73
2013/08/09,13.41
2013/08/10,13.722151289131164
2013/08/11,13.433024748857541
2013/08/12,12.81
2013/08/13,12.31
2013/08/14,13.04
2013/08/15,14.73
2013/08/16,14.37
2013/08/17,14.387183829422547
2013/08/18,14.929729751950788
2013/08/19,15.100000000000001
2013/08/20,14.91
2013/08/21,15.94
2013/08/22,14.76
2013/08/23,13.98
2013/08/24,13.600911751625688
2013/08/25,13.766503735129023
2013/08/26,14.99
2013/08/27,16.77
2013/08/28,16.49
2013/08/29,16.81
2013/08/30,17.01
2013/08/31,17.14870177874891
2013/09/01,17.233205206991286
2013/09/02,17.10610603173802
2013/09/03,16.61
2013/09/04,15.88
2013/09/05,15.77
2013/09/06,15.85
2013/09/07,16.0480517726983
2013/09/08,16.0984816744301
2013/09/09,15.63
2013/09/10,14.53
2013/09/11,13.82
2013/09/12,14.29
2013/09/13,14.16
2013/09/14,13.996180995378923
2013/09/15,14.074986574909612
2013/09/16,14.38
2013/09/17,14.53
2013/09/18,13.59
2013/09/19,13.16
2013/09/20,13.12
2013/09/21,13.524216459936234
2013/09/22,14.07239345940781
2013/09/23,14.31
2013/09/24,14.08
2013/09/25,14.01
2013/09/26,14.06
2013/09/27,15.46
2013/09/28,16.73328165173679
2013/09/29,17.196013906486243
2013/09/30,16.6
2013/10/01,15.54
2013/10/02,16.6
2013/10/03,17.67
2013/10/04,16.74
2013/10/05,16.763296212109953
2013/10/06,17.94123800645143
2013/10/07,19.41
2013/10/08,20.34
2013/10/09,19.6
2013/10/10,16.48
2013/10/11,15.72
2013/10/12,14.8793166754341
2013/10/13,14.389615236815352
2013/10/14,16.07
2013/10/15,18.66
2013/10/16,14.71
2013/10/17,13.48
2013/10/18,13.04
2013/10/19,12.846347328214506
2013/10/20,12.951665640742062
2013/10/21,13.16
2013/10/22,13.33
2013/10/23,13.42
2013/10/24,13.2
2013/10/25,13.09
2013/10/26,13.11897173276796
2013/10/27,13.212468450820305
2013/10/28,13.31
2013/10/29,13.41
2013/10/30,13.65
2013/10/31,13.75
2013/11/01,13.28
2013/11/02,12.805857415167637
2013/11/03,12.634168907536159
2013/11/04,12.93
2013/11/05,13.27
2013/11/06,12.67
2013/11/07,13.91
2013/11/08,12.9
2013/11/09,12.080791280903723
2013/11/10,12.106147945641533
2013/11/11,12.53
2013/11/12,12.82
2013/11/13,12.52
2013/11/14,12.37
2013/11/15,12.19
2013/11/16,12.313267547362377
2013/11/17,12.68831936503076
2013/11/18,13.1
2013/11/19,13.39
2013/11/20,13.4
2013/11/21,12.66
2013/11/22,12.26
2013/11/23,12.322314560302623
2013/11/24,12.586353264457523
2013/11/25,12.79
2013/11/26,12.81
2013/11/27,12.98
2013/11/28,13.342734266164626
2013/11/29,13.7
2013/11/30,13.88573777120448
2013/12/01,14.004854807237795
2013/12/02,14.23
2013/12/03,14.55
2013/12/04,14.7
2013/12/05,15.08
2013/12/06,13.79
2013/12/07,13.083706753751555
2013/12/08,13.199599619282177
2013/12/09,13.49
2013/12/10,13.91
2013/12/11,15.42
2013/12/12,15.54
2013/12/13,15.76
2013/12/14,15.738778190839486
2013/12/15,15.649520928073933
2013/12/16,16.03
2013/12/17,16.21
2013/12/18,13.8
2013/12/19,14.15
2013/12/20,13.79
2013/12/21,13.429012774860345
2013/12/22,13.310116122185521
2013/12/23,13.04
2013/12/24,12.48
2013/12/25,12.268200935348593
2013/12/26,12.33
2013/12/27,12.46
2013/12/28,12.803220687594372
2013/12/29,13.240765720153265
2013/12/30,13.56
2013/12/31,13.72
2014/01/01,14.105726006294946
2014/01/02,14.23
2014/01/03,13.76
2014/01/04,13.64713543998492
2014/01/05,13.749963812937922
2014/01/06,13.55
2014/01/07,12.92
2014/01/08,12.87
2014/01/09,12.89
2014/01/10,12.14
2014/01/11,12.39447762329812
2014/01/12,13.19030696668088
2014/01/13,13.28
2014/01/14,12.28
2014/01/15,12.28
2014/01/16,12.53
2014/01/17,12.44
2014/01/18,12.441075797582304
2014/01/19,12.583016767079458
2014/01/20,12.760949353036883
2014/01/21,12.87
2014/01/22,12.84
2014/01/23,13.77
2014/01/24,18.14
2014/01/25,20.304965063812638
2014/01/26,19.628450966608803
2014/01/27,17.420000000000005
2014/01/28,15.8
2014/01/29,17.35
2014/01/30,17.29
2014/01/31,18.41
2014/02/01,20.560414434299098
2014/02/02,22.11340398635735
2014/02/03,21.440000000000005
2014/02/04,19.11
2014/02/05,19.95
2014/02/06,17.23
2014/02/07,15.29
2014/02/08,14.97326233175732
2014/02/09,15.283458855514677
2014/02/10,15.26
2014/02/11,14.51
2014/02/12,14.3
2014/02/13,14.14
2014/02/14,13.57
2014/02/15,12.866551710936438
2014/02/16,12.424854195145794
2014/02/17,12.630729581782255
2014/02/18,13.87
2014/02/19,15.5
2014/02/20,14.79
2014/02/21,14.68
2014/02/22,14.830114827844028
2014/02/23,14.742287506179396
2014/02/24,14.23
2014/02/25,13.67
2014/02/26,14.35
2014/02/27,14.04
2014/02/28,14
2014/03/01,15.09971442799045
2014/03/02,16.261437962746886
2014/03/03,16
2014/03/04,14.1
2014/03/05,13.89
2014/03/06,14.21
2014/03/07,14.11
2014/03/08,13.853570400171995
2014/03/09,13.781560846810555
2014/03/10,14.2
2014/03/11,14.8
2014/03/12,14.47
2014/03/13,16.22
2014/03/14,17.82
2014/03/15,18.03554620895772
2014/03/16,17.14554592751178
2014/03/17,15.64
2014/03/18,14.52
2014/03/19,15.12
2014/03/20,14.52
2014/03/21,15
2014/03/22,15.688993878282163
2014/03/23,15.840529501651954
2014/03/24,15.09
2014/03/25,14.02
2014/03/26,14.93
2014/03/27,14.62
2014/03/28,14.41
2014/03/29,14.441220142514078
2014/03/30,14.359523543473527
2014/03/31,13.88
2014/04/01,13.1
2014/04/02,13.09
2014/04/03,13.37
2014/04/04,13.96
2014/04/05,14.725422129484647
2014/04/06,15.366706841001418
2014/04/07,15.57
2014/04/08,14.89
2014/04/09,13.82
2014/04/10,15.89
2014/04/11,17.03
2014/04/12,17.043415920856706
2014/04/13,16.587576372367703
2014/04/14,16.11
2014/04/15,15.61
2014/04/16,14.18
2014/04/17,13.36
2014/04/18,13.091434388395957
2014/04/19,13.096952566365298
2014/04/20,13.206494461151989
2014/04/21,13.25
2014/04/22,13.19
2014/04/23,13.27
2014/04/24,13.32
2014/04/25,14.06
2014/04/26,14.408970492317161
2014/04/27,14.272630996189267
2014/04/28,13.97
2014/04/29,13.71
2014/04/30,13.41
2014/05/01,13.25
2014/05/02,12.91
2014/05/03,12.7127790542687
2014/05/04,12.819374276918712
2014/05/05,13.29
2014/05/06,13.8
2014/05/07,13.4
2014/05/08,13.43
2014/05/09,12.92
2014/05/10,12.483893468362355
2014/05/11,12.29314707746354
2014/05/12,12.23
2014/05/13,12.13
2014/05/14,12.17
2014/05/15,13.17
2014/05/16,12.44
2014/05/17,11.770657382662819
2014/05/18,11.7894185098674
2014/05/19,12.42
2014/05/20,12.96
2014/05/21,11.91
2014/05/22,12.03
2014/05/23,11.36
2014/05/24,10.884267178852015
2014/05/25,10.895647527445641
2014/05/26,11.176704112316445
2014/05/27,11.51
2014/05/28,11.68
2014/05/29,11.57
2014/05/30,11.4
2014/05/31,11.333510749290092
2014/06/01,11.394600407308317
2014/06/02,11.58
2014/06/03,11.87
2014/06/04,12.08
2014/06/05,11.68
2014/06/06,10.73
2014/06/07,10.546608878315245
2014/06/08,10.919056161754797
2014/06/09,11.15
2014/06/10,10.99
2014/06/11,11.6
2014/06/12,12.56
2014/06/13,12.18
2014/06/14,12.107568904154311
2014/06/15,12.450528619514433
2014/06/16,12.65
2014/06/17,12.06
2014/06/18,10.61
2014/06/19,10.62
2014/06/20,10.85
2014/06/21,10.60140331673029
2014/06/22,10.399812538562072
2014/06/23,10.98
2014/06/24,12.13
2014/06/25,11.59
2014/06/26,11.63
2014/06/27,11.26
2014/06/28,11.25023498367858
2014/06/29,11.525703342159451
2014/06/30,11.57
2014/07/01,11.15
2014/07/02,10.82
2014/07/03,10.32
2014/07/04,10.046961673219922
2014/07/05,10.130208982991844
2014/07/06,10.560851801267845
2014/07/07,11.33
2014/07/08,11.98
2014/07/09,11.65
2014/07/10,12.59
2014/07/11,12.08
2014/07/12,11.469523490680839
2014/07/13,11.376825321568273
2014/07/14,11.82
2014/07/15,11.96
2014/07/16,11
2014/07/17,14.54
2014/07/18,12.06
2014/07/19,10.820621606602073
2014/07/20,11.831964154721723
2014/07/21,12.810000000000002
2014/07/22,12.24
2014/07/23,11.52
2014/07/24,11.84
2014/07/25,12.69
2014/07/26,12.721193450555209
2014/07/27,12.364489335573685
2014/07/28,12.56
2014/07/29,13.28
2014/07/30,13.33
2014/07/31,16.95
2014/08/01,17.03
2014/08/02,15.57576504483768
2014/08/03,14.57770127698095
2014/08/04,15.12
2014/08/05,16.87
2014/08/06,16.37
2014/08/07,16.66
2014/08/08,15.77
2014/08/09,14.822062561843508
2014/08/10,14.316181567967268
2014/08/11,14.23
2014/08/12,14.13
2014/08/13,12.9
2014/08/14,12.42
2014/08/15,13.15
2014/08/16,13.252630031220338
2014/08/17,12.758468586344735
2014/08/18,12.32
2014/08/19,12.21
2014/08/20,11.78
2014/08/21,11.76
2014/08/22,11.47
2014/08/23,11.419853026460737
2014/08/24,11.59041339203928
2014/08/25,11.7
2014/08/26,11.63
2014/08/27,11.78
2014/08/28,12.05
2014/08/29,11.98
2014/08/30,11.953591681290328
2014/08/31,12.041428805397455
2014/09/01,12.166051526805855
2014/09/02,12.25
2014/09/03,12.36
2014/09/04,12.64
2014/09/05,12.09
2014/09/06,11.715357272954293
2014/09/07,11.891761687344967
2014/09/08,12.66
2014/09/09,13.5
2014/09/10,12.88
2014/09/11,12.8
2014/09/12,13.31
2014/09/13,14.1274610142198
2014/09/14,14.641448335073155
2014/09/15,14.12
2014/09/16,12.73
2014/09/17,12.65
2014/09/18,12.03
2014/09/19,12.11
2014/09/20,12.184564209637387
2014/09/21,12.478920367006873
2014/09/22,13.69
2014/09/23,14.93
2014/09/24,13.27
2014/09/25,15.64
2014/09/26,14.85
2014/09/27,14.424927508796774
2014/09/28,15.149451149817377
2014/09/29,15.980000000000002
2014/09/30,16.31
2014/10/01,16.71
2014/10/02,16.16
2014/10/03,14.55
2014/10/04,13.503787080650316
2014/10/05,13.698426643158095
2014/10/06,15.46
2014/10/07,17.2
2014/10/08,15.11
2014/10/09,18.76
2014/10/10,21.24
2014/10/11,23.544179293964987
2014/10/12,25.259498543718095
2014/10/13,24.64
2014/10/14,22.79
2014/10/15,26.25
2014/10/16,25.2
2014/10/17,21.99
2014/10/18,20.64498298128055
2014/10/19,20.20287983801472
2014/10/20,18.57
2014/10/21,16.08
2014/10/22,17.87
2014/10/23,16.53
2014/10/24,16.11
2014/10/25,16.638621118740243
2014/10/26,16.92708168499353
2014/10/27,16.04
2014/10/28,14.39
2014/10/29,15.15
2014/10/30,14.52
2014/10/31,14.03
2014/11/01,14.037752008524132
2014/11/02,14.321460565892961
2014/11/03,14.73
2014/11/04,14.89
2014/11/05,14.17
2014/11/06,13.67
2014/11/07,13.12
2014/11/08,12.706919244827352
2014/11/09,12.547190737367567
2014/11/10,12.67
2014/11/11,12.92
2014/11/12,13.02
2014/11/13,13.79
2014/11/14,13.31
2014/11/15,13.24724833958927
2014/11/16,13.69060929854176
2014/11/17,13.99
2014/11/18,13.86
2014/11/19,13.96
2014/11/20,13.58
2014/11/21,12.9
2014/11/22,12.64869186158361
2014/11/23,12.684823874674862
2014/11/24,12.62
2014/11/25,12.25
2014/11/26,12.07
2014/11/27,12.4809756310672
2014/11/28,13.33
2014/11/29,14.283345167551412
2014/11/30,14.800674690586888
2014/12/01,14.29
2014/12/02,12.85
2014/12/03,12.47
2014/12/04,12.38
2014/12/05,11.82
2014/12/06,12.32012310087545
2014/12/07,13.474297978502602
2014/12/08,14.21
2014/12/09,14.89
2014/12/10,18.53
2014/12/11,20.08
2014/12/12,21.08
2014/12/13,20.18180705437302
2014/12/14,19.02298983709631
2014/12/15,20.42
2014/12/16,23.57
2014/12/17,19.44
2014/12/18,16.81
2014/12/19,16.49
2014/12/20,16.24160416831665
2014/12/21,15.766521639382026
2014/12/22,15.25
2014/12/23,14.8
2014/12/24,14.37
2014/12/25,14.304342559358547
2014/12/26,14.5
2014/12/27,14.738269295242139
2014/12/28,14.93978122009696
2014/12/29,15.06
2014/12/30,15.92
2014/12/31,19.2
2015/01/01,19.38798419051101
2015/01/02,17.79
2015/01/03,17.364689891919188
2015/01/04,18.259717088107372
2015/01/05,19.92
2015/01/06,21.12
2015/01/07,19.31
2015/01/08,17.01
2015/01/09,17.55
2015/01/10,18.37303378171801
2015/01/11,18.92523498904947
2015/01/12,19.6
2015/01/13,20.56
2015/01/14,21.48
2015/01/15,22.39
2015/01/16,20.95
2015/01/17,19.89597159566292
2015/01/18,19.717672409702363
2015/01/19,19.890537018890623
2015/01/20,19.89
2015/01/21,18.85
2015/01/22,16.4
2015/01/23,16.66
2015/01/24,16.526654961684535
2015/01/25,15.76719645073272
2015/01/26,15.52
2015/01/27,17.22
2015/01/28,20.44
2015/01/29,18.76
2015/01/30,20.97
2015/01/31,22.45425558292756
2015/02/01,21.728300698322784
2015/02/02,19.43
2015/02/03,17.33
2015/02/04,18.33
2015/02/05,16.85
2015/02/06,17.29
2015/02/07,18.425348719284358
2015/02/08,19.037445242972698
2015/02/09,18.55
2015/02/10,17.23
2015/02/11,16.96
2015/02/12,15.34
2015/02/13,14.69
2015/02/14,14.864393217363787
2015/02/15,15.33415308514672
2015/02/16,15.759336410356292
2015/02/17,15.8
2015/02/18,15.45
2015/02/19,15.29
2015/02/20,14.3
2015/02/21,14.181094871304714
2015/02/22,14.625867830336585
2015/02/23,14.560000000000002
2015/02/24,13.69
2015/02/25,13.84
2015/02/26,13.91
2015/02/27,13.34
2015/02/28,12.822705861595205
2015/03/01,12.672370954815221
2015/03/02,13.04
2015/03/03,13.86
2015/03/04,14.23
2015/03/05,14.04
2015/03/06,15.2
2015/03/07,15.313748336440408
2015/03/08,14.773133671499815
2015/03/09,15.059999999999999
2015/03/10,16.69
2015/03/11,16.87
2015/03/12,15.42
2015/03/13,16
2015/03/14,16.1709082299339
2015/03/15,15.739871426322395
2015/03/16,15.61
2015/03/17,15.66
2015/03/18,13.97
2015/03/19,14.07
2015/03/20,13.02
2015/03/21,12.663397834369135
2015/03/22,13.087272693387046
2015/03/23,13.41
2015/03/24,13.62
2015/03/25,15.44
2015/03/26,15.8
2015/03/27,15.07
2015/03/28,14.38720404738406
2015/03/29,14.129689316832895
2015/03/30,14.51
2015/03/31,15.29
2015/04/01,15.11
2015/04/02,14.67
2015/04/03,14.432925551293314
2015/04/04,14.403264645416312
2015/04/05,14.524471416831155
2015/04/06,14.74
2015/04/07,14.78
2015/04/08,13.98
2015/04/09,13.09
2015/04/10,12.58
2015/04/11,12.846672524365161
2015/04/12,13.502040195990359
2015/04/13,13.94
2015/04/14,13.67
2015/04/15,12.84
2015/04/16,12.6
2015/04/17,13.89
2015/04/18,14.276493530869145
2015/04/19,13.777086693615628
2015/04/20,13.3
2015/04/21,13.25
2015/04/22,12.71
2015/04/23,12.48
2015/04/24,12.29
2015/04/25,12.68116391539166
2015/04/26,13.219403886025953
2015/04/27,13.12
2015/04/28,12.41
2015/04/29,13.39
2015/04/30,14.55
2015/05/01,12.7
2015/05/02,11.483448011167791
2015/05/03,11.691362687113175
2015/05/04,12.85
2015/05/05,14.31
2015/05/06,15.15
2015/05/07,15.13
2015/05/08,12.86
2015/05/09,12.163084460503134
2015/05/10,12.989139101054132
2015/05/11,13.85
2015/05/12,13.86
2015/05/13,13.76
2015/05/14,12.74
2015/05/15,12.38
2015/05/16,12.424335283711846
2015/05/17,12.579584328384
2015/05/18,12.73
2015/05/19,12.85
2015/05/20,12.88
2015/05/21,12.11
2015/05/22,12.13
2015/05/23,12.80911719352462
2015/05/24,13.644655827102058
2015/05/25,14.205366547128465
2015/05/26,14.06
2015/05/27,13.27
2015/05/28,13.31
2015/05/29,13.84
2015/05/30,13.949386709222424
2015/05/31,13.830343139371248
2015/06/01,13.97
2015/06/02,14.24
2015/06/03,13.66
2015/06/04,14.71
2015/06/05,14.21
2015/06/06,14.291339527575648
2015/06/07,14.994333795751654
2015/06/08,15.29
2015/06/09,14.47
2015/06/10,13.22
2015/06/11,12.85
2015/06/12,13.78
2015/06/13,14.825185593507335
2015/06/14,15.450107376948427
2015/06/15,15.39
2015/06/16,14.81
2015/06/17,14.5
2015/06/18,13.19
2015/06/19,13.96
2015/06/20,14.336051160803182
2015/06/21,13.773872857139503
2015/06/22,12.739999999999998
2015/06/23,12.11
2015/06/24,13.26
2015/06/25,14.01
2015/06/26,14.02
2015/06/27,15.362758409521653
2015/06/28,17.44731294369209
2015/06/29,18.85
2015/06/30,18.23
2015/07/01,16.09
2015/07/02,16.79
2015/07/03,17.984701668662264
2015/07/04,18.569889710323825
2015/07/05,18.320132896823473
2015/07/06,17.01
2015/07/07,16.09
2015/07/08,19.66
2015/07/09,19.97
2015/07/10,16.83
2015/07/11,14.830397405378914
2015/07/12,14.208136231972237
2015/07/13,13.9
2015/07/14,13.37
2015/07/15,13.23
2015/07/16,12.11
2015/07/17,11.95
2015/07/18,12.092540855254397
2015/07/19,12.192448884928778
2015/07/20,12.25
2015/07/21,12.22
2015/07/22,12.12
2015/07/23,12.64
2015/07/24,13.74
2015/07/25,15.209019961599736
2015/07/26,16.178839374063656
2015/07/27,15.6
2015/07/28,13.44
2015/07/29,12.5
2015/07/30,12.13
2015/07/31,12.12
2015/08/01,12.096165177824712
2015/08/02,12.154861539762756
2015/08/03,12.56
2015/08/04,13
2015/08/05,12.51
2015/08/06,13.77
2015/08/07,13.39
2015/08/08,12.320835905016231
2015/08/09,11.691309819732869
2015/08/10,12.23
2015/08/11,13.71
2015/08/12,13.61
2015/08/13,13.49
2015/08/14,12.83
2015/08/15,12.452878348269493
2015/08/16,12.5586145386634
2015/08/17,13.02
2015/08/18,13.79
2015/08/19,15.25
2015/08/20,19.14
2015/08/21,28.03
2015/08/22,36.119749194763614
2015/08/23,40.75618160143704
2015/08/24,40.74000000000001
2015/08/25,36.02
2015/08/26,30.32
2015/08/27,26.1
2015/08/28,26.05
2015/08/29,25.923033163972512
2015/08/30,26.033079150877608
2015/08/31,28.43
2015/09/01,31.4
2015/09/02,26.09
2015/09/03,25.61
2015/09/04,27.8
2015/09/05,27.93058408995853
2015/09/06,26.434298545217374
2015/09/07,24.895863727867532
2015/09/08,24.900000000000002
2015/09/09,26.23
2015/09/10,24.37
2015/09/11,23.2
2015/09/12,23.621485947125308
2015/09/13,24.429569403341215
2015/09/14,24.25
2015/09/15,22.54
2015/09/16,21.35
2015/09/17,21.14
2015/09/18,22.28
2015/09/19,21.516383551813252
2015/09/20,19.955065851601997
2015/09/21,20.14
2015/09/22,22.44
2015/09/23,22.13
2015/09/24,23.47
2015/09/25,23.62
2015/09/26,24.72394397094864
2015/09/27,26.537632907595917
2015/09/28,27.63
2015/09/29,26.83
2015/09/30,24.5
2015/10/01,22.55
2015/10/02,20.94
2015/10/03,19.97436161850888
2015/10/04,19.585974784506245
2015/10/05,19.54
2015/10/06,19.4
2015/10/07,18.4
2015/10/08,17.42
2015/10/09,17.08
2015/10/10,16.415315756709028
2015/10/11,15.824197306410412
2015/10/12,16.17
2015/10/13,17.67
2015/10/14,18.03
2015/10/15,16.05
2015/10/16,15.05
2015/10/17,14.727041762069948
2015/10/18,14.717571331014815
2015/10/19,14.98
2015/10/20,15.75
2015/10/21,16.7
2015/10/22,14.45
2015/10/23,14.46
2015/10/24,14.875760467647828
2015/10/25,15.031514224878263
2015/10/26,15.29
2015/10/27,15.43
2015/10/28,14.33
2015/10/29,14.61
2015/10/30,15.07
2015/10/31,14.911664537419743
2015/11/01,14.44398052142811
2015/11/02,14.15
2015/11/03,14.54
2015/11/04,15.51
2015/11/05,15.05
2015/11/06,14.33
2015/11/07,15.065146947326852
2015/11/08,16.329395905719203
2015/11/09,16.52
2015/11/10,15.29
2015/11/11,16.06
2015/11/12,18.37
2015/11/13,20.08
2015/11/14,19.718288655982537
2015/11/15,18.466108264173364
2015/11/16,18.16
2015/11/17,18.84
2015/11/18,16.85
2015/11/19,16.99
2015/11/20,15.47
2015/11/21,14.626096070115583
2015/11/22,14.911080769042183
2015/11/23,15.62
2015/11/24,15.93
2015/11/25,15.19
2015/11/26,14.79183164259384
2015/11/27,15.12
2015/11/28,15.996304827503495
2015/11/29,16.642422841814625
2015/11/30,16.13
2015/12/01,14.67
2015/12/02,15.91
2015/12/03,18.11
2015/12/04,14.81
2015/12/05,13.133384739854298
2015/12/06,14.048381750788574
2015/12/07,15.84
2015/12/08,17.6
2015/12/09,19.61
2015/12/10,19.34
2015/12/11,24.39
2015/12/12,26.480146975807138
2015/12/13,24.99649222543221
2015/12/14,22.730000000000004
2015/12/15,20.95
2015/12/16,17.86
2015/12/17,18.94
2015/12/18,20.7
2015/12/19,21.17543034312869
2015/12/20,20.41884039133094
2015/12/21,18.7
2015/12/22,16.6
2015/12/23,15.57
2015/12/24,15.74
2015/12/25,16.42018124939914
2015/12/26,17.116611808886734
2015/12/27,17.417236463930962
2015/12/28,16.91
2015/12/29,16.08
2015/12/30,17.29
2015/12/31,18.21
2016/01/01,19.340780239422305
2016/01/02,20.542053668998577
2016/01/03,21.19980026407556
2016/01/04,20.7
2016/01/05,19.34
2016/01/06,20.59
2016/01/07,24.99
2016/01/08,27.01
2016/01/09,27.37522341163018
2016/01/10,26.53078137520185
2016/01/11,24.3
2016/01/12,22.47
2016/01/13,25.22
2016/01/14,23.95
2016/01/15,27.02
2016/01/16,28.58077979551121
2016/01/17,27.721323671922047
2016/01/18,26.26870571237186
2016/01/19,26.049999999999997
2016/01/20,27.59
2016/01/21,26.69
2016/01/22,22.34
2016/01/23,21.567746586009704
2016/01/24,23.38208220951282
2016/01/25,24.15
2016/01/26,22.5
2016/01/27,23.11
2016/01/28,22.42
2016/01/29,20.2
2016/01/30,18.717276651906797
2016/01/31,18.601899794387137
2016/02/01,19.98
2016/02/02,21.98
2016/02/03,21.65
2016/02/04,21.84
2016/02/05,23.38
2016/02/06,24.558802221158555
2016/02/07,25.282097896665263
2016/02/08,26
2016/02/09,26.54
2016/02/10,26.29
2016/02/11,28.14
2016/02/12,25.4
2016/02/13,23.685294162321927
2016/02/14,23.87923928059233
2016/02/15,24.51106475856657
2016/02/16,24.11
2016/02/17,22.31
2016/02/18,21.64
2016/02/19,20.53
2016/02/20,19.32492937638266
2016/02/21,18.74470883425041
2016/02/22,19.38
2016/02/23,20.98
2016/02/24,20.72
2016/02/25,19.11
2016/02/26,19.81
2016/02/27,21.224288605027304
2016/02/28,21.832039305650277
2016/02/29,20.55
2016/03/01,17.7
2016/03/02,17.09
2016/03/03,16.7
2016/03/04,16.86
2016/03/05,16.744658242917577
2016/03/06,16.653510890771077
2016/03/07,17.35
2016/03/08,18.67
2016/03/09,18.34
2016/03/10,18.05
2016/03/11,16.5
2016/03/12,15.84525266466602
2016/03/13,16.22741402114819
2016/03/14,16.92
2016/03/15,16.84
2016/03/16,14.99
2016/03/17,14.44
2016/03/18,14.02
2016/03/19,13.734334172213938
2016/03/20,13.67947854222907
2016/03/21,13.79
2016/03/22,14.17
2016/03/23,14.94
2016/03/24,14.74
2016/03/25,14.937437785339224
2016/03/26,15.504120349541822
2016/03/27,15.813742738973508
2016/03/28,15.24
2016/03/29,13.82
2016/03/30,13.56
2016/03/31,13.95
2016/04/01,13.1
2016/04/02,12.48872086544146
2016/04/03,12.769137423791548
2016/04/04,14.12
2016/04/05,15.42
2016/04/06,14.09
2016/04/07,16.16
2016/04/08,15.36
2016/04/09,15.269962259461376
2016/04/10,16.121662387576954
2016/04/11,16.26
2016/04/12,14.85
2016/04/13,13.84
2016/04/14,13.72
2016/04/15,13.62
2016/04/16,13.508168276285263
2016/04/17,13.423808042145582
2016/04/18,13.35
2016/04/19,13.24
2016/04/20,13.28
2016/04/21,13.95
2016/04/22,13.22
2016/04/23,13.058363673959644
2016/04/24,13.583128473224393
2016/04/25,14.08
2016/04/26,13.96
2016/04/27,13.77
2016/04/28,15.22
2016/04/29,15.7
2016/04/30,15.229365106270494
2016/05/01,14.634103044833594
2016/05/02,14.68
2016/05/03,15.6
2016/05/04,16.05
2016/05/05,15.91
2016/05/06,14.72
2016/05/07,14.505367433462713
2016/05/08,14.8686665060098
2016/05/09,14.57
2016/05/10,13.63
2016/05/11,14.69
2016/05/12,14.41
2016/05/13,15.04
2016/05/14,15.06897463774565
2016/05/15,14.623382591208589
2016/05/16,14.68
2016/05/17,15.57
2016/05/18,15.95
2016/05/19,16.33
2016/05/20,15.2
2016/05/21,15.177416724398984
2016/05/22,15.890562954173346
2016/05/23,15.82
2016/05/24,14.42
2016/05/25,13.9
2016/05/26,13.43
2016/05/27,13.12
2016/05/28,13.165716547434199
2016/05/29,13.462237509130926
2016/05/30,13.85513971626219
2016/05/31,14.19
2016/06/01,14.2
2016/06/02,13.63
2016/06/03,13.47
2016/06/04,13.411527224909122
2016/06/05,13.419721150861383
2016/06/06,13.65
2016/06/07,14.05
2016/06/08,14.08
2016/06/09,14.64
2016/06/10,17.03
2016/06/11,19.264078624973198
2016/06/12,20.624749876939813
2016/06/13,20.97
2016/06/14,20.5
2016/06/15,20.14
2016/06/16,19.37
2016/06/17,19.41
2016/06/18,19.487121485684828
2016/06/19,19.185543658343768
2016/06/20,18.37
2016/06/21,18.48
2016/06/22,21.17
2016/06/23,17.25
2016/06/24,25.76
2016/06/25,30.755864056921155
2016/06/26,29.018750902056393
2016/06/27,23.85000000000001
2016/06/28,18.75
2016/06/29,16.64
2016/06/30,15.63
2016/07/01,14.77
2016/07/02,14.698230630265618
2016/07/03,15.17442580981583
2016/07/04,15.650908084458127
2016/07/05,15.58
2016/07/06,14.96
2016/07/07,14.76
2016/07/08,13.2
2016/07/09,12.575147347972301
2016/07/10,12.973029318000892
2016/07/11,13.54
2016/07/12,13.55
2016/07/13,13.04
2016/07/14,12.82
2016/07/15,12.67
2016/07/16,12.637159578192827
2016/07/17,12.621115126730691
2016/07/18,12.44
2016/07/19,11.97
2016/07/20,11.77
2016/07/21,12.74
2016/07/22,12.02
2016/07/23,11.760905858559175
2016/07/24,12.256497207968572
2016/07/25,12.87
2016/07/26,13.05
2016/07/27,12.83
2016/07/28,12.72
2016/07/29,11.87
2016/07/30,11.382605026226567
2016/07/31,11.58767986720926
2016/08/01,12.44
2016/08/02,13.37
2016/08/03,12.86
2016/08/04,12.42
2016/08/05,11.39
2016/08/06,10.986195945319691
2016/08/07,11.199655344317442
2016/08/08,11.5
2016/08/09,11.66
2016/08/10,12.05
2016/08/11,11.68
2016/08/12,11.55
2016/08/13,11.384009181077067
2016/08/14,11.335350016152187
2016/08/15,11.81
2016/08/16,12.64
2016/08/17,12.19
2016/08/18,11.43
2016/08/19,11.34
2016/08/20,11.680137430659531
2016/08/21,12.094825639706533
2016/08/22,12.27
2016/08/23,12.38
2016/08/24,13.45
2016/08/25,13.63
2016/08/26,13.65
2016/08/27,13.43348433146434
2016/08/28,13.098832430942114
2016/08/29,12.94
2016/08/30,13.12
2016/08/31,13.42
2016/09/01,13.48
2016/09/02,11.98
2016/09/03,11.091174366120956
2016/09/04,11.114360693639506
2016/09/05,11.580366674338304
2016/09/06,12.02
2016/09/07,11.94
2016/09/08,12.51
2016/09/09,17.5
2016/09/10,18.30936380659118
2016/09/11,16.0017618728022
2016/09/12,15.159999999999998
2016/09/13,17.85
2016/09/14,18.14
2016/09/15,16.3
2016/09/16,15.37
2016/09/17,14.942661738457401
2016/09/18,14.916337019483471
2016/09/19,15.53
2016/09/20,15.92
2016/09/21,13.3
2016/09/22,12.02
2016/09/23,12.29
2016/09/24,13.39619702467919
2016/09/25,14.458521434643993
2016/09/26,14.5
2016/09/27,13.1
2016/09/28,12.39
2016/09/29,14.02
2016/09/30,13.29
2016/10/01,12.786262569374829
2016/10/02,13.081639234307305
2016/10/03,13.57
2016/10/04,13.63
2016/10/05,12.99
2016/10/06,12.84
2016/10/07,13.48
2016/10/08,13.229850170945785
2016/10/09,12.734521479067284
2016/10/10,13.379999999999999
2016/10/11,15.36
2016/10/12,15.91
2016/10/13,16.69
2016/10/14,16.12
2016/10/15,15.997997596245217
2016/10/16,16.30644305435264
2016/10/17,16.21
2016/10/18,15.28
2016/10/19,14.41
2016/10/20,13.75
2016/10/21,13.34
2016/10/22,13.046206366366976
2016/10/23,12.906351883519184
2016/10/24,13.02
2016/10/25,13.46
2016/10/26,14.24
2016/10/27,15.36
2016/10/28,16.19
2016/10/29,16.30318190267632
2016/10/30,16.30715655464531
2016/10/31,17.06
2016/11/01,18.56
2016/11/02,19.32
2016/11/03,22.08
2016/11/04,22.51
2016/11/05,20.970312859445084
2016/11/06,19.17627134976344
2016/11/07,18.71
2016/11/08,18.74
2016/11/09,14.38
2016/11/10,14.74
2016/11/11,14.17
2016/11/12,14.147634750794001
2016/11/13,14.673529795543057
2016/11/14,14.48
2016/11/15,13.37
2016/11/16,13.72
2016/11/17,13.35
2016/11/18,12.85
2016/11/19,12.574535980434643
2016/11/20,12.458223216159622
2016/11/21,12.42
2016/11/22,12.41
2016/11/23,12.43
2016/11/24,12.331851607503861
2016/11/25,12.34
2016/11/26,12.67139713818795
2016/11/27,13.067290160546676
2016/11/28,13.15
2016/11/29,12.9
2016/11/30,13.33
2016/12/01,14.07
2016/12/02,14.12
2016/12/03,13.61419375607001
2016/12/04,12.863251586953528
2016/12/05,12.14
2016/12/06,11.79
2016/12/07,12.22
2016/12/08,12.64
2016/12/09,11.75
2016/12/10,11.592551737070622
2016/12/11,12.157242444547029
2016/12/12,12.64
2016/12/13,12.72
2016/12/14,13.19
2016/12/15,12.79
2016/12/16,12.2
2016/12/17,11.913796538018296
2016/12/18,11.820540612092897
2016/12/19,11.71
2016/12/20,11.45
2016/12/21,11.27
2016/12/22,11.43
2016/12/23,11.44
2016/12/24,11.29580245380319
2016/12/25,11.200035149135532
2016/12/26,11.361750269900108
2016/12/27,11.99
2016/12/28,12.95
2016/12/29,13.37
2016/12/30,14.04
2016/12/31,14.42127666698192
2017/01/01,14.32570055902285
2017/01/02,13.789774171552356
2017/01/03,12.85
2017/01/04,11.85
2017/01/05,11.67
2017/01/06,11.32
2017/01/07,11.225473328870272
2017/01/08,11.389023752455069
2017/01/09,11.56
2017/01/10,11.49
2017/01/11,11.26
2017/01/12,11.54
2017/01/13,11.23
2017/01/14,11.003790922537727
2017/01/15,11.079964250806647
2017/01/16,11.391155453672244
2017/01/17,11.87
2017/01/18,12.48
2017/01/19,12.78
2017/01/20,11.54
2017/01/21,11.205931514159028
2017/01/22,11.648168689754325
2017/01/23,11.77
2017/01/24,11.07
2017/01/25,10.81
2017/01/26,10.63
2017/01/27,10.58
2017/01/28,10.900568226810472
2017/01/29,11.424474490174775
2017/01/30,11.88
2017/01/31,11.99
2017/02/01,11.81
2017/02/02,11.93
2017/02/03,10.97
2017/02/04,10.681315395439718
2017/02/05,11.060755365300297
2017/02/06,11.37
2017/02/07,11.29
2017/02/08,11.45
2017/02/09,10.88
2017/02/10,10.85
2017/02/11,11.151325785227097
2017/02/12,11.340550316254838
2017/02/13,11.07
2017/02/14,10.74
2017/02/15,11.97
2017/02/16,11.76
2017/02/17,11.49
2017/02/18,11.39368252354623
2017/02/19,11.37228333931373
2017/02/20,11.429742485424367
2017/02/21,11.57
2017/02/22,11.74
2017/02/23,11.71
2017/02/24,11.47
2017/02/25,11.311898346663831
2017/02/26,11.456747281418181
2017/02/27,12.09
2017/02/28,12.92
2017/03/01,12.54
2017/03/02,11.81
2017/03/03,10.96
2017/03/04,10.694615184960016
2017/03/05,10.913177497897834
2017/03/06,11.24
2017/03/07,11.45
2017/03/08,11.86
2017/03/09,12.3
2017/03/10,11.66
2017/03/11,10.955869274204842
2017/03/12,10.758021748473295
2017/03/13,11.35
2017/03/14,12.3
2017/03/15,11.63
2017/03/16,11.21
2017/03/17,11.28
2017/03/18,11.06797953551638
2017/03/19,10.882204949417503
2017/03/20,11.34
2017/03/21,12.47
2017/03/22,12.81
2017/03/23,13.12
2017/03/24,12.96
2017/03/25,12.973234759967973
2017/03/26,12.987982500030448
2017/03/27,12.5
2017/03/28,11.53
2017/03/29,11.42
2017/03/30,11.54
2017/03/31,12.37
2017/04/01,12.976579125958128
2017/04/02,13.002607243940815
2017/04/03,12.38
2017/04/04,11.79
2017/04/05,12.89
2017/04/06,12.39
2017/04/07,12.87
2017/04/08,13.294568646540723
2017/04/09,13.522202095929854
2017/04/10,14.05
2017/04/11,15.07
2017/04/12,15.77
2017/04/13,15.96
2017/04/14,15.869385820067238
2017/04/15,15.59259005159107
2017/04/16,15.174499257319367
2017/04/17,14.66
2017/04/18,14.42
2017/04/19,14.93
2017/04/20,14.15
2017/04/21,14.63
2017/04/22,13.906934062600616
2017/04/23,12.183992190092397
2017/04/24,10.84
2017/04/25,10.76
2017/04/26,10.85
2017/04/27,10.36
2017/04/28,10.82
2017/04/29,10.764477364527558
2017/04/30,10.276807713609397
2017/05/01,10.11
2017/05/02,10.59
2017/05/03,10.68
2017/05/04,10.46
2017/05/05,10.57
2017/05/06,10.373339180090525
2017/05/07,9.974147160050693
2017/05/08,9.77
2017/05/09,9.96
2017/05/10,10.21
2017/05/11,10.6
2017/05/12,10.4
2017/05/13,10.57257250224565
2017/05/14,10.832425299072717
2017/05/15,10.42
2017/05/16,10.65
2017/05/17,15.59
2017/05/18,14.66
2017/05/19,12.04
2017/05/20,10.830150913255528
2017/05/21,10.721113763457538
2017/05/22,10.930000000000001
2017/05/23,10.72
2017/05/24,10.02
2017/05/25,9.99
2017/05/26,9.81
2017/05/27,9.749094774216235
2017/05/28,9.886257951476889
2017/05/29,10.127792152999097
2017/05/30,10.38
2017/05/31,10.41
2017/06/01,9.89
2017/06/02,9.75
2017/06/03,9.741856156985683
2017/06/04,9.81244973442501
2017/06/05,10.07
2017/06/06,10.45
2017/06/07,10.39
2017/06/08,10.16
2017/06/09,10.7
2017/06/10,11.464264595979099
2017/06/11,11.874890378646427
2017/06/12,11.46
2017/06/13,10.42
2017/06/14,10.64
2017/06/15,10.9
2017/06/16,10.38
2017/06/17,9.996047595569351
2017/06/18,10.000730568022112
2017/06/19,10.37
2017/06/20,10.86
2017/06/21,10.75
2017/06/22,10.48
2017/06/23,10.02
2017/06/24,9.398170359832406
2017/06/25,9.143642247502186
2017/06/26,9.9
2017/06/27,11.06
2017/06/28,10.03
2017/06/29,11.44
2017/06/30,11.18
2017/07/01,11.001784616642462
2017/07/02,11.239752133238806
2017/07/03,11.22
2017/07/04,10.688409844029412
2017/07/05,11.07
2017/07/06,12.54
2017/07/07,11.19
2017/07/08,10.43192795092611
2017/07/09,10.71756677457188
2017/07/10,11.11
2017/07/11,10.89
2017/07/12,10.3
2017/07/13,9.9
2017/07/14,9.51
2017/07/15,9.434328172751052
2017/07/16,9.608544663506912
2017/07/17,9.82
2017/07/18,9.89
2017/07/19,9.79
2017/07/20,9.58
2017/07/21,9.36
2017/07/22,9.3071865032992
2017/07/23,9.369869998653783
2017/07/24,9.43
2017/07/25,9.43
2017/07/26,9.6
2017/07/27,10.11
2017/07/28,10.29
2017/07/29,10.360274107014417
2017/07/30,10.373955871964634
2017/07/31,10.26
2017/08/01,10.09
2017/08/02,10.28
2017/08/03,10.44
2017/08/04,10.03
2017/08/05,9.450737824810343
2017/08/06,9.245518934428338
2017/08/07,9.93
2017/08/08,10.96
2017/08/09,11.11
2017/08/10,16.04
2017/08/11,15.51
2017/08/12,13.753230935741827
2017/08/13,12.711131327006333
2017/08/14,12.33
2017/08/15,12.04
2017/08/16,11.74
2017/08/17,15.55
2017/08/18,14.26
2017/08/19,13.468557314159384
2017/08/20,13.796427508013336
2017/08/21,13.19
2017/08/22,11.35
2017/08/23,12.25
2017/08/24,12.23
2017/08/25,11.28
2017/08/26,10.789620426347565
2017/08/27,10.873739224499424
2017/08/28,11.32
2017/08/29,11.7
2017/08/30,11.22
2017/08/31,10.59
2017/09/01,10.13
2017/09/02,10.459522445314343
2017/09/03,11.294739162258441
2017/09/04,12.072586298073318
2017/09/05,12.23
2017/09/06,11.63
2017/09/07,11.55
2017/09/08,12.12
2017/09/09,11.999330437988762
2017/09/10,11.330442144276788
2017/09/11,10.73
2017/09/12,10.58
2017/09/13,10.5
2017/09/14,10.44
2017/09/15,10.17
2017/09/16,10.01452703326148
2017/09/17,10.028816111760044
2017/09/18,10.15
2017/09/19,10.18
2017/09/20,9.78
2017/09/21,9.67
2017/09/22,9.59
2017/09/23,9.727560548647809
2017/09/24,10.00336538868321
2017/09/25,10.21
2017/09/26,10.17
2017/09/27,9.87
2017/09/28,9.55
2017/09/29,9.51
2017/09/30,9.506961737504929
2017/10/01,9.478573194334121
2017/10/02,9.45
2017/10/03,9.51
2017/10/04,9.63
2017/10/05,9.19
2017/10/06,9.65
2017/10/07,10.15197155593744
2017/10/08,10.369987123310477
2017/10/09,10.33
2017/10/10,10.08
2017/10/11,9.85
2017/10/12,9.91
2017/10/13,9.61
2017/10/14,9.426966196766735
2017/10/15,9.530670944372122
2017/10/16,9.91
2017/10/17,10.31
2017/10/18,10.07
2017/10/19,10.05
2017/10/20,9.97
2017/10/21,10.214444279567454
2017/10/22,10.68358724154643
2017/10/23,11.07
2017/10/24,11.16
2017/10/25,11.23
2017/10/26,11.3
2017/10/27,9.8
2017/10/28,9.416523439953362
2017/10/29,10.045290736279043
2017/10/30,10.500000000000002
2017/10/31,10.18
2017/11/01,10.2
2017/11/02,9.93
2017/11/03,9.14
2017/11/04,8.752075385387116
2017/11/05,8.890054025180921
2017/11/06,9.4
2017/11/07,9.89
2017/11/08,9.78
2017/11/09,10.5
2017/11/10,11.29
2017/11/11,11.71823343528363
2017/11/12,11.777937836652583
2017/11/13,11.5
2017/11/14,11.59
2017/11/15,13.13
2017/11/16,11.76
2017/11/17,11.43
2017/11/18,11.524479817582536
2017/11/19,11.336358309650894
2017/11/20,10.65
2017/11/21,9.73
2017/11/22,9.88
2017/11/23,9.873419067733566
2017/11/24,9.67
2017/11/25,9.643696924141492
2017/11/26,9.757109789284135
2017/11/27,9.87
2017/11/28,10.03
2017/11/29,10.7
2017/11/30,11.28
2017/12/01,11.43
2017/12/02,11.603999971714078
2017/12/03,11.760685197891553
2017/12/04,11.68
2017/12/05,11.33
2017/12/06,11.02
2017/12/07,10.16
2017/12/08,9.58
2017/12/09,9.203218779800723
2017/12/10,9.067767053968474
2017/12/11,9.34
2017/12/12,9.92
2017/12/13,10.18
2017/12/14,10.49
2017/12/15,9.42
2017/12/16,8.792374554977131
2017/12/17,8.941703195549572
2017/12/18,9.53
2017/12/19,10.03
2017/12/20,9.72
2017/12/21,9.62
2017/12/22,9.9
2017/12/23,10.038715742233034
2017/12/24,10.035038021208948
2017/12/25,10.051341289580387
2017/12/26,10.25
2017/12/27,10.47
2017/12/28,10.18
2017/12/29,11.04
2017/12/30,11.516785106741738
2017/12/31,11.28406030209327
2018/01/01,10.611805346398167
2018/01/02,9.77
2018/01/03,9.15
2018/01/04,9.22
2018/01/05,9.22
2018/01/06,9.116607866432581
2018/01/07,9.141182917169004
2018/01/08,9.52
2018/01/09,10.08
2018/01/10,9.82
2018/01/11,9.88
2018/01/12,10.16
2018/01/13,10.547128359091674
2018/01/14,10.980653984362311
2018/01/15,11.378852617451791
2018/01/16,11.66
2018/01/17,11.91
2018/01/18,12.22
2018/01/19,11.27
2018/01/20,10.752135416491337
2018/01/21,10.833652477428602
2018/01/22,11.03
2018/01/23,11.1
2018/01/24,11.47
2018/01/25,11.58
2018/01/26,11.08
2018/01/27,11.31779376960374
2018/01/28,12.365152889346644
2018/01/29,13.84
2018/01/30,14.79
2018/01/31,13.54
2018/02/01,13.47
2018/02/02,17.31
2018/02/03,26.36714877694068
2018/02/04,35.36363064417502
2018/02/05,37.32
2018/02/06,29.98
2018/02/07,27.73
2018/02/08,33.46
2018/02/09,29.06
2018/02/10,25.197387912853237
2018/02/11,24.630774210512076
2018/02/12,25.61
2018/02/13,24.97
2018/02/14,19.26
2018/02/15,19.13
2018/02/16,19.46
2018/02/17,19.74439214115068
2018/02/18,20.214676214064514
2018/02/19,20.592622179946098
2018/02/20,20.6
2018/02/21,20.02
2018/02/22,18.72
2018/02/23,16.49
2018/02/24,14.727184206641015
2018/02/25,14.295784438665397
2018/02/26,15.8
2018/02/27,18.59
2018/02/28,19.85
2018/03/01,22.47
2018/03/02,19.59
2018/03/03,17.843832298288483
2018/03/04,18.155326721948366
2018/03/05,18.73
2018/03/06,18.36
2018/03/07,17.76
2018/03/08,16.54
2018/03/09,14.64
2018/03/10,14.172389608470246
2018/03/11,14.891890561692252
2018/03/12,15.78
2018/03/13,16.35
2018/03/14,17.23
2018/03/15,16.59
2018/03/16,15.8
2018/03/17,16.57044850154819
2018/03/18,18.11279116416689
2018/03/19,19.02
2018/03/20,18.2
2018/03/21,17.86
2018/03/22,23.34
2018/03/23,24.87
2018/03/24,23.482801294217705
2018/03/25,21.62171543772689
2018/03/26,21.03
2018/03/27,22.5
2018/03/28,22.87
2018/03/29,19.97
2018/03/30,19.553134436429495
2018/03/31,21.502681407377487
2018/04/01,23.598387674636736
2018/04/02,23.620000000000005
2018/04/03,21.1
2018/04/04,20.06
2018/04/05,18.94
2018/04/06,21.49
2018/04/07,23.178726170716907
2018/04/08,23.034387696973365
2018/04/09,21.77
2018/04/10,20.47
2018/04/11,20.24
2018/04/12,18.49
2018/04/13,17.41
2018/04/14,17.26657821563856
2018/04/15,17.26145094411028
2018/04/16,16.56
2018/04/17,15.25
2018/04/18,15.6
2018/04/19,15.96
2018/04/20,16.88
2018/04/21,16.679569848373692
2018/04/22,16.002339508703955
2018/04/23,16.34
2018/04/24,18.02
2018/04/25,17.84
2018/04/26,16.24
2018/04/27,15.41
2018/04/28,15.508983303877585
2018/04/29,15.909583693429605
2018/04/30,15.93
2018/05/01,15.49
2018/05/02,15.97
2018/05/03,15.9
2018/05/04,14.77
2018/05/05,14.210554371972957
2018/05/06,14.33935615706725
2018/05/07,14.75
2018/05/08,14.71
2018/05/09,13.42
2018/05/10,13.23
2018/05/11,12.65
2018/05/12,11.918805399091687
2018/05/13,11.78744607348256
2018/05/14,12.93
2018/05/15,14.63
2018/05/16,13.42
2018/05/17,13.43
2018/05/18,13.42
2018/05/19,13.186742103923047
2018/05/20,13.010284699984375
2018/05/21,13.08
2018/05/22,13.22
2018/05/23,12.58
2018/05/24,12.53
2018/05/25,13.22
2018/05/26,14.88401179624316
2018/05/27,16.77397872306307
2018/05/28,17.836956288351445
2018/05/29,17.02
2018/05/30,14.94
2018/05/31,15.43
2018/06/01,13.46
2018/06/02,12.290629367526126
2018/06/03,12.399851988938067
2018/06/04,12.739999999999998
2018/06/05,12.4
2018/06/06,11.64
2018/06/07,12.13
2018/06/08,12.18
2018/06/09,12.232292773147895
2018/06/10,12.36846005362693
2018/06/11,12.35
2018/06/12,12.34
2018/06/13,12.94
2018/06/14,12.12
2018/06/15,11.98
2018/06/16,11.773229095676449
2018/06/17,11.652609765324433
2018/06/18,12.31
2018/06/19,13.35
2018/06/20,12.79
2018/06/21,14.64
2018/06/22,13.77
2018/06/23,14.690228229283642
2018/06/24,16.823778715108254
2018/06/25,17.33
2018/06/26,15.92
2018/06/27,17.91
2018/06/28,16.85
2018/06/29,16.09
2018/06/30,15.675224358243577
2018/07/01,15.427020163900508
2018/07/02,15.6
2018/07/03,16.14
2018/07/04,16.0220998262207
2018/07/05,14.97
2018/07/06,13.37
2018/07/07,12.683672734044976
2018/07/08,12.699940373953858
2018/07/09,12.69
2018/07/10,12.64
2018/07/11,13.63
2018/07/12,12.58
2018/07/13,12.18
2018/07/14,12.53778415978931
2018/07/15,12.95350531348862
2018/07/16,12.83
2018/07/17,12.06
2018/07/18,12.1
2018/07/19,12.87
2018/07/20,12.86
2018/07/21,12.755832674578388
2018/07/22,12.724800216611262
2018/07/23,12.62
2018/07/24,12.41
2018/07/25,12.29
2018/07/26,12.14
2018/07/27,13.03
2018/07/28,14.210247747306378
2018/07/29,14.851815264959283
2018/07/30,14.26
2018/07/31,12.83
2018/08/01,13.15
2018/08/02,12.19
2018/08/03,11.64
2018/08/04,11.508932508603873
2018/08/05,11.451365639024678
2018/08/06,11.27
2018/08/07,10.93
2018/08/08,10.85
2018/08/09,11.27
2018/08/10,13.16
2018/08/11,14.915808170295973
2018/08/12,15.629484865573072
2018/08/13,14.78
2018/08/14,13.31
2018/08/15,14.64
2018/08/16,13.45
2018/08/17,12.64
2018/08/18,12.285662791553683
2018/08/19,12.189574390294807
2018/08/20,12.49
2018/08/21,12.86
2018/08/22,12.25
2018/08/23,12.41
2018/08/24,11.99
2018/08/25,11.676606177554042
2018/08/26,11.749919060877719
2018/08/27,12.16
2018/08/28,12.5
2018/08/29,12.25
2018/08/30,13.53
2018/08/31,12.86
2018/09/01,12.171934197165843
2018/09/02,12.122515710573502
2018/09/03,12.51683936869441
2018/09/04,13.16
2018/09/05,13.91
2018/09/06,14.65
2018/09/07,14.88
2018/09/08,14.963275964421758
2018/09/09,14.814796878523207
2018/09/10,14.16
2018/09/11,13.22
2018/09/12,13.14
2018/09/13,12.37
2018/09/14,12.07
2018/09/15,12.65408645718213
2018/09/16,13.46521322874214
2018/09/17,13.68
2018/09/18,12.79
2018/09/19,11.75
2018/09/20,11.8
2018/09/21,11.68
2018/09/22,11.727207071365147
2018/09/23,11.971951162817469
2018/09/24,12.2
2018/09/25,12.42
2018/09/26,12.89
2018/09/27,12.41
2018/09/28,12.12
2018/09/29,11.935832110880536
2018/09/30,11.846195531408089
2018/10/01,12
2018/10/02,12.05
2018/10/03,11.61
2018/10/04,14.22
2018/10/05,14.82
2018/10/06,15.38432218425524
2018/10/07,16.030981358609367
2018/10/08,15.69
2018/10/09,15.95
2018/10/10,22.96
2018/10/11,24.98
2018/10/12,21.31
2018/10/13,20.567477955892986
2018/10/14,21.839402432838796
2018/10/15,21.3
2018/10/16,17.62
2018/10/17,17.4
2018/10/18,20.06
2018/10/19,19.89
2018/10/20,19.504723777340356
2018/10/21,19.58403082873153
2018/10/22,19.64
2018/10/23,20.71
2018/10/24,25.23
2018/10/25,24.22
2018/10/26,24.16
2018/10/27,24.786973718044845
2018/10/28,25.090112670411052
2018/10/29,24.7
2018/10/30,23.35
2018/10/31,21.23
2018/11/01,19.34
2018/11/02,19.51
2018/11/03,19.63826559021951
2018/11/04,19.56841688084961
2018/11/05,19.96
2018/11/06,19.91
2018/11/07,16.36
2018/11/08,16.72
2018/11/09,17.36
2018/11/10,18.591691198304524
2018/11/11,20.00623983971444
2018/11/12,20.45
2018/11/13,20.02
2018/11/14,21.25
2018/11/15,19.98
2018/11/16,18.14
2018/11/17,17.335515454130462
2018/11/18,17.922511366156307
2018/11/19,20.1
2018/11/20,22.48
2018/11/21,20.8
2018/11/22,20.680455884332307
2018/11/23,21.52
2018/11/24,21.010436018931305
2018/11/25,19.711520917925586
2018/11/26,18.9
2018/11/27,19.02
2018/11/28,18.49
2018/11/29,18.79
2018/11/30,18.07
2018/12/01,16.155407695835237
2018/12/02,14.886309225748997
2018/12/03,16.44
2018/12/04,20.74
2018/12/05,21.473624327710922
2018/12/06,21.19
2018/12/07,23.23
2018/12/08,24.22197392356093
2018/12/09,23.751440862489567
2018/12/10,22.64
2018/12/11,21.76
2018/12/12,21.46
2018/12/13,20.65
2018/12/14,21.63
2018/12/15,22.656309447753074
2018/12/16,23.45776983954836
2018/12/17,24.52
2018/12/18,25.58
2018/12/19,25.58
2018/12/20,28.38
2018/12/21,30.11
2018/12/22,32.790373310229135
2018/12/23,35.532380875297505
2018/12/24,36.07
2018/12/25,33.25496022069566
2018/12/26,30.41
2018/12/27,29.96
2018/12/28,28.34
2018/12/29,27.28098731186069
2018/12/30,26.67119082221691
2018/12/31,25.42
2019/01/01,23.260430159944782
2019/01/02,23.22
2019/01/03,25.45
2019/01/04,21.38
2019/01/05,19.543618059683197
2019/01/06,20.524647134530703
2019/01/07,21.4
2019/01/08,20.47
2019/01/09,19.98
2019/01/10,19.5
2019/01/11,18.19
2019/01/12,18.083773544600273
2019/01/13,18.78950127651826
2019/01/14,19.07
2019/01/15,18.6
2019/01/16,19.04
2019/01/17,18.06
2019/01/18,17.8
2019/01/19,18.680508686132463
2019/01/20,19.993052274485553
2019/01/21,20.959069725595864
2019/01/22,20.8
2019/01/23,19.52
2019/01/24,18.89
2019/01/25,17.42
2019/01/26,17.06540853927801
2019/01/27,17.828481439026664
2019/01/28,18.87
2019/01/29,19.13
2019/01/30,17.66
2019/01/31,16.57
2019/02/01,16.14
2019/02/02,15.921386095143362
2019/02/03,15.794639761223115
2019/02/04,15.73
2019/02/05,15.57
2019/02/06,15.38
2019/02/07,16.37
2019/02/08,15.72
2019/02/09,15.522795487037692
2019/02/10,15.890802699239611
2019/02/11,15.970000000000002
2019/02/12,15.43
2019/02/13,15.65
2019/02/14,16.22
2019/02/15,14.91
2019/02/16,14.328530308519934
2019/02/17,14.674706282785733
2019/02/18,15.131029115658666
2019/02/19,14.880000000000003
2019/02/20,14.02
2019/02/21,14.46
2019/02/22,13.51
2019/02/23,13.269990430056042
2019/02/24,13.958623526268148
2019/02/25,14.85
2019/02/26,15.17
2019/02/27,14.7
2019/02/28,14.78
2019/03/01,13.57
2019/03/02,13.334738964940893
2019/03/03,14.030058429087036
2019/03/04,14.63
2019/03/05,14.74
2019/03/06,15.74
2019/03/07,16.59
2019/03/08,16.05
2019/03/09,15.367100435607643
2019/03/10,14.836356069592531
2019/03/11,14.33
2019/03/12,13.77
2019/03/13,13.41
2019/03/14,13.5
2019/03/15,12.88
2019/03/16,12.569974004940667
2019/03/17,12.728461671267805
2019/03/18,13.1
2019/03/19,13.56
2019/03/20,13.91
2019/03/21,13.63
2019/03/22,16.48
2019/03/23,18.224209547307506
2019/03/24,17.95864623519454
2019/03/25,16.33
2019/03/26,14.68
2019/03/27,15.15
2019/03/28,14.43
2019/03/29,13.71
2019/03/30,13.450486258655099
2019/03/31,13.427129586530626
2019/04/01,13.4
2019/04/02,13.36
2019/04/03,13.74
2019/04/04,13.58
2019/04/05,12.82
2019/04/06,12.256669099512433
2019/04/07,12.290653881921557
2019/04/08,13.18
2019/04/09,14.28
2019/04/10,13.3
2019/04/11,13.02
2019/04/12,12.01
2019/04/13,11.720540736892946
2019/04/14,12.086323685167725
2019/04/15,12.32
2019/04/16,12.18
2019/04/17,12.6
2019/04/18,12.09
2019/04/19,11.869690597933685
2019/04/20,12.098600136564222
2019/04/21,12.405709606912648
2019/04/22,12.420000000000002
2019/04/23,12.28
2019/04/24,13.14
2019/04/25,13.25
2019/04/26,12.73
2019/04/27,12.74076214050227
2019/04/28,13.068838607268663
2019/04/29,13.11
2019/04/30,13.12
2019/05/01,14.8
2019/05/02,14.42
2019/05/03,12.87
2019/05/04,11.983984177783626
2019/05/05,12.623427391206972
2019/05/06,15.44
2019/05/07,19.32
2019/05/08,19.4
2019/05/09,19.1
2019/05/10,16.04
2019/05/11,16.55408917247141
2019/05/12,19.40680934333511
2019/05/13,20.55
2019/05/14,18.06
2019/05/15,16.44
2019/05/16,15.29
2019/05/17,15.96
2019/05/18,16.76577661561472
2019/05/19,16.955018830813884
2019/05/20,16.31
2019/05/21,14.95
2019/05/22,14.75
2019/05/23,16.92
2019/05/24,15.85
2019/05/25,15.039418558705712
2019/05/26,15.409920383209208
2019/05/27,16.412962016108096
2019/05/28,17.5
2019/05/29,17.9
2019/05/30,17.3
2019/05/31,18.71
2019/06/01,19.89883044921622
2019/06/02,19.97885659745982
2019/06/03,18.86
2019/06/04,16.97
2019/06/05,16.09
2019/06/06,15.93
2019/06/07,16.3
2019/06/08,16.34608438044687
2019/06/09,16.111070648897694
2019/06/10,15.94
2019/06/11,15.99
2019/06/12,15.91
2019/06/13,15.82
2019/06/14,15.28
2019/06/15,15.057991701964466
2019/06/16,15.174686766042878
2019/06/17,15.35
2019/06/18,15.15
2019/06/19,14.33
2019/06/20,14.75
2019/06/21,15.4
2019/06/22,15.302967342423392
2019/06/23,14.974023290600636
2019/06/24,15.26
2019/06/25,16.28
2019/06/26,16.21
2019/06/27,15.82
2019/06/28,15.08
2019/06/29,14.766375088067127
2019/06/30,14.630493003812681
2019/07/01,14.06
2019/07/02,12.93
2019/07/03,12.57
2019/07/04,12.849555565371416
2019/07/05,13.28
2019/07/06,13.51907857707738
2019/07/07,13.67297909889047
2019/07/08,13.96
2019/07/09,14.09
2019/07/10,13.03
2019/07/11,12.93
2019/07/12,12.39
2019/07/13,12.254536014858159
2019/07/14,12.51324404596086
2019/07/15,12.68
2019/07/16,12.86
2019/07/17,13.97
2019/07/18,13.53
2019/07/19,14.45
2019/07/20,14.871520078129327
2019/07/21,14.407591256139813
2019/07/22,13.53
2019/07/23,12.61
2019/07/24,12.07
2019/07/25,12.74
2019/07/26,12.16
2019/07/27,11.827022511132038
2019/07/28,12.134319207569451
2019/07/29,12.83
2019/07/30,13.94
2019/07/31,16.12
2019/08/01,17.87
2019/08/02,17.61
2019/08/03,20.521509739069945
2019/08/04,24.400762930984428
2019/08/05,24.59
2019/08/06,20.17
2019/08/07,19.49
2019/08/08,16.91
2019/08/09,17.97
2019/08/10,20.93285596166969
2019/08/11,22.80797777474687
2019/08/12,21.09
2019/08/13,17.52
2019/08/14,22.1
2019/08/15,21.18
2019/08/16,18.47
2019/08/17,16.806223783246693
2019/08/18,16.304454757130337
2019/08/19,16.88
2019/08/20,17.5
2019/08/21,15.8
2019/08/22,16.68
2019/08/23,19.87
2019/08/24,20.666627150091866
2019/08/25,19.72594950272925
2019/08/26,19.32
2019/08/27,20.31
2019/08/28,19.35
2019/08/29,17.88
2019/08/30,18.98
2019/08/31,20.453543370520137
2019/09/01,21.277193515703672
2019/09/02,21.12224690303537
2019/09/03,19.66
2019/09/04,17.33
2019/09/05,16.27
2019/09/06,15
2019/09/07,14.558971791165519
2019/09/08,14.863199666481549
2019/09/09,15.27
2019/09/10,15.2
2019/09/11,14.61
2019/09/12,14.22
2019/09/13,13.74
2019/09/14,13.852960751185188
2019/09/15,14.345134854654418
2019/09/16,14.67
2019/09/17,14.44
2019/09/18,13.95
2019/09/19,14.05
2019/09/20,15.32
2019/09/21,15.100162011201514
2019/09/22,14.276365528537363
2019/09/23,14.910000000000002
2019/09/24,17.05
2019/09/25,15.96
2019/09/26,16.07
2019/09/27,17.22
2019/09/28,16.93086003718751
2019/09/29,16.02627001785098
2019/09/30,16.24
2019/10/01,18.56
2019/10/02,20.56
2019/10/03,19.12
2019/10/04,17.04
2019/10/05,15.821189401703466
2019/10/06,15.952990882065887
2019/10/07,17.86
2019/10/08,20.28
2019/10/09,18.64
2019/10/10,17.57
2019/10/11,15.58
2019/10/12,14.749364925702587
2019/10/13,14.840596005908573
2019/10/14,14.57
2019/10/15,13.54
2019/10/16,13.68
2019/10/17,13.79
2019/10/18,14.25
2019/10/19,14.22900918039242
2019/10/20,13.937180701792771
2019/10/21,14
2019/10/22,14.46
2019/10/23,14.01
2019/10/24,13.71
2019/10/25,12.65
2019/10/26,12.22252465487541
2019/10/27,12.52950610195246
2019/10/28,13.11
2019/10/29,13.2
2019/10/30,12.33
2019/10/31,13.22
2019/11/01,12.3
2019/11/02,11.79946984956962
2019/11/03,12.16918279542285
2019/11/04,12.830000000000002
2019/11/05,13.1
2019/11/06,12.62
2019/11/07,12.73
2019/11/08,12.07
2019/11/09,11.945243138310401
2019/11/10,12.353351985334745
2019/11/11,12.69
2019/11/12,12.68
2019/11/13,13
2019/11/14,13.05
2019/11/15,12.05
2019/11/16,11.606701698836948
2019/11/17,11.876468440571896
2019/11/18,12.46
2019/11/19,12.86
2019/11/20,12.78
2019/11/21,13.13
2019/11/22,12.34
2019/11/23,11.904509327226542
2019/11/24,11.928270056212687
2019/11/25,11.87
2019/11/26,11.54
2019/11/27,11.75
2019/11/28,12.176213340258608
2019/11/29,12.62
2019/11/30,13.0713240815755
2019/12/01,13.744516529775465
2019/12/02,14.91
2019/12/03,15.96
2019/12/04,14.8
2019/12/05,14.52
2019/12/06,13.62
2019/12/07,13.864628016087725
2019/12/08,14.995260472753808
2019/12/09,15.859999999999998
2019/12/10,15.68
2019/12/11,14.99
2019/12/12,13.94
2019/12/13,12.63
2019/12/14,11.996501852446768
2019/12/15,11.966703447761889
2019/12/16,12.14
2019/12/17,12.29
2019/12/18,12.58
2019/12/19,12.5
2019/12/20,12.51
2019/12/21,12.535689938452718
2019/12/22,12.552463641570501
2019/12/23,12.61
2019/12/24,12.67
2019/12/25,12.5299316983837
2019/12/26,12.65
2019/12/27,13.43
2019/12/28,14.351756237932975
2019/12/29,14.946538497996231
2019/12/30,14.82
2019/12/31,13.78
2020/01/01,12.548402507235785
2020/01/02,12.47
2020/01/03,14.02
2020/01/04,14.646666087948024
2020/01/05,14.31196955238363
2020/01/06,13.85
2020/01/07,13.79
2020/01/08,13.45
2020/01/09,12.54
2020/01/10,12.56
2020/01/11,12.581624160385378
2020/01/12,12.425932385700944
2020/01/13,12.32
2020/01/14,12.39
2020/01/15,12.42
2020/01/16,12.32
2020/01/17,12.1
2020/01/18,12.096758825337261
2020/01/19,12.302493805438344
2020/01/20,12.594481882820252
2020/01/21,12.85
2020/01/22,12.91
2020/01/23,12.98
2020/01/24,14.56
2020/01/25,16.860500452878444
2020/01/26,18.52443252790403
2020/01/27,18.23
2020/01/28,16.28
2020/01/29,16.39
2020/01/30,15.49
2020/01/31,18.84
2020/02/01,20.6544625337501
2020/02/02,19.937738118902345
2020/02/03,17.970000000000002
2020/02/04,16.05
2020/02/05,15.15
2020/02/06,14.96
2020/02/07,15.47
2020/02/08,15.43012866313934
2020/02/09,15.052052974896327
2020/02/10,15.04
2020/02/11,15.18
2020/02/12,13.74
2020/02/13,14.15
2020/02/14,13.68
2020/02/15,13.664064666962172
2020/02/16,14.253373867169415
2020/02/17,14.84349613379195
2020/02/18,14.830000000000002
2020/02/19,14.38
2020/02/20,15.56
2020/02/21,17.08
2020/02/22,18.898101301429524
2020/02/23,21.425056780079725
2020/02/24,25.03
2020/02/25,27.85
2020/02/26,27.56
2020/02/27,39.16
2020/02/28,40.11
2020/02/29,35.826963097582414
2020/03/01,32.432850926004335
2020/03/02,33.42
2020/03/03,36.82
2020/03/04,31.99
2020/03/05,39.62
2020/03/06,41.94
2020/03/07,47.34125256081201
2020/03/08,53.9752283307765
2020/03/09,54.46
2020/03/10,47.3
2020/03/11,53.9
2020/03/12,75.47
2020/03/13,57.83
2020/03/14,56.72005369707632
2020/03/15,72.69291372009451
2020/03/16,82.68999999999998
2020/03/17,75.91
2020/03/18,76.45
2020/03/19,72
2020/03/20,66.04
2020/03/21,62.95636112935331
2020/03/22,62.017379834430855
2020/03/23,61.59
2020/03/24,61.67
2020/03/25,63.95
2020/03/26,61
2020/03/27,65.54
2020/03/28,66.84107715747251
2020/03/29,63.11285509131358
2020/03/30,57.08
2020/03/31,53.54
2020/04/01,57.06
2020/04/02,50.91
2020/04/03,46.8
2020/04/04,44.79990099412174
2020/04/05,44.12191952622992
2020/04/06,45.24
2020/04/07,46.7
2020/04/08,43.35
2020/04/09,41.67
2020/04/10,42.231367978658454
2020/04/11,43.3867779246011
2020/04/12,43.55879890824319
2020/04/13,41.17
2020/04/14,37.76
2020/04/15,40.84
2020/04/16,40.11
2020/04/17,38.15
2020/04/18,38.44110795729932
2020/04/19,40.67969274599374
2020/04/20,43.83
2020/04/21,45.41
2020/04/22,41.98
2020/04/23,41.38
2020/04/24,35.93
2020/04/25,32.4277283270969
2020/04/26,32.10141744445617
2020/04/27,33.29
2020/04/28,33.57
2020/04/29,31.23
2020/04/30,34.15
2020/05/01,37.19
2020/05/02,38.466512028913456
2020/05/03,38.04249583548643
2020/05/04,35.97
2020/05/05,33.61
2020/05/06,34.12
2020/05/07,31.44
2020/05/08,27.98
2020/05/09,25.435164559243137
2020/05/10,24.8995675514442
2020/05/11,27.57
2020/05/12,33.04
2020/05/13,35.28
2020/05/14,32.61
2020/05/15,31.89
2020/05/16,30.635633956739255
2020/05/17,29.152650580595807
2020/05/18,29.3
2020/05/19,30.53
2020/05/20,27.99
2020/05/21,29.53
2020/05/22,28.16
2020/05/23,27.157605615296756
2020/05/24,27.384438017225605
2020/05/25,27.961551410541652
2020/05/26,28.01
2020/05/27,27.62
2020/05/28,28.59
2020/05/29,27.51
2020/05/30,27.386454268082776
2020/05/31,28.124515974193354
2020/06/01,28.23
2020/06/02,26.84
2020/06/03,25.66
2020/06/04,25.81
2020/06/05,24.52
2020/06/06,23.53658735658842
2020/06/07,23.839448610524524
2020/06/08,25.81
2020/06/09,27.57
2020/06/10,27.57
2020/06/11,40.79
2020/06/12,36.09
2020/06/13,32.137250204612364
2020/06/14,33.02634939670402
2020/06/15,34.400000000000006
2020/06/16,33.67
2020/06/17,33.47
2020/06/18,32.94
2020/06/19,35.12
2020/06/20,35.51688533755906
2020/06/21,33.88798998072938
2020/06/22,31.769999999999996
2020/06/23,31.37
2020/06/24,33.84
2020/06/25,32.22
2020/06/26,34.73
2020/06/27,35.51396830791533
2020/06/28,33.86063035332306
2020/06/29,31.78
2020/06/30,30.43
2020/07/01,28.62
2020/07/02,27.68
2020/07/03,26.932323929038436
2020/07/04,26.427204581446297
2020/07/05,26.61348294313101
2020/07/06,27.94
2020/07/07,29.43
2020/07/08,28.08
2020/07/09,29.26
2020/07/10,27.29
2020/07/11,28.194387511907465
2020/07/12,31.10067223650105
2020/07/13,32.19
2020/07/14,29.52
2020/07/15,27.76
2020/07/16,28
2020/07/17,25.68
2020/07/18,24.06893751665565
2020/07/19,23.871174777165933
2020/07/20,24.460000000000004
2020/07/21,24.84
2020/07/22,24.32
2020/07/23,26.08
2020/07/24,25.84
2020/07/25,24.896180031868326
2020/07/26,24.36230567686121
2020/07/27,24.74
2020/07/28,25.44
2020/07/29,24.1
2020/07/30,24.76
2020/07/31,24.46
2020/08/01,24.237577457356668
2020/08/02,24.324525039884165
2020/08/03,24.28
2020/08/04,23.76
2020/08/05,22.99
2020/08/06,22.65
2020/08/07,22.21
2020/08/08,21.386686690305314
2020/08/09,21.001660216654525
2020/08/10,22.13
2020/08/11,24.03
2020/08/12,22.28
2020/08/13,22.13
2020/08/14,22.05
2020/08/15,21.788995688762533
2020/08/16,21.542700682735884
2020/08/17,21.35
2020/08/18,21.51
2020/08/19,22.54
2020/08/20,22.72
2020/08/21,22.54
2020/08/22,22.569104066519007
2020/08/23,22.624388846024946
2020/08/24,22.37
2020/08/25,22.03
2020/08/26,23.27
2020/08/27,24.47
2020/08/28,22.96
2020/08/29,23.140349251217486
2020/08/30,24.90000661895029
2020/08/31,26.41
2020/09/01,26.12
2020/09/02,26.57
2020/09/03,33.6
2020/09/04,30.75
2020/09/05,28.918661954576688
2020/09/06,30.203519124609482
2020/09/07,31.93911673233754
2020/09/08,31.46
2020/09/09,28.81
2020/09/10,29.71
2020/09/11,26.87
2020/09/12,25.22262868699579
2020/09/13,25.428458761155408
2020/09/14,25.85
2020/09/15,25.59
2020/09/16,26.04
2020/09/17,26.46
2020/09/18,25.83
2020/09/19,26.434095770350545
2020/09/20,27.634084311743912
2020/09/21,27.78
2020/09/22,26.86
2020/09/23,28.58
2020/09/24,28.51
2020/09/25,26.38
2020/09/26,25.435321761427915
2020/09/27,25.695539631540985
2020/09/28,26.19
2020/09/29,26.27
2020/09/30,26.37
2020/10/01,26.7
2020/10/02,27.63
2020/10/03,27.623837358949537
2020/10/04,27.29138202443909
2020/10/05,27.96
2020/10/06,29.48
2020/10/07,28.06
2020/10/08,26.36
2020/10/09,25
2020/10/10,24.311306398853752
2020/10/11,24.35652342242405
2020/10/12,25.07
2020/10/13,26.07
2020/10/14,26.4
2020/10/15,26.97
2020/10/16,27.41
2020/10/17,27.959178009175922
2020/10/18,28.602932036079537
2020/10/19,29.18
2020/10/20,29.35
2020/10/21,28.65
2020/10/22,28.11
2020/10/23,27.55
2020/10/24,29.057940902371733
2020/10/25,31.447239707508185
2020/10/26,32.46
2020/10/27,33.35
2020/10/28,40.28
2020/10/29,37.59
2020/10/30,38.02
2020/10/31,38.50951320908934
2020/11/01,37.85049191282772
2020/11/02,37.13
2020/11/03,35.55
2020/11/04,29.57
2020/11/05,27.58
2020/11/06,24.86
2020/11/07,24.076499843902273
2020/11/08,24.993463968854606
2020/11/09,25.75
2020/11/10,24.8
2020/11/11,23.45
2020/11/12,25.35
2020/11/13,23.1
2020/11/14,21.683449586372127
2020/11/15,21.930850798189375
2020/11/16,22.450000000000003
2020/11/17,22.71
2020/11/18,23.84
2020/11/19,23.11
2020/11/20,23.7
2020/11/21,24.03144042346902
2020/11/22,23.598497866136537
2020/11/23,22.66
2020/11/24,21.64
2020/11/25,21.25
2020/11/26,21.03813934431011
2020/11/27,20.84
2020/11/28,20.665055679150235
2020/11/29,20.55745139827573
2020/11/30,20.57
2020/12/01,20.77
2020/12/02,21.17
2020/12/03,21.28
2020/12/04,20.79
2020/12/05,20.991829147086833
2020/12/06,21.483468477943795
2020/12/07,21.3
2020/12/08,20.68
2020/12/09,22.27
2020/12/10,22.52
2020/12/11,23.31
2020/12/12,24.555357326975894
2020/12/13,25.31998706656238
2020/12/14,24.72
2020/12/15,22.89
2020/12/16,22.5
2020/12/17,21.93
2020/12/18,21.57
2020/12/19,22.71683228716944
2020/12/20,24.42805168017832
2020/12/21,25.16
2020/12/22,24.23
2020/12/23,23.31
2020/12/24,21.53
2020/12/25,20.266384457223488
2020/12/26,19.92431730669092
2020/12/27,20.427591502812895
2020/12/28,21.7
2020/12/29,23.08
2020/12/30,22.77
2020/12/31,22.75
2021/01/01,24.043178978637012
2021/01/02,25.89800413803649
2021/01/03,27.233827228417727
2021/01/04,26.97
2021/01/05,25.34
2021/01/06,25.07
2021/01/07,22.37
2021/01/08,21.56
2021/01/09,22.351653864366643
2021/01/10,23.512375471895542
2021/01/11,24.08
2021/01/12,23.33
2021/01/13,22.21
2021/01/14,23.25
2021/01/15,24.34
2021/01/16,24.964539385094564
2021/01/17,25.076730006152822
2021/01/18,24.54555562413467
2021/01/19,23.24
2021/01/20,21.58
2021/01/21,21.32
2021/01/22,21.91
2021/01/23,23.723275372839986
2021/01/24,24.976090153209835
2021/01/25,23.19
2021/01/26,23.02
2021/01/27,37.21
2021/01/28,30.21
2021/01/29,33.09
2021/01/30,35.90320606768332
2021/01/31,34.37626604235034
2021/02/01,30.24
2021/02/02,25.56
2021/02/03,22.91
2021/02/04,21.77
2021/02/05,20.87
2021/02/06,20.58959468559828
2021/02/07,20.82814614311346
2021/02/08,21.24
2021/02/09,21.63
2021/02/10,21.99
2021/02/11,21.25
2021/02/12,19.97
2021/02/13,19.69092282539886
2021/02/14,20.266983674743237
2021/02/15,21.067052686715996
2021/02/16,21.46
2021/02/17,21.5
2021/02/18,22.49
2021/02/19,22.05
2021/02/20,21.956519639355754
2021/02/21,22.5590632104699
2021/02/22,23.45
2021/02/23,23.11
2021/02/24,21.34
2021/02/25,28.89
2021/02/26,27.95
2021/02/27,25.19588251043693
2021/02/28,23.733389406488133
2021/03/01,23.35
2021/03/02,24.1
2021/03/03,26.67
2021/03/04,28.57
2021/03/05,24.66
2021/03/06,23.290564170135642
2021/03/07,24.58740906841011
2021/03/08,25.47
2021/03/09,24.03
2021/03/10,22.56
2021/03/11,21.91
2021/03/12,20.69
2021/03/13,19.981136052825565
2021/03/14,19.884295222205225
2021/03/15,20.03
2021/03/16,19.79
2021/03/17,19.23
2021/03/18,21.58
2021/03/19,20.95
2021/03/20,19.491346640118827
2021/03/21,18.641831392149875
2021/03/22,18.88
2021/03/23,20.3
2021/03/24,21.2
2021/03/25,19.81
2021/03/26,18.86
2021/03/27,19.47743429970959
2021/03/28,20.591026501195227
2021/03/29,20.74
2021/03/30,19.61
2021/03/31,19.4
2021/04/01,17.33
2021/04/02,16.106045637894276
2021/04/03,16.20719415963077
2021/04/04,17.01474560155188
2021/04/05,17.91
2021/04/06,18.12
2021/04/07,17.16
2021/04/08,16.95
2021/04/09,16.69
2021/04/10,16.731612628840942
2021/04/11,16.941633024498202
2021/04/12,16.91
2021/04/13,16.65
2021/04/14,16.99
2021/04/15,16.57
2021/04/16,16.25
2021/04/17,15.987306480755613
2021/04/18,16.139222938521307
2021/04/19,17.29
2021/04/20,18.68
2021/04/21,17.5
2021/04/22,18.71
2021/04/23,17.33
2021/04/24,16.615547318540038
2021/04/25,17.071317553599435
2021/04/26,17.64
2021/04/27,17.56
2021/04/28,17.28
2021/04/29,17.61
2021/04/30,18.61
2021/05/01,18.593835543285696
2021/05/02,18.08506958254676
2021/05/03,18.31
2021/05/04,19.48
2021/05/05,19.15
2021/05/06,18.39
2021/05/07,16.69
2021/05/08,16.75206135032177
2021/05/09,18.225681155034543
2021/05/10,19.66
2021/05/11,21.84
2021/05/12,27.59
2021/05/13,23.13
2021/05/14,18.81
2021/05/15,17.50793027760276
2021/05/16,18.15660285211551
2021/05/17,19.72
2021/05/18,21.34
2021/05/19,22.18
2021/05/20,20.67
2021/05/21,20.15
2021/05/22,19.40336881559439
2021/05/23,18.528148372794014
2021/05/24,18.4
2021/05/25,18.84
2021/05/26,17.36
2021/05/27,16.74
2021/05/28,16.76
2021/05/29,17.17903735577512
2021/05/30,17.740244940732342
2021/05/31,18.096330055323392
2021/06/01,17.9
2021/06/02,17.48
2021/06/03,18.04
2021/06/04,16.42
2021/06/05,15.54088683348312
2021/06/06,15.80600184628749
2021/06/07,16.42
2021/06/08,17.07
2021/06/09,17.89
2021/06/10,16.1
2021/06/11,15.65
2021/06/12,15.831119391311594
2021/06/13,16.088973979070296
2021/06/14,16.39
2021/06/15,17.02
2021/06/16,18.15
2021/06/17,17.75
2021/06/18,20.7
2021/06/19,21.59015242534787
2021/06/20,20.03777710618191
2021/06/21,17.89
2021/06/22,16.66
2021/06/23,16.32
2021/06/24,15.97
2021/06/25,15.62
2021/06/26,15.464011008537334
2021/06/27,15.518699730848343
2021/06/28,15.76
2021/06/29,16.02
2021/06/30,15.83
2021/07/01,15.48
2021/07/02,15.07
2021/07/03,15.417249330829206
2021/07/04,16.210247512816956
2021/07/05,16.775621938396228
2021/07/06,16.44
2021/07/07,16.2
2021/07/08,19
2021/07/09,16.18
2021/07/10,14.272856046898243
2021/07/11,14.69496563904117
2021/07/12,16.17
2021/07/13,17.12
2021/07/14,16.33
2021/07/15,17.01
2021/07/16,18.45
2021/07/17,20.74521675156255
2021/07/18,22.672494625644926
2021/07/19,22.5
2021/07/20,19.73
2021/07/21,17.91
2021/07/22,17.69
2021/07/23,17.2
2021/07/24,16.548700508840955
2021/07/25,16.44309221253091
2021/07/26,17.58
2021/07/27,19.36
2021/07/28,18.31
2021/07/29,17.7
2021/07/30,18.24
2021/07/31,19.234849015357803
2021/08/01,19.904606413567166
2021/08/02,19.46
2021/08/03,18.04
2021/08/04,17.97
2021/08/05,17.28
2021/08/06,16.15
2021/08/07,15.840358857885878
2021/08/08,16.207435133203152
2021/08/09,16.72
2021/08/10,16.79
2021/08/11,16.06
2021/08/12,15.59
2021/08/13,15.45
2021/08/14,15.382731486605628
2021/08/15,15.525776198730641
2021/08/16,16.12
2021/08/17,17.91
2021/08/18,21.57
2021/08/19,21.67
2021/08/20,18.56
2021/08/21,16.76833998812602
2021/08/22,16.61858032200103
2021/08/23,17.15
2021/08/24,17.22
2021/08/25,16.79
2021/08/26,18.84
2021/08/27,16.39
2021/08/28,14.879478288444846
2021/08/29,15.261560025774275
2021/08/30,16.19
2021/08/31,16.48
2021/09/01,16.11
2021/09/02,16.41
2021/09/03,16.41
2021/09/04,16.731244459900328
2021/09/05,17.35919706056513
2021/09/06,17.94505113094737
2021/09/07,18.14
2021/09/08,17.96
2021/09/09,18.8
2021/09/10,20.95
2021/09/11,21.228987224306373
2021/09/12,20.134245194957852
2021/09/13,19.37
2021/09/14,19.46
2021/09/15,18.18
2021/09/16,18.69
2021/09/17,20.81
2021/09/18,23.200203764900387
2021/09/19,25.05738670842905
2021/09/20,25.71
2021/09/21,24.36
2021/09/22,20.87
2021/09/23,18.63
2021/09/24,17.75
2021/09/25,16.555991798275134
2021/09/26,16.228340399486804
2021/09/27,18.76
2021/09/28,23.25
2021/09/29,22.56
2021/09/30,23.14
2021/10/01,21.15
2021/10/02,21.104386285089753
2021/10/03,22.581099763267567
2021/10/04,22.96
2021/10/05,21.3
2021/10/06,21
2021/10/07,19.54
2021/10/08,18.77
2021/10/09,18.943587714415184
2021/10/10,19.52463957841468
2021/10/11,20
2021/10/12,19.85
2021/10/13,18.64
2021/10/14,16.86
2021/10/15,16.3
2021/10/16,16.387423412277556
2021/10/17,16.52761693665468
2021/10/18,16.31
2021/10/19,15.7
2021/10/20,15.49
2021/10/21,15.01
2021/10/22,15.43
2021/10/23,15.499017446463464
2021/10/24,15.241171139614114
2021/10/25,15.24
2021/10/26,15.98
2021/10/27,16.98
2021/10/28,16.53
2021/10/29,16.26
2021/10/30,16.29514845146914
2021/10/31,16.397698264721082
2021/11/01,16.41
2021/11/02,16.03
2021/11/03,15.1
2021/11/04,15.44
2021/11/05,16.48
2021/11/06,17.01950982005313
2021/11/07,17.131614645539905
2021/11/08,17.22
2021/11/09,17.78
2021/11/10,18.73
2021/11/11,17.66
2021/11/12,16.29
2021/11/13,15.968801397420838
2021/11/14,16.289025170854064
2021/11/15,16.49
2021/11/16,16.37
2021/11/17,17.11
2021/11/18,17.59
2021/11/19,17.91
2021/11/20,18.203802462026584
2021/11/21,18.57881968109989
2021/11/22,19.17
2021/11/23,19.38
2021/11/24,18.58
2021/11/25,23.356364498049757
2021/11/26,28.62
2021/11/27,27.969980423362916
2021/11/28,24.33119810815057
2021/11/29,22.959999999999997
2021/11/30,27.19
2021/12/01,31.12
2021/12/02,27.95
2021/12/03,30.67
2021/12/04,32.559246118948614
2021/12/05,31.2149981914159
2021/12/06,27.18
2021/12/07,21.89
2021/12/08,19.9
2021/12/09,21.58
2021/12/10,18.69
2021/12/11,17.021365480016048
2021/12/12,17.90051642957699
2021/12/13,20.31
2021/12/14,21.89
2021/12/15,19.29
2021/12/16,20.57
2021/12/17,21.57
2021/12/18,22.47850104806004
2021/12/19,23.179871014042394
2021/12/20,22.87
2021/12/21,21.01
2021/12/22,18.63
2021/12/23,17.96
2021/12/24,17.805179866872624
2021/12/25,17.706949839239705
2021/12/26,17.665244891986934
2021/12/27,17.68
2021/12/28,17.54
2021/12/29,16.95
2021/12/30,17.33
2021/12/31,17.22
2022/01/01,17.047065287315352
2022/01/02,16.905341781381136
2022/01/03,16.6
2022/01/04,16.91
2022/01/05,19.73
2022/01/06,19.61
2022/01/07,18.76
2022/01/08,18.81743330191717
2022/01/09,19.303530798211536
2022/01/10,19.4
2022/01/11,18.41
2022/01/12,17.62
2022/01/13,20.31
2022/01/14,19.19
2022/01/15,18.56210373120288
2022/01/16,19.504975402041666
2022/01/17,21.19035937185962
2022/01/18,22.79
2022/01/19,23.85
2022/01/20,25.59
2022/01/21,28.85
2022/01/22,30.151670005550333
2022/01/23,29.915196657750908
2022/01/24,29.9
2022/01/25,31.16
2022/01/26,31.96
2022/01/27,30.49
2022/01/28,27.66
2022/01/29,26.505767440176868
2022/01/30,26.21246803241873
2022/01/31,24.83
2022/02/01,21.96
2022/02/02,22.09
2022/02/03,24.35
2022/02/04,23.22
2022/02/05,22.58375966974241
2022/02/06,22.872145646327393
2022/02/07,22.86
2022/02/08,21.44
2022/02/09,19.96
2022/02/10,23.91
2022/02/11,27.36
2022/02/12,29.187843421793932
2022/02/13,29.54234813810053
2022/02/14,28.33
2022/02/15,25.7
2022/02/16,24.29
2022/02/17,28.11
2022/02/18,27.75
2022/02/19,26.551742262230118
2022/02/20,26.247012442005435
2022/02/21,26.958776400778035
2022/02/22,28.81
2022/02/23,31.02
2022/02/24,30.32
2022/02/25,27.59
2022/02/26,26.237813220452313
2022/02/27,27.08030486476579
2022/02/28,30.15
2022/03/01,33.32
2022/03/02,30.74
2022/03/03,30.48
2022/03/04,31.98
2022/03/05,34.05704619226559
2022/03/06,35.86486512736603
2022/03/07,36.45
2022/03/08,35.13
2022/03/09,32.45
2022/03/10,30.23
2022/03/11,30.75
2022/03/12,31.763877993255477
2022/03/13,32.2327395774245
2022/03/14,31.77
2022/03/15,29.83
2022/03/16,26.67
2022/03/17,25.67
2022/03/18,23.87
2022/03/19,23.24069027561712
2022/03/20,23.560608066796252
2022/03/21,23.53
2022/03/22,22.94
2022/03/23,23.57
2022/03/24,21.67
2022/03/25,20.81
2022/03/26,20.538777758754335
2022/03/27,20.220442729359544
2022/03/28,19.63
2022/03/29,18.9
2022/03/30,19.33
2022/03/31,20.56
2022/04/01,19.63
2022/04/02,18.217994425269897
2022/04/03,17.599684500354456
2022/04/04,18.57
2022/04/05,21.03
2022/04/06,22.1
2022/04/07,21.55
2022/04/08,21.16
2022/04/09,21.830655233532777
2022/04/10,23.133836119802407
2022/04/11,24.37
2022/04/12,24.26
2022/04/13,21.82
2022/04/14,22.7
2022/04/15,23.591718343188216
2022/04/16,23.520888191752437
2022/04/17,22.90711394444044
2022/04/18,22.17
2022/04/19,21.37
2022/04/20,20.32
2022/04/21,22.68
2022/04/22,28.21
2022/04/23,28.200457452111223
2022/04/24,25.606075381954795
2022/04/25,27.020000000000003
2022/04/26,33.52
2022/04/27,31.6
2022/04/28,29.99
2022/04/29,33.4
2022/04/30,35.12114153071533
2022/05/01,34.31830241957024
2022/05/02,32.34
2022/05/03,29.25
2022/05/04,25.42
2022/05/05,31.2
2022/05/06,30.19
2022/05/07,30.69848254087288
2022/05/08,33.43878642101818
2022/05/09,34.75
2022/05/10,32.99
2022/05/11,32.56
2022/05/12,31.77
2022/05/13,28.87
2022/05/14,28.01852083290789
2022/05/15,28.397726010750986
2022/05/16,27.47
2022/05/17,26.1
2022/05/18,30.96
2022/05/19,29.35
2022/05/20,29.43
2022/05/21,29.223397492077503
2022/05/22,28.440659090750657
2022/05/23,28.48
2022/05/24,29.45
2022/05/25,28.37
2022/05/26,27.5
2022/05/27,25.72
2022/05/28,25.30176778873219
2022/05/29,25.996344846515377
2022/05/30,26.54
2022/05/31,26.19
2022/06/01,25.69
2022/06/02,24.72
2022/06/03,24.79
2022/06/04,25.24407212313854
2022/06/05,25.47109307933654
2022/06/06,25.07
2022/06/07,24.02
2022/06/08,23.96
2022/06/09,26.09
2022/06/10,27.75
2022/06/11,30.098600216671297
2022/06/12,32.62334186837009
2022/06/13,34.02
2022/06/14,32.69
2022/06/15,29.62
2022/06/16,32.95
2022/06/17,31.13
2022/06/18,29.938478028031092
2022/06/19,30.498593483604548
2022/06/20,31.03
2022/06/21,30.19
2022/06/22,28.95
2022/06/23,29.05
2022/06/24,27.23
2022/06/25,25.891266246888808
2022/06/26,25.839665304146965
2022/06/27,26.95
2022/06/28,28.36
2022/06/29,28.16
2022/06/30,28.71
2022/07/01,26.7
2022/07/02,25.91000881026644
2022/07/03,26.619809296182307
2022/07/04,27.53
2022/07/05,27.54
2022/07/06,26.73
2022/07/07,26.08
2022/07/08,24.64
2022/07/09,24.15964087978384
2022/07/10,24.82519598910025
2022/07/11,26.17
2022/07/12,27.29
2022/07/13,26.82
2022/07/14,26.4
2022/07/15,24.23
2022/07/16,23.784140858360313
2022/07/17,24.740689333078006
2022/07/18,25.3
2022/07/19,24.5
2022/07/20,23.88
2022/07/21,23.11
2022/07/22,23.03
2022/07/23,22.725566135379854
2022/07/24,22.550575512208713
2022/07/25,23.36
2022/07/26,24.69
2022/07/27,23.24
2022/07/28,22.33
2022/07/29,21.33
2022/07/30,20.950273912649845
2022/07/31,21.46928064861737
2022/08/01,22.84
2022/08/02,23.93
2022/08/03,21.95
2022/08/04,21.44
2022/08/05,21.15
2022/08/06,20.769209117010202
2022/08/07,20.69359182074411
2022/08/08,21.29
2022/08/09,21.77
2022/08/10,19.74
2022/08/11,20.2
2022/08/12,19.53
2022/08/13,19.3250387172324
2022/08/14,19.73678439707656
2022/08/15,19.95
2022/08/16,19.69
2022/08/17,19.9
2022/08/18,19.56
2022/08/19,20.6
2022/08/20,21.89001287260138
2022/08/21,22.95887382475045
2022/08/22,23.8
2022/08/23,24.11
2022/08/24,22.82
2022/08/25,21.78
2022/08/26,25.56
2022/08/27,27.486461760366677
2022/08/28,27.043792702459758
2022/08/29,26.21
2022/08/30,26.21
2022/08/31,25.87
2022/09/01,25.56
2022/09/02,25.47
2022/09/03,25.214979040528437
2022/09/04,25.181570169325248
2022/09/05,25.99
2022/09/06,26.91
2022/09/07,24.64
2022/09/08,23.61
2022/09/09,22.79
2022/09/10,21.797852263119527
2022/09/11,21.726575666090746
2022/09/12,23.87
2022/09/13,27.27
2022/09/14,26.16
2022/09/15,26.27
2022/09/16,26.3
2022/09/17,25.797001448084668
2022/09/18,25.39543911739062
2022/09/19,25.76
2022/09/20,27.16
2022/09/21,27.99
2022/09/22,27.35
2022/09/23,29.92
2022/09/24,31.528108285950374
2022/09/25,31.833807714270506
2022/09/26,32.26
2022/09/27,32.6
2022/09/28,30.18
2022/09/29,31.84
2022/09/30,31.62
2022/10/01,31.013380507997226
2022/10/02,30.65114405046223
2022/10/03,30.1
2022/10/04,29.07
2022/10/05,28.55
2022/10/06,30.52
2022/10/07,31.36
2022/10/08,31.51568865119876
2022/10/09,31.73644726235362
2022/10/10,32.45
2022/10/11,33.63
2022/10/12,33.57
2022/10/13,31.94
2022/10/14,32.02
2022/10/15,32.314889266688596
2022/10/16,32.125740127196295
2022/10/17,31.37
2022/10/18,30.5
2022/10/19,30.76
2022/10/20,29.98
2022/10/21,29.69
2022/10/22,29.989286528017363
2022/10/23,30.251912155561318
2022/10/24,29.85
2022/10/25,28.46
2022/10/26,27.28
2022/10/27,27.39
2022/10/28,25.75
2022/10/29,25.049259950629857
2022/10/30,25.433758622897578
2022/10/31,25.88
2022/11/01,25.81
2022/11/02,25.86
2022/11/03,25.3
2022/11/04,24.55
2022/11/05,23.9967247193221
2022/11/06,23.860468893089603
2022/11/07,24.35
2022/11/08,25.54
2022/11/09,26.09
2022/11/10,23.53
2022/11/11,22.52
2022/11/12,22.48570613202176
2022/11/13,22.891730728161804
2022/11/14,23.73
2022/11/15,24.54
2022/11/16,24.11
2022/11/17,23.93
2022/11/18,23.12
2022/11/19,22.76089916108535
2022/11/20,22.725097105815816
2022/11/21,22.36
2022/11/22,21.29
2022/11/23,20.35
2022/11/24,20.42
2022/11/25,20.5
2022/11/26,20.997444714620173
2022/11/27,21.727324069555138
2022/11/28,22.21
2022/11/29,21.89
2022/11/30,20.58
2022/12/01,19.84
2022/12/02,19.06
2022/12/03,18.915955823434505
2022/12/04,19.533907178137245
2022/12/05,20.75
2022/12/06,22.17
2022/12/07,22.68
2022/12/08,22.29
2022/12/09,22.83
2022/12/10,24.260508743541838
2022/12/11,25.417930315595314
2022/12/12,25
2022/12/13,22.55
2022/12/14,21.14
2022/12/15,22.83
2022/12/16,22.62
2022/12/17,22.35175529890061
2022/12/18,22.46815363750538
2022/12/19,22.42
2022/12/20,21.48
2022/12/21,20.07
2022/12/22,21.97
2022/12/23,20.87
2022/12/24,19.859415654636468
2022/12/25,19.94400337694261
2022/12/26,20.686589410777444
2022/12/27,21.65
2022/12/28,22.14
2022/12/29,21.44
2022/12/30,21.67
2022/12/31,22.426616160855865
2023/01/01,23.13807940990432
2023/01/02,23.42300295400062
2023/01/03,22.9
2023/01/04,22.01
2023/01/05,22.46
2023/01/06,21.13
2023/01/07,21.148078698875317
2023/01/08,22.0752752838551
2023/01/09,21.97
2023/01/10,20.58
2023/01/11,21.09
2023/01/12,18.83
2023/01/13,18.35
2023/01/14,18.85706030601507
2023/01/15,19.376375532799017
2023/01/16,19.49
2023/01/17,19.36
2023/01/18,20.34
2023/01/19,20.52
2023/01/20,19.85
2023/01/21,19.71060305069083
2023/01/22,19.91553443749044
2023/01/23,19.81
2023/01/24,19.2
2023/01/25,19.08
2023/01/26,18.73
2023/01/27,18.51
2023/01/28,18.880506898339206
2023/01/29,19.52438513367236
2023/01/30,19.94
2023/01/31,19.4
2023/02/01,17.87
2023/02/02,18.73
2023/02/03,18.33
2023/02/04,18.573301768187818
2023/02/05,19.34291439666974
2023/02/06,19.43
2023/02/07,18.66
2023/02/08,19.63
2023/02/09,20.71
2023/02/10,20.53
2023/02/11,20.59830574849582
2023/02/12,20.783877934522046
2023/02/13,20.34
2023/02/14,18.91
2023/02/15,18.23
2023/02/16,20.17
2023/02/17,20.02
2023/02/18,19.606922731847465
2023/02/19,19.94339626902426
2023/02/20,21.23
2023/02/21,22.87
2023/02/22,22.29
2023/02/23,21.14
2023/02/24,21.67
2023/02/25,21.877833348995036
2023/02/26,21.480903474923604
2023/02/27,20.95
2023/02/28,20.7
2023/03/01,20.58
2023/03/02,19.59
2023/03/03,18.49
2023/03/04,17.799655013452426
2023/03/05,17.76418357747291
2023/03/06,18.61
2023/03/07,19.59
2023/03/08,19.11
2023/03/09,22.61
2023/03/10,24.8
2023/03/11,26.807362046251466
2023/03/12,27.988250265941574
2023/03/13,26.52
2023/03/14,23.73
2023/03/15,26.14
2023/03/16,22.99
2023/03/17,25.51
2023/03/18,27.49668069571248
2023/03/19,26.805675421024695
2023/03/20,24.15
2023/03/21,21.38
2023/03/22,22.26
2023/03/23,22.61
2023/03/24,21.74
2023/03/25,21.139338418318843
2023/03/26,20.87811726931363
2023/03/27,20.6
2023/03/28,19.97
2023/03/29,19.12
2023/03/30,19.02
2023/03/31,18.7
2023/04/01,18.402350589877628
2023/04/02,18.330634751136778
2023/04/03,18.55
2023/04/04,19
2023/04/05,19.08
2023/04/06,18.4
2023/04/07,18.10043766655404
2023/04/08,18.282544056069444
2023/04/09,18.665878417550122
2023/04/10,18.97
2023/04/11,19.1
2023/04/12,19.09
2023/04/13,17.8
2023/04/14,17.07
2023/04/15,16.85497440432341
2023/04/16,16.866555080857427
2023/04/17,16.95
2023/04/18,16.83
2023/04/19,16.46
2023/04/20,17.17
2023/04/21,16.77
2023/04/22,16.07073921320485
2023/04/23,15.921032250591757
2023/04/24,16.89
2023/04/25,18.76
2023/04/26,18.84
2023/04/27,17.03
2023/04/28,15.78
2023/04/29,15.058695921922203
2023/04/30,15.020426913710438
2023/05/01,16.08
2023/05/02,17.78
2023/05/03,18.34
2023/05/04,20.09
2023/05/05,17.19
2023/05/06,15.393304582321822
2023/05/07,15.736475774131856
2023/05/08,16.979999999999997
2023/05/09,17.71
2023/05/10,16.94
2023/05/11,16.93
2023/05/12,17.03
2023/05/13,16.78189337032464
2023/05/14,16.617205875956625
2023/05/15,17.12
2023/05/16,17.99
2023/05/17,16.87
2023/05/18,16.05
2023/05/19,16.81
2023/05/20,17.085484053628637
2023/05/21,16.941983448620036
2023/05/22,17.21
2023/05/23,18.53
2023/05/24,20.03
2023/05/25,19.14
2023/05/26,17.95
2023/05/27,17.497001567505126
2023/05/28,17.491373721139652
2023/05/29,17.46
2023/05/30,17.46
2023/05/31,17.94
2023/06/01,15.65
2023/06/02,14.6
2023/06/03,14.667400321880802
2023/06/04,14.935358540619239
2023/06/05,14.73
2023/06/06,13.96
2023/06/07,13.94
2023/06/08,13.65
2023/06/09,13.83
2023/06/10,14.325641437641593
2023/06/11,14.807248290340052
2023/06/12,15.01
2023/06/13,14.61
2023/06/14,13.88
2023/06/15,14.5
2023/06/16,13.54
2023/06/17,13.248220497592142
2023/06/18,13.76289184664118
2023/06/19,14.19
2023/06/20,13.88
2023/06/21,13.2
2023/06/22,12.91
2023/06/23,13.44
2023/06/24,14.034660178340761
2023/06/25,14.354614427152377
2023/06/26,14.25
2023/06/27,13.74
2023/06/28,13.43
2023/06/29,13.54
2023/06/30,13.59
2023/07/01,13.560597102031384
2023/07/02,13.5326312129041
2023/07/03,13.57
2023/07/04,13.7
2023/07/05,14.18
2023/07/06,15.44
2023/07/07,14.83
2023/07/08,14.458546355166947
2023/07/09,14.70173648050208
2023/07/10,15.07
2023/07/11,14.84
2023/07/12,13.54
2023/07/13,13.61
2023/07/14,13.34
2023/07/15,13.287458199704417
2023/07/16,13.464518604458354
2023/07/17,13.48
2023/07/18,13.3
2023/07/19,13.76
2023/07/20,13.99
2023/07/21,13.6
2023/07/22,13.442191436156968
2023/07/23,13.606848715200538
2023/07/24,13.91
2023/07/25,13.86
2023/07/26,13.19
2023/07/27,14.41
2023/07/28,13.33
2023/07/29,12.853949212378355
2023/07/30,13.297343829876132
2023/07/31,13.63
2023/08/01,13.93
2023/08/02,16.09
2023/08/03,15.92
2023/08/04,17.1
2023/08/05,17.267288562495626
2023/08/06,16.41120056222657
2023/08/07,15.77
2023/08/08,15.99
2023/08/09,15.96
2023/08/10,15.85
2023/08/11,14.84
2023/08/12,13.959826875103037
2023/08/13,13.834523179335967
2023/08/14,14.82
2023/08/15,16.46
2023/08/16,16.78
2023/08/17,17.89
2023/08/18,17.3
2023/08/19,16.798315321307122
2023/08/20,16.846010612461058
2023/08/21,17.13
2023/08/22,16.97
2023/08/23,15.98
2023/08/24,17.2
2023/08/25,15.68
2023/08/26,14.789100377598466
2023/08/27,14.962231022396224
2023/08/28,15.08
2023/08/29,14.45
2023/08/30,13.88
2023/08/31,13.57
2023/09/01,13.09
2023/09/02,13.089711900532619
2023/09/03,13.463794970732751
2023/09/04,13.82
2023/09/05,14.01
2023/09/06,14.45
2023/09/07,14.4
2023/09/08,13.84
2023/09/09,13.448462361922928
2023/09/10,13.4223589451787
2023/09/11,13.8
2023/09/12,14.23
2023/09/13,13.48
2023/09/14,12.82
2023/09/15,13.79
2023/09/16,14.330191218752649
2023/09/17,14.224369444304376
2023/09/18,14
2023/09/19,14.11
2023/09/20,15.14
2023/09/21,17.54
2023/09/22,17.2
2023/09/23,16.135447445750433
2023/09/24,15.783556002420276
2023/09/25,16.9
2023/09/26,18.94
2023/09/27,18.22
2023/09/28,17.34
2023/09/29,17.52
2023/09/30,17.028963543167958
2023/10/01,16.56120692793796
2023/10/02,17.61
2023/10/03,19.78
2023/10/04,18.58
2023/10/05,18.49
2023/10/06,17.45
2023/10/07,17.128595112507377
2023/10/08,17.51412816424495
2023/10/09,17.7
2023/10/10,17.03
2023/10/11,16.09
2023/10/12,16.69
2023/10/13,19.32
2023/10/14,19.66509202205933
2023/10/15,18.249737812290793
2023/10/16,17.21
2023/10/17,17.88
2023/10/18,19.22
2023/10/19,21.4
2023/10/20,21.71
2023/10/21,21.691205012284975
2023/10/22,21.457388747049606
2023/10/23,20.37
2023/10/24,18.97
2023/10/25,20.19
2023/10/26,20.68
2023/10/27,21.27
2023/10/28,21.44292670215813
2023/10/29,20.932026280982036
2023/10/30,19.75
2023/10/31,18.14
2023/11/01,16.87
2023/11/02,15.66
2023/11/03,14.91
2023/11/04,14.665392452920718
2023/11/05,14.73058577086811
2023/11/06,14.89
2023/11/07,14.81
2023/11/08,14.45
2023/11/09,15.29
2023/11/10,14.17
