Date,Close
1927/12/30,17.65999985
1928/1/3,17.76000023
1928/1/4,17.71999931
1928/1/5,17.54999924
1928/1/6,17.65999985
1928/1/9,17.5
1928/1/10,17.37000084
1928/1/11,17.35000038
1928/1/12,17.46999931
1928/1/13,17.57999992
1928/1/16,17.29000092
1928/1/17,17.29999924
1928/1/18,17.26000023
1928/1/19,17.37999916
1928/1/20,17.47999954
1928/1/23,17.63999939
1928/1/24,17.70999908
1928/1/25,17.52000046
1928/1/26,17.62999916
1928/1/27,17.69000053
1928/1/30,17.48999977
1928/1/31,17.56999969
1928/2/1,17.53000069
1928/2/2,17.62999916
1928/2/3,17.39999962
1928/2/6,17.45000076
1928/2/7,17.44000053
1928/2/8,17.48999977
1928/2/9,17.54999924
1928/2/10,17.54000092
1928/2/14,17.44000053
1928/2/15,17.39999962
1928/2/16,17.35000038
1928/2/17,17.04000092
1928/2/20,16.95000076
1928/2/21,17.11000061
1928/2/23,17.12999916
1928/2/24,17.18000031
1928/2/27,17.11000061
1928/2/28,17.15999985
1928/2/29,17.26000023
1928/3/1,17.29999924
1928/3/2,17.29999924
1928/3/5,17.56999969
1928/3/6,17.67000008
1928/3/7,17.57999992
1928/3/8,17.63999939
1928/3/9,17.93000031
1928/3/12,18
1928/3/13,17.92000008
1928/3/14,17.93000031
1928/3/15,18.06999969
1928/3/16,18.26000023
1928/3/19,18.36000061
1928/3/20,18.45999908
1928/3/21,18.64999962
1928/3/22,18.60000038
1928/3/23,18.78000069
1928/3/26,19.04999924
1928/3/27,18.94000053
1928/3/28,18.88999939
1928/3/29,18.95000076
1928/3/30,19.28000069
1928/4/2,18.90999985
1928/4/3,19.02000046
1928/4/4,18.98999977
1928/4/5,19.22999954
1928/4/9,19.27000046
1928/4/10,19.10000038
1928/4/11,19.44000053
1928/4/12,19.40999985
1928/4/13,19.72999954
1928/4/16,19.68000031
1928/4/17,19.52000046
1928/4/18,19.52000046
1928/4/19,19.62999916
1928/4/20,19.34000015
1928/4/23,19.14999962
1928/4/24,19.25
1928/4/25,19.32999992
1928/4/26,19.46999931
1928/4/27,19.68000031
1928/4/30,19.75
1928/5/1,19.78000069
1928/5/2,19.82999992
1928/5/3,19.93000031
1928/5/4,20.23999977
1928/5/7,20.40999985
1928/5/8,20.27000046
1928/5/9,20.23999977
1928/5/10,20.20999908
1928/5/11,20.36000061
1928/5/14,20.44000053
1928/5/15,20.38999939
1928/5/16,20.04999924
1928/5/17,20.12000084
1928/5/18,19.92000008
1928/5/21,19.62999916
1928/5/22,19.36000061
1928/5/23,19.75
1928/5/24,19.87000084
1928/5/25,19.89999962
1928/5/28,19.56999969
1928/5/29,19.81999969
1928/5/31,20
1928/6/1,20.06999969
1928/6/4,19.79999924
1928/6/5,19.85000038
1928/6/6,19.65999985
1928/6/7,19.61000061
1928/6/8,19.37000084
1928/6/11,18.68000031
1928/6/12,18.34000015
1928/6/13,18.88999939
1928/6/14,19.04999924
1928/6/15,18.73999977
1928/6/18,18.39999962
1928/6/19,18.34000015
1928/6/20,18.56999969
1928/6/21,18.55999947
1928/6/22,18.54000092
1928/6/25,18.46999931
1928/6/26,18.68000031
1928/6/27,18.86000061
1928/6/28,19.06999969
1928/6/29,19.13999939
1928/7/2,18.97999954
1928/7/3,19.29000092
1928/7/5,19.47999954
1928/7/6,19.38999939
1928/7/9,19.45999908
1928/7/10,19.43000031
1928/7/11,18.95000076
1928/7/12,18.80999947
1928/7/13,18.95999908
1928/7/16,18.70000076
1928/7/17,18.79999924
1928/7/18,19.03000069
1928/7/19,18.98999977
1928/7/20,19.03000069
1928/7/23,19.12000084
1928/7/24,19.09000015
1928/7/25,19.20000076
1928/7/26,19.23999977
1928/7/27,19.42000008
1928/7/30,19.46999931
1928/7/31,19.43000031
1928/8/1,19.42000008
1928/8/2,19.32999992
1928/8/3,19.36000061
1928/8/6,19.57999992
1928/8/7,19.48999977
1928/8/8,19.25
1928/8/9,19.29999924
1928/8/10,19.25
1928/8/13,19.29000092
1928/8/14,19.12999916
1928/8/15,19.46999931
1928/8/16,19.61000061
1928/8/17,19.63999939
1928/8/20,19.77000046
1928/8/21,20.02000046
1928/8/22,20
1928/8/23,20.02000046
1928/8/24,20.34000015
1928/8/27,20.37999916
1928/8/28,20.54000092
1928/8/29,20.57999992
1928/8/30,20.61000061
1928/8/31,20.87000084
1928/9/4,20.96999931
1928/9/5,21.06999969
1928/9/6,20.94000053
1928/9/7,21.09000015
1928/9/10,20.92000008
1928/9/11,21.07999992
1928/9/12,21.15999985
1928/9/13,21.13999939
1928/9/14,21.13999939
1928/9/17,21.32999992
1928/9/18,21.18000031
1928/9/19,21.18000031
1928/9/20,21.21999931
1928/9/21,21.36000061
1928/9/24,21.43000031
1928/9/25,21.40999985
1928/9/26,21.39999962
1928/9/27,21.12999916
1928/9/28,21.13999939
1928/10/1,21.36000061
1928/10/2,21.26000023
1928/10/3,21.19000053
1928/10/4,21.26000023
1928/10/5,21.21999931
1928/10/8,21.11000061
1928/10/9,21.18000031
1928/10/10,21.40999985
1928/10/11,21.51000023
1928/10/15,21.64999962
1928/10/16,21.71999931
1928/10/17,21.79000092
1928/10/18,21.84000015
1928/10/19,21.95999908
1928/10/22,21.80999947
1928/10/23,21.95000076
1928/10/24,21.98999977
1928/10/25,21.90999985
1928/10/26,21.64999962
1928/10/29,22
1928/10/30,21.76000023
1928/10/31,21.68000031
1928/11/1,21.98999977
1928/11/2,21.95000076
1928/11/5,22.23999977
1928/11/7,22.23999977
1928/11/8,22.38999939
1928/11/9,22.54999924
1928/11/12,22.84000015
1928/11/13,22.90999985
1928/11/14,22.90999985
1928/11/15,23.03000069
1928/11/16,23.37000084
1928/11/19,23.37000084
1928/11/20,23.56999969
1928/11/21,23.21999931
1928/11/22,23.52000046
1928/11/23,23.70000076
1928/11/26,23.79999924
1928/11/27,23.90999985
1928/11/28,24.19000053
1928/11/30,24.28000069
1928/12/3,23.85000038
1928/12/4,23.90999985
1928/12/5,23.80999947
1928/12/6,22.90999985
1928/12/7,22.36000061
1928/12/10,22.30999947
1928/12/11,22.73999977
1928/12/12,22.52000046
1928/12/13,22.47999954
1928/12/14,22.53000069
1928/12/17,22.44000053
1928/12/18,22.70000076
1928/12/19,22.97999954
1928/12/20,23.06999969
1928/12/21,23.32999992
1928/12/24,23.54000092
1928/12/26,23.44000053
1928/12/27,23.63999939
1928/12/28,23.97999954
1928/12/31,24.35000038
1929/1/2,24.80999947
1929/1/3,24.86000061
1929/1/4,24.85000038
1929/1/7,24.25
1929/1/8,24.17000008
1929/1/9,24.54000092
1929/1/10,24.57999992
1929/1/11,24.54000092
1929/1/14,24.59000015
1929/1/15,24.22999954
1929/1/16,24.55999947
1929/1/17,24.69000053
1929/1/18,24.77000046
1929/1/21,24.86000061
1929/1/22,25.06999969
1929/1/23,25.21999931
1929/1/24,25.05999947
1929/1/25,25.47999954
1929/1/28,25.35000038
1929/1/29,25.36000061
1929/1/30,25.45000076
1929/1/31,25.73999977
1929/2/1,25.84000015
1929/2/4,25.63999939
1929/2/5,25.70000076
1929/2/6,25.48999977
1929/2/7,24.70999908
1929/2/8,24.44000053
1929/2/11,24.97999954
1929/2/13,24.95000076
1929/2/14,24.85000038
1929/2/15,24.35000038
1929/2/18,24.38999939
1929/2/19,24.37999916
1929/2/20,24.59000015
1929/2/21,24.86000061
1929/2/25,24.90999985
1929/2/26,24.95000076
1929/2/27,25.25
1929/2/28,25.59000015
1929/3/1,25.82999992
1929/3/4,25.48999977
1929/3/5,25.31999969
1929/3/6,24.92000008
1929/3/7,25.14999962
1929/3/8,25.30999947
1929/3/11,24.95000076
1929/3/12,24.96999931
1929/3/13,25.23999977
1929/3/14,25.72999954
1929/3/15,26.07999992
1929/3/18,26.04000092
1929/3/19,26.03000069
1929/3/20,26.02000046
1929/3/21,25.89999962
1929/3/22,25.54999924
1929/3/25,24.51000023
1929/3/26,24.35000038
1929/3/27,25.09000015
1929/3/28,25.53000069
1929/4/1,24.87999916
1929/4/2,25.17000008
1929/4/3,24.86000061
1929/4/4,25.29999924
1929/4/5,25.04999924
1929/4/8,24.82999992
1929/4/9,24.62999916
1929/4/10,24.78000069
1929/4/11,25.05999947
1929/4/12,25.14999962
1929/4/15,25
1929/4/16,25.05999947
1929/4/17,25.31999969
1929/4/18,25.43000031
1929/4/19,25.40999985
1929/4/22,25.70000076
1929/4/23,25.85000038
1929/4/24,25.75
1929/4/25,25.62999916
1929/4/26,25.57999992
1929/4/29,25.53000069
1929/4/30,25.94000053
1929/5/1,25.98999977
1929/5/2,26.11000061
1929/5/3,26.37000084
1929/5/6,26.31999969
1929/5/7,26.06999969
1929/5/8,26.18000031
1929/5/9,26.02000046
1929/5/10,26.34000015
1929/5/13,25.63999939
1929/5/14,25.95000076
1929/5/15,25.84000015
1929/5/16,25.96999931
1929/5/17,26.09000015
1929/5/20,25.38999939
1929/5/21,25.70000076
1929/5/22,24.76000023
1929/5/23,25.30999947
1929/5/24,25.12000084
1929/5/27,24.20000076
1929/5/28,24.59000015
1929/5/29,24.62000084
1929/5/31,24.82999992
1929/6/3,25.27000046
1929/6/4,25.63999939
1929/6/5,25.59000015
1929/6/6,25.63999939
1929/6/7,25.53000069
1929/6/10,25.27000046
1929/6/11,25.43000031
1929/6/12,25.45000076
1929/6/13,25.84000015
1929/6/14,25.93000031
1929/6/17,26.40999985
1929/6/18,26.42000008
1929/6/19,26.31999969
1929/6/20,26.46999931
1929/6/21,26.62000084
1929/6/24,26.62000084
1929/6/25,26.89999962
1929/6/26,27.05999947
1929/6/27,27.11000061
1929/6/28,27.40999985
1929/7/1,27.77000046
1929/7/2,28.05999947
1929/7/3,28.18000031
1929/7/5,28.31999969
1929/7/8,28.37000084
1929/7/9,28.28000069
1929/7/10,28.20000076
1929/7/11,28.26000023
1929/7/12,28.56999969
1929/7/15,28.45000076
1929/7/16,28.64999962
1929/7/17,28.71999931
1929/7/18,28.65999985
1929/7/19,28.76000023
1929/7/22,28.43000031
1929/7/23,28.82999992
1929/7/24,28.63999939
1929/7/25,28.77000046
1929/7/26,28.65999985
1929/7/29,28.18000031
1929/7/30,28.5
1929/7/31,28.87999916
1929/8/1,29.07999992
1929/8/2,29.55999947
1929/8/5,29.54000092
1929/8/6,29.43000031
1929/8/7,29.12999916
1929/8/8,29.46999931
1929/8/9,28.37999916
1929/8/12,29.27000046
1929/8/13,29.53000069
1929/8/14,29.62000084
1929/8/15,29.67000008
1929/8/16,30.21999931
1929/8/19,30.5
1929/8/20,30.68000031
1929/8/21,30.54999924
1929/8/22,30.79000092
1929/8/23,31.09000015
1929/8/26,31.06999969
1929/8/27,31.04999924
1929/8/28,30.98999977
1929/8/29,31.29000092
1929/8/30,31.70999908
1929/9/3,31.81999969
1929/9/4,31.71999931
1929/9/5,31.02000046
1929/9/6,31.82999992
1929/9/9,31.67000008
1929/9/10,31.10000038
1929/9/11,31.53000069
1929/9/12,31.17000008
1929/9/13,31.37999916
1929/9/16,31.86000061
1929/9/17,31.60000038
1929/9/18,31.68000031
1929/9/19,31.72999954
1929/9/20,31.38999939
1929/9/23,31.37999916
1929/9/24,30.79999924
1929/9/25,30.85000038
1929/9/26,31.12999916
1929/9/27,30.27000046
1929/9/30,30.15999985
1929/10/1,29.97999954
1929/10/2,30.20000076
1929/10/3,28.95000076
1929/10/4,28.64999962
1929/10/7,30.44000053
1929/10/8,30.34000015
1929/10/9,30.27000046
1929/10/10,30.80999947
1929/10/11,30.76000023
1929/10/14,30.54999924
1929/10/15,30.29999924
1929/10/16,29.23999977
1929/10/17,29.69000053
1929/10/18,28.84000015
1929/10/21,27.72999954
1929/10/22,28.27000046
1929/10/23,26.60000038
1929/10/24,25.75
1929/10/25,26.12000084
1929/10/28,22.73999977
1929/10/29,20.43000031
1929/10/30,22.98999977
1929/10/31,24.14999962
1929/11/4,22.87999916
1929/11/6,20.61000061
1929/11/7,21.37000084
1929/11/8,21.18000031
1929/11/11,19.86000061
1929/11/12,18.72999954
1929/11/13,17.65999985
1929/11/14,19.23999977
1929/11/15,20.29999924
1929/11/18,20.09000015
1929/11/19,20.70000076
1929/11/20,21.27000046
1929/11/21,21.61000061
1929/11/22,21.53000069
1929/11/25,21.28000069
1929/11/26,20.65999985
1929/11/27,20.92000008
1929/12/2,20.95000076
1929/12/3,21.64999962
1929/12/4,22.04999924
1929/12/5,21.87000084
1929/12/6,22.45000076
1929/12/9,22.39999962
1929/12/10,22.56999969
1929/12/11,22.37999916
1929/12/12,21.17000008
1929/12/13,21.70000076
1929/12/16,21.32999992
1929/12/17,21.55999947
1929/12/18,21.42000008
1929/12/19,20.85000038
1929/12/20,20.15999985
1929/12/23,20.26000023
1929/12/24,20.38999939
1929/12/26,20.84000015
1929/12/27,20.81999969
1929/12/30,20.88999939
1929/12/31,21.45000076
1930/1/2,21.18000031
1930/1/3,21.22999954
1930/1/6,21.5
1930/1/7,21.30999947
1930/1/8,21.29000092
1930/1/9,21.62000084
1930/1/10,21.54999924
1930/1/13,21.52000046
1930/1/14,21.55999947
1930/1/15,21.64999962
1930/1/16,21.5
1930/1/17,21.30999947
1930/1/20,21.5
1930/1/21,21.61000061
1930/1/22,21.62999916
1930/1/23,21.84000015
1930/1/24,22.04000092
1930/1/27,22.20999908
1930/1/28,22.10000038
1930/1/29,22.35000038
1930/1/30,22.46999931
1930/1/31,22.79000092
1930/2/3,22.73999977
1930/2/4,23.01000023
1930/2/5,23.30999947
1930/2/6,23.05999947
1930/2/7,22.96999931
1930/2/10,23.12000084
1930/2/11,23.31999969
1930/2/13,23.36000061
1930/2/14,23.35000038
1930/2/17,23.26000023
1930/2/18,23.28000069
1930/2/19,23.06999969
1930/2/20,22.63999939
1930/2/21,22.92000008
1930/2/24,22.68000031
1930/2/25,22.88999939
1930/2/26,23.11000061
1930/2/27,23.07999992
1930/2/28,23.28000069
1930/3/3,23.36000061
1930/3/4,23.54000092
1930/3/5,23.36000061
1930/3/6,23.59000015
1930/3/7,23.59000015
1930/3/10,23.67000008
1930/3/11,23.71999931
1930/3/12,23.45999908
1930/3/13,23.60000038
1930/3/14,23.45000076
1930/3/17,23.67000008
1930/3/18,23.89999962
1930/3/19,24.03000069
1930/3/20,24.13999939
1930/3/21,24.29000092
1930/3/24,24.28000069
1930/3/25,24.25
1930/3/26,24.62000084
1930/3/27,24.56999969
1930/3/28,24.85000038
1930/3/31,24.14999962
1930/4/1,25.37000084
1930/4/2,25.11000061
1930/4/3,25.15999985
1930/4/4,25.54000092
1930/4/7,25.60000038
1930/4/8,25.45999908
1930/4/9,25.87000084
1930/4/10,25.92000008
1930/4/11,25.84000015
1930/4/14,25.72999954
1930/4/15,25.73999977
1930/4/16,25.55999947
1930/4/17,25.75
1930/4/21,25.29000092
1930/4/22,25.5
1930/4/23,25.54999924
1930/4/24,25.35000038
1930/4/25,25.31999969
1930/4/28,24.76000023
1930/4/29,24.72999954
1930/4/30,24.89999962
1930/5/1,24.29999924
1930/5/2,23.56999969
1930/5/5,22.97999954
1930/5/6,23.76000023
1930/5/7,23.30999947
1930/5/8,23.39999962
1930/5/9,23.69000053
1930/5/12,24.09000015
1930/5/13,24.42000008
1930/5/14,24.56999969
1930/5/15,24.17000008
1930/5/16,24.28000069
1930/5/19,23.75
1930/5/20,23.86000061
1930/5/21,23.73999977
1930/5/22,23.79000092
1930/5/23,24.03000069
1930/5/26,24.22999954
1930/5/27,24.23999977
1930/5/28,24.37999916
1930/5/29,24.48999977
1930/6/2,24.39999962
1930/6/3,24.18000031
1930/6/4,24.29000092
1930/6/5,23.90999985
1930/6/6,23.52000046
1930/6/9,22.37999916
1930/6/10,23.01000023
1930/6/11,22.20000076
1930/6/12,22.12999916
1930/6/13,22.26000023
1930/6/16,20.55999947
1930/6/17,20.57999992
1930/6/18,19.86000061
1930/6/19,20.79000092
1930/6/20,20.25
1930/6/23,20.09000015
1930/6/24,19.38999939
1930/6/25,19.54000092
1930/6/26,20
1930/6/27,19.80999947
1930/6/30,20.45999908
1930/7/1,20.23999977
1930/7/2,20.45999908
1930/7/3,20.25
1930/7/7,19.82999992
1930/7/8,19.96999931
1930/7/9,20.26000023
1930/7/10,20.77000046
1930/7/11,20.54999924
1930/7/14,21.36000061
1930/7/15,21.31999969
1930/7/16,21.47999954
1930/7/17,21.57999992
1930/7/18,21.77000046
1930/7/21,20.94000053
1930/7/22,21.31999969
1930/7/23,21.65999985
1930/7/24,21.37999916
1930/7/25,21.5
1930/7/28,21.81999969
1930/7/29,21.64999962
1930/7/30,21.07999992
1930/7/31,21.20999908
1930/8/1,21.11000061
1930/8/4,21.52000046
1930/8/5,21.52000046
1930/8/6,21.18000031
1930/8/7,21.05999947
1930/8/8,20.27000046
1930/8/11,20.39999962
1930/8/12,19.87999916
1930/8/13,20.14999962
1930/8/14,20.15999985
1930/8/15,20.70000076
1930/8/18,20.54000092
1930/8/19,20.73999977
1930/8/20,20.85000038
1930/8/21,20.63999939
1930/8/22,20.79000092
1930/8/25,20.68000031
1930/8/26,20.97999954
1930/8/27,21.13999939
1930/8/28,21.12999916
1930/8/29,21.37000084
1930/9/2,21.37999916
1930/9/3,21.17000008
1930/9/4,21.02000046
1930/9/5,21.34000015
1930/9/8,21.62999916
1930/9/9,21.76000023
1930/9/10,21.86000061
1930/9/11,21.71999931
1930/9/12,21.5
1930/9/15,21.19000053
1930/9/16,21.21999931
1930/9/17,21.29000092
1930/9/18,21.05999947
1930/9/19,20.68000031
1930/9/22,20.17000008
1930/9/23,20.44000053
1930/9/24,20.11000061
1930/9/25,19.72999954
1930/9/26,19.43000031
1930/9/29,18.87999916
1930/9/30,18.59000015
1930/10/1,19.42000008
1930/10/2,19.18000031
1930/10/3,19.42000008
1930/10/6,18.61000061
1930/10/7,18.62000084
1930/10/8,18.39999962
1930/10/9,17.67000008
1930/10/10,18.11000061
1930/10/14,17.90999985
1930/10/15,18.20000076
1930/10/16,17.87999916
1930/10/17,17.15999985
1930/10/20,17.56999969
1930/10/21,17.04999924
1930/10/22,16.89999962
1930/10/23,17.13999939
1930/10/24,17.73999977
1930/10/27,17.78000069
1930/10/28,17.86000061
1930/10/29,17.54999924
1930/10/30,17.34000015
1930/10/31,16.94000053
1930/11/3,17.12999916
1930/11/5,16.62000084
1930/11/6,16.64999962
1930/11/7,16.09000015
1930/11/10,15.53999996
1930/11/11,15.78999996
1930/11/12,16.13999939
1930/11/13,16.55999947
1930/11/14,16.88999939
1930/11/17,16.47999954
1930/11/18,16.65999985
1930/11/19,17.01000023
1930/11/20,16.94000053
1930/11/21,17.20000076
1930/11/24,17.04999924
1930/11/25,16.85000038
1930/11/26,16.61000061
1930/11/28,16.37999916
1930/12/1,16.79999924
1930/12/2,16.95999908
1930/12/3,16.67000008
1930/12/4,16.42000008
1930/12/5,16.43000031
1930/12/8,15.97000027
1930/12/9,15.97999954
1930/12/10,15.72999954
1930/12/11,15.55000019
1930/12/12,15.43000031
1930/12/15,14.93999958
1930/12/16,14.43999958
1930/12/17,15.10999966
1930/12/18,15.22000027
1930/12/19,15.39000034
1930/12/22,14.88000011
1930/12/23,14.96000004
1930/12/24,15.15999985
1930/12/26,14.85000038
1930/12/29,14.72000027
1930/12/30,15.06000042
1930/12/31,15.34000015
1931/1/2,15.85000038
1931/1/5,15.93000031
1931/1/6,16.12999916
1931/1/7,15.09000015
1931/1/8,16.22999954
1931/1/9,16.06999969
1931/1/12,15.84000015
1931/1/13,15.64999962
1931/1/14,15.82999992
1931/1/15,15.46000004
1931/1/16,15.64999962
1931/1/19,15.46000004
1931/1/20,15.77999973
1931/1/21,15.77999973
1931/1/22,16.06999969
1931/1/23,16.42000008
1931/1/26,16.39999962
1931/1/27,16.31999969
1931/1/28,16.02000046
1931/1/29,16.17000008
1931/1/30,16.19000053
1931/2/2,16.15999985
1931/2/3,16.23999977
1931/2/4,16.32999992
1931/2/5,16.21999931
1931/2/6,16.27000046
1931/2/9,16.95999908
1931/2/10,17.22999954
1931/2/11,17.28000069
1931/2/13,17.18000031
1931/2/16,17.34000015
1931/2/17,17.04999924
1931/2/18,17.20000076
1931/2/19,17.43000031
1931/2/20,17.70999908
1931/2/24,18.17000008
1931/2/25,17.96999931
1931/2/26,18.17000008
1931/2/27,18.03000069
1931/3/2,17.52000046
1931/3/3,17.5
1931/3/4,17.34000015
1931/3/5,17.69000053
1931/3/6,17.31999969
1931/3/9,17.76000023
1931/3/10,17.71999931
1931/3/11,17.52000046
1931/3/12,17.39999962
1931/3/13,17.31999969
1931/3/16,17.77000046
1931/3/17,17.57999992
1931/3/18,17.80999947
1931/3/19,18.01000023
1931/3/20,18.05999947
1931/3/23,17.76000023
1931/3/24,17.87999916
1931/3/25,17.78000069
1931/3/26,17.54000092
1931/3/27,17.20999908
1931/3/30,16.65999985
1931/3/31,16.69000053
1931/4/1,16.52000046
1931/4/2,16.45000076
1931/4/6,16.5
1931/4/7,16.28000069
1931/4/8,16.5
1931/4/9,16.40999985
1931/4/10,16.45999908
1931/4/13,16.71999931
1931/4/14,16.51000023
1931/4/15,16.18000031
1931/4/16,15.97999954
1931/4/17,15.72999954
1931/4/20,15.96000004
1931/4/21,15.53999996
1931/4/22,15.22000027
1931/4/23,15.28999996
1931/4/24,15.28999996
1931/4/27,14.76000023
1931/4/28,14.67000008
1931/4/29,14.36999989
1931/4/30,15.09000015
1931/5/1,14.64999962
1931/5/4,15.06000042
1931/5/5,14.93999958
1931/5/6,15.01000023
1931/5/7,14.94999981
1931/5/8,15.43999958
1931/5/11,15.18999958
1931/5/12,15.03999996
1931/5/13,14.98999977
1931/5/14,14.65999985
1931/5/15,14.43999958
1931/5/18,13.84000015
1931/5/19,13.82999992
1931/5/20,13.75
1931/5/21,13.89000034
1931/5/22,13.93999958
1931/5/25,13.39999962
1931/5/26,13.40999985
1931/5/27,13.26000023
1931/5/28,13.31000042
1931/5/29,13.02000046
1931/6/1,12.39999962
1931/6/2,12.19999981
1931/6/3,13.11999989
1931/6/4,13.55000019
1931/6/5,13.39999962
1931/6/8,13.56000042
1931/6/9,13.34000015
1931/6/10,13.69999981
1931/6/11,13.72999954
1931/6/12,13.75
1931/6/15,13.63000011
1931/6/16,13.65999985
1931/6/17,13.51000023
1931/6/18,13.27000046
1931/6/19,13.22000027
1931/6/22,14.60999966
1931/6/23,14.40999985
1931/6/24,15.09000015
1931/6/25,14.98999977
1931/6/26,15.35000038
1931/6/29,15.09000015
1931/6/30,14.82999992
1931/7/1,15.06999969
1931/7/2,14.93999958
1931/7/3,15.26000023
1931/7/6,15.10000038
1931/7/7,14.51000023
1931/7/8,14.36999989
1931/7/9,14.48999977
1931/7/10,14.63000011
1931/7/13,14.22999954
1931/7/14,14.09000015
1931/7/15,13.80000019
1931/7/16,14.14000034
1931/7/17,14.27000046
1931/7/20,14.46000004
1931/7/21,14.61999989
1931/7/22,14.27999973
1931/7/23,14.27999973
1931/7/24,13.97000027
1931/7/27,14.02999973
1931/7/28,14.18000031
1931/7/29,13.73999977
1931/7/30,13.80000019
1931/7/31,13.72999954
1931/8/3,13.93000031
1931/8/4,13.84000015
1931/8/5,13.64000034
1931/8/6,13.55000019
1931/8/7,13.60999966
1931/8/10,13.55000019
1931/8/11,13.98999977
1931/8/12,13.80000019
1931/8/13,14.02000046
1931/8/14,14.28999996
1931/8/17,14.05000019
1931/8/18,14.10000038
1931/8/19,14.14000034
1931/8/20,14.17000008
1931/8/21,13.85999966
1931/8/24,13.75
1931/8/25,13.69999981
1931/8/26,13.93000031
1931/8/27,13.85000038
1931/8/28,13.98999977
1931/8/31,13.85999966
1931/9/1,13.92000008
1931/9/2,13.65999985
1931/9/3,13.35000038
1931/9/4,13.28999996
1931/9/8,12.86999989
1931/9/9,12.76000023
1931/9/10,12.61999989
1931/9/11,12.68999958
1931/9/14,12.10000038
1931/9/15,11.98999977
1931/9/16,11.81999969
1931/9/17,12.03999996
1931/9/18,11.46000004
1931/9/21,10.93000031
1931/9/22,10.80000019
1931/9/23,11.52000046
1931/9/24,10.68000031
1931/9/25,10.92000008
1931/9/28,10.5
1931/9/29,10.06000042
1931/9/30,9.710000038
1931/10/1,9.529999733
1931/10/2,9.699999809
1931/10/5,8.819999695
1931/10/6,9.909999847
1931/10/7,9.779999733
1931/10/8,10.61999989
1931/10/9,10.55000019
1931/10/13,10.10000038
1931/10/14,9.869999886
1931/10/15,10.05000019
1931/10/16,10.35999966
1931/10/19,10.48999977
1931/10/20,10.96000004
1931/10/21,10.85999966
1931/10/22,10.5
1931/10/23,10.84000015
1931/10/26,10.64000034
1931/10/27,10.40999985
1931/10/28,10.06999969
1931/10/29,10.10999966
1931/10/30,10.43000031
1931/11/2,10.5
1931/11/4,10.81999969
1931/11/5,10.77999973
1931/11/6,11.10999966
1931/11/9,11.52000046
1931/11/10,11.27999973
1931/11/11,11.10999966
1931/11/12,11.06999969
1931/11/13,10.72000027
1931/11/16,10.43000031
1931/11/17,10.60000038
1931/11/18,10.21000004
1931/11/19,10.15999985
1931/11/20,9.850000381
1931/11/23,9.699999809
1931/11/24,9.869999886
1931/11/25,9.529999733
1931/11/27,9.31000042
1931/11/30,9.5
1931/12/1,9.380000114
1931/12/2,9.050000191
1931/12/3,9.220000267
1931/12/4,9.020000458
1931/12/7,9.289999962
1931/12/8,9.020000458
1931/12/9,8.779999733
1931/12/10,8.579999924
1931/12/11,8.31000042
1931/12/14,8.010000229
1931/12/15,8.119999886
1931/12/16,7.929999828
1931/12/17,7.71999979
1931/12/18,8.359999657
1931/12/21,8.149999619
1931/12/22,8.289999962
1931/12/23,7.949999809
1931/12/24,7.960000038
1931/12/28,7.760000229
1931/12/29,7.960000038
1931/12/30,8.100000381
1931/12/31,8.119999886
1932/1/4,7.559999943
1932/1/5,7.550000191
1932/1/6,8.079999924
1932/1/7,8.220000267
1932/1/8,8.569999695
1932/1/11,8.479999542
1932/1/12,8.390000343
1932/1/13,8.800000191
1932/1/14,8.899999619
1932/1/15,8.920000076
1932/1/18,8.510000229
1932/1/19,8.479999542
1932/1/20,8.630000114
1932/1/21,8.579999924
1932/1/22,8.210000038
1932/1/25,8.199999809
1932/1/26,8.31000042
1932/1/27,8.149999619
1932/1/28,8.029999733
1932/1/29,7.940000057
1932/2/1,8.229999542
1932/2/2,8.050000191
1932/2/3,8.090000153
1932/2/4,8.039999962
1932/2/5,7.78000021
1932/2/8,7.619999886
1932/2/9,7.53000021
1932/2/10,7.5
1932/2/11,8.119999886
1932/2/15,8.5
1932/2/16,8.840000153
1932/2/17,8.479999542
1932/2/18,8.710000038
1932/2/19,8.720000267
1932/2/23,8.220000267
1932/2/24,8.430000305
1932/2/25,8.350000381
1932/2/26,8.340000153
1932/2/29,8.289999962
1932/3/1,8.350000381
1932/3/2,8.710000038
1932/3/3,8.710000038
1932/3/4,8.720000267
1932/3/7,8.819999695
1932/3/8,8.979999542
1932/3/9,8.81000042
1932/3/10,8.729999542
1932/3/11,8.520000458
1932/3/14,8.31000042
1932/3/15,8.31000042
1932/3/16,8.109999657
1932/3/17,8.279999733
1932/3/18,8.020000458
1932/3/21,8.06000042
1932/3/22,8.050000191
1932/3/23,7.940000057
1932/3/24,7.860000134
1932/3/28,7.590000153
1932/3/29,7.579999924
1932/3/30,7.739999771
1932/3/31,7.309999943
1932/4/1,7.179999828
1932/4/4,7.059999943
1932/4/5,6.730000019
1932/4/6,6.53000021
1932/4/7,6.460000038
1932/4/8,6.260000229
1932/4/11,6.070000172
1932/4/12,6.059999943
1932/4/13,5.980000019
1932/4/14,6.25
1932/4/15,6.420000076
1932/4/18,6.119999886
1932/4/19,6.03000021
1932/4/20,6.03000021
1932/4/21,6.239999771
1932/4/22,5.960000038
1932/4/25,6.03000021
1932/4/26,6.119999886
1932/4/27,6.269999981
1932/4/28,6.03000021
1932/4/29,5.829999924
1932/5/2,5.739999771
1932/5/3,5.659999847
1932/5/4,5.739999771
1932/5/5,5.679999828
1932/5/6,6.090000153
1932/5/9,5.960000038
1932/5/10,6.010000229
1932/5/11,6
1932/5/12,5.800000191
1932/5/13,5.599999905
1932/5/16,5.610000134
1932/5/17,5.590000153
1932/5/18,5.449999809
1932/5/19,5.480000019
1932/5/20,5.480000019
1932/5/23,5.429999828
1932/5/24,5.210000038
1932/5/25,5.03000021
1932/5/26,5.110000134
1932/5/27,4.829999924
1932/5/31,4.46999979
1932/6/1,4.400000095
1932/6/2,4.639999866
1932/6/3,4.889999866
1932/6/6,5.070000172
1932/6/7,4.849999905
1932/6/8,4.570000172
1932/6/9,4.570000172
1932/6/10,4.920000076
1932/6/13,4.820000172
1932/6/14,4.940000057
1932/6/15,5.119999886
1932/6/16,5.119999886
1932/6/17,4.829999924
1932/6/20,4.889999866
1932/6/21,4.769999981
1932/6/22,4.769999981
1932/6/23,4.800000191
1932/6/24,4.599999905
1932/6/27,4.440000057
1932/6/28,4.440000057
1932/6/29,4.510000229
1932/6/30,4.429999828
1932/7/1,4.599999905
1932/7/5,4.5
1932/7/6,4.599999905
1932/7/7,4.449999809
1932/7/8,4.409999847
1932/7/11,4.599999905
1932/7/12,4.599999905
1932/7/13,4.820000172
1932/7/14,4.789999962
1932/7/15,4.929999828
1932/7/18,4.800000191
1932/7/19,4.78000021
1932/7/20,4.929999828
1932/7/21,5.050000191
1932/7/22,5.199999809
1932/7/25,5.480000019
1932/7/26,5.400000095
1932/7/27,5.670000076
1932/7/28,5.849999905
1932/7/29,6.03000021
1932/8/1,6.110000134
1932/8/2,5.869999886
1932/8/3,6.389999866
1932/8/4,6.519999981
1932/8/5,6.800000191
1932/8/8,7.429999828
1932/8/9,7.389999866
1932/8/10,7.650000095
1932/8/11,7.610000134
1932/8/12,7
1932/8/15,7.440000057
1932/8/16,7.679999828
1932/8/17,7.510000229
1932/8/18,7.599999905
1932/8/19,7.53000021
1932/8/22,7.769999981
1932/8/23,8.149999619
1932/8/24,8.329999924
1932/8/25,8.260000229
1932/8/26,8.390000343
1932/8/29,8.579999924
1932/8/30,8.470000267
1932/8/31,8.390000343
1932/9/1,8.470000267
1932/9/2,8.840000153
1932/9/6,8.909999847
1932/9/7,9.31000042
1932/9/8,8.970000267
1932/9/9,8.75
1932/9/12,8.149999619
1932/9/13,7.800000191
1932/9/14,7.349999905
1932/9/15,7.659999847
1932/9/16,7.570000172
1932/9/19,7.340000153
1932/9/20,7.619999886
1932/9/21,8.520000458
1932/9/22,8.260000229
1932/9/23,8.399999619
1932/9/26,8.039999962
1932/9/27,8.130000114
1932/9/28,8.359999657
1932/9/29,8.100000381
1932/9/30,8.079999924
1932/10/3,8.06000042
1932/10/4,8.050000191
1932/10/5,7.389999866
1932/10/6,7.429999828
1932/10/7,7.019999981
1932/10/10,6.420000076
1932/10/11,6.880000114
1932/10/13,6.670000076
1932/10/14,7.130000114
1932/10/17,7
1932/10/18,7.130000114
1932/10/19,7.400000095
1932/10/20,7.230000019
1932/10/21,6.820000172
1932/10/24,6.829999924
1932/10/25,6.760000229
1932/10/26,6.889999866
1932/10/27,6.949999809
1932/10/28,7.090000153
1932/10/31,6.960000038
1932/11/1,6.760000229
1932/11/2,6.519999981
1932/11/3,6.480000019
1932/11/4,6.880000114
1932/11/7,7.239999771
1932/11/9,6.920000076
1932/11/10,7.440000057
1932/11/11,7.679999828
1932/11/14,7.429999828
1932/11/15,7.429999828
1932/11/16,7.199999809
1932/11/17,7.150000095
1932/11/18,7.130000114
1932/11/21,7.199999809
1932/11/22,7.170000076
1932/11/23,6.849999905
1932/11/25,6.78000021
1932/11/28,6.800000191
1932/11/29,6.78000021
1932/11/30,6.550000191
1932/12/1,6.730000019
1932/12/2,6.46999979
1932/12/5,6.539999962
1932/12/6,6.869999886
1932/12/7,6.889999866
1932/12/8,6.889999866
1932/12/9,7.079999924
1932/12/12,7.070000172
1932/12/13,6.989999771
1932/12/14,7.119999886
1932/12/15,7.050000191
1932/12/16,7
1932/12/19,6.96999979
1932/12/20,6.820000172
1932/12/21,6.800000191
1932/12/22,6.570000172
1932/12/23,6.570000172
1932/12/27,6.610000134
1932/12/28,6.599999905
1932/12/29,6.75
1932/12/30,6.920000076
1933/1/3,6.829999924
1933/1/4,7.150000095
1933/1/5,7.119999886
1933/1/6,7.230000019
1933/1/9,7.130000114
1933/1/10,7.340000153
1933/1/11,7.320000172
1933/1/12,7.230000019
1933/1/13,7.25
1933/1/16,7.059999943
1933/1/17,7.079999924
1933/1/18,6.949999809
1933/1/19,6.980000019
1933/1/20,7.059999943
1933/1/23,7.03000021
1933/1/24,6.980000019
1933/1/25,7.099999905
1933/1/26,7.050000191
1933/1/27,7.039999962
1933/1/30,6.980000019
1933/1/31,6.940000057
1933/2/1,6.670000076
1933/2/2,6.550000191
1933/2/3,6.53000021
1933/2/6,6.480000019
1933/2/7,6.539999962
1933/2/8,6.619999886
1933/2/9,6.760000229
1933/2/10,6.659999847
1933/2/14,6.320000172
1933/2/15,6.28000021
1933/2/16,6.130000114
1933/2/17,6.230000019
1933/2/20,6
1933/2/21,5.960000038
1933/2/23,5.679999828
1933/2/24,5.900000095
1933/2/27,5.53000021
1933/2/28,5.659999847
1933/3/1,5.769999981
1933/3/2,5.650000095
1933/3/3,5.840000153
1933/3/15,6.809999943
1933/3/16,6.929999828
1933/3/17,6.630000114
1933/3/20,6.5
1933/3/21,6.199999809
1933/3/22,6.119999886
1933/3/23,6.25
1933/3/24,6.25
1933/3/27,6.090000153
1933/3/28,6.210000038
1933/3/29,6.070000172
1933/3/30,6.050000191
1933/3/31,5.849999905
1933/4/3,5.869999886
1933/4/4,5.900000095
1933/4/5,5.949999809
1933/4/6,6.050000191
1933/4/7,6.119999886
1933/4/10,6.539999962
1933/4/11,6.510000229
1933/4/12,6.409999847
1933/4/13,6.670000076
1933/4/17,6.53000021
1933/4/18,6.659999847
1933/4/19,7.139999866
1933/4/20,7.820000172
1933/4/21,7.440000057
1933/4/24,7.909999847
1933/4/25,7.71999979
1933/4/26,7.769999981
1933/4/27,7.699999809
1933/4/28,7.829999924
1933/5/1,8.430000305
1933/5/2,8.460000038
1933/5/3,8.409999847
1933/5/4,8.649999619
1933/5/5,8.739999771
1933/5/8,8.340000153
1933/5/9,8.399999619
1933/5/10,8.819999695
1933/5/11,9.069999695
1933/5/12,9.029999733
1933/5/15,8.680000305
1933/5/16,8.850000381
1933/5/17,8.93999958
1933/5/18,8.890000343
1933/5/19,8.819999695
1933/5/22,8.640000343
1933/5/23,8.960000038
1933/5/24,9.149999619
1933/5/25,9.079999924
1933/5/26,9.340000153
1933/5/29,9.779999733
1933/5/31,9.640000343
1933/6/1,9.739999771
1933/6/2,10.13000011
1933/6/5,10.06999969
1933/6/6,10.03999996
1933/6/7,10.22000027
1933/6/8,10.31000042
1933/6/9,10.40999985
1933/6/12,10.89000034
1933/6/13,10.56999969
1933/6/14,10.47000027
1933/6/15,9.739999771
1933/6/16,9.81000042
1933/6/19,10.68000031
1933/6/20,10.52000046
1933/6/21,10.57999992
1933/6/22,10.22000027
1933/6/23,10.56000042
1933/6/26,10.86999989
1933/6/27,10.97999954
1933/6/28,10.84000015
1933/6/29,10.73999977
1933/6/30,10.90999985
1933/7/3,11.61999989
1933/7/5,11.55000019
1933/7/6,11.85000038
1933/7/7,11.96000004
1933/7/10,11.85999966
1933/7/11,11.71000004
1933/7/12,11.86999989
1933/7/13,12
1933/7/14,11.85000038
1933/7/17,12.01000023
1933/7/18,12.19999981
1933/7/19,11.60000038
1933/7/20,10.56999969
1933/7/21,9.649999619
1933/7/24,10.5
1933/7/25,10.31999969
1933/7/26,10.59000015
1933/7/27,10.68000031
1933/7/28,10.43000031
1933/7/31,9.949999809
1933/8/1,10.25
1933/8/2,10.48999977
1933/8/3,10.35999966
1933/8/4,10.13000011
1933/8/7,10.05000019
1933/8/8,10.39000034
1933/8/9,10.81000042
1933/8/10,10.63000011
1933/8/11,10.59000015
1933/8/14,10.46000004
1933/8/15,10.47999954
1933/8/16,10.19999981
1933/8/17,10.76000023
1933/8/18,10.57999992
1933/8/21,10.75
1933/8/22,10.92000008
1933/8/23,10.77999973
1933/8/24,10.88000011
1933/8/25,11.27999973
1933/8/28,11.26000023
1933/8/29,11.19999981
1933/8/30,11.10000038
1933/8/31,11.09000015
1933/9/1,11.22999954
1933/9/5,10.84000015
1933/9/6,10.85000038
1933/9/7,10.69999981
1933/9/8,10.65999985
1933/9/11,11.13000011
1933/9/12,11.06000042
1933/9/13,11.10999966
1933/9/14,11.13000011
1933/9/15,10.81999969
1933/9/18,11
1933/9/19,11.03999996
1933/9/20,10.68999958
1933/9/21,10.02999973
1933/9/22,10.26000023
1933/9/25,10.15999985
1933/9/26,10.06999969
1933/9/27,9.649999619
1933/9/28,9.789999962
1933/9/29,9.720000267
1933/10/2,9.619999886
1933/10/3,9.670000076
1933/10/4,10.28999996
1933/10/5,10.15999985
1933/10/6,10.05000019
1933/10/9,10.31999969
1933/10/10,10.22999954
1933/10/11,10.23999977
1933/10/13,9.850000381
1933/10/16,9.210000038
1933/10/17,9.510000229
1933/10/18,9.069999695
1933/10/19,8.609999657
1933/10/20,8.859999657
1933/10/23,9.020000458
1933/10/24,9.380000114
1933/10/25,9.630000114
1933/10/26,9.43999958
1933/10/27,9.539999962
1933/10/30,9.039999962
1933/10/31,8.960000038
1933/11/1,9.119999886
1933/11/2,9.220000267
1933/11/3,9.539999962
1933/11/6,9.449999809
1933/11/8,9.800000191
1933/11/9,9.869999886
1933/11/10,9.720000267
1933/11/13,9.81000042
1933/11/14,9.68999958
1933/11/15,9.579999924
1933/11/16,10.02999973
1933/11/17,9.920000076
1933/11/20,10.22999954
1933/11/21,10.10000038
1933/11/22,10.05000019
1933/11/23,9.869999886
1933/11/24,10.01000023
1933/11/27,9.68999958
1933/11/28,9.699999809
1933/11/29,9.880000114
1933/12/1,9.909999847
1933/12/4,9.899999619
1933/12/5,10.19999981
1933/12/6,10.13000011
1933/12/7,10.19999981
1933/12/8,10.10000038
1933/12/11,10.31000042
1933/12/12,10.28999996
1933/12/13,10.18999958
1933/12/14,10.22999954
1933/12/15,10.06999969
1933/12/18,9.770000458
1933/12/19,9.75
1933/12/20,9.569999695
1933/12/21,9.550000191
1933/12/22,9.859999657
1933/12/26,9.579999924
1933/12/27,9.710000038
1933/12/28,9.989999771
1933/12/29,9.970000267
1934/1/2,10.10999966
1934/1/3,9.970000267
1934/1/4,9.93999958
1934/1/5,9.81000042
1934/1/8,9.760000229
1934/1/9,9.869999886
1934/1/10,10.14000034
1934/1/11,10.18999958
1934/1/12,10.06999969
1934/1/15,10.64000034
1934/1/16,10.68999958
1934/1/17,10.65999985
1934/1/18,10.63000011
1934/1/19,10.93000031
1934/1/22,10.90999985
1934/1/23,11.05000019
1934/1/24,11.11999989
1934/1/25,11.11999989
1934/1/26,11.02000046
1934/1/29,11.18999958
1934/1/30,11.32999992
1934/1/31,11.17000008
1934/2/1,11.46000004
1934/2/2,11.44999981
1934/2/5,11.81000042
1934/2/6,11.81999969
1934/2/7,11.44999981
1934/2/8,11.5
1934/2/9,11.18000031
1934/2/13,11.22000027
1934/2/14,11.28999996
1934/2/15,11.51000023
1934/2/16,11.53999996
1934/2/19,11.35999966
1934/2/20,11.39999962
1934/2/21,11.43000031
1934/2/23,11.13000011
1934/2/26,10.68999958
1934/2/27,10.81000042
1934/2/28,10.76000023
1934/3/1,10.72000027
1934/3/2,11.06999969
1934/3/5,11.01000023
1934/3/6,10.88000011
1934/3/7,10.60000038
1934/3/8,10.80000019
1934/3/9,10.72999954
1934/3/12,10.96000004
1934/3/13,10.96000004
1934/3/14,10.97000027
1934/3/15,10.78999996
1934/3/16,10.81999969
1934/3/19,10.44999981
1934/3/20,10.65999985
1934/3/21,10.44999981
1934/3/22,10.64000034
1934/3/23,10.52999973
1934/3/26,10.71000004
1934/3/27,10.42000008
1934/3/28,10.44999981
1934/3/29,10.61999989
1934/4/2,10.76000023
1934/4/3,10.84000015
1934/4/4,10.86999989
1934/4/5,10.89999962
1934/4/6,10.94999981
1934/4/9,10.86999989
1934/4/10,11.02999973
1934/4/11,11.02000046
1934/4/12,10.98999977
1934/4/13,10.94999981
1934/4/16,10.77999973
1934/4/17,10.89000034
1934/4/18,11.02999973
1934/4/19,11.05000019
1934/4/20,11.15999985
1934/4/23,11.09000015
1934/4/24,11
1934/4/25,10.93999958
1934/4/26,10.78999996
1934/4/27,10.80000019
1934/4/30,10.46000004
1934/5/1,10.46000004
1934/5/2,10.25
1934/5/3,10.28999996
1934/5/4,10.31999969
1934/5/7,9.81000042
1934/5/8,10.05000019
1934/5/9,9.880000114
1934/5/10,9.649999619
1934/5/11,9.550000191
1934/5/14,9.449999809
1934/5/15,9.630000114
1934/5/16,9.56000042
1934/5/17,9.590000153
1934/5/18,9.850000381
1934/5/21,9.869999886
1934/5/22,9.649999619
1934/5/23,9.56000042
1934/5/24,9.590000153
1934/5/25,9.699999809
1934/5/28,9.829999924
1934/5/29,9.789999962
1934/5/31,9.609999657
1934/6/1,9.380000114
1934/6/4,9.489999771
1934/6/5,9.720000267
1934/6/6,9.739999771
1934/6/7,9.710000038
1934/6/8,10.17000008
1934/6/11,10.09000015
1934/6/12,10.19999981
1934/6/13,10.19999981
1934/6/14,10.05000019
1934/6/15,10.22999954
1934/6/18,10.36999989
1934/6/19,10.18999958
1934/6/20,10.07999992
1934/6/21,9.979999542
1934/6/22,9.760000229
1934/6/25,9.729999542
1934/6/26,9.960000038
1934/6/27,9.930000305
1934/6/28,9.979999542
1934/6/29,9.81000042
1934/7/2,9.68999958
1934/7/3,9.659999847
1934/7/5,9.819999695
1934/7/6,9.909999847
1934/7/9,9.880000114
1934/7/10,9.93999958
1934/7/11,9.989999771
1934/7/12,9.909999847
1934/7/13,9.930000305
1934/7/16,9.720000267
1934/7/17,9.680000305
1934/7/18,9.840000153
1934/7/19,9.739999771
1934/7/20,9.470000267
1934/7/23,9.090000153
1934/7/24,8.989999771
1934/7/25,9.069999695
1934/7/26,8.359999657
1934/7/27,8.600000381
1934/7/30,8.670000076
1934/7/31,8.680000305
1934/8/1,8.949999809
1934/8/2,9.010000229
1934/8/3,8.899999619
1934/8/6,8.710000038
1934/8/7,8.68999958
1934/8/8,8.829999924
1934/8/9,9.130000114
1934/8/10,8.930000305
1934/8/13,9.170000076
1934/8/14,9.100000381
1934/8/15,9.039999962
1934/8/16,9.109999657
1934/8/17,9.06000042
1934/8/20,8.970000267
1934/8/21,9.18999958
1934/8/22,9.399999619
1934/8/23,9.350000381
1934/8/24,9.520000458
1934/8/27,9.390000343
1934/8/28,9.340000153
1934/8/29,9.260000229
1934/8/30,9.159999847
1934/8/31,9.149999619
1934/9/4,9.06000042
1934/9/5,9.210000038
1934/9/6,9.020000458
1934/9/7,8.920000076
1934/9/10,8.699999809
1934/9/11,8.720000267
1934/9/12,8.75
1934/9/13,8.720000267
1934/9/14,8.470000267
1934/9/17,8.449999809
1934/9/18,8.520000458
1934/9/19,8.739999771
1934/9/20,8.770000458
1934/9/21,8.949999809
1934/9/24,8.899999619
1934/9/25,9.149999619
1934/9/26,9.090000153
1934/9/27,9.180000305
1934/9/28,9.079999924
1934/10/1,8.829999924
1934/10/2,8.859999657
1934/10/3,8.829999924
1934/10/4,8.819999695
1934/10/5,9
1934/10/8,8.920000076
1934/10/9,8.829999924
1934/10/10,9.069999695
1934/10/11,9.18999958
1934/10/15,9
1934/10/16,9.090000153
1934/10/17,9.109999657
1934/10/18,9.069999695
1934/10/19,9.029999733
1934/10/22,9.020000458
1934/10/23,8.989999771
1934/10/24,9.140000343
1934/10/25,8.930000305
1934/10/26,8.800000191
1934/10/29,8.760000229
1934/10/30,8.789999962
1934/10/31,8.81000042
1934/11/1,8.770000458
1934/11/2,8.869999886
1934/11/5,9.020000458
1934/11/7,9.18999958
1934/11/8,9.119999886
1934/11/9,9.300000191
1934/11/13,9.229999542
1934/11/14,9.199999809
1934/11/15,9
1934/11/16,9.180000305
1934/11/19,9.100000381
1934/11/20,9.140000343
1934/11/21,9.100000381
1934/11/22,9.140000343
1934/11/23,9.270000458
1934/11/26,9.520000458
1934/11/27,9.430000305
1934/11/28,9.539999962
1934/11/30,9.539999962
1934/12/3,9.409999847
1934/12/4,9.479999542
1934/12/5,9.56000042
1934/12/6,9.539999962
1934/12/7,9.460000038
1934/12/10,9.359999657
1934/12/11,9.170000076
1934/12/12,9.180000305
1934/12/13,9.130000114
1934/12/14,9.109999657
1934/12/17,9.170000076
1934/12/18,9.159999847
1934/12/19,9.029999733
1934/12/20,9.020000458
1934/12/21,9.039999962
1934/12/24,9.109999657
1934/12/26,9.06000042
1934/12/27,9.069999695
1934/12/28,9.409999847
1934/12/31,9.5
1935/1/2,9.510000229
1935/1/3,9.529999733
1935/1/4,9.510000229
1935/1/7,9.579999924
1935/1/8,9.470000267
1935/1/9,9.460000038
1935/1/10,9.43999958
1935/1/11,9.25
1935/1/14,9.170000076
1935/1/15,8.960000038
1935/1/16,9
1935/1/17,9.140000343
1935/1/18,9.180000305
1935/1/21,9.279999733
1935/1/22,9.199999809
1935/1/23,9.199999809
1935/1/24,9.180000305
1935/1/25,9.229999542
1935/1/28,9.069999695
1935/1/29,8.979999542
1935/1/30,9.029999733
1935/1/31,9.100000381
1935/2/1,9.050000191
1935/2/4,8.989999771
1935/2/5,8.890000343
1935/2/6,8.81000042
1935/2/7,8.880000114
1935/2/8,9.029999733
1935/2/11,9.020000458
1935/2/13,9.010000229
1935/2/14,9.010000229
1935/2/15,9.06000042
1935/2/18,9.340000153
1935/2/19,9.18999958
1935/2/20,9.039999962
1935/2/21,9.029999733
1935/2/25,8.850000381
1935/2/26,8.760000229
1935/2/27,8.789999962
1935/2/28,8.739999771
1935/3/1,8.789999962
1935/3/4,8.720000267
1935/3/5,8.470000267
1935/3/6,8.449999809
1935/3/7,8.56000042
1935/3/8,8.539999962
1935/3/11,8.319999695
1935/3/12,8.159999847
1935/3/13,8.18999958
1935/3/14,8.06000042
1935/3/15,8.229999542
1935/3/18,8.140000343
1935/3/19,8.260000229
1935/3/20,8.25
1935/3/21,8.420000076
1935/3/22,8.550000191
1935/3/25,8.420000076
1935/3/26,8.350000381
1935/3/27,8.43999958
1935/3/28,8.449999809
1935/3/29,8.449999809
1935/4/1,8.539999962
1935/4/2,8.5
1935/4/3,8.479999542
1935/4/4,8.569999695
1935/4/5,8.779999733
1935/4/8,8.779999733
1935/4/9,8.93999958
1935/4/10,8.899999619
1935/4/11,8.850000381
1935/4/12,8.949999809
1935/4/15,9.130000114
1935/4/16,8.220000267
1935/4/17,9.010000229
1935/4/18,9.140000343
1935/4/22,9.409999847
1935/4/23,9.43999958
1935/4/24,9.319999695
1935/4/25,9.43999958
1935/4/26,9.399999619
1935/4/29,9.390000343
1935/4/30,9.279999733
1935/5/1,9.229999542
1935/5/2,9.270000458
1935/5/3,9.420000076
1935/5/6,9.420000076
1935/5/7,9.380000114
1935/5/8,9.649999619
1935/5/9,9.68999958
1935/5/10,9.75
1935/5/13,9.800000191
1935/5/14,9.81000042
1935/5/15,9.819999695
1935/5/16,9.149999619
1935/5/17,10.01000023
1935/5/20,9.890000343
1935/5/21,9.979999542
1935/5/22,10.06000042
1935/5/23,10.06999969
1935/5/24,10.02000046
1935/5/27,10.02999973
1935/5/28,9.850000381
1935/5/29,9.68999958
1935/5/31,9.579999924
1935/6/3,9.670000076
1935/6/4,9.920000076
1935/6/5,9.909999847
1935/6/6,9.840000153
1935/6/7,9.899999619
1935/6/10,10.02999973
1935/6/11,10.13000011
1935/6/12,10.06000042
1935/6/13,10.11999989
1935/6/14,10.22000027
1935/6/17,10.22000027
1935/6/18,10.27999973
1935/6/19,10.22999954
1935/6/20,10.14999962
1935/6/21,10.38000011
1935/6/24,10.47000027
1935/6/25,10.31999969
1935/6/26,10.19999981
1935/6/27,10.14999962
1935/6/28,10.23999977
1935/7/1,10.27999973
1935/7/2,10.28999996
1935/7/3,10.35000038
1935/7/5,10.47000027
1935/7/8,10.60000038
1935/7/9,10.55000019
1935/7/10,10.63000011
1935/7/11,10.52000046
1935/7/12,10.61999989
1935/7/15,10.60000038
1935/7/16,10.60999966
1935/7/17,10.67000008
1935/7/18,10.65999985
1935/7/19,10.57999992
1935/7/22,10.77000046
1935/7/23,10.76000023
1935/7/24,10.84000015
1935/7/25,10.72999954
1935/7/26,10.78999996
1935/7/29,11.03999996
1935/7/30,10.93999958
1935/7/31,11.07999992
1935/8/1,11.03999996
1935/8/2,10.94999981
1935/8/5,11.19999981
1935/8/6,11.18999958
1935/8/7,11.18000031
1935/8/8,11.22000027
1935/8/9,11.48999977
1935/8/12,11.60000038
1935/8/13,11.67000008
1935/8/14,11.67000008
1935/8/15,11.53999996
1935/8/16,10.61999989
1935/8/19,11.42000008
1935/8/20,11.44999981
1935/8/21,11.55000019
1935/8/22,11.59000015
1935/8/23,11.56000042
1935/8/26,11.46000004
1935/8/27,11.11999989
1935/8/28,11.10000038
1935/8/29,11.17000008
1935/8/30,11.23999977
1935/9/3,11.21000004
1935/9/4,11.35999966
1935/9/5,11.47000027
1935/9/6,11.64999962
1935/9/9,11.76000023
1935/9/10,11.85999966
1935/9/11,11.92000008
1935/9/12,11.77999973
1935/9/13,11.80000019
1935/9/16,11.64000034
1935/9/17,11.72000027
1935/9/18,11.81999969
1935/9/19,11.57999992
1935/9/20,11.26000023
1935/9/23,11.39999962
1935/9/24,11.53999996
1935/9/25,11.59000015
1935/9/26,11.59000015
1935/9/27,11.56000042
1935/9/30,11.59000015
1935/10/1,11.47999954
1935/10/2,11.10000038
1935/10/3,11.26000023
1935/10/4,11.35999966
1935/10/7,11.52999973
1935/10/8,11.44999981
1935/10/9,11.51000023
1935/10/10,11.73999977
1935/10/11,11.75
1935/10/14,11.88000011
1935/10/15,11.96000004
1935/10/16,11.72000027
1935/10/17,11.85000038
1935/10/18,11.81000042
1935/10/21,12.18999958
1935/10/22,12.25
1935/10/23,12.32999992
1935/10/24,12.31000042
1935/10/25,12.43000031
1935/10/28,12.46000004
1935/10/29,12.44999981
1935/10/30,12.35999966
1935/10/31,12.46000004
1935/11/1,12.60999966
1935/11/4,12.61999989
1935/11/6,12.85999966
1935/11/7,12.81000042
1935/11/8,12.92000008
1935/11/12,12.81000042
1935/11/13,12.96000004
1935/11/14,13.19999981
1935/11/15,13.25
1935/11/18,13.27999973
1935/11/19,13.46000004
1935/11/20,13.28999996
1935/11/21,13.42000008
1935/11/22,13.14000034
1935/11/25,13.18000031
1935/11/26,12.98999977
1935/11/27,13.09000015
1935/11/29,12.93999958
1935/12/2,12.75
1935/12/3,13.10000038
1935/12/4,13.21000004
1935/12/5,13.18000031
1935/12/6,13.14999962
1935/12/9,13.31999969
1935/12/10,13.09000015
1935/12/11,13.14000034
1935/12/12,12.96000004
1935/12/13,12.84000015
1935/12/16,13.32999992
1935/12/17,12.89999962
1935/12/18,12.85999966
1935/12/19,12.80000019
1935/12/20,12.88000011
1935/12/23,12.96000004
1935/12/24,13.09000015
1935/12/26,13.11999989
1935/12/27,13.10999966
1935/12/30,13.30000019
1935/12/31,13.43000031
1936/1/2,13.39999962
1936/1/3,13.55000019
1936/1/6,13.40999985
1936/1/7,13.61999989
1936/1/8,13.69999981
1936/1/9,13.67000008
1936/1/10,13.77999973
1936/1/13,13.72000027
1936/1/14,13.80000019
1936/1/15,13.71000004
1936/1/16,13.77000046
1936/1/17,13.75
1936/1/20,13.52000046
1936/1/21,13.47000027
1936/1/22,13.76000023
1936/1/23,13.90999985
1936/1/24,13.85000038
1936/1/27,13.98999977
1936/1/28,14.01000023
1936/1/29,14.14999962
1936/1/30,14.07999992
1936/1/31,14.31000042
1936/2/3,14.43999958
1936/2/4,14.42000008
1936/2/5,14.36999989
1936/2/6,14.39000034
1936/2/7,14.31999969
1936/2/10,14.43000031
1936/2/11,14.63000011
1936/2/13,14.72000027
1936/2/14,14.65999985
1936/2/17,14.57999992
1936/2/18,14.73999977
1936/2/19,14.64000034
1936/2/20,14.86999989
1936/2/21,14.82999992
1936/2/24,14.68999958
1936/2/25,14.42000008
1936/2/26,14.35000038
1936/2/27,14.68999958
1936/2/28,14.60000038
1936/3/2,14.77000046
1936/3/3,14.97999954
1936/3/4,15.02000046
1936/3/5,15.03999996
1936/3/6,15.10000038
1936/3/9,14.51000023
1936/3/10,14.72999954
1936/3/11,14.88000011
1936/3/12,14.46000004
1936/3/13,14.23999977
1936/3/16,14.56999969
1936/3/17,14.92000008
1936/3/18,14.85999966
1936/3/19,15.06000042
1936/3/20,15.03999996
1936/3/23,15.05000019
1936/3/24,14.97000027
1936/3/25,15.10000038
1936/3/26,15.05000019
1936/3/27,14.81999969
1936/3/30,14.81000042
1936/3/31,14.92000008
1936/4/1,15.18999958
1936/4/2,15.34000015
1936/4/3,15.27000046
1936/4/6,15.51000023
1936/4/7,15.43000031
1936/4/8,15.43999958
1936/4/9,15.39000034
1936/4/13,15.42000008
1936/4/14,15.10999966
1936/4/15,15.26000023
1936/4/16,15.18999958
1936/4/17,15.10000038
1936/4/20,14.61999989
1936/4/21,14.60000038
1936/4/22,14.85000038
1936/4/23,14.39999962
1936/4/24,14.43999958
1936/4/27,13.96000004
1936/4/28,13.93999958
1936/4/29,13.52999973
1936/4/30,13.77000046
1936/5/1,13.86999989
1936/5/4,13.81999969
1936/5/5,14.02000046
1936/5/6,14.18000031
1936/5/7,13.92000008
1936/5/8,13.89999962
1936/5/11,13.85999966
1936/5/12,13.85999966
1936/5/13,13.97000027
1936/5/14,14.28999996
1936/5/15,14.28999996
1936/5/18,14.18999958
1936/5/19,13.85000038
1936/5/20,13.98999977
1936/5/21,13.93999958
1936/5/22,14.09000015
1936/5/25,14.25
1936/5/26,14.44999981
1936/5/27,14.42000008
1936/5/28,14.30000019
1936/5/29,14.39999962
1936/6/1,14.39000034
1936/6/2,14.39000034
1936/6/3,14.34000015
1936/6/4,14.13000011
1936/6/5,14.11999989
1936/6/8,14.34000015
1936/6/9,14.47999954
1936/6/10,14.55000019
1936/6/11,14.76000023
1936/6/12,14.59000015
1936/6/15,14.73999977
1936/6/16,14.92000008
1936/6/17,14.85000038
1936/6/18,14.92000008
1936/6/19,14.82999992
1936/6/22,15.06999969
1936/6/23,15
1936/6/24,15.15999985
1936/6/25,15
1936/6/26,14.94999981
1936/6/29,14.89000034
1936/6/30,14.84000015
1936/7/1,14.89999962
1936/7/2,14.88000011
1936/7/3,15.02000046
1936/7/6,14.93999958
1936/7/7,14.81000042
1936/7/8,14.89000034
1936/7/9,15.06999969
1936/7/10,15.35000038
1936/7/13,15.44999981
1936/7/14,15.63000011
1936/7/15,15.64000034
1936/7/16,15.63000011
1936/7/17,15.65999985
1936/7/20,15.82999992
1936/7/21,15.93000031
1936/7/22,15.82999992
1936/7/23,15.89000034
1936/7/24,15.82999992
1936/7/27,16.14999962
1936/7/28,16.12000084
1936/7/29,15.96000004
1936/7/30,16.02000046
1936/7/31,15.85000038
1936/8/3,15.90999985
1936/8/4,15.86999989
1936/8/5,15.77000046
1936/8/6,15.86999989
1936/8/7,16.07999992
1936/8/10,16.20000076
1936/8/11,16.07999992
1936/8/12,16.15999985
1936/8/13,16.07999992
1936/8/14,15.86999989
1936/8/17,15.80000019
1936/8/18,15.81000042
1936/8/19,15.89999962
1936/8/20,15.81000042
1936/8/21,15.31999969
1936/8/24,15.64999962
1936/8/25,15.67000008
1936/8/26,15.55000019
1936/8/27,15.89000034
1936/8/28,15.92000008
1936/8/31,15.98999977
1936/9/1,15.94999981
1936/9/2,16.01000023
1936/9/3,15.94999981
1936/9/4,16.02000046
1936/9/8,16.29000092
1936/9/9,16.17000008
1936/9/10,16.15999985
1936/9/11,16.11000061
1936/9/14,15.96000004
1936/9/15,15.93000031
1936/9/16,15
1936/9/17,15.86999989
1936/9/18,16.03000069
1936/9/21,16.15999985
1936/9/22,16.21999931
1936/9/23,16.13999939
1936/9/24,16.17000008
1936/9/25,15.88000011
1936/9/28,16.12999916
1936/9/29,16.05999947
1936/9/30,16.01000023
1936/10/1,16.04000092
1936/10/2,16.35000038
1936/10/5,16.53000069
1936/10/6,16.68000031
1936/10/7,16.71999931
1936/10/8,16.80999947
1936/10/9,16.87000084
1936/10/13,16.95999908
1936/10/14,16.87999916
1936/10/15,16.85000038
1936/10/16,17.04000092
1936/10/19,17.12999916
1936/10/20,17.11000061
1936/10/21,17.18000031
1936/10/22,17.04000092
1936/10/23,17.09000015
1936/10/26,16.64999962
1936/10/27,16.93000031
1936/10/28,16.94000053
1936/10/29,17.20000076
1936/10/30,17.22999954
1936/11/2,17.17000008
1936/11/4,17.43000031
1936/11/5,17.55999947
1936/11/6,17.43000031
1936/11/9,17.69000053
1936/11/10,17.62999916
1936/11/12,17.43000031
1936/11/13,17.23999977
1936/11/16,17.39999962
1936/11/17,17.63999939
1936/11/18,17.51000023
1936/11/19,17.29999924
1936/11/20,17.12999916
1936/11/23,16.88999939
1936/11/24,17.18000031
1936/11/25,17.09000015
1936/11/27,17.34000015
1936/11/30,17.28000069
1936/12/1,17.13999939
1936/12/2,16.95000076
1936/12/3,17.04000092
1936/12/4,17.01000023
1936/12/7,16.90999985
1936/12/8,16.96999931
1936/12/9,17.04999924
1936/12/10,17.21999931
1936/12/11,17.13999939
1936/12/14,17.31999969
1936/12/15,17.31999969
1936/12/16,17.29000092
1936/12/17,17.15999985
1936/12/18,17
1936/12/21,16.64999962
1936/12/22,16.86000061
1936/12/23,17.03000069
1936/12/24,17.05999947
1936/12/28,16.94000053
1936/12/29,17.01000023
1936/12/30,17.27000046
1936/12/31,17.18000031
1937/1/4,16.93000031
1937/1/5,17.07999992
1937/1/6,17.09000015
1937/1/7,17.47999954
1937/1/8,17.47999954
1937/1/11,17.56999969
1937/1/12,17.57999992
1937/1/13,17.61000061
1937/1/14,17.65999985
1937/1/15,17.73999977
1937/1/18,17.73999977
1937/1/19,17.62000084
1937/1/20,17.84000015
1937/1/21,17.95999908
1937/1/22,17.87000084
1937/1/25,17.77000046
1937/1/26,17.51000023
1937/1/27,17.64999962
1937/1/28,17.62999916
1937/1/29,17.77000046
1937/2/1,17.87999916
1937/2/2,18
1937/2/3,18.12999916
1937/2/4,18.14999962
1937/2/5,17.86000061
1937/2/8,18.06999969
1937/2/9,17.98999977
1937/2/10,18.17000008
1937/2/11,18.31999969
1937/2/15,18.10000038
1937/2/16,18.14999962
1937/2/17,18.12000084
1937/2/18,18.21999931
1937/2/19,18.37000084
1937/2/23,17.96999931
1937/2/24,18.06999969
1937/2/25,18
1937/2/26,18.05999947
1937/3/1,18.09000015
1937/3/2,18.34000015
1937/3/3,18.54999924
1937/3/4,18.37999916
1937/3/5,18.62000084
1937/3/8,18.55999947
1937/3/9,18.54000092
1937/3/10,18.67000008
1937/3/11,18.37999916
1937/3/12,18.36000061
1937/3/15,18.13999939
1937/3/16,18.22999954
1937/3/17,18.11000061
1937/3/18,17.72999954
1937/3/19,17.71999931
1937/3/22,17.21999931
1937/3/23,17.48999977
1937/3/24,17.70000076
1937/3/25,17.68000031
1937/3/29,17.62999916
1937/3/30,17.95000076
1937/3/31,17.92000008
1937/4/1,17.70999908
1937/4/2,17.48999977
1937/4/5,17.62000084
1937/4/6,17.45999908
1937/4/7,16.90999985
1937/4/8,16.98999977
1937/4/9,17.03000069
1937/4/12,17.10000038
1937/4/13,17.28000069
1937/4/14,17.29999924
1937/4/15,17.22999954
1937/4/16,17.15999985
1937/4/19,17.12999916
1937/4/20,17.18000031
1937/4/21,17.40999985
1937/4/22,17.19000053
1937/4/23,16.85000038
1937/4/26,16.15999985
1937/4/27,16.43000031
1937/4/28,15.98999977
1937/4/29,15.98999977
1937/4/30,16.43000031
1937/5/3,16.46999931
1937/5/4,16.72999954
1937/5/5,16.59000015
1937/5/6,16.70999908
1937/5/7,16.64999962
1937/5/10,16.28000069
1937/5/11,16.29000092
1937/5/12,16.19000053
1937/5/13,15.64999962
1937/5/14,15.81000042
1937/5/17,15.61999989
1937/5/18,15.88000011
1937/5/19,15.84000015
1937/5/20,16.26000023
1937/5/21,16.27000046
1937/5/24,16.45999908
1937/5/25,16.25
1937/5/26,16.22999954
1937/5/27,16.26000023
1937/5/28,16.26000023
1937/6/1,15.96000004
1937/6/2,16.06999969
1937/6/3,16.10000038
1937/6/4,16.28000069
1937/6/7,16.12999916
1937/6/8,16.18000031
1937/6/9,16.04000092
1937/6/10,15.93999958
1937/6/11,15.72999954
1937/6/14,15.19999981
1937/6/15,15.34000015
1937/6/16,15.18000031
1937/6/17,15.39000034
1937/6/18,15.51000023
1937/6/21,15.35000038
1937/6/22,15.38000011
1937/6/23,15.51000023
1937/6/24,15.61999989
1937/6/25,15.52000046
1937/6/28,15.11999989
1937/6/29,15.14000034
1937/6/30,15.39999962
1937/7/1,15.47000027
1937/7/2,15.69999981
1937/7/6,16.25
1937/7/7,16.37000084
1937/7/8,16.39999962
1937/7/9,16.31999969
1937/7/12,16.54000092
1937/7/13,16.39999962
1937/7/14,16.37999916
1937/7/15,16.45999908
1937/7/16,16.42000008
1937/7/19,16.73999977
1937/7/20,16.94000053
1937/7/21,16.81999969
1937/7/22,16.87000084
1937/7/23,16.94000053
1937/7/26,17.05999947
1937/7/27,17.04000092
1937/7/28,16.78000069
1937/7/29,16.71999931
1937/7/30,16.77000046
1937/8/2,17.06999969
1937/8/3,16.93000031
1937/8/4,17.02000046
1937/8/5,16.90999985
1937/8/6,16.85000038
1937/8/9,17.06999969
1937/8/10,17.04000092
1937/8/11,17.01000023
1937/8/12,17.10000038
1937/8/13,17.27000046
1937/8/16,17.17000008
1937/8/17,17.06999969
1937/8/18,16.90999985
1937/8/19,16.65999985
1937/8/20,16.48999977
1937/8/23,16.45999908
1937/8/24,16.59000015
1937/8/25,16.46999931
1937/8/26,16.14999962
1937/8/27,15.88000011
1937/8/30,16.12000084
1937/8/31,16.04000092
1937/9/1,15.60999966
1937/9/2,15.35999966
1937/9/3,15.46000004
1937/9/7,14.68999958
1937/9/8,14.60999966
1937/9/9,14.97999954
1937/9/10,14.18999958
1937/9/13,14.22999954
1937/9/14,14.68000031
1937/9/15,14.60999966
1937/9/16,14.89000034
1937/9/17,14.56999969
1937/9/20,13.93999958
1937/9/21,14.07999992
1937/9/22,14.14000034
1937/9/23,13.78999996
1937/9/24,13.19999981
1937/9/27,13.63000011
1937/9/28,13.72000027
1937/9/29,13.78999996
1937/9/30,13.76000023
1937/10/1,13.72000027
1937/10/4,13.59000015
1937/10/5,12.85000038
1937/10/6,13.15999985
1937/10/7,13.06000042
1937/10/8,12.75
1937/10/11,12.22000027
1937/10/13,12.21000004
1937/10/14,11.97000027
1937/10/15,11.84000015
1937/10/18,10.76000023
1937/10/19,11.10000038
1937/10/20,11.93000031
1937/10/21,12.17000008
1937/10/22,11.84000015
1937/10/25,12
1937/10/26,11.73999977
1937/10/27,11.76000023
1937/10/28,12.05000019
1937/10/29,12.35000038
1937/11/1,12.07999992
1937/11/3,11.52000046
1937/11/4,11.46000004
1937/11/5,11.46000004
1937/11/8,11.11999989
1937/11/9,11.35000038
1937/11/10,11.96000004
1937/11/12,11.90999985
1937/11/15,11.52999973
1937/11/16,11.47999954
1937/11/17,11.39000034
1937/11/18,11.15999985
1937/11/19,10.51000023
1937/11/22,10.25
1937/11/23,10.43000031
1937/11/24,10.17000008
1937/11/26,10.67000008
1937/11/29,10.96000004
1937/11/30,11.10999966
1937/12/1,10.97000027
1937/12/2,11.18999958
1937/12/3,11.34000015
1937/12/6,11.13000011
1937/12/7,11.31999969
1937/12/8,11.42000008
1937/12/9,11.21000004
1937/12/10,11.10000038
1937/12/13,10.73999977
1937/12/14,10.82999992
1937/12/15,10.90999985
1937/12/16,11.07999992
1937/12/17,11
1937/12/20,11.31000042
1937/12/21,11.38000011
1937/12/22,11.18000031
1937/12/23,11.11999989
1937/12/24,11.06000042
1937/12/27,10.68999958
1937/12/28,10.31000042
1937/12/29,10.42000008
1937/12/30,10.56000042
1937/12/31,10.55000019
1938/1/3,10.52000046
1938/1/4,10.98999977
1938/1/5,10.92000008
1938/1/6,11.73999977
1938/1/7,11.31999969
1938/1/10,11.86999989
1938/1/11,11.94999981
1938/1/12,11.84000015
1938/1/13,11.67000008
1938/1/14,11.69999981
1938/1/17,11.67000008
1938/1/18,11.55000019
1938/1/19,11.44999981
1938/1/20,11.65999985
1938/1/21,11.43999958
1938/1/24,11.39999962
1938/1/25,11.22000027
1938/1/26,10.78999996
1938/1/27,10.64000034
1938/1/28,10.55000019
1938/1/31,10.68999958
1938/2/1,10.89000034
1938/2/2,10.73999977
1938/2/3,10.34000015
1938/2/4,10.53999996
1938/2/7,10.56000042
1938/2/8,10.97999954
1938/2/9,10.89999962
1938/2/10,10.97000027
1938/2/11,10.93000031
1938/2/14,11.02000046
1938/2/15,10.89000034
1938/2/16,10.86999989
1938/2/17,11.14999962
1938/2/18,11.02000046
1938/2/21,11.38000011
1938/2/23,11.68000031
1938/2/24,11.51000023
1938/2/25,11.56999969
1938/2/28,11.34000015
1938/3/1,11.46000004
1938/3/2,11.35000038
1938/3/3,11.23999977
1938/3/4,11.13000011
1938/3/7,10.88000011
1938/3/8,10.88000011
1938/3/9,10.89000034
1938/3/10,10.77000046
1938/3/11,10.57999992
1938/3/14,10.77999973
1938/3/15,11.10999966
1938/3/16,10.61999989
1938/3/17,10.52999973
1938/3/18,10.18999958
1938/3/21,10.38000011
1938/3/22,10.06000042
1938/3/23,9.859999657
1938/3/24,9.890000343
1938/3/25,9.350000381
1938/3/28,9.270000458
1938/3/29,8.729999542
1938/3/30,8.619999886
1938/3/31,8.5
1938/4/1,8.909999847
1938/4/4,9.239999771
1938/4/5,9.479999542
1938/4/6,9.270000458
1938/4/7,9.199999809
1938/4/8,9.619999886
1938/4/11,9.949999809
1938/4/12,10.05000019
1938/4/13,10.10000038
1938/4/14,10.19999981
1938/4/18,10.40999985
1938/4/19,10.10999966
1938/4/20,10.06000042
1938/4/21,10.15999985
1938/4/22,10.44999981
1938/4/25,10.21000004
1938/4/26,9.949999809
1938/4/27,10.07999992
1938/4/28,9.770000458
1938/4/29,9.779999733
1938/5/2,9.590000153
1938/5/3,9.850000381
1938/5/4,10.01000023
1938/5/5,9.970000267
1938/5/6,10.43000031
1938/5/9,10.63000011
1938/5/10,10.43000031
1938/5/11,10.48999977
1938/5/12,10.43000031
1938/5/13,10.26000023
1938/5/16,10.07999992
1938/5/17,10.14000034
1938/5/18,10
1938/5/19,10.10999966
1938/5/20,9.960000038
1938/5/23,9.890000343
1938/5/24,9.710000038
1938/5/25,9.539999962
1938/5/26,9.289999962
1938/5/27,9.279999733
1938/5/31,9.270000458
1938/6/1,9.569999695
1938/6/2,9.539999962
1938/6/3,9.420000076
1938/6/6,9.739999771
1938/6/7,9.699999809
1938/6/8,9.729999542
1938/6/9,9.93999958
1938/6/10,9.800000191
1938/6/13,9.520000458
1938/6/14,9.630000114
1938/6/15,9.670000076
1938/6/16,9.760000229
1938/6/17,9.670000076
1938/6/20,10.18999958
1938/6/21,10.46000004
1938/6/22,10.72999954
1938/6/23,11.02999973
1938/6/24,11.14999962
1938/6/27,11.26000023
1938/6/28,11.25
1938/6/29,11.72000027
1938/6/30,11.56000042
1938/7/1,11.90999985
1938/7/5,11.97999954
1938/7/6,12.14000034
1938/7/7,12.09000015
1938/7/8,11.89000034
1938/7/11,11.72999954
1938/7/12,12.03999996
1938/7/13,11.94999981
1938/7/14,11.84000015
1938/7/15,12
1938/7/18,12.35000038
1938/7/19,12.67000008
1938/7/20,12.52999973
1938/7/21,12.53999996
1938/7/22,12.55000019
1938/7/25,12.80000019
1938/7/26,12.61999989
1938/7/27,12.25
1938/7/28,12.47999954
1938/7/29,12.32999992
1938/8/1,12.25
1938/8/2,12.40999985
1938/8/3,12.30000019
1938/8/4,12.38000011
1938/8/5,12.65999985
1938/8/8,12.72999954
1938/8/9,12.64999962
1938/8/10,12.48999977
1938/8/11,12.17000008
1938/8/12,11.92000008
1938/8/15,11.92000008
1938/8/16,12.07999992
1938/8/17,12.10000038
1938/8/18,12.09000015
1938/8/19,12.31000042
1938/8/22,12.27000046
1938/8/23,12.55000019
1938/8/24,12.52000046
1938/8/25,12.61999989
1938/8/26,12.5
1938/8/29,11.85000038
1938/8/30,12.03999996
1938/8/31,12.06000042
1938/9/1,11.92000008
1938/9/2,12.26000023
1938/9/6,12.22000027
1938/9/7,12.40999985
1938/9/8,12.28999996
1938/9/9,12.02000046
1938/9/12,12.06000042
1938/9/13,11.36999989
1938/9/14,11.30000019
1938/9/15,11.67000008
1938/9/16,11.43000031
1938/9/19,11.5
1938/9/20,11.89000034
1938/9/21,11.96000004
1938/9/22,11.75
1938/9/23,11.35999966
1938/9/26,11.02000046
1938/9/27,10.98999977
1938/9/28,11.47999954
1938/9/29,11.89999962
1938/9/30,12.23999977
1938/10/3,12.52000046
1938/10/4,12.47999954
1938/10/5,12.85999966
1938/10/6,12.81999969
1938/10/7,12.85000038
1938/10/10,13.90999985
1938/10/11,12.84000015
1938/10/13,13.23999977
1938/10/14,13.14999962
1938/10/17,13.06999969
1938/10/18,13.25
1938/10/19,13.01000023
1938/10/20,13.21000004
1938/10/21,13.25
1938/10/24,13.39999962
1938/10/25,13.43000031
1938/10/26,13.26000023
1938/10/27,13.32999992
1938/10/28,13.14000034
1938/10/31,13.17000008
1938/11/1,13.10000038
1938/11/2,13.14999962
1938/11/3,13.18999958
1938/11/4,13.17000008
1938/11/7,13.43000031
1938/11/9,13.78999996
1938/11/10,13.69999981
1938/11/14,13.43000031
1938/11/15,13.35000038
1938/11/16,12.97000027
1938/11/17,13.11999989
1938/11/18,12.84000015
1938/11/21,12.88000011
1938/11/22,12.77000046
1938/11/23,12.80000019
1938/11/25,12.81999969
1938/11/28,12.36999989
1938/11/29,12.43000031
1938/11/30,12.72999954
1938/12/1,12.60999966
1938/12/2,12.47999954
1938/12/5,12.39999962
1938/12/6,12.5
1938/12/7,12.53999996
1938/12/8,12.39000034
1938/12/9,12.31999969
1938/12/12,12.46000004
1938/12/13,12.59000015
1938/12/14,12.85999966
1938/12/15,12.89000034
1938/12/16,12.89999962
1938/12/19,12.68000031
1938/12/20,12.65999985
1938/12/21,12.57999992
1938/12/22,12.67000008
1938/12/23,12.81000042
1938/12/27,12.72999954
1938/12/28,12.85000038
1938/12/29,13.13000011
1938/12/30,13.14000034
1939/1/3,13.07999992
1939/1/4,13.22999954
1939/1/5,13.06000042
1939/1/6,13.06999969
1939/1/9,12.78999996
1939/1/10,12.81000042
1939/1/11,12.56999969
1939/1/12,12.47000027
1939/1/13,12.32999992
1939/1/16,12.63000011
1939/1/17,12.72999954
1939/1/18,12.71000004
1939/1/19,12.80000019
1939/1/20,12.75
1939/1/23,11.93000031
1939/1/24,11.97999954
1939/1/25,11.90999985
1939/1/26,11.52999973
1939/1/27,11.85999966
1939/1/30,12.15999985
1939/1/31,12.30000019
1939/2/1,12.11999989
1939/2/2,12.38000011
1939/2/3,12.30000019
1939/2/6,12.47000027
1939/2/7,12.31999969
1939/2/8,12.47999954
1939/2/9,12.30000019
1939/2/10,12.32999992
1939/2/14,12.35999966
1939/2/15,12.38000011
1939/2/16,12.47999954
1939/2/17,12.39999962
1939/2/20,12.15999985
1939/2/21,12.22999954
1939/2/23,12.23999977
1939/2/24,12.53999996
1939/2/27,12.63000011
1939/2/28,12.69999981
1939/3/1,12.69999981
1939/3/2,12.68000031
1939/3/3,12.85999966
1939/3/6,12.78999996
1939/3/7,12.85000038
1939/3/8,13.06999969
1939/3/9,13.01000023
1939/3/10,13.10000038
1939/3/13,12.92000008
1939/3/14,12.97000027
1939/3/15,12.60999966
1939/3/16,12.57999992
1939/3/17,12.21000004
1939/3/20,11.94999981
1939/3/21,12.15999985
1939/3/22,11.75
1939/3/23,11.92000008
1939/3/24,12.06999969
1939/3/27,11.98999977
1939/3/28,11.82999992
1939/3/29,11.92000008
1939/3/30,11.51000023
1939/3/31,10.97999954
1939/4/3,11.26000023
1939/4/4,11.02000046
1939/4/5,11.06000042
1939/4/6,10.65999985
1939/4/10,10.43999958
1939/4/11,10.42000008
1939/4/12,10.69999981
1939/4/13,10.78999996
1939/4/14,10.63000011
1939/4/17,10.82999992
1939/4/18,10.65999985
1939/4/19,10.78999996
1939/4/20,10.92000008
1939/4/21,10.96000004
1939/4/24,10.77999973
1939/4/25,10.80000019
1939/4/26,10.90999985
1939/4/27,11.02999973
1939/4/28,10.93000031
1939/5/1,10.85999966
1939/5/2,11
1939/5/3,11.28999996
1939/5/4,11.25
1939/5/5,11.21000004
1939/5/8,11.22999954
1939/5/9,11.43000031
1939/5/10,11.28999996
1939/5/11,11.28999996
1939/5/12,11.21000004
1939/5/15,11.25
1939/5/16,10.93999958
1939/5/17,10.86999989
1939/5/18,10.89000034
1939/5/19,10.98999977
1939/5/22,11.17000008
1939/5/23,11.10999966
1939/5/24,11.43000031
1939/5/25,11.44999981
1939/5/26,11.48999977
1939/5/29,11.64999962
1939/5/31,11.60000038
1939/6/1,11.42000008
1939/6/2,11.47999954
1939/6/5,11.51000023
1939/6/6,11.65999985
1939/6/7,11.67000008
1939/6/8,11.64000034
1939/6/9,11.80000019
1939/6/12,11.65999985
1939/6/13,11.57999992
1939/6/14,11.52999973
1939/6/15,11.25
1939/6/16,11.27999973
1939/6/19,11.42000008
1939/6/20,11.52000046
1939/6/21,11.52000046
1939/6/22,11.44999981
1939/6/23,11.5
1939/6/26,11.23999977
1939/6/27,11.28999996
1939/6/28,11.06000042
1939/6/29,10.78999996
1939/6/30,10.85999966
1939/7/3,11
1939/7/5,11.19999981
1939/7/6,11.18999958
1939/7/7,11.13000011
1939/7/10,11.17000008
1939/7/11,11.31000042
1939/7/12,11.55000019
1939/7/13,11.64000034
1939/7/14,11.55000019
1939/7/17,12.06999969
1939/7/18,12.15999985
1939/7/19,12
1939/7/20,11.85000038
1939/7/21,12.09000015
1939/7/24,12.13000011
1939/7/25,12.05000019
1939/7/26,12.17000008
1939/7/27,12.18000031
1939/7/28,12.14000034
1939/7/31,12.03999996
1939/8/1,12.03999996
1939/8/2,12.15999985
1939/8/3,12.11999989
1939/8/4,11.89999962
1939/8/7,11.84000015
1939/8/8,11.86999989
1939/8/9,11.77999973
1939/8/10,11.53999996
1939/8/11,11.56000042
1939/8/14,11.77999973
1939/8/15,11.89000034
1939/8/16,11.57999992
1939/8/17,11.56999969
1939/8/18,11.32999992
1939/8/21,11.02999973
1939/8/22,11.23999977
1939/8/23,10.89000034
1939/8/24,10.85999966
1939/8/25,11.09000015
1939/8/28,11.17000008
1939/8/29,11.47999954
1939/8/30,11.35999966
1939/8/31,11.18000031
1939/9/1,11.30000019
1939/9/5,12.64000034
1939/9/6,12.52999973
1939/9/7,12.5
1939/9/8,12.68999958
1939/9/11,13.02000046
1939/9/12,13.17000008
1939/9/13,13.02999973
1939/9/14,13.07999992
1939/9/15,13.06999969
1939/9/18,12.47000027
1939/9/19,12.94999981
1939/9/20,12.93999958
1939/9/21,13.02000046
1939/9/22,12.92000008
1939/9/25,12.94999981
1939/9/26,13.10999966
1939/9/27,13.10999966
1939/9/28,12.85999966
1939/9/29,12.78999996
1939/10/2,12.88000011
1939/10/3,12.77000046
1939/10/4,12.78999996
1939/10/5,12.81999969
1939/10/6,12.80000019
1939/10/9,12.72999954
1939/10/10,12.76000023
1939/10/11,12.84000015
1939/10/13,12.73999977
1939/10/16,12.73999977
1939/10/17,13.09000015
1939/10/18,13
1939/10/19,12.97999954
1939/10/20,12.93999958
1939/10/23,12.98999977
1939/10/24,13.02000046
1939/10/25,13.21000004
1939/10/26,13.07999992
1939/10/27,13.02000046
1939/10/30,12.96000004
1939/10/31,12.82999992
1939/11/1,12.81999969
1939/11/2,12.84000015
1939/11/3,12.94999981
1939/11/6,12.81999969
1939/11/8,12.75
1939/11/9,12.57999992
1939/11/10,12.64000034
1939/11/13,12.64999962
1939/11/14,12.73999977
1939/11/15,12.63000011
1939/11/16,12.78999996
1939/11/17,12.75
1939/11/20,12.78999996
1939/11/21,12.69999981
1939/11/22,12.68000031
1939/11/24,12.48999977
1939/11/27,12.52000046
1939/11/28,12.47000027
1939/11/29,12.32999992
1939/11/30,12.19999981
1939/12/1,12.28999996
1939/12/4,12.27999973
1939/12/5,12.26000023
1939/12/6,12.44999981
1939/12/7,12.46000004
1939/12/8,12.35999966
1939/12/11,12.22999954
1939/12/12,12.18999958
1939/12/13,12.38000011
1939/12/14,12.35999966
1939/12/15,12.39999962
1939/12/18,12.36999989
1939/12/19,12.34000015
1939/12/20,12.39000034
1939/12/21,12.38000011
1939/12/22,12.43999958
1939/12/26,12.38000011
1939/12/27,12.31000042
1939/12/28,12.42000008
1939/12/29,12.46000004
1940/1/2,12.63000011
1940/1/3,12.77000046
1940/1/4,12.72999954
1940/1/5,12.65999985
1940/1/8,12.67000008
1940/1/9,12.55000019
1940/1/10,12.56999969
1940/1/11,12.36999989
1940/1/12,12.13000011
1940/1/15,12.06999969
1940/1/16,12.14000034
1940/1/17,12.14999962
1940/1/18,12.13000011
1940/1/19,12.14999962
1940/1/22,12.06000042
1940/1/23,12.10999966
1940/1/24,12.27000046
1940/1/25,12.15999985
1940/1/26,12.14999962
1940/1/29,12.15999985
1940/1/30,12.09000015
1940/1/31,12.05000019
1940/2/1,12.05000019
1940/2/2,12.06000042
1940/2/5,12.03999996
1940/2/6,12.14000034
1940/2/7,12.22000027
1940/2/8,12.36999989
1940/2/9,12.36999989
1940/2/13,12.32999992
1940/2/14,12.27999973
1940/2/15,12.27999973
1940/2/16,12.28999996
1940/2/19,12.28999996
1940/2/20,12.35000038
1940/2/21,12.31999969
1940/2/23,12.22999954
1940/2/26,12.15999985
1940/2/27,12.14000034
1940/2/28,12.14999962
1940/2/29,12.13000011
1940/3/1,12.06000042
1940/3/4,12.09000015
1940/3/5,12.14999962
1940/3/6,12.23999977
1940/3/7,12.25
1940/3/8,12.19999981
1940/3/11,12.23999977
1940/3/12,12.27000046
1940/3/13,12.25
1940/3/14,12.22000027
1940/3/15,12.06999969
1940/3/18,12
1940/3/19,12.09000015
1940/3/20,12.14000034
1940/3/21,12.14000034
1940/3/25,12.06999969
1940/3/26,12.01000023
1940/3/27,12.17000008
1940/3/28,12.14000034
1940/3/29,12.18000031
1940/4/1,12.21000004
1940/4/2,12.25
1940/4/3,12.43999958
1940/4/4,12.52000046
1940/4/5,12.47999954
1940/4/8,12.59000015
1940/4/9,12.46000004
1940/4/10,12.35000038
1940/4/11,12.39000034
1940/4/12,12.31999969
1940/4/15,12.31999969
1940/4/16,12.14999962
1940/4/17,12.15999985
1940/4/18,12.03999996
1940/4/19,12.03999996
1940/4/22,12.14000034
1940/4/23,12.22999954
1940/4/24,12.18000031
1940/4/25,12.18999958
1940/4/26,12.07999992
1940/4/29,12.11999989
1940/4/30,12.18999958
1940/5/1,12.02999973
1940/5/2,12.10000038
1940/5/3,12.11999989
1940/5/6,12.06000042
1940/5/7,12.09000015
1940/5/8,12.10999966
1940/5/9,12.11999989
1940/5/10,11.76000023
1940/5/13,11.10999966
1940/5/14,10.27999973
1940/5/15,10.38000011
1940/5/16,10.47999954
1940/5/17,9.949999809
1940/5/20,9.789999962
1940/5/21,9.140000343
1940/5/22,9.180000305
1940/5/23,9.199999809
1940/5/24,9.159999847
1940/5/27,9.380000114
1940/5/28,9.18999958
1940/5/29,9.25
1940/5/31,9.270000458
1940/6/3,9.109999657
1940/6/4,9.229999542
1940/6/5,9.090000153
1940/6/6,9.220000267
1940/6/7,9.340000153
1940/6/10,8.989999771
1940/6/11,9.420000076
1940/6/12,9.890000343
1940/6/13,9.699999809
1940/6/14,9.93999958
1940/6/17,9.979999542
1940/6/18,10.01000023
1940/6/19,10.02999973
1940/6/20,9.909999847
1940/6/21,9.909999847
1940/6/24,10.10000038
1940/6/25,9.81000042
1940/6/26,9.75
1940/6/27,9.850000381
1940/6/28,9.979999542
1940/7/1,9.869999886
1940/7/2,9.850000381
1940/7/3,9.880000114
1940/7/5,9.93999958
1940/7/8,9.93999958
1940/7/9,9.93999958
1940/7/10,9.970000267
1940/7/11,9.970000267
1940/7/12,9.949999809
1940/7/15,9.979999542
1940/7/16,10.09000015
1940/7/17,10.06000042
1940/7/18,10.06999969
1940/7/19,9.970000267
1940/7/22,9.970000267
1940/7/23,9.979999542
1940/7/24,9.890000343
1940/7/25,9.920000076
1940/7/26,9.970000267
1940/7/29,10.07999992
1940/7/30,10.32999992
1940/7/31,10.28999996
1940/8/1,10.26000023
1940/8/2,10.25
1940/8/5,10.27999973
1940/8/6,10.17000008
1940/8/7,10.17000008
1940/8/8,10.17000008
1940/8/9,10.27000046
1940/8/12,10.38000011
1940/8/13,10
1940/8/14,9.909999847
1940/8/15,10
1940/8/16,9.840000153
1940/8/19,9.909999847
1940/8/20,10.02999973
1940/8/21,10.21000004
1940/8/22,10.31999969
1940/8/23,10.18999958
1940/8/26,10.22999954
1940/8/27,10.22999954
1940/8/28,10.36999989
1940/8/29,10.31999969
1940/8/30,10.5
1940/9/3,10.56000042
1940/9/4,10.77999973
1940/9/5,10.93000031
1940/9/6,10.85000038
1940/9/9,10.52000046
1940/9/10,10.52999973
1940/9/11,10.44999981
1940/9/12,10.30000019
1940/9/13,10.31000042
1940/9/16,10.46000004
1940/9/17,10.53999996
1940/9/18,10.61999989
1940/9/19,10.59000015
1940/9/20,10.59000015
1940/9/23,10.89999962
1940/9/24,10.85999966
1940/9/25,10.84000015
1940/9/26,10.77000046
1940/9/27,10.57999992
1940/9/30,10.65999985
1940/10/1,10.81000042
1940/10/2,10.85999966
1940/10/3,10.86999989
1940/10/4,10.77999973
1940/10/7,10.72000027
1940/10/8,10.53999996
1940/10/9,10.47999954
1940/10/10,10.47000027
1940/10/11,10.57999992
1940/10/14,10.52999973
1940/10/15,10.64000034
1940/10/16,10.68000031
1940/10/17,10.72999954
1940/10/18,10.72000027
1940/10/21,10.64999962
1940/10/22,10.69999981
1940/10/23,10.80000019
1940/10/24,10.72999954
1940/10/25,10.72999954
1940/10/28,10.81000042
1940/10/29,10.82999992
1940/10/30,10.92000008
1940/10/31,11.07999992
1940/11/1,11.07999992
1940/11/4,11.15999985
1940/11/6,10.78999996
1940/11/7,11.39000034
1940/11/8,11.22999954
1940/11/12,11.35999966
1940/11/13,11.26000023
1940/11/14,11.28999996
1940/11/15,11.17000008
1940/11/18,11.03999996
1940/11/19,11.05000019
1940/11/20,10.78999996
1940/11/22,10.78999996
1940/11/25,10.78999996
1940/11/26,10.76000023
1940/11/27,10.56000042
1940/11/28,10.56000042
1940/11/29,10.56999969
1940/12/2,10.61999989
1940/12/3,10.57999992
1940/12/4,10.57999992
1940/12/5,10.51000023
1940/12/6,10.52999973
1940/12/9,10.60999966
1940/12/10,10.60999966
1940/12/11,10.63000011
1940/12/12,10.67000008
1940/12/13,10.68999958
1940/12/16,10.57999992
1940/12/17,10.53999996
1940/12/18,10.43999958
1940/12/19,10.39999962
1940/12/20,10.40999985
1940/12/23,10.38000011
1940/12/24,10.39999962
1940/12/26,10.39000034
1940/12/27,10.43999958
1940/12/30,10.56999969
1940/12/31,10.57999992
1941/1/2,10.47999954
1941/1/3,10.72000027
1941/1/6,10.73999977
1941/1/7,10.75
1941/1/8,10.77000046
1941/1/9,10.82999992
1941/1/10,10.85999966
1941/1/13,10.81999969
1941/1/14,10.76000023
1941/1/15,10.67000008
1941/1/16,10.53999996
1941/1/17,10.52000046
1941/1/20,10.47000027
1941/1/21,10.36999989
1941/1/22,10.43000031
1941/1/23,10.42000008
1941/1/24,10.44999981
1941/1/27,10.48999977
1941/1/28,10.43000031
1941/1/29,10.22000027
1941/1/30,10.03999996
1941/1/31,10.06999969
1941/2/3,9.960000038
1941/2/4,9.970000267
1941/2/5,10.14999962
1941/2/6,10.18999958
1941/2/7,10.15999985
1941/2/10,10.14999962
1941/2/11,9.979999542
1941/2/13,9.840000153
1941/2/14,9.529999733
1941/2/17,9.649999619
1941/2/18,9.630000114
1941/2/19,9.550000191
1941/2/20,9.720000267
1941/2/21,9.760000229
1941/2/24,9.840000153
1941/2/25,9.930000305
1941/2/26,9.949999809
1941/2/27,9.880000114
1941/2/28,9.920000076
1941/3/3,9.770000458
1941/3/4,9.819999695
1941/3/5,9.760000229
1941/3/6,9.949999809
1941/3/7,9.899999619
1941/3/10,10.10000038
1941/3/11,10.02000046
1941/3/12,10.02000046
1941/3/13,9.970000267
1941/3/14,9.979999542
1941/3/17,10.02999973
1941/3/18,10.06999969
1941/3/19,10.01000023
1941/3/20,10.02000046
1941/3/21,9.930000305
1941/3/24,9.920000076
1941/3/25,9.960000038
1941/3/26,9.930000305
1941/3/27,10.01000023
1941/3/28,9.93999958
1941/3/31,9.960000038
1941/4/1,9.970000267
1941/4/2,10.01000023
1941/4/3,10.15999985
1941/4/4,10.14000034
1941/4/7,10.05000019
1941/4/8,9.840000153
1941/4/9,9.699999809
1941/4/10,9.68999958
1941/4/14,9.619999886
1941/4/15,9.590000153
1941/4/16,9.590000153
1941/4/17,9.539999962
1941/4/18,9.399999619
1941/4/21,9.369999886
1941/4/22,9.319999695
1941/4/23,9.430000305
1941/4/24,9.470000267
1941/4/25,9.399999619
1941/4/28,9.420000076
1941/4/29,9.43999958
1941/4/30,9.31000042
1941/5/1,9.300000191
1941/5/2,9.329999924
1941/5/5,9.340000153
1941/5/6,9.5
1941/5/7,9.470000267
1941/5/8,9.449999809
1941/5/9,9.449999809
1941/5/12,9.56000042
1941/5/13,9.56000042
1941/5/14,9.489999771
1941/5/15,9.329999924
1941/5/16,9.350000381
1941/5/19,9.399999619
1941/5/20,9.56000042
1941/5/21,9.550000191
1941/5/22,9.43999958
1941/5/23,9.43999958
1941/5/26,9.329999924
1941/5/27,9.390000343
1941/5/28,9.390000343
1941/5/29,9.380000114
1941/6/2,9.359999657
1941/6/3,9.470000267
1941/6/4,9.460000038
1941/6/5,9.5
1941/6/6,9.489999771
1941/6/9,9.659999847
1941/6/10,9.819999695
1941/6/11,9.819999695
1941/6/12,9.869999886
1941/6/13,9.850000381
1941/6/16,9.81000042
1941/6/17,9.890000343
1941/6/18,9.899999619
1941/6/19,9.880000114
1941/6/20,9.760000229
1941/6/23,9.949999809
1941/6/24,9.880000114
1941/6/25,9.899999619
1941/6/26,9.93999958
1941/6/27,9.890000343
1941/6/30,9.850000381
1941/7/1,9.819999695
1941/7/2,9.890000343
1941/7/3,9.909999847
1941/7/7,10.09000015
1941/7/8,10.27999973
1941/7/9,10.27999973
1941/7/10,10.31000042
1941/7/11,10.27999973
1941/7/14,10.30000019
1941/7/15,10.32999992
1941/7/16,10.27999973
1941/7/17,10.21000004
1941/7/18,10.25
1941/7/21,10.46000004
1941/7/22,10.44999981
1941/7/23,10.42000008
1941/7/24,10.35999966
1941/7/25,10.34000015
1941/7/28,10.47000027
1941/7/29,10.44999981
1941/7/30,10.39999962
1941/7/31,10.39000034
1941/8/1,10.34000015
1941/8/4,10.35999966
1941/8/5,10.35999966
1941/8/6,10.35999966
1941/8/7,10.34000015
1941/8/8,10.22999954
1941/8/11,10.14000034
1941/8/12,10.14000034
1941/8/13,10.09000015
1941/8/14,10.13000011
1941/8/15,10.02999973
1941/8/18,10.13000011
1941/8/19,10.14000034
1941/8/20,10.18000031
1941/8/21,10.17000008
1941/8/22,10.14999962
1941/8/25,10.17000008
1941/8/26,10.25
1941/8/27,10.26000023
1941/8/28,10.28999996
1941/8/29,10.27999973
1941/9/2,10.34000015
1941/9/3,10.27000046
1941/9/4,10.23999977
1941/9/5,10.21000004
1941/9/8,10.22999954
1941/9/9,10.19999981
1941/9/10,10.11999989
1941/9/11,10.22999954
1941/9/12,10.22999954
1941/9/15,10.23999977
1941/9/16,10.28999996
1941/9/17,10.47000027
1941/9/18,10.39000034
1941/9/19,10.28999996
1941/9/22,10.27999973
1941/9/23,10.31999969
1941/9/24,10.25
1941/9/25,10.11999989
1941/9/26,10.09000015
1941/9/29,10.13000011
1941/9/30,10.19999981
1941/10/1,10.17000008
1941/10/2,10.14000034
1941/10/3,10.13000011
1941/10/6,10.11999989
1941/10/7,10
1941/10/8,9.979999542
1941/10/9,9.840000153
1941/10/10,9.840000153
1941/10/14,9.779999733
1941/10/15,9.720000267
1941/10/16,9.579999924
1941/10/17,9.619999886
1941/10/20,9.710000038
1941/10/21,9.800000191
1941/10/22,9.760000229
1941/10/23,9.770000458
1941/10/24,9.819999695
1941/10/27,9.659999847
1941/10/28,9.649999619
1941/10/29,9.619999886
1941/10/30,9.619999886
1941/10/31,9.5
1941/11/3,9.590000153
1941/11/5,9.659999847
1941/11/6,9.579999924
1941/11/7,9.550000191
1941/11/10,9.479999542
1941/11/12,9.260000229
1941/11/13,9.210000038
1941/11/14,9.300000191
1941/11/17,9.279999733
1941/11/18,9.260000229
1941/11/19,9.340000153
1941/11/21,9.380000114
1941/11/24,9.399999619
1941/11/25,9.350000381
1941/11/26,9.270000458
1941/11/27,9.210000038
1941/11/28,9.119999886
1941/12/1,9.069999695
1941/12/2,9.260000229
1941/12/3,9.359999657
1941/12/4,9.380000114
1941/12/5,9.319999695
1941/12/8,8.970000267
1941/12/9,8.680000305
1941/12/10,8.680000305
1941/12/11,8.819999695
1941/12/12,8.729999542
1941/12/15,8.729999542
1941/12/16,8.710000038
1941/12/17,8.569999695
1941/12/18,8.489999771
1941/12/19,8.489999771
1941/12/22,8.399999619
1941/12/23,8.380000114
1941/12/24,8.390000343
1941/12/26,8.420000076
1941/12/29,8.369999886
1941/12/30,8.739999771
1941/12/31,8.68999958
1942/1/2,8.890000343
1942/1/5,9.090000153
1942/1/6,9.050000191
1942/1/7,9
1942/1/8,8.880000114
1942/1/9,8.850000381
1942/1/12,8.840000153
1942/1/13,9.020000458
1942/1/14,9.020000458
1942/1/15,9.039999962
1942/1/16,8.960000038
1942/1/19,8.960000038
1942/1/20,8.93999958
1942/1/21,8.81000042
1942/1/22,8.81000042
1942/1/23,8.840000153
1942/1/26,8.970000267
1942/1/27,8.989999771
1942/1/28,8.930000305
1942/1/29,8.909999847
1942/1/30,8.850000381
1942/2/2,8.840000153
1942/2/3,8.899999619
1942/2/4,8.970000267
1942/2/5,8.949999809
1942/2/6,8.850000381
1942/2/9,8.739999771
1942/2/10,8.619999886
1942/2/11,8.600000381
1942/2/13,8.619999886
1942/2/16,8.649999619
1942/2/17,8.489999771
1942/2/18,8.479999542
1942/2/19,8.5
1942/2/20,8.470000267
1942/2/24,8.520000458
1942/2/25,8.460000038
1942/2/26,8.520000458
1942/2/27,8.590000153
1942/3/2,8.470000267
1942/3/3,8.600000381
1942/3/4,8.510000229
1942/3/5,8.380000114
1942/3/6,8.159999847
1942/3/9,8.199999809
1942/3/10,8.140000343
1942/3/11,7.980000019
1942/3/12,7.980000019
1942/3/13,8.029999733
1942/3/16,8.119999886
1942/3/17,8.289999962
1942/3/18,8.210000038
1942/3/19,8.199999809
1942/3/20,8.109999657
1942/3/23,8.149999619
1942/3/24,8.220000267
1942/3/25,8.159999847
1942/3/26,8.130000114
1942/3/27,8.050000191
1942/3/30,8.06000042
1942/3/31,8.010000229
1942/4/1,8.050000191
1942/4/2,8.109999657
1942/4/6,8.199999809
1942/4/7,8.159999847
1942/4/8,8.119999886
1942/4/9,7.989999771
1942/4/10,7.980000019
1942/4/13,7.960000038
1942/4/14,7.829999924
1942/4/15,7.809999943
1942/4/16,7.820000172
1942/4/17,7.699999809
1942/4/20,7.789999962
1942/4/21,7.809999943
1942/4/22,7.789999962
1942/4/23,7.590000153
1942/4/24,7.550000191
1942/4/27,7.539999962
1942/4/28,7.46999979
1942/4/29,7.610000134
1942/4/30,7.659999847
1942/5/1,7.710000038
1942/5/4,7.769999981
1942/5/5,7.800000191
1942/5/6,7.789999962
1942/5/7,7.889999866
1942/5/8,7.889999866
1942/5/11,8
1942/5/12,7.940000057
1942/5/13,7.809999943
1942/5/14,7.789999962
1942/5/15,7.880000114
1942/5/18,7.940000057
1942/5/19,7.909999847
1942/5/20,7.889999866
1942/5/21,8.020000458
1942/5/22,8.010000229
1942/5/25,7.980000019
1942/5/26,8
1942/5/27,8.159999847
1942/5/28,8.180000305
1942/5/29,8.149999619
1942/6/1,8.18999958
1942/6/2,8.180000305
1942/6/3,8.239999771
1942/6/4,8.350000381
1942/6/5,8.369999886
1942/6/8,8.470000267
1942/6/9,8.390000343
1942/6/10,8.340000153
1942/6/11,8.369999886
1942/6/12,8.319999695
1942/6/15,8.380000114
1942/6/16,8.390000343
1942/6/17,8.529999733
1942/6/18,8.489999771
1942/6/19,8.399999619
1942/6/22,8.25
1942/6/23,8.25
1942/6/24,8.210000038
1942/6/25,8.220000267
1942/6/26,8.229999542
1942/6/29,8.279999733
1942/6/30,8.300000191
1942/7/1,8.229999542
1942/7/2,8.359999657
1942/7/3,8.43999958
1942/7/6,8.529999733
1942/7/7,8.510000229
1942/7/8,8.720000267
1942/7/9,8.81000042
1942/7/10,8.800000191
1942/7/13,8.729999542
1942/7/14,8.819999695
1942/7/15,8.829999924
1942/7/16,8.819999695
1942/7/17,8.720000267
1942/7/20,8.75
1942/7/21,8.770000458
1942/7/22,8.739999771
1942/7/23,8.619999886
1942/7/24,8.630000114
1942/7/27,8.630000114
1942/7/28,8.619999886
1942/7/29,8.479999542
1942/7/30,8.5
1942/7/31,8.56000042
1942/8/3,8.569999695
1942/8/4,8.550000191
1942/8/5,8.470000267
1942/8/6,8.460000038
1942/8/7,8.489999771
1942/8/10,8.479999542
1942/8/11,8.510000229
1942/8/12,8.510000229
1942/8/13,8.539999962
1942/8/14,8.579999924
1942/8/17,8.649999619
1942/8/18,8.729999542
1942/8/19,8.720000267
1942/8/20,8.68999958
1942/8/21,8.710000038
1942/8/24,8.729999542
1942/8/25,8.649999619
1942/8/26,8.539999962
1942/8/27,8.590000153
1942/8/28,8.609999657
1942/8/31,8.619999886
1942/9/1,8.619999886
1942/9/2,8.630000114
1942/9/3,8.619999886
1942/9/4,8.609999657
1942/9/8,8.680000305
1942/9/9,8.640000343
1942/9/10,8.579999924
1942/9/11,8.539999962
1942/9/14,8.550000191
1942/9/15,8.590000153
1942/9/16,8.600000381
1942/9/17,8.590000153
1942/9/18,8.659999847
1942/9/21,8.649999619
1942/9/22,8.680000305
1942/9/23,8.75
1942/9/24,8.859999657
1942/9/25,8.899999619
1942/9/28,8.890000343
1942/9/29,8.850000381
1942/9/30,8.850000381
1942/10/1,8.920000076
1942/10/2,9.050000191
1942/10/5,9.130000114
1942/10/6,9.130000114
1942/10/7,9.170000076
1942/10/8,9.300000191
1942/10/9,9.340000153
1942/10/13,9.449999809
1942/10/14,9.430000305
1942/10/15,9.31000042
1942/10/16,9.350000381
1942/10/19,9.350000381
1942/10/20,9.470000267
1942/10/21,9.460000038
1942/10/22,9.460000038
1942/10/23,9.430000305
1942/10/26,9.479999542
1942/10/27,9.390000343
1942/10/28,9.31000042
1942/10/29,9.300000191
1942/10/30,9.359999657
1942/11/2,9.479999542
1942/11/4,9.43999958
1942/11/5,9.460000038
1942/11/6,9.579999924
1942/11/9,9.68999958
1942/11/10,9.609999657
1942/11/12,9.630000114
1942/11/13,9.569999695
1942/11/16,9.479999542
1942/11/17,9.359999657
1942/11/18,9.399999619
1942/11/19,9.390000343
1942/11/20,9.479999542
1942/11/23,9.369999886
1942/11/24,9.350000381
1942/11/25,9.31000042
1942/11/27,9.340000153
1942/11/30,9.289999962
1942/12/1,9.279999733
1942/12/2,9.31000042
1942/12/3,9.340000153
1942/12/4,9.340000153
1942/12/7,9.300000191
1942/12/8,9.359999657
1942/12/9,9.359999657
1942/12/10,9.369999886
1942/12/11,9.369999886
1942/12/14,9.420000076
1942/12/15,9.43999958
1942/12/16,9.520000458
1942/12/17,9.68999958
1942/12/18,9.680000305
1942/12/21,9.680000305
1942/12/22,9.670000076
1942/12/23,9.699999809
1942/12/24,9.739999771
1942/12/28,9.649999619
1942/12/29,9.649999619
1942/12/30,9.760000229
1942/12/31,9.770000458
1943/1/4,9.920000076
1943/1/5,9.899999619
1943/1/6,9.890000343
1943/1/7,9.909999847
1943/1/8,9.920000076
1943/1/11,9.960000038
1943/1/12,9.930000305
1943/1/13,9.949999809
1943/1/14,10.01000023
1943/1/15,10.09000015
1943/1/18,10.11999989
1943/1/19,10.02000046
1943/1/20,10.02999973
1943/1/21,10.18000031
1943/1/22,10.17000008
1943/1/25,10.30000019
1943/1/26,10.35000038
1943/1/27,10.34000015
1943/1/28,10.35000038
1943/1/29,10.43999958
1943/2/1,10.52000046
1943/2/2,10.52000046
1943/2/3,10.43999958
1943/2/4,10.43000031
1943/2/5,10.51000023
1943/2/8,10.5
1943/2/9,10.57999992
1943/2/10,10.64999962
1943/2/11,10.67000008
1943/2/15,10.81000042
1943/2/16,10.78999996
1943/2/17,10.81000042
1943/2/18,10.65999985
1943/2/19,10.64000034
1943/2/23,10.84000015
1943/2/24,10.89999962
1943/2/25,10.97000027
1943/2/26,10.97000027
1943/3/1,10.92000008
1943/3/2,10.84000015
1943/3/3,10.97999954
1943/3/4,11
1943/3/5,11.05000019
1943/3/8,11.01000023
1943/3/9,10.94999981
1943/3/10,10.89999962
1943/3/11,11.01000023
1943/3/12,11.05000019
1943/3/15,11.03999996
1943/3/16,11.01000023
1943/3/17,10.93000031
1943/3/18,10.90999985
1943/3/19,10.88000011
1943/3/22,10.92000008
1943/3/23,10.94999981
1943/3/24,10.97999954
1943/3/25,11.21000004
1943/3/26,11.30000019
1943/3/29,11.48999977
1943/3/30,11.59000015
1943/3/31,11.57999992
1943/4/1,11.59000015
1943/4/2,11.56000042
1943/4/5,11.59000015
1943/4/6,11.76000023
1943/4/7,11.69999981
1943/4/8,11.60000038
1943/4/9,11.14000034
1943/4/12,11.14999962
1943/4/13,11.14000034
1943/4/14,11.27999973
1943/4/15,11.35999966
1943/4/16,11.32999992
1943/4/19,11.38000011
1943/4/20,11.34000015
1943/4/21,11.44999981
1943/4/22,11.47999954
1943/4/26,11.47999954
1943/4/27,11.47999954
1943/4/28,11.47999954
1943/4/29,11.59000015
1943/4/30,11.59000015
1943/5/3,11.81999969
1943/5/4,11.85999966
1943/5/5,11.93000031
1943/5/6,11.97000027
1943/5/7,11.81000042
1943/5/10,11.97000027
1943/5/11,11.93000031
1943/5/12,11.88000011
1943/5/13,11.92000008
1943/5/14,11.69999981
1943/5/17,11.72000027
1943/5/18,11.81000042
1943/5/19,11.93000031
1943/5/20,11.89999962
1943/5/21,11.89999962
1943/5/24,11.86999989
1943/5/25,11.89999962
1943/5/26,11.98999977
1943/5/27,12.02000046
1943/5/28,12.05000019
1943/6/1,12.18000031
1943/6/2,12.18999958
1943/6/3,12.23999977
1943/6/4,12.18000031
1943/6/7,12.14999962
1943/6/8,12.07999992
1943/6/9,12.11999989
1943/6/10,12.14000034
1943/6/11,12.07999992
1943/6/14,11.88000011
1943/6/15,11.93000031
1943/6/16,11.94999981
1943/6/17,11.97000027
1943/6/18,11.96000004
1943/6/21,11.89999962
1943/6/22,11.92000008
1943/6/23,11.89000034
1943/6/24,11.94999981
1943/6/25,12.21000004
1943/6/28,12.31999969
1943/6/29,12.27999973
1943/6/30,12.35000038
1943/7/1,12.35999966
1943/7/2,12.35000038
1943/7/6,12.36999989
1943/7/7,12.35000038
1943/7/8,12.35999966
1943/7/9,12.40999985
1943/7/12,12.48999977
1943/7/13,12.56999969
1943/7/14,12.64000034
1943/7/15,12.56999969
1943/7/16,12.53999996
1943/7/19,12.55000019
1943/7/20,12.47000027
1943/7/21,12.5
1943/7/22,12.5
1943/7/23,12.51000023
1943/7/26,12.31000042
1943/7/27,11.92000008
1943/7/28,11.88000011
1943/7/29,12.07999992
1943/7/30,11.85000038
1943/8/2,11.47000027
1943/8/3,11.72000027
1943/8/4,11.78999996
1943/8/5,11.75
1943/8/6,11.63000011
1943/8/9,11.60000038
1943/8/10,11.71000004
1943/8/11,11.80000019
1943/8/12,11.72999954
1943/8/13,11.84000015
1943/8/16,11.81000042
1943/8/17,11.88000011
1943/8/18,11.92000008
1943/8/19,11.90999985
1943/8/20,11.81000042
1943/8/23,11.60000038
1943/8/24,11.68999958
1943/8/25,11.71000004
1943/8/26,11.75
1943/8/27,11.67000008
1943/8/30,11.67000008
1943/8/31,11.80000019
1943/9/1,11.84000015
1943/9/2,11.84000015
1943/9/3,11.81999969
1943/9/7,11.85000038
1943/9/8,11.77999973
1943/9/9,11.90999985
1943/9/10,11.93000031
1943/9/13,11.90999985
1943/9/14,11.89000034
1943/9/15,11.90999985
1943/9/16,11.97999954
1943/9/17,12.10000038
1943/9/20,12.22999954
1943/9/21,12.23999977
1943/9/22,12.21000004
1943/9/23,12.10000038
1943/9/24,12.10000038
1943/9/27,12
1943/9/28,11.97999954
1943/9/29,12.01000023
1943/9/30,12.07999992
1943/10/1,12.09000015
1943/10/4,12.02000046
1943/10/5,11.97000027
1943/10/6,11.82999992
1943/10/7,11.67000008
1943/10/8,11.72000027
1943/10/11,11.69999981
1943/10/13,11.69999981
1943/10/14,11.75
1943/10/15,11.82999992
1943/10/18,11.85000038
1943/10/19,11.90999985
1943/10/20,11.94999981
1943/10/21,11.84000015
1943/10/22,11.89000034
1943/10/25,11.88000011
1943/10/26,11.92000008
1943/10/27,11.98999977
1943/10/28,11.96000004
1943/10/29,11.90999985
1943/11/1,11.92000008
1943/11/3,11.77999973
1943/11/4,11.68000031
1943/11/5,11.59000015
1943/11/8,11.26000023
1943/11/9,11.30000019
1943/11/10,11.40999985
1943/11/12,11.28999996
1943/11/15,11.25
1943/11/16,11.19999981
1943/11/17,11.13000011
1943/11/18,11.15999985
1943/11/19,11.30000019
1943/11/22,11.34000015
1943/11/23,11.30000019
1943/11/24,11.23999977
1943/11/26,11.14999962
1943/11/29,10.98999977
1943/11/30,11.02000046
1943/12/1,11.13000011
1943/12/2,11.22000027
1943/12/3,11.22999954
1943/12/6,11.27999973
1943/12/7,11.38000011
1943/12/8,11.5
1943/12/9,11.43000031
1943/12/10,11.48999977
1943/12/13,11.47999954
1943/12/14,11.44999981
1943/12/15,11.43999958
1943/12/16,11.5
1943/12/17,11.56000042
1943/12/20,11.64000034
1943/12/21,11.60999966
1943/12/22,11.60000038
1943/12/23,11.59000015
1943/12/24,11.60999966
1943/12/27,11.59000015
1943/12/28,11.47999954
1943/12/29,11.47999954
1943/12/30,11.68999958
1943/12/31,11.67000008
1944/1/3,11.65999985
1944/1/4,11.81000042
1944/1/5,11.93999958
1944/1/6,11.89000034
1944/1/7,11.86999989
1944/1/10,11.85000038
1944/1/11,11.92000008
1944/1/12,11.84000015
1944/1/13,11.81000042
1944/1/14,11.85999966
1944/1/17,11.89999962
1944/1/18,11.86999989
1944/1/19,11.88000011
1944/1/20,11.88000011
1944/1/21,11.89999962
1944/1/24,11.89000034
1944/1/25,11.88000011
1944/1/26,11.76000023
1944/1/27,11.73999977
1944/1/28,11.81000042
1944/1/31,11.85000038
1944/2/1,11.82999992
1944/2/2,11.80000019
1944/2/3,11.69999981
1944/2/4,11.60000038
1944/2/7,11.56000042
1944/2/8,11.67000008
1944/2/9,11.67000008
1944/2/10,11.75
1944/2/11,11.73999977
1944/2/14,11.73999977
1944/2/15,11.81999969
1944/2/16,11.78999996
1944/2/17,11.86999989
1944/2/18,11.77999973
1944/2/21,11.76000023
1944/2/23,11.85999966
1944/2/24,11.88000011
1944/2/25,11.80000019
1944/2/28,11.89000034
1944/2/29,11.81999969
1944/3/1,11.86999989
1944/3/2,11.88000011
1944/3/3,11.89999962
1944/3/6,11.93000031
1944/3/7,12.01000023
1944/3/8,12.10999966
1944/3/9,12.07999992
1944/3/10,12.10000038
1944/3/13,12.23999977
1944/3/14,12.22000027
1944/3/15,12.27999973
1944/3/16,12.28999996
1944/3/17,12.31000042
1944/3/20,12.19999981
1944/3/21,12.25
1944/3/22,12.22999954
1944/3/23,12.10000038
1944/3/24,12.13000011
1944/3/27,12.10000038
1944/3/28,11.97999954
1944/3/29,11.94999981
1944/3/30,12.02999973
1944/3/31,12.02000046
1944/4/3,11.96000004
1944/4/4,11.97000027
1944/4/5,11.97999954
1944/4/6,12.03999996
1944/4/10,12.06000042
1944/4/11,12.06000042
1944/4/12,11.97999954
1944/4/13,11.94999981
1944/4/14,11.94999981
1944/4/17,11.93999958
1944/4/18,11.72999954
1944/4/19,11.68999958
1944/4/20,11.77999973
1944/4/21,11.80000019
1944/4/24,11.67000008
1944/4/25,11.68999958
1944/4/26,11.76000023
1944/4/27,11.81000042
1944/4/28,11.86999989
1944/5/1,11.96000004
1944/5/2,11.94999981
1944/5/3,12.02999973
1944/5/4,12.01000023
1944/5/5,12.07999992
1944/5/8,12.09000015
1944/5/9,12.07999992
1944/5/10,12.07999992
1944/5/11,12.09000015
1944/5/12,12
1944/5/15,11.98999977
1944/5/16,12
1944/5/17,12.07999992
1944/5/18,12.10000038
1944/5/19,12.11999989
1944/5/22,12.13000011
1944/5/23,12.17000008
1944/5/24,12.22000027
1944/5/25,12.19999981
1944/5/26,12.22000027
1944/5/29,12.27000046
1944/5/31,12.35000038
1944/6/1,12.31000042
1944/6/2,12.30000019
1944/6/5,12.22999954
1944/6/6,12.31000042
1944/6/7,12.30000019
1944/6/8,12.25
1944/6/9,12.27000046
1944/6/12,12.55000019
1944/6/13,12.64000034
1944/6/14,12.65999985
1944/6/15,12.72999954
1944/6/16,12.81999969
1944/6/19,12.94999981
1944/6/20,12.97000027
1944/6/21,12.93999958
1944/6/22,12.92000008
1944/6/23,12.89999962
1944/6/26,12.97999954
1944/6/27,13.02000046
1944/6/28,12.94999981
1944/6/29,12.93999958
1944/6/30,12.97999954
1944/7/3,13.10999966
1944/7/5,13.18000031
1944/7/6,13.13000011
1944/7/7,13.15999985
1944/7/10,13.27000046
1944/7/11,13.25
1944/7/12,13.27000046
1944/7/13,13.22000027
1944/7/14,13.22999954
1944/7/17,13.10000038
1944/7/18,12.97999954
1944/7/19,13.06999969
1944/7/20,12.96000004
1944/7/21,12.77999973
1944/7/24,12.69999981
1944/7/25,12.80000019
1944/7/26,12.77000046
1944/7/27,12.77000046
1944/7/28,12.69999981
1944/7/31,12.71000004
1944/8/1,12.77999973
1944/8/2,12.81000042
1944/8/3,12.72999954
1944/8/4,12.60999966
1944/8/7,12.67000008
1944/8/8,12.61999989
1944/8/9,12.68000031
1944/8/10,12.77999973
1944/8/11,12.82999992
1944/8/14,12.85000038
1944/8/15,12.84000015
1944/8/16,12.89999962
1944/8/17,12.97999954
1944/8/18,13.03999996
1944/8/21,12.97999954
1944/8/22,12.89000034
1944/8/23,12.90999985
1944/8/24,12.82999992
1944/8/25,12.80000019
1944/8/28,12.80000019
1944/8/29,12.84000015
1944/8/30,12.86999989
1944/8/31,12.81999969
1944/9/1,12.85999966
1944/9/5,12.77999973
1944/9/6,12.47000027
1944/9/7,12.43000031
1944/9/8,12.40999985
1944/9/11,12.47999954
1944/9/12,12.53999996
1944/9/13,12.42000008
1944/9/14,12.35000038
1944/9/15,12.44999981
1944/9/18,12.52999973
1944/9/19,12.64000034
1944/9/20,12.65999985
1944/9/21,12.61999989
1944/9/22,12.64999962
1944/9/25,12.76000023
1944/9/26,12.72999954
1944/9/27,12.72999954
1944/9/28,12.68999958
1944/9/29,12.73999977
1944/10/2,12.80000019
1944/10/3,12.80000019
1944/10/4,12.86999989
1944/10/5,12.94999981
1944/10/6,12.97000027
1944/10/9,12.89000034
1944/10/10,12.93000031
1944/10/11,13.01000023
1944/10/13,13.02000046
1944/10/16,12.94999981
1944/10/17,13
1944/10/18,13.06999969
1944/10/19,13.03999996
1944/10/20,13.02000046
1944/10/23,12.80000019
1944/10/24,12.82999992
1944/10/25,12.82999992
1944/10/26,12.72999954
1944/10/27,12.75
1944/10/30,12.76000023
1944/10/31,12.77999973
1944/11/1,12.82999992
1944/11/2,12.89999962
1944/11/3,12.89000034
1944/11/6,12.96000004
1944/11/8,12.93999958
1944/11/9,12.97000027
1944/11/10,12.97999954
1944/11/13,12.86999989
1944/11/14,12.71000004
1944/11/15,12.68000031
1944/11/16,12.68999958
1944/11/17,12.67000008
1944/11/20,12.72000027
1944/11/21,12.81000042
1944/11/22,12.81999969
1944/11/24,12.75
1944/11/27,12.78999996
1944/11/28,12.77999973
1944/11/29,12.85000038
1944/11/30,12.82999992
1944/12/1,12.80000019
1944/12/4,12.90999985
1944/12/5,12.96000004
1944/12/6,12.96000004
1944/12/7,12.98999977
1944/12/8,13.09000015
1944/12/11,13.17000008
1944/12/12,13.14000034
1944/12/13,13.10000038
1944/12/14,13.14000034
1944/12/15,13.27000046
1944/12/18,13.18999958
1944/12/19,13.22999954
1944/12/20,13.14000034
1944/12/21,13.10999966
1944/12/22,13.11999989
1944/12/26,13.02999973
1944/12/27,12.97000027
1944/12/28,13.10000038
1944/12/29,13.27999973
1945/1/2,13.32999992
1945/1/3,13.47000027
1945/1/4,13.48999977
1945/1/5,13.46000004
1945/1/8,13.57999992
1945/1/9,13.59000015
1945/1/10,13.68999958
1945/1/11,13.68000031
1945/1/12,13.64000034
1945/1/15,13.55000019
1945/1/16,13.53999996
1945/1/17,13.63000011
1945/1/18,13.56999969
1945/1/19,13.43999958
1945/1/22,13.30000019
1945/1/23,13.21000004
1945/1/24,13.25
1945/1/25,13.32999992
1945/1/26,13.46000004
1945/1/29,13.53999996
1945/1/30,13.46000004
1945/1/31,13.47000027
1945/2/1,13.5
1945/2/2,13.60000038
1945/2/5,13.69999981
1945/2/6,13.72999954
1945/2/7,13.76000023
1945/2/8,13.76000023
1945/2/9,13.68000031
1945/2/13,13.89999962
1945/2/14,13.97000027
1945/2/15,14.06999969
1945/2/16,14.05000019
1945/2/19,14.15999985
1945/2/20,14.21000004
1945/2/21,14.18999958
1945/2/23,14.15999985
1945/2/26,14.09000015
1945/2/27,14.19999981
1945/2/28,14.30000019
1945/3/1,14.31999969
1945/3/2,14.22999954
1945/3/5,14.30000019
1945/3/6,14.36999989
1945/3/7,14.38000011
1945/3/8,14.11999989
1945/3/9,13.81999969
1945/3/12,13.98999977
1945/3/13,13.98999977
1945/3/14,14.01000023
1945/3/15,14.06999969
1945/3/16,14.09000015
1945/3/19,14.01000023
1945/3/20,13.81999969
1945/3/21,13.68999958
1945/3/22,13.68000031
1945/3/23,13.73999977
1945/3/26,13.39000034
1945/3/27,13.47000027
1945/3/28,13.57999992
1945/3/29,13.60999966
1945/4/2,13.77000046
1945/4/3,13.78999996
1945/4/4,13.77000046
1945/4/5,13.67000008
1945/4/6,13.77000046
1945/4/9,13.81000042
1945/4/10,13.85999966
1945/4/11,14.06000042
1945/4/12,14.05000019
1945/4/13,14.19999981
1945/4/16,14.48999977
1945/4/17,14.51000023
1945/4/18,14.64999962
1945/4/19,14.51000023
1945/4/20,14.48999977
1945/4/23,14.63000011
1945/4/24,14.69999981
1945/4/25,14.67000008
1945/4/26,14.64000034
1945/4/27,14.69999981
1945/4/30,14.84000015
1945/5/1,14.78999996
1945/5/2,14.77000046
1945/5/3,14.86999989
1945/5/4,14.92000008
1945/5/7,14.93000031
1945/5/8,14.96000004
1945/5/9,14.81000042
1945/5/10,14.61999989
1945/5/11,14.61999989
1945/5/14,14.63000011
1945/5/15,14.68000031
1945/5/16,14.68999958
1945/5/17,14.77000046
1945/5/18,14.86999989
1945/5/21,14.81999969
1945/5/22,14.81000042
1945/5/23,14.69999981
1945/5/24,14.69999981
1945/5/25,14.78999996
1945/5/28,15.02999973
1945/5/29,15.10999966
1945/5/31,15.01000023
1945/6/1,15.02999973
1945/6/4,15.05000019
1945/6/5,15.02999973
1945/6/6,14.96000004
1945/6/7,14.97000027
1945/6/8,14.93000031
1945/6/11,14.89000034
1945/6/12,14.92000008
1945/6/13,14.98999977
1945/6/14,15.05000019
1945/6/15,15.10000038
1945/6/18,15.09000015
1945/6/19,15.10999966
1945/6/20,15.18000031
1945/6/21,15.26000023
1945/6/22,15.27999973
1945/6/25,15.35000038
1945/6/26,15.36999989
1945/6/27,15.35000038
1945/6/28,15.03999996
1945/6/29,14.86999989
1945/7/2,15.02999973
1945/7/3,15.02999973
1945/7/5,14.85999966
1945/7/6,14.90999985
1945/7/9,15.03999996
1945/7/10,15.10000038
1945/7/11,15.05000019
1945/7/12,15.09000015
1945/7/13,15.05000019
1945/7/16,14.93999958
1945/7/17,14.60999966
1945/7/18,14.56000042
1945/7/19,14.65999985
1945/7/20,14.65999985
1945/7/23,14.51000023
1945/7/24,14.53999996
1945/7/25,14.68000031
1945/7/26,14.38000011
1945/7/27,14.44999981
1945/7/30,14.60000038
1945/7/31,14.65999985
1945/8/1,14.68000031
1945/8/2,14.61999989
1945/8/3,14.68000031
1945/8/6,14.72000027
1945/8/7,14.52000046
1945/8/8,14.55000019
1945/8/9,14.78999996
1945/8/10,14.77999973
1945/8/13,14.60999966
1945/8/14,14.69999981
1945/8/17,14.61999989
1945/8/20,14.39999962
1945/8/21,14.46000004
1945/8/22,14.56000042
1945/8/23,14.85000038
1945/8/24,15.05000019
1945/8/27,15.27000046
1945/8/28,15.31999969
1945/8/29,15.30000019
1945/8/30,15.35000038
1945/8/31,15.51000023
1945/9/4,15.51000023
1945/9/5,15.52999973
1945/9/6,15.73999977
1945/9/7,15.72999954
1945/9/10,15.77999973
1945/9/11,15.88000011
1945/9/12,15.94999981
1945/9/13,15.94999981
1945/9/14,15.85999966
1945/9/17,15.51000023
1945/9/18,15.81999969
1945/9/19,15.97000027
1945/9/20,16.03000069
1945/9/21,15.94999981
1945/9/24,15.90999985
1945/9/25,15.93000031
1945/9/26,15.92000008
1945/9/27,15.85999966
1945/9/28,16.04999924
1945/10/1,16.32999992
1945/10/2,16.32999992
1945/10/3,16.29999924
1945/10/4,16.29999924
1945/10/5,16.37999916
1945/10/8,16.5
1945/10/9,16.54000092
1945/10/10,16.60000038
1945/10/11,16.57999992
1945/10/15,16.59000015
1945/10/16,16.59000015
1945/10/17,16.65999985
1945/10/18,16.71999931
1945/10/19,16.59000015
1945/10/22,16.70999908
1945/10/23,16.57999992
1945/10/24,16.32999992
1945/10/25,16.40999985
1945/10/26,16.48999977
1945/10/29,16.29999924
1945/10/30,16.37999916
1945/10/31,16.64999962
1945/11/1,16.87000084
1945/11/2,16.86000061
1945/11/5,16.94000053
1945/11/7,17.13999939
1945/11/8,17.07999992
1945/11/9,17.10000038
1945/11/13,17.04000092
1945/11/14,16.95000076
1945/11/15,17.07999992
1945/11/16,17
1945/11/19,17.19000053
1945/11/20,17.27000046
1945/11/21,17.02000046
1945/11/23,16.85000038
1945/11/26,16.94000053
1945/11/27,17.14999962
1945/11/28,17.05999947
1945/11/29,17.03000069
1945/11/30,17.19000053
1945/12/3,17.44000053
1945/12/4,17.42000008
1945/12/5,17.40999985
1945/12/6,17.5
1945/12/7,17.54000092
1945/12/10,17.68000031
1945/12/11,17.63999939
1945/12/12,17.37000084
1945/12/13,17.29000092
1945/12/14,17.30999947
1945/12/17,16.94000053
1945/12/18,17.10000038
1945/12/19,17.10000038
1945/12/20,16.98999977
1945/12/21,16.97999954
1945/12/26,17.40999985
1945/12/27,17.28000069
1945/12/28,17.30999947
1945/12/31,17.36000061
1946/1/2,17.25
1946/1/3,17.27000046
1946/1/4,17.22999954
1946/1/7,17.30999947
1946/1/8,17.69000053
1946/1/9,17.95000076
1946/1/10,18.06999969
1946/1/11,18.12999916
1946/1/14,18.32999992
1946/1/15,18.36000061
1946/1/16,18.37999916
1946/1/17,18.34000015
1946/1/18,18.29999924
1946/1/21,17.73999977
1946/1/22,17.86000061
1946/1/23,18.06999969
1946/1/24,18.12000084
1946/1/25,18.09000015
1946/1/28,18.62000084
1946/1/29,18.67000008
1946/1/30,18.55999947
1946/1/31,18.56999969
1946/2/1,18.63999939
1946/2/4,18.62000084
1946/2/5,18.70000076
1946/2/6,18.56999969
1946/2/7,18.56999969
1946/2/8,18.54999924
1946/2/11,18.23999977
1946/2/13,17.97999954
1946/2/14,18.09000015
1946/2/15,18.44000053
1946/2/18,18.37999916
1946/2/19,17.70000076
1946/2/20,17.37000084
1946/2/21,17.71999931
1946/2/25,16.90999985
1946/2/26,16.80999947
1946/2/27,17.14999962
1946/2/28,17.28000069
1946/3/1,17.20999908
1946/3/4,17.09000015
1946/3/5,17.27000046
1946/3/6,17.19000053
1946/3/7,17.34000015
1946/3/8,17.48999977
1946/3/11,17.37999916
1946/3/12,17.42000008
1946/3/13,17.14999962
1946/3/14,17.09000015
1946/3/15,17.28000069
1946/3/18,17.56999969
1946/3/19,17.45000076
1946/3/20,17.57999992
1946/3/21,17.70000076
1946/3/22,17.70000076
1946/3/25,18.06999969
1946/3/26,18.05999947
1946/3/27,17.95000076
1946/3/28,17.93000031
1946/3/29,18.04000092
1946/4/1,18.05999947
1946/4/2,18.06999969
1946/4/3,18.37999916
1946/4/4,18.57999992
1946/4/5,18.54000092
1946/4/8,18.62000084
1946/4/9,18.87999916
1946/4/10,18.80999947
1946/4/11,18.77000046
1946/4/12,18.77000046
1946/4/15,18.62000084
1946/4/16,18.87000084
1946/4/17,18.84000015
1946/4/18,18.89999962
1946/4/22,18.87999916
1946/4/23,18.84000015
1946/4/24,18.64999962
1946/4/25,18.54000092
1946/4/26,18.57999992
1946/4/29,18.71999931
1946/4/30,18.76000023
1946/5/1,18.70999908
1946/5/2,18.62000084
1946/5/3,18.45999908
1946/5/6,18.26000023
1946/5/7,18.51000023
1946/5/8,18.46999931
1946/5/9,18.44000053
1946/5/10,18.73999977
1946/5/13,18.79000092
1946/5/14,18.67000008
1946/5/15,18.53000069
1946/5/16,18.63999939
1946/5/17,18.60000038
1946/5/20,18.63999939
1946/5/21,18.68000031
1946/5/22,18.79999924
1946/5/23,18.78000069
1946/5/24,18.78000069
1946/5/27,18.92000008
1946/5/28,19.20000076
1946/5/29,19.25
1946/5/31,19.18000031
1946/6/3,19.04999924
1946/6/4,18.93000031
1946/6/5,18.81999969
1946/6/6,18.80999947
1946/6/7,18.81999969
1946/6/10,18.85000038
1946/6/11,18.64999962
1946/6/12,18.69000053
1946/6/13,18.79999924
1946/6/14,18.79000092
1946/6/17,18.80999947
1946/6/18,18.54999924
1946/6/19,18.44000053
1946/6/20,18.03000069
1946/6/21,18.22999954
1946/6/24,18.27000046
1946/6/25,18.13999939
1946/6/26,18.11000061
1946/6/27,18.38999939
1946/6/28,18.43000031
1946/7/1,18.54000092
1946/7/2,18.53000069
1946/7/3,18.48999977
1946/7/5,18.43000031
1946/7/8,18.36000061
1946/7/9,18.45999908
1946/7/10,18.48999977
1946/7/11,18.38999939
1946/7/12,18.27000046
1946/7/15,17.95000076
1946/7/16,17.96999931
1946/7/17,18.06999969
1946/7/18,18.04000092
1946/7/19,17.97999954
1946/7/22,17.93000031
1946/7/23,17.38999939
1946/7/24,17.40999985
1946/7/25,17.5
1946/7/26,17.60000038
1946/7/29,17.65999985
1946/7/30,17.76000023
1946/7/31,17.95999908
1946/8/1,18.01000023
1946/8/2,18.02000046
1946/8/5,17.90999985
1946/8/6,17.86000061
1946/8/7,18.03000069
1946/8/8,18.11000061
1946/8/9,18.04999924
1946/8/12,18.07999992
1946/8/13,18.22999954
1946/8/14,18.20000076
1946/8/15,17.98999977
1946/8/16,17.84000015
1946/8/19,17.80999947
1946/8/20,17.90999985
1946/8/21,17.73999977
1946/8/22,17.55999947
1946/8/23,17.57999992
1946/8/26,17.46999931
1946/8/27,16.92000008
1946/8/28,16.72999954
1946/8/29,16.76000023
1946/8/30,16.64999962
1946/9/3,15
1946/9/4,15.46000004
1946/9/5,15.98999977
1946/9/6,15.84000015
1946/9/9,15.01000023
1946/9/10,14.59000015
1946/9/11,15.05000019
1946/9/12,15.02000046
1946/9/13,15.31000042
1946/9/16,15.39999962
1946/9/17,15.27999973
1946/9/18,14.80000019
1946/9/19,14.32999992
1946/9/20,14.68999958
1946/9/23,14.40999985
1946/9/24,14.72000027
1946/9/25,15.10000038
1946/9/26,15.27000046
1946/9/27,15.10999966
1946/9/30,14.96000004
1946/10/1,14.92000008
1946/10/2,15
1946/10/3,14.97999954
1946/10/4,14.81000042
1946/10/7,14.69999981
1946/10/8,14.52999973
1946/10/9,14.11999989
1946/10/10,14.32999992
1946/10/11,14.63000011
1946/10/14,14.71000004
1946/10/15,15.30000019
1946/10/16,15.23999977
1946/10/17,15.01000023
1946/10/18,14.97000027
1946/10/21,15
1946/10/22,14.88000011
1946/10/23,14.77000046
1946/10/24,14.77999973
1946/10/25,14.69999981
1946/10/28,14.39000034
1946/10/29,14.26000023
1946/10/30,14.31999969
1946/10/31,14.84000015
1946/11/1,15.06999969
1946/11/4,15.32999992
1946/11/6,14.67000008
1946/11/7,14.78999996
1946/11/8,14.85000038
1946/11/12,14.93999958
1946/11/13,14.81000042
1946/11/14,14.89000034
1946/11/15,14.72999954
1946/11/18,14.57999992
1946/11/19,14.56999969
1946/11/20,14.46000004
1946/11/21,14.21000004
1946/11/22,14.13000011
1946/11/25,14.31000042
1946/11/26,14.44999981
1946/11/27,14.55000019
1946/11/29,14.68000031
1946/12/2,14.43999958
1946/12/3,14.48999977
1946/12/4,14.72000027
1946/12/5,14.64000034
1946/12/6,14.69999981
1946/12/9,15.31999969
1946/12/10,15.31999969
1946/12/11,15.35999966
1946/12/12,15.14999962
1946/12/13,15.17000008
1946/12/16,15.23999977
1946/12/17,15.18000031
1946/12/18,15.21000004
1946/12/19,15.44999981
1946/12/20,15.5
1946/12/23,15.40999985
1946/12/24,15.36999989
1946/12/26,15.21000004
1946/12/27,15.18999958
1946/12/30,15.17000008
1946/12/31,15.30000019
1947/1/2,15.19999981
1947/1/3,15.26000023
1947/1/6,15.43999958
1947/1/7,15.31999969
1947/1/8,15.40999985
1947/1/9,15.43999958
1947/1/10,15.23999977
1947/1/13,14.80000019
1947/1/14,14.86999989
1947/1/15,14.77000046
1947/1/16,14.77999973
1947/1/17,15.06999969
1947/1/20,15.02000046
1947/1/21,14.97000027
1947/1/22,15.03999996
1947/1/23,15.18999958
1947/1/24,15.21000004
1947/1/27,15.34000015
1947/1/28,15.47000027
1947/1/29,15.64999962
1947/1/30,15.60000038
1947/1/31,15.65999985
1947/2/3,15.80000019
1947/2/4,15.82999992
1947/2/5,15.92000008
1947/2/6,15.85999966
1947/2/7,16.12000084
1947/2/10,16.04999924
1947/2/11,16.13999939
1947/2/13,15.93000031
1947/2/14,15.85999966
1947/2/17,15.88000011
1947/2/18,15.88000011
1947/2/19,15.68999958
1947/2/20,15.72000027
1947/2/21,15.80000019
1947/2/24,15.67000008
1947/2/25,15.47000027
1947/2/26,15.30000019
1947/2/27,15.47999954
1947/2/28,15.43000031
1947/3/3,15.40999985
1947/3/4,15.40999985
1947/3/5,15.59000015
1947/3/6,15.64999962
1947/3/7,15.15999985
1947/3/10,15.01000023
1947/3/11,14.88000011
1947/3/12,14.97000027
1947/3/13,14.93000031
1947/3/14,14.77999973
1947/3/17,14.81999969
1947/3/18,15.01000023
1947/3/19,15.07999992
1947/3/20,15.06999969
1947/3/21,15.25
1947/3/24,15.10999966
1947/3/25,15.02000046
1947/3/26,15.22999954
1947/3/27,15.39999962
1947/3/28,15.32999992
1947/3/31,15.17000008
1947/4/1,15.22999954
1947/4/2,15.22000027
1947/4/3,15.18000031
1947/4/7,15.05000019
1947/4/8,14.82999992
1947/4/9,14.81999969
1947/4/10,14.82999992
1947/4/11,14.72000027
1947/4/14,14.14000034
1947/4/15,14.14999962
1947/4/16,14.28999996
1947/4/17,14.27000046
1947/4/18,14.09000015
1947/4/21,14.44999981
1947/4/22,14.56000042
1947/4/23,14.57999992
1947/4/24,14.48999977
1947/4/25,14.39000034
1947/4/28,14.36999989
1947/4/29,14.39999962
1947/4/30,14.57999992
1947/5/1,14.68999958
1947/5/2,14.78999996
1947/5/5,14.85000038
1947/5/6,14.68999958
1947/5/7,14.68000031
1947/5/8,14.60000038
1947/5/9,14.63000011
1947/5/12,14.46000004
1947/5/13,14.14999962
1947/5/14,14.10999966
1947/5/15,14.23999977
1947/5/16,13.96000004
1947/5/19,13.77000046
1947/5/20,13.82999992
1947/5/21,14.09000015
1947/5/22,14.18999958
1947/5/23,14
1947/5/26,14.14000034
1947/5/27,14.11999989
1947/5/28,14.34000015
1947/5/29,14.44999981
1947/6/2,14.30000019
1947/6/3,14.5
1947/6/4,14.39999962
1947/6/5,14.39000034
1947/6/6,14.5
1947/6/9,14.42000008
1947/6/10,14.56000042
1947/6/11,14.89999962
1947/6/12,14.81999969
1947/6/13,14.97999954
1947/6/16,15.02000046
1947/6/17,14.96000004
1947/6/18,14.96000004
1947/6/19,15.14000034
1947/6/20,15.15999985
1947/6/23,15.23999977
1947/6/24,14.93999958
1947/6/25,15.06000042
1947/6/26,15.11999989
1947/6/27,15.11999989
1947/6/30,15.21000004
1947/7/1,15.46000004
1947/7/2,15.43999958
1947/7/3,15.60000038
1947/7/7,15.60999966
1947/7/8,15.67000008
1947/7/9,15.52000046
1947/7/10,15.68000031
1947/7/11,15.86999989
1947/7/14,15.96000004
1947/7/15,15.93000031
1947/7/16,15.92000008
1947/7/17,15.75
1947/7/18,15.85000038
1947/7/21,15.80000019
1947/7/22,15.86999989
1947/7/23,15.94999981
1947/7/24,16.12000084
1947/7/25,16.07999992
1947/7/28,15.93999958
1947/7/29,15.59000015
1947/7/30,15.52000046
1947/7/31,15.76000023
1947/8/1,15.80000019
1947/8/4,15.61999989
1947/8/5,15.67000008
1947/8/6,15.61999989
1947/8/7,15.64000034
1947/8/8,15.43000031
1947/8/11,15.32999992
1947/8/12,15.43000031
1947/8/13,15.52000046
1947/8/14,15.47000027
1947/8/15,15.57999992
1947/8/18,15.5
1947/8/19,15.46000004
1947/8/20,15.39000034
1947/8/21,15.43000031
1947/8/22,15.44999981
1947/8/25,15.22999954
1947/8/26,15.22999954
1947/8/27,15.25
1947/8/28,15.22000027
1947/8/29,15.31999969
1947/9/2,15.36999989
1947/9/3,15.32999992
1947/9/4,15.14000034
1947/9/5,15.10000038
1947/9/8,14.85999966
1947/9/9,14.89000034
1947/9/10,15.02999973
1947/9/11,15.03999996
1947/9/12,14.98999977
1947/9/15,14.93000031
1947/9/16,15.06999969
1947/9/17,15.27000046
1947/9/18,15.21000004
1947/9/19,15.19999981
1947/9/22,15.18000031
1947/9/23,14.93000031
1947/9/24,14.98999977
1947/9/25,14.89999962
1947/9/26,14.85000038
1947/9/29,14.93999958
1947/9/30,15.10999966
1947/10/1,15.15999985
1947/10/2,15.17000008
1947/10/3,15.23999977
1947/10/6,15.27999973
1947/10/7,15.27999973
1947/10/8,15.15999985
1947/10/9,15.26000023
1947/10/10,15.28999996
1947/10/14,15.55000019
1947/10/15,15.59000015
1947/10/16,15.56999969
1947/10/17,15.57999992
1947/10/20,15.78999996
1947/10/21,15.76000023
1947/10/22,15.68999958
1947/10/23,15.69999981
1947/10/24,15.5
1947/10/27,15.52999973
1947/10/28,15.53999996
1947/10/29,15.48999977
1947/10/30,15.32999992
1947/10/31,15.43000031
1947/11/3,15.46000004
1947/11/5,15.34000015
1947/11/6,15.34000015
1947/11/7,15.31000042
1947/11/10,15.36999989
1947/11/12,15.31000042
1947/11/13,15.15999985
1947/11/14,15.18999958
1947/11/17,15.18999958
1947/11/18,15.30000019
1947/11/19,15.34000015
1947/11/20,15.40999985
1947/11/21,15.32999992
1947/11/24,15.23999977
1947/11/25,15.19999981
1947/11/26,15.13000011
1947/11/28,14.97999954
1947/12/1,15.06999969
1947/12/2,15.09000015
1947/12/3,14.94999981
1947/12/4,14.85999966
1947/12/5,14.63000011
1947/12/8,14.77000046
1947/12/9,14.81999969
1947/12/10,14.84000015
1947/12/11,14.82999992
1947/12/12,14.93999958
1947/12/15,15.10999966
1947/12/16,15.09000015
1947/12/17,15.11999989
1947/12/18,15.06999969
1947/12/19,15.11999989
1947/12/22,15.19999981
1947/12/23,15.26000023
1947/12/24,15.25
1947/12/26,15.11999989
1947/12/29,15.03999996
1947/12/30,15.22000027
1947/12/31,15.30000019
1948/1/2,15.34000015
1948/1/5,15.19999981
1948/1/6,15.14999962
1948/1/7,15.22999954
1948/1/8,15.31000042
1948/1/9,15.22999954
1948/1/12,15.17000008
1948/1/13,14.94999981
1948/1/14,14.94999981
1948/1/15,14.88000011
1948/1/16,14.86999989
1948/1/19,14.69999981
1948/1/20,14.71000004
1948/1/21,14.53999996
1948/1/22,14.42000008
1948/1/23,14.35000038
1948/1/26,14.31999969
1948/1/27,14.34000015
1948/1/28,14.48999977
1948/1/29,14.64999962
1948/1/30,14.68000031
1948/2/2,14.71000004
1948/2/3,14.61999989
1948/2/4,14
1948/2/5,14.19999981
1948/2/6,14.18999958
1948/2/9,14.31000042
1948/2/10,13.89000034
1948/2/11,13.88000011
1948/2/13,13.85000038
1948/2/16,14.03999996
1948/2/17,14.03999996
1948/2/18,14.05000019
1948/2/19,14.02000046
1948/2/20,13.96000004
1948/2/24,14
1948/2/25,14.06999969
1948/2/26,13.97999954
1948/2/27,13.93000031
1948/3/1,14.06999969
1948/3/2,14.15999985
1948/3/3,14.17000008
1948/3/4,14.07999992
1948/3/5,14.10999966
1948/3/8,14.03999996
1948/3/9,13.94999981
1948/3/10,14.01000023
1948/3/11,13.98999977
1948/3/12,13.98999977
1948/3/15,14.06000042
1948/3/16,13.84000015
1948/3/17,13.94999981
1948/3/18,14.02999973
1948/3/19,14.31999969
1948/3/22,14.69999981
1948/3/23,14.69999981
1948/3/24,14.68999958
1948/3/25,14.75
1948/3/29,14.69999981
1948/3/30,14.86999989
1948/3/31,15.07999992
1948/4/1,15.11999989
1948/4/2,15.14999962
1948/4/5,15.18000031
1948/4/6,15.27999973
1948/4/7,15.22999954
1948/4/8,15.27000046
1948/4/9,15.28999996
1948/4/12,15.27999973
1948/4/13,15.30000019
1948/4/14,15.27999973
1948/4/15,15.38000011
1948/4/16,15.43000031
1948/4/19,15.47000027
1948/4/20,15.46000004
1948/4/21,15.53999996
1948/4/22,15.68000031
1948/4/23,15.77999973
1948/4/26,15.53999996
1948/4/27,15.55000019
1948/4/28,15.56999969
1948/4/29,15.52000046
1948/4/30,15.47999954
1948/5/3,15.60000038
1948/5/4,15.59000015
1948/5/5,15.5
1948/5/6,15.63000011
1948/5/7,15.72000027
1948/5/10,15.81000042
1948/5/11,15.85999966
1948/5/12,15.88000011
1948/5/13,16
1948/5/14,16.38999939
1948/5/17,16.61000061
1948/5/18,16.38999939
1948/5/19,16.37000084
1948/5/20,16.45999908
1948/5/21,16.5
1948/5/24,16.54000092
1948/5/25,16.53000069
1948/5/26,16.68000031
1948/5/27,16.68000031
1948/5/28,16.69000053
1948/6/1,16.73999977
1948/6/2,16.76000023
1948/6/3,16.71999931
1948/6/4,16.59000015
1948/6/7,16.54000092
1948/6/8,16.81999969
1948/6/9,16.88999939
1948/6/10,16.89999962
1948/6/11,16.95000076
1948/6/14,16.96999931
1948/6/15,17.05999947
1948/6/16,17.01000023
1948/6/17,16.98999977
1948/6/18,16.95999908
1948/6/21,16.79000092
1948/6/22,16.76000023
1948/6/23,16.93000031
1948/6/24,16.88999939
1948/6/25,16.82999992
1948/6/28,16.61000061
1948/6/29,16.69000053
1948/6/30,16.73999977
1948/7/1,16.70000076
1948/7/2,16.85000038
1948/7/6,16.85000038
1948/7/7,16.79000092
1948/7/8,16.80999947
1948/7/9,16.92000008
1948/7/12,16.87999916
1948/7/13,16.78000069
1948/7/14,16.79999924
1948/7/15,16.47999954
1948/7/16,16.25
1948/7/19,15.72000027
1948/7/20,15.96000004
1948/7/21,16.09000015
1948/7/22,16.20999908
1948/7/23,16.27000046
1948/7/26,16.12000084
1948/7/27,16.29000092
1948/7/28,16.18000031
1948/7/29,16.04999924
1948/7/30,15.85000038
1948/8/2,15.85000038
1948/8/3,15.89999962
1948/8/4,16.14999962
1948/8/5,16.09000015
1948/8/6,16.12000084
1948/8/9,15.96000004
1948/8/10,15.73999977
1948/8/11,15.67000008
1948/8/12,15.71000004
1948/8/13,15.69999981
1948/8/16,15.73999977
1948/8/17,15.93000031
1948/8/18,15.93000031
1948/8/19,15.97999954
1948/8/20,16.14999962
1948/8/23,15.93999958
1948/8/24,16.02000046
1948/8/25,15.98999977
1948/8/26,16.04000092
1948/8/27,16.11000061
1948/8/30,15.97999954
1948/8/31,15.97000027
1948/9/1,16.15999985
1948/9/2,16.23999977
1948/9/3,16.27000046
1948/9/7,16.35000038
1948/9/8,16.06999969
1948/9/9,15.81000042
1948/9/10,15.82999992
1948/9/13,15.69999981
1948/9/14,15.81999969
1948/9/15,15.80000019
1948/9/16,15.80000019
1948/9/17,15.72999954
1948/9/20,15.43999958
1948/9/21,15.55000019
1948/9/22,15.59000015
1948/9/23,15.56000042
1948/9/24,15.60000038
1948/9/27,15.18999958
1948/9/28,15.35999966
1948/9/29,15.55000019
1948/9/30,15.48999977
1948/10/1,15.67000008
1948/10/4,15.85000038
1948/10/5,15.81999969
1948/10/6,15.84000015
1948/10/7,15.93000031
1948/10/8,15.89999962
1948/10/11,15.89999962
1948/10/13,16.09000015
1948/10/14,16.13999939
1948/10/15,16.12000084
1948/10/18,16.19000053
1948/10/19,16.28000069
1948/10/20,16.34000015
1948/10/21,16.36000061
1948/10/22,16.61000061
1948/10/25,16.57999992
1948/10/26,16.59000015
1948/10/27,16.56999969
1948/10/28,16.45999908
1948/10/29,16.5
1948/11/1,16.70000076
1948/11/3,15.93000031
1948/11/4,16.13999939
1948/11/5,15.43000031
1948/11/8,15.5
1948/11/9,15.01000023
1948/11/10,15
1948/11/12,15.03999996
1948/11/15,15.27000046
1948/11/16,15.26000023
1948/11/17,15.22000027
1948/11/18,15.26000023
1948/11/19,15.31000042
1948/11/22,15.21000004
1948/11/23,15.18999958
1948/11/24,14.90999985
1948/11/26,14.90999985
1948/11/29,14.78999996
1948/11/30,14.75
1948/12/1,15.01000023
1948/12/2,15
1948/12/3,15.13000011
1948/12/6,15.22999954
1948/12/7,15.23999977
1948/12/8,15.19999981
1948/12/9,15.17000008
1948/12/10,15.22000027
1948/12/13,15.32999992
1948/12/14,15.25
1948/12/15,15.17000008
1948/12/16,15.15999985
1948/12/17,15.19999981
1948/12/20,15.18999958
1948/12/21,15.14000034
1948/12/22,15.14999962
1948/12/23,15.14999962
1948/12/24,15.25
1948/12/27,15.18999958
1948/12/28,15.07999992
1948/12/29,15.27999973
1948/12/30,15.27999973
1948/12/31,15.19999981
1949/1/3,14.94999981
1949/1/4,15.02999973
1949/1/5,15.15999985
1949/1/6,15.5
1949/1/7,15.60999966
1949/1/10,15.51000023
1949/1/11,15.5
1949/1/12,15.47000027
1949/1/13,15.39000034
1949/1/14,15.23999977
1949/1/17,15.38000011
1949/1/18,15.38000011
1949/1/19,15.43999958
1949/1/20,15.5
1949/1/21,15.47000027
1949/1/24,15
1949/1/25,15.32999992
1949/1/26,15.28999996
1949/1/27,15.25
1949/1/28,15.19999981
1949/1/31,15.22000027
1949/2/1,15.34000015
1949/2/2,15.35000038
1949/2/3,15.31999969
1949/2/4,15.09000015
1949/2/7,14.76000023
1949/2/8,14.69999981
1949/2/9,14.77999973
1949/2/10,14.57999992
1949/2/11,14.56000042
1949/2/14,14.60999966
1949/2/15,14.64999962
1949/2/16,14.72999954
1949/2/17,14.82999992
1949/2/18,14.78999996
1949/2/21,14.73999977
1949/2/23,14.60000038
1949/2/24,14.42000008
1949/2/25,14.38000011
1949/2/28,14.61999989
1949/3/1,14.71000004
1949/3/2,14.67000008
1949/3/3,14.64999962
1949/3/4,14.67000008
1949/3/7,14.85999966
1949/3/8,14.89000034
1949/3/9,14.85999966
1949/3/10,14.86999989
1949/3/11,15.02000046
1949/3/14,15.06999969
1949/3/15,14.97999954
1949/3/16,14.92000008
1949/3/17,14.97000027
1949/3/18,14.93999958
1949/3/21,14.86999989
1949/3/22,14.77000046
1949/3/23,14.94999981
1949/3/24,14.97000027
1949/3/25,14.89000034
1949/3/28,14.93000031
1949/3/29,15.22000027
1949/3/30,15.21000004
1949/3/31,15.06000042
1949/4/1,14.93999958
1949/4/4,14.97999954
1949/4/5,14.96000004
1949/4/6,14.92000008
1949/4/7,14.93000031
1949/4/8,14.97000027
1949/4/11,14.98999977
1949/4/12,15.02999973
1949/4/13,15.02000046
1949/4/14,14.98999977
1949/4/18,15.06999969
1949/4/19,15.01000023
1949/4/20,14.97000027
1949/4/21,14.72000027
1949/4/22,14.69999981
1949/4/25,14.68000031
1949/4/26,14.76000023
1949/4/27,14.76000023
1949/4/28,14.68999958
1949/4/29,14.71000004
1949/5/2,14.77999973
1949/5/3,14.85000038
1949/5/4,15.02000046
1949/5/5,15.01000023
1949/5/6,14.92000008
1949/5/9,14.88000011
1949/5/10,14.81999969
1949/5/11,14.85000038
1949/5/12,14.86999989
1949/5/13,14.88000011
1949/5/16,14.96000004
1949/5/17,14.93000031
1949/5/18,14.89000034
1949/5/19,14.80000019
1949/5/20,14.72999954
1949/5/23,14.57999992
1949/5/24,14.5
1949/5/25,14.56999969
1949/5/26,14.56000042
1949/5/27,14.51000023
1949/5/31,14.18999958
1949/6/1,14.14000034
1949/6/2,14.14000034
1949/6/3,14.05000019
1949/6/6,13.81999969
1949/6/7,13.84000015
1949/6/8,13.93000031
1949/6/9,13.93000031
1949/6/10,13.81000042
1949/6/13,13.55000019
1949/6/14,13.64000034
1949/6/15,13.89999962
1949/6/16,13.85000038
1949/6/17,13.86999989
1949/6/20,14.06999969
1949/6/21,14.07999992
1949/6/22,14.03999996
1949/6/23,14.10999966
1949/6/24,14.13000011
1949/6/27,14.11999989
1949/6/28,14
1949/6/29,14.09000015
1949/6/30,14.15999985
1949/7/1,14.26000023
1949/7/5,14.34000015
1949/7/6,14.52000046
1949/7/7,14.52000046
1949/7/8,14.51000023
1949/7/11,14.51000023
1949/7/12,14.60999966
1949/7/13,14.77999973
1949/7/14,14.78999996
1949/7/15,14.76000023
1949/7/18,14.80000019
1949/7/19,14.93999958
1949/7/20,14.97000027
1949/7/21,14.89999962
1949/7/22,14.89000034
1949/7/25,14.93999958
1949/7/26,15.06000042
1949/7/27,15.06000042
1949/7/28,15.03999996
1949/7/29,15.03999996
1949/8/1,15.11999989
1949/8/2,15.15999985
1949/8/3,15.14999962
1949/8/4,15.13000011
1949/8/5,15.35000038
1949/8/8,15.51000023
1949/8/9,15.36999989
1949/8/10,15.43999958
1949/8/11,15.39000034
1949/8/12,15.31999969
1949/8/15,15.25
1949/8/16,15.28999996
1949/8/17,15.46000004
1949/8/18,15.5
1949/8/19,15.40999985
1949/8/22,15.36999989
1949/8/23,15.17000008
1949/8/24,15.18000031
1949/8/25,15.22000027
1949/8/26,15.27999973
1949/8/29,15.11999989
1949/8/30,15.21000004
1949/8/31,15.22000027
1949/9/1,15.31000042
1949/9/2,15.28999996
1949/9/6,15.27999973
1949/9/7,15.38000011
1949/9/8,15.40999985
1949/9/9,15.39999962
1949/9/12,15.52000046
1949/9/13,15.73999977
1949/9/14,15.72999954
1949/9/15,15.60999966
1949/9/16,15.65999985
1949/9/19,15.55000019
1949/9/20,15.18999958
1949/9/21,15.40999985
1949/9/22,15.5
1949/9/23,15.56999969
1949/9/26,15.52999973
1949/9/27,15.40999985
1949/9/28,15.52999973
1949/9/29,15.61999989
1949/9/30,15.57999992
1949/10/3,15.60000038
1949/10/4,15.75
1949/10/5,15.77999973
1949/10/6,15.84000015
1949/10/7,15.85000038
1949/10/10,15.82999992
1949/10/11,15.97000027
1949/10/13,15.97000027
1949/10/14,15.90999985
1949/10/17,15.72999954
1949/10/18,15.84000015
1949/10/19,15.93000031
1949/10/20,15.89999962
1949/10/21,15.85000038
1949/10/24,15.86999989
1949/10/25,15.94999981
1949/10/26,16.05999947
1949/10/27,16.14999962
1949/10/28,16.07999992
1949/10/31,16.04000092
1949/11/1,16.20000076
1949/11/2,16.32999992
1949/11/3,16.29000092
1949/11/4,16.20999908
1949/11/7,16.15999985
1949/11/9,16.18000031
1949/11/10,16.13999939
1949/11/14,16.03000069
1949/11/15,15.75
1949/11/16,15.84000015
1949/11/17,15.96000004
1949/11/18,16.13999939
1949/11/21,16.06999969
1949/11/22,16.14999962
1949/11/23,16.19000053
1949/11/25,16.10000038
1949/11/28,16.04999924
1949/11/29,16.02000046
1949/11/30,16.05999947
1949/12/1,16.14999962
1949/12/2,16.28000069
1949/12/5,16.40999985
1949/12/6,16.38999939
1949/12/7,16.43000031
1949/12/8,16.43000031
1949/12/9,16.42000008
1949/12/12,16.56999969
1949/12/13,16.63999939
1949/12/14,16.67000008
1949/12/15,16.68000031
1949/12/16,16.65999985
1949/12/19,16.59000015
1949/12/20,16.53000069
1949/12/21,16.48999977
1949/12/22,16.63999939
1949/12/23,16.63999939
1949/12/27,16.57999992
1949/12/28,16.65999985
1949/12/29,16.68000031
1949/12/30,16.79000092
1950/1/3,16.65999985
1950/1/4,16.85000038
1950/1/5,16.93000031
1950/1/6,16.97999954
1950/1/9,17.07999992
1950/1/10,17.03000069
1950/1/11,17.09000015
1950/1/12,16.76000023
1950/1/13,16.67000008
1950/1/16,16.71999931
1950/1/17,16.86000061
1950/1/18,16.85000038
1950/1/19,16.87000084
1950/1/20,16.89999962
1950/1/23,16.92000008
1950/1/24,16.86000061
1950/1/25,16.73999977
1950/1/26,16.72999954
1950/1/27,16.81999969
1950/1/30,17.02000046
1950/1/31,17.04999924
1950/2/1,17.04999924
1950/2/2,17.22999954
1950/2/3,17.29000092
1950/2/6,17.31999969
1950/2/7,17.22999954
1950/2/8,17.20999908
1950/2/9,17.28000069
1950/2/10,17.23999977
1950/2/14,17.05999947
1950/2/15,17.05999947
1950/2/16,16.98999977
1950/2/17,17.14999962
1950/2/20,17.20000076
1950/2/21,17.17000008
1950/2/23,17.20999908
1950/2/24,17.28000069
1950/2/27,17.28000069
1950/2/28,17.21999931
1950/3/1,17.23999977
1950/3/2,17.22999954
1950/3/3,17.29000092
1950/3/6,17.31999969
1950/3/7,17.20000076
1950/3/8,17.19000053
1950/3/9,17.06999969
1950/3/10,17.09000015
1950/3/13,17.12000084
1950/3/14,17.25
1950/3/15,17.45000076
1950/3/16,17.48999977
1950/3/17,17.45000076
1950/3/20,17.44000053
1950/3/21,17.45000076
1950/3/22,17.54999924
1950/3/23,17.55999947
1950/3/24,17.55999947
1950/3/27,17.45999908
1950/3/28,17.53000069
1950/3/29,17.44000053
1950/3/30,17.29999924
1950/3/31,17.29000092
1950/4/3,17.53000069
1950/4/4,17.54999924
1950/4/5,17.62999916
1950/4/6,17.78000069
1950/4/10,17.85000038
1950/4/11,17.75
1950/4/12,17.94000053
1950/4/13,17.97999954
1950/4/14,17.95999908
1950/4/17,17.87999916
1950/4/18,18.03000069
1950/4/19,18.04999924
1950/4/20,17.93000031
1950/4/21,17.95999908
1950/4/24,17.82999992
1950/4/25,17.82999992
1950/4/26,17.76000023
1950/4/27,17.86000061
1950/4/28,17.95999908
1950/5/1,18.21999931
1950/5/2,18.11000061
1950/5/3,18.27000046
1950/5/4,18.12000084
1950/5/5,18.21999931
1950/5/8,18.27000046
1950/5/9,18.27000046
1950/5/10,18.29000092
1950/5/11,18.29000092
1950/5/12,18.18000031
1950/5/15,18.26000023
1950/5/16,18.44000053
1950/5/17,18.52000046
1950/5/18,18.55999947
1950/5/19,18.68000031
1950/5/22,18.60000038
1950/5/23,18.70999908
1950/5/24,18.69000053
1950/5/25,18.69000053
1950/5/26,18.67000008
1950/5/29,18.71999931
1950/5/31,18.78000069
1950/6/1,18.77000046
1950/6/2,18.79000092
1950/6/5,18.60000038
1950/6/6,18.87999916
1950/6/7,18.93000031
1950/6/8,19.13999939
1950/6/9,19.26000023
1950/6/12,19.39999962
1950/6/13,19.25
1950/6/14,18.97999954
1950/6/15,18.93000031
1950/6/16,18.96999931
1950/6/19,18.92000008
1950/6/20,18.82999992
1950/6/21,19
1950/6/22,19.15999985
1950/6/23,19.13999939
1950/6/26,18.11000061
1950/6/27,17.90999985
1950/6/28,18.11000061
1950/6/29,17.44000053
1950/6/30,17.69000053
1950/7/3,17.63999939
1950/7/5,17.80999947
1950/7/6,17.90999985
1950/7/7,17.67000008
1950/7/10,17.59000015
1950/7/11,17.31999969
1950/7/12,16.87000084
1950/7/13,16.69000053
1950/7/14,16.87000084
1950/7/17,16.68000031
1950/7/18,17.05999947
1950/7/19,17.36000061
1950/7/20,17.61000061
1950/7/21,17.59000015
1950/7/24,17.47999954
1950/7/25,17.22999954
1950/7/26,17.27000046
1950/7/27,17.5
1950/7/28,17.69000053
1950/7/31,17.84000015
1950/8/1,18.02000046
1950/8/2,17.95000076
1950/8/3,17.98999977
1950/8/4,18.13999939
1950/8/7,18.40999985
1950/8/8,18.45999908
1950/8/9,18.61000061
1950/8/10,18.47999954
1950/8/11,18.28000069
1950/8/14,18.29000092
1950/8/15,18.31999969
1950/8/16,18.34000015
1950/8/17,18.54000092
1950/8/18,18.68000031
1950/8/21,18.70000076
1950/8/22,18.68000031
1950/8/23,18.81999969
1950/8/24,18.79000092
1950/8/25,18.54000092
1950/8/28,18.53000069
1950/8/29,18.54000092
1950/8/30,18.43000031
1950/8/31,18.42000008
1950/9/1,18.54999924
1950/9/5,18.68000031
1950/9/6,18.54000092
1950/9/7,18.59000015
1950/9/8,18.75
1950/9/11,18.61000061
1950/9/12,18.87000084
1950/9/13,19.09000015
1950/9/14,19.18000031
1950/9/15,19.29000092
1950/9/18,19.37000084
1950/9/19,19.30999947
1950/9/20,19.20999908
1950/9/21,19.37000084
1950/9/22,19.44000053
1950/9/25,19.42000008
1950/9/26,19.13999939
1950/9/27,19.40999985
1950/9/28,19.42000008
1950/9/29,19.45000076
1950/10/2,19.69000053
1950/10/3,19.65999985
1950/10/4,20
1950/10/5,19.88999939
1950/10/6,20.12000084
1950/10/9,20
1950/10/10,19.78000069
1950/10/11,19.86000061
1950/10/13,19.85000038
1950/10/16,19.70999908
1950/10/17,19.88999939
1950/10/18,20.01000023
1950/10/19,20.02000046
1950/10/20,19.95999908
1950/10/23,19.95999908
1950/10/24,20.07999992
1950/10/25,20.04999924
1950/10/26,19.61000061
1950/10/27,19.77000046
1950/10/30,19.61000061
1950/10/31,19.53000069
1950/11/1,19.55999947
1950/11/2,19.72999954
1950/11/3,19.85000038
1950/11/6,19.36000061
1950/11/8,19.55999947
1950/11/9,19.79000092
1950/11/10,19.94000053
1950/11/13,20.01000023
1950/11/14,19.86000061
1950/11/15,19.81999969
1950/11/16,19.71999931
1950/11/17,19.86000061
1950/11/20,19.93000031
1950/11/21,19.87999916
1950/11/22,20.15999985
1950/11/24,20.31999969
1950/11/27,20.18000031
1950/11/28,19.55999947
1950/11/29,19.37000084
1950/11/30,19.51000023
1950/12/1,19.65999985
1950/12/4,19
1950/12/5,19.30999947
1950/12/6,19.45000076
1950/12/7,19.39999962
1950/12/8,19.39999962
1950/12/11,19.71999931
1950/12/12,19.68000031
1950/12/13,19.67000008
1950/12/14,19.43000031
1950/12/15,19.32999992
1950/12/18,19.85000038
1950/12/19,19.95999908
1950/12/20,19.96999931
1950/12/21,19.97999954
1950/12/22,20.06999969
1950/12/26,19.92000008
1950/12/27,20.29999924
1950/12/28,20.37999916
1950/12/29,20.43000031
1951/1/2,20.77000046
1951/1/3,20.69000053
1951/1/4,20.87000084
1951/1/5,20.87000084
1951/1/8,21
1951/1/9,21.12000084
1951/1/10,20.85000038
1951/1/11,21.19000053
1951/1/12,21.11000061
1951/1/15,21.29999924
1951/1/16,21.45999908
1951/1/17,21.54999924
1951/1/18,21.39999962
1951/1/19,21.36000061
1951/1/22,21.18000031
1951/1/23,21.26000023
1951/1/24,21.15999985
1951/1/25,21.03000069
1951/1/26,21.26000023
1951/1/29,21.67000008
1951/1/30,21.73999977
1951/1/31,21.65999985
1951/2/1,21.77000046
1951/2/2,21.95999908
1951/2/5,22.20000076
1951/2/6,22.12000084
1951/2/7,21.98999977
1951/2/8,22.09000015
1951/2/9,22.17000008
1951/2/13,22.18000031
1951/2/14,22.12000084
1951/2/15,22
1951/2/16,22.12999916
1951/2/19,21.82999992
1951/2/20,21.79000092
1951/2/21,21.86000061
1951/2/23,21.92000008
1951/2/26,21.93000031
1951/2/27,21.76000023
1951/2/28,21.79999924
1951/3/1,21.85000038
1951/3/2,21.93000031
1951/3/5,21.79000092
1951/3/6,21.79000092
1951/3/7,21.86000061
1951/3/8,21.95000076
1951/3/9,21.95000076
1951/3/12,21.70000076
1951/3/13,21.40999985
1951/3/14,21.25
1951/3/15,21.29000092
1951/3/16,21.63999939
1951/3/19,21.55999947
1951/3/20,21.52000046
1951/3/21,21.63999939
1951/3/22,21.72999954
1951/3/26,21.53000069
1951/3/27,21.51000023
1951/3/28,21.26000023
1951/3/29,21.32999992
1951/3/30,21.47999954
1951/4/2,21.31999969
1951/4/3,21.26000023
1951/4/4,21.39999962
1951/4/5,21.69000053
1951/4/6,21.71999931
1951/4/9,21.68000031
1951/4/10,21.64999962
1951/4/11,21.63999939
1951/4/12,21.82999992
1951/4/13,22.09000015
1951/4/16,22.04000092
1951/4/17,22.09000015
1951/4/18,22.12999916
1951/4/19,22.04000092
1951/4/20,22.04000092
1951/4/23,22.04999924
1951/4/24,21.95999908
1951/4/25,21.96999931
1951/4/26,22.15999985
1951/4/27,22.38999939
1951/4/30,22.43000031
1951/5/1,22.53000069
1951/5/2,22.62000084
1951/5/3,22.80999947
1951/5/4,22.77000046
1951/5/7,22.62999916
1951/5/8,22.61000061
1951/5/9,22.63999939
1951/5/10,22.51000023
1951/5/11,22.32999992
1951/5/14,22.18000031
1951/5/15,21.76000023
1951/5/16,21.69000053
1951/5/17,21.90999985
1951/5/18,21.51000023
1951/5/21,21.45999908
1951/5/22,21.36000061
1951/5/23,21.15999985
1951/5/24,21.04999924
1951/5/25,21.03000069
1951/5/28,21.20999908
1951/5/29,21.35000038
1951/5/31,21.52000046
1951/6/1,21.47999954
1951/6/4,21.23999977
1951/6/5,21.32999992
1951/6/6,21.47999954
1951/6/7,21.55999947
1951/6/8,21.48999977
1951/6/11,21.61000061
1951/6/12,21.52000046
1951/6/13,21.54999924
1951/6/14,21.84000015
1951/6/15,22.04000092
1951/6/18,22.04999924
1951/6/19,22.02000046
1951/6/20,21.90999985
1951/6/21,21.78000069
1951/6/22,21.54999924
1951/6/25,21.29000092
1951/6/26,21.29999924
1951/6/27,21.37000084
1951/6/28,21.10000038
1951/6/29,20.95999908
1951/7/2,21.10000038
1951/7/3,21.22999954
1951/7/5,21.63999939
1951/7/6,21.63999939
1951/7/9,21.72999954
1951/7/10,21.62999916
1951/7/11,21.68000031
1951/7/12,21.79999924
1951/7/13,21.97999954
1951/7/16,21.72999954
1951/7/17,21.92000008
1951/7/18,21.87999916
1951/7/19,21.84000015
1951/7/20,21.87999916
1951/7/23,22.10000038
1951/7/24,22.44000053
1951/7/25,22.31999969
1951/7/26,22.46999931
1951/7/27,22.53000069
1951/7/30,22.62999916
1951/7/31,22.39999962
1951/8/1,22.51000023
1951/8/2,22.81999969
1951/8/3,22.85000038
1951/8/6,23.01000023
1951/8/7,23.03000069
1951/8/8,22.93000031
1951/8/9,22.84000015
1951/8/10,22.79000092
1951/8/13,22.79999924
1951/8/14,22.70000076
1951/8/15,22.79000092
1951/8/16,22.87000084
1951/8/17,22.94000053
1951/8/20,22.93000031
1951/8/21,22.82999992
1951/8/22,22.75
1951/8/23,22.89999962
1951/8/24,22.87999916
1951/8/27,22.85000038
1951/8/28,22.89999962
1951/8/29,23.07999992
1951/8/30,23.23999977
1951/8/31,23.28000069
1951/9/4,23.28000069
1951/9/5,23.42000008
1951/9/6,23.46999931
1951/9/7,23.53000069
1951/9/10,23.62000084
1951/9/11,23.5
1951/9/12,23.60000038
1951/9/13,23.70999908
1951/9/14,23.69000053
1951/9/17,23.62000084
1951/9/18,23.59000015
1951/9/19,23.59000015
1951/9/20,23.56999969
1951/9/21,23.39999962
1951/9/24,23.29999924
1951/9/25,23.37999916
1951/9/26,23.39999962
1951/9/27,23.27000046
1951/9/28,23.26000023
1951/10/1,23.46999931
1951/10/2,23.63999939
1951/10/3,23.79000092
1951/10/4,23.71999931
1951/10/5,23.78000069
1951/10/8,23.75
1951/10/9,23.64999962
1951/10/10,23.61000061
1951/10/11,23.70000076
1951/10/15,23.85000038
1951/10/16,23.77000046
1951/10/17,23.69000053
1951/10/18,23.67000008
1951/10/19,23.31999969
1951/10/22,22.75
1951/10/23,22.84000015
1951/10/24,23.03000069
1951/10/25,22.95999908
1951/10/26,22.80999947
1951/10/29,22.69000053
1951/10/30,22.65999985
1951/10/31,22.94000053
1951/11/1,23.10000038
1951/11/2,22.93000031
1951/11/5,22.81999969
1951/11/7,22.48999977
1951/11/8,22.46999931
1951/11/9,22.75
1951/11/13,22.79000092
1951/11/14,22.85000038
1951/11/15,22.84000015
1951/11/16,22.81999969
1951/11/19,22.72999954
1951/11/20,22.68000031
1951/11/21,22.63999939
1951/11/23,22.39999962
1951/11/26,22.43000031
1951/11/27,22.65999985
1951/11/28,22.61000061
1951/11/29,22.67000008
1951/11/30,22.87999916
1951/12/3,23.01000023
1951/12/4,23.13999939
1951/12/5,23.06999969
1951/12/6,23.34000015
1951/12/7,23.37999916
1951/12/10,23.42000008
1951/12/11,23.29999924
1951/12/12,23.37000084
1951/12/13,23.38999939
1951/12/14,23.37000084
1951/12/17,23.40999985
1951/12/18,23.48999977
1951/12/19,23.56999969
1951/12/20,23.56999969
1951/12/21,23.51000023
1951/12/24,23.54000092
1951/12/26,23.44000053
1951/12/27,23.64999962
1951/12/28,23.69000053
1951/12/31,23.77000046
1952/1/2,23.79999924
1952/1/3,23.87999916
1952/1/4,23.92000008
1952/1/7,23.90999985
1952/1/8,23.81999969
1952/1/9,23.73999977
1952/1/10,23.86000061
1952/1/11,23.97999954
1952/1/14,24.15999985
1952/1/15,24.05999947
1952/1/16,24.09000015
1952/1/17,24.20000076
1952/1/18,24.25
1952/1/21,24.45999908
1952/1/22,24.65999985
1952/1/23,24.54000092
1952/1/24,24.55999947
1952/1/25,24.54999924
1952/1/28,24.61000061
1952/1/29,24.56999969
1952/1/30,24.22999954
1952/1/31,24.13999939
1952/2/1,24.29999924
1952/2/4,24.12000084
1952/2/5,24.11000061
1952/2/6,24.18000031
1952/2/7,24.11000061
1952/2/8,24.23999977
1952/2/11,24.11000061
1952/2/13,23.92000008
1952/2/14,23.87000084
1952/2/15,23.86000061
1952/2/18,23.73999977
1952/2/19,23.36000061
1952/2/20,23.09000015
1952/2/21,23.15999985
1952/2/25,23.22999954
1952/2/26,23.14999962
1952/2/27,23.18000031
1952/2/28,23.29000092
1952/2/29,23.26000023
1952/3/3,23.29000092
1952/3/4,23.68000031
1952/3/5,23.70999908
1952/3/6,23.69000053
1952/3/7,23.71999931
1952/3/10,23.60000038
1952/3/11,23.62000084
1952/3/12,23.72999954
1952/3/13,23.75
1952/3/14,23.75
1952/3/17,23.92000008
1952/3/18,23.87000084
1952/3/19,23.81999969
1952/3/20,23.88999939
1952/3/21,23.93000031
1952/3/24,23.93000031
1952/3/25,23.79000092
1952/3/26,23.78000069
1952/3/27,23.98999977
1952/3/28,24.18000031
1952/3/31,24.37000084
1952/4/1,24.18000031
1952/4/2,24.12000084
1952/4/3,24.12000084
1952/4/4,24.02000046
1952/4/7,23.79999924
1952/4/8,23.90999985
1952/4/9,23.94000053
1952/4/10,24.11000061
1952/4/14,23.95000076
1952/4/15,23.64999962
1952/4/16,23.57999992
1952/4/17,23.40999985
1952/4/18,23.5
1952/4/21,23.69000053
1952/4/22,23.57999992
1952/4/23,23.47999954
1952/4/24,23.43000031
1952/4/25,23.54000092
1952/4/28,23.54999924
1952/4/29,23.48999977
1952/4/30,23.31999969
1952/5/1,23.17000008
1952/5/2,23.55999947
1952/5/5,23.65999985
1952/5/6,23.67000008
1952/5/7,23.80999947
1952/5/8,23.86000061
1952/5/9,23.84000015
1952/5/12,23.75
1952/5/13,23.78000069
1952/5/14,23.68000031
1952/5/15,23.60000038
1952/5/16,23.55999947
1952/5/19,23.61000061
1952/5/20,23.73999977
1952/5/21,23.78000069
1952/5/22,23.90999985
1952/5/23,23.88999939
1952/5/26,23.94000053
1952/5/27,23.87999916
1952/5/28,23.84000015
1952/5/29,23.86000061
1952/6/2,23.79999924
1952/6/3,23.78000069
1952/6/4,23.95000076
1952/6/5,24.10000038
1952/6/6,24.26000023
1952/6/9,24.37000084
1952/6/10,24.22999954
1952/6/11,24.30999947
1952/6/12,24.30999947
1952/6/13,24.37000084
1952/6/16,24.29999924
1952/6/17,24.32999992
1952/6/18,24.43000031
1952/6/19,24.51000023
1952/6/20,24.59000015
1952/6/23,24.55999947
1952/6/24,24.60000038
1952/6/25,24.65999985
1952/6/26,24.75
1952/6/27,24.82999992
1952/6/30,24.95999908
1952/7/1,25.12000084
1952/7/2,25.05999947
1952/7/3,25.04999924
1952/7/7,24.96999931
1952/7/8,24.95999908
1952/7/9,24.86000061
1952/7/10,24.80999947
1952/7/11,24.97999954
1952/7/14,25.03000069
1952/7/15,25.15999985
1952/7/16,25.15999985
1952/7/17,25.04999924
1952/7/18,24.85000038
1952/7/21,24.95000076
1952/7/22,25
1952/7/23,25.11000061
1952/7/24,25.23999977
1952/7/25,25.15999985
1952/7/28,25.20000076
1952/7/29,25.26000023
1952/7/30,25.37000084
1952/7/31,25.39999962
1952/8/1,25.45000076
1952/8/4,25.43000031
1952/8/5,25.45999908
1952/8/6,25.44000053
1952/8/7,25.52000046
1952/8/8,25.54999924
1952/8/11,25.52000046
1952/8/12,25.30999947
1952/8/13,25.28000069
1952/8/14,25.28000069
1952/8/15,25.20000076
1952/8/18,24.94000053
1952/8/19,24.88999939
1952/8/20,24.95000076
1952/8/21,24.97999954
1952/8/22,24.98999977
1952/8/25,24.87000084
1952/8/26,24.82999992
1952/8/27,24.94000053
1952/8/28,24.96999931
1952/8/29,25.03000069
1952/9/2,25.14999962
1952/9/3,25.25
1952/9/4,25.23999977
1952/9/5,25.20999908
1952/9/8,25.11000061
1952/9/9,24.86000061
1952/9/10,24.69000053
1952/9/11,24.71999931
1952/9/12,24.70999908
1952/9/15,24.45000076
1952/9/16,24.53000069
1952/9/17,24.57999992
1952/9/18,24.51000023
1952/9/19,24.56999969
1952/9/22,24.59000015
1952/9/23,24.70000076
1952/9/24,24.79000092
1952/9/25,24.80999947
1952/9/26,24.72999954
1952/9/29,24.68000031
1952/9/30,24.54000092
1952/10/1,24.47999954
1952/10/2,24.52000046
1952/10/3,24.5
1952/10/6,24.44000053
1952/10/7,24.39999962
1952/10/8,24.57999992
1952/10/9,24.56999969
1952/10/10,24.54999924
1952/10/14,24.47999954
1952/10/15,24.05999947
1952/10/16,23.90999985
1952/10/17,24.20000076
1952/10/20,24.12999916
1952/10/21,24.06999969
1952/10/22,23.79999924
1952/10/23,23.87000084
1952/10/24,24.03000069
1952/10/27,24.09000015
1952/10/28,24.12999916
1952/10/29,24.14999962
1952/10/30,24.14999962
1952/10/31,24.52000046
1952/11/3,24.60000038
1952/11/5,24.67000008
1952/11/6,24.77000046
1952/11/7,24.78000069
1952/11/10,24.77000046
1952/11/12,24.64999962
1952/11/13,24.70999908
1952/11/14,24.75
1952/11/17,24.79999924
1952/11/18,25.15999985
1952/11/19,25.32999992
1952/11/20,25.28000069
1952/11/21,25.27000046
1952/11/24,25.42000008
1952/11/25,25.36000061
1952/11/26,25.52000046
1952/11/28,25.65999985
1952/12/1,25.68000031
1952/12/2,25.73999977
1952/12/3,25.70999908
1952/12/4,25.61000061
1952/12/5,25.62000084
1952/12/8,25.76000023
1952/12/9,25.93000031
1952/12/10,25.97999954
1952/12/11,25.95999908
1952/12/12,26.04000092
1952/12/15,26.04000092
1952/12/16,26.06999969
1952/12/17,26.04000092
1952/12/18,26.03000069
1952/12/19,26.14999962
1952/12/22,26.29999924
1952/12/23,26.19000053
1952/12/24,26.20999908
1952/12/26,26.25
1952/12/29,26.39999962
1952/12/30,26.59000015
1952/12/31,26.56999969
1953/1/2,26.54000092
1953/1/5,26.65999985
1953/1/6,26.47999954
1953/1/7,26.37000084
1953/1/8,26.32999992
1953/1/9,26.07999992
1953/1/12,25.86000061
1953/1/13,26.02000046
1953/1/14,26.07999992
1953/1/15,26.12999916
1953/1/16,26.02000046
1953/1/19,26.01000023
1953/1/20,26.13999939
1953/1/21,26.09000015
1953/1/22,26.12000084
1953/1/23,26.06999969
1953/1/26,26.02000046
1953/1/27,26.04999924
1953/1/28,26.12999916
1953/1/29,26.20000076
1953/1/30,26.37999916
1953/2/2,26.51000023
1953/2/3,26.54000092
1953/2/4,26.42000008
1953/2/5,26.14999962
1953/2/6,26.51000023
1953/2/9,25.69000053
1953/2/10,25.62000084
1953/2/11,25.63999939
1953/2/13,25.73999977
1953/2/16,25.64999962
1953/2/17,25.5
1953/2/18,25.47999954
1953/2/19,25.56999969
1953/2/20,25.62999916
1953/2/24,25.75
1953/2/25,25.90999985
1953/2/26,25.95000076
1953/2/27,25.89999962
1953/3/2,25.93000031
1953/3/3,26
1953/3/4,25.78000069
1953/3/5,25.79000092
1953/3/6,25.84000015
1953/3/9,25.82999992
1953/3/10,25.90999985
1953/3/11,26.12000084
1953/3/12,26.12999916
1953/3/13,26.18000031
1953/3/16,26.21999931
1953/3/17,26.32999992
1953/3/18,26.23999977
1953/3/19,26.21999931
1953/3/20,26.18000031
1953/3/23,26.02000046
1953/3/24,26.17000008
1953/3/25,26.10000038
1953/3/26,25.95000076
1953/3/27,25.98999977
1953/3/30,25.61000061
1953/3/31,25.29000092
1953/4/1,25.25
1953/4/2,25.22999954
1953/4/6,24.61000061
1953/4/7,24.70999908
1953/4/8,24.93000031
1953/4/9,24.87999916
1953/4/10,24.81999969
1953/4/13,24.77000046
1953/4/14,24.86000061
1953/4/15,24.95999908
1953/4/16,24.90999985
1953/4/17,24.62000084
1953/4/20,24.72999954
1953/4/21,24.67000008
1953/4/22,24.45999908
1953/4/23,24.19000053
1953/4/24,24.20000076
1953/4/27,24.34000015
1953/4/28,24.52000046
1953/4/29,24.68000031
1953/4/30,24.62000084
1953/5/1,24.72999954
1953/5/4,25
1953/5/5,25.03000069
1953/5/6,25
1953/5/7,24.89999962
1953/5/8,24.89999962
1953/5/11,24.90999985
1953/5/12,24.73999977
1953/5/13,24.70999908
1953/5/14,24.85000038
1953/5/15,24.84000015
1953/5/18,24.75
1953/5/19,24.70000076
1953/5/20,24.93000031
1953/5/21,25.05999947
1953/5/22,25.03000069
1953/5/25,24.98999977
1953/5/26,24.87000084
1953/5/27,24.63999939
1953/5/28,24.45999908
1953/5/29,24.54000092
1953/6/1,24.14999962
1953/6/2,24.21999931
1953/6/3,24.18000031
1953/6/4,24.03000069
1953/6/5,24.09000015
1953/6/8,24.01000023
1953/6/9,23.60000038
1953/6/10,23.54000092
1953/6/11,23.75
1953/6/12,23.81999969
1953/6/15,23.62000084
1953/6/16,23.54999924
1953/6/17,23.85000038
1953/6/18,23.84000015
1953/6/19,23.84000015
1953/6/22,23.95999908
1953/6/23,24.12000084
1953/6/24,24.09000015
1953/6/25,24.19000053
1953/6/26,24.20999908
1953/6/29,24.13999939
1953/6/30,24.13999939
1953/7/1,24.23999977
1953/7/2,24.30999947
1953/7/3,24.36000061
1953/7/6,24.37999916
1953/7/7,24.51000023
1953/7/8,24.5
1953/7/9,24.43000031
1953/7/10,24.40999985
1953/7/13,24.17000008
1953/7/14,24.07999992
1953/7/15,24.14999962
1953/7/16,24.18000031
1953/7/17,24.35000038
1953/7/20,24.21999931
1953/7/21,24.15999985
1953/7/22,24.19000053
1953/7/23,24.22999954
1953/7/24,24.22999954
1953/7/27,24.06999969
1953/7/28,24.11000061
1953/7/29,24.26000023
1953/7/30,24.48999977
1953/7/31,24.75
1953/8/3,24.84000015
1953/8/4,24.78000069
1953/8/5,24.68000031
1953/8/6,24.79999924
1953/8/7,24.78000069
1953/8/10,24.75
1953/8/11,24.71999931
1953/8/12,24.78000069
1953/8/13,24.72999954
1953/8/14,24.62000084
1953/8/17,24.55999947
1953/8/18,24.45999908
1953/8/19,24.30999947
1953/8/20,24.29000092
1953/8/21,24.35000038
1953/8/24,24.09000015
1953/8/25,23.93000031
1953/8/26,23.86000061
1953/8/27,23.79000092
1953/8/28,23.73999977
1953/8/31,23.31999969
1953/9/1,23.42000008
1953/9/2,23.55999947
1953/9/3,23.51000023
1953/9/4,23.56999969
1953/9/8,23.61000061
1953/9/9,23.64999962
1953/9/10,23.40999985
1953/9/11,23.13999939
1953/9/14,22.70999908
1953/9/15,22.89999962
1953/9/16,23.01000023
1953/9/17,23.06999969
1953/9/18,22.95000076
1953/9/21,22.87999916
1953/9/22,23.20000076
1953/9/23,23.22999954
1953/9/24,23.23999977
1953/9/25,23.29999924
1953/9/28,23.45000076
1953/9/29,23.48999977
1953/9/30,23.35000038
1953/10/1,23.48999977
1953/10/2,23.59000015
1953/10/5,23.47999954
1953/10/6,23.38999939
1953/10/7,23.57999992
1953/10/8,23.62000084
1953/10/9,23.65999985
1953/10/13,23.56999969
1953/10/14,23.68000031
1953/10/15,23.95000076
1953/10/16,24.13999939
1953/10/19,24.15999985
1953/10/20,24.17000008
1953/10/21,24.19000053
1953/10/22,24.29999924
1953/10/23,24.35000038
1953/10/26,24.30999947
1953/10/27,24.26000023
1953/10/28,24.29000092
1953/10/29,24.57999992
1953/10/30,24.54000092
1953/11/2,24.65999985
1953/11/4,24.51000023
1953/11/5,24.63999939
1953/11/6,24.61000061
1953/11/9,24.65999985
1953/11/10,24.37000084
1953/11/12,24.45999908
1953/11/13,24.54000092
1953/11/16,24.37999916
1953/11/17,24.25
1953/11/18,24.29000092
1953/11/19,24.39999962
1953/11/20,24.44000053
1953/11/23,24.36000061
1953/11/24,24.5
1953/11/25,24.52000046
1953/11/27,24.65999985
1953/11/30,24.76000023
1953/12/1,24.78000069
1953/12/2,24.95000076
1953/12/3,24.96999931
1953/12/4,24.97999954
1953/12/7,24.95000076
1953/12/8,24.87000084
1953/12/9,24.84000015
1953/12/10,24.78000069
1953/12/11,24.76000023
1953/12/14,24.69000053
1953/12/15,24.70999908
1953/12/16,24.95999908
1953/12/17,24.94000053
1953/12/18,24.98999977
1953/12/21,24.95000076
1953/12/22,24.76000023
1953/12/23,24.69000053
1953/12/24,24.79999924
1953/12/28,24.70999908
1953/12/29,24.54999924
1953/12/30,24.76000023
1953/12/31,24.80999947
1954/1/4,24.95000076
1954/1/5,25.10000038
1954/1/6,25.13999939
1954/1/7,25.05999947
1954/1/8,24.93000031
1954/1/11,24.79999924
1954/1/12,24.93000031
1954/1/13,25.06999969
1954/1/14,25.19000053
1954/1/15,25.43000031
1954/1/18,25.43000031
1954/1/19,25.68000031
1954/1/20,25.75
1954/1/21,25.79000092
1954/1/22,25.85000038
1954/1/25,25.93000031
1954/1/26,26.09000015
1954/1/27,26.01000023
1954/1/28,26.02000046
1954/1/29,26.07999992
1954/2/1,25.98999977
1954/2/2,25.92000008
1954/2/3,26.01000023
1954/2/4,26.20000076
1954/2/5,26.29999924
1954/2/8,26.22999954
1954/2/9,26.17000008
1954/2/10,26.13999939
1954/2/11,26.05999947
1954/2/12,26.12000084
1954/2/15,26.04000092
1954/2/16,25.80999947
1954/2/17,25.86000061
1954/2/18,25.86000061
1954/2/19,25.92000008
1954/2/23,25.82999992
1954/2/24,25.82999992
1954/2/25,25.90999985
1954/2/26,26.14999962
1954/3/1,26.25
1954/3/2,26.31999969
1954/3/3,26.31999969
1954/3/4,26.40999985
1954/3/5,26.52000046
1954/3/8,26.45000076
1954/3/9,26.51000023
1954/3/10,26.56999969
1954/3/11,26.69000053
1954/3/12,26.69000053
1954/3/15,26.56999969
1954/3/16,26.55999947
1954/3/17,26.62000084
1954/3/18,26.72999954
1954/3/19,26.80999947
1954/3/22,26.79000092
1954/3/23,26.60000038
1954/3/24,26.46999931
1954/3/25,26.42000008
1954/3/26,26.55999947
1954/3/29,26.65999985
1954/3/30,26.69000053
1954/3/31,26.94000053
1954/4/1,27.17000008
1954/4/2,27.20999908
1954/4/5,27.26000023
1954/4/6,27.01000023
1954/4/7,27.11000061
1954/4/8,27.37999916
1954/4/9,27.37999916
1954/4/12,27.56999969
1954/4/13,27.63999939
1954/4/14,27.85000038
1954/4/15,27.94000053
1954/4/19,27.76000023
1954/4/20,27.75
1954/4/21,27.63999939
1954/4/22,27.68000031
1954/4/23,27.78000069
1954/4/26,27.87999916
1954/4/27,27.70999908
1954/4/28,27.76000023
1954/4/29,28.18000031
1954/4/30,28.26000023
1954/5/3,28.20999908
1954/5/4,28.28000069
1954/5/5,28.29000092
1954/5/6,28.51000023
1954/5/7,28.64999962
1954/5/10,28.62000084
1954/5/11,28.48999977
1954/5/12,28.71999931
1954/5/13,28.55999947
1954/5/14,28.79999924
1954/5/17,28.84000015
1954/5/18,28.85000038
1954/5/19,28.71999931
1954/5/20,28.81999969
1954/5/21,28.98999977
1954/5/24,29
1954/5/25,28.93000031
1954/5/26,29.17000008
1954/5/27,29.04999924
1954/5/28,29.19000053
1954/6/1,29.19000053
1954/6/2,29.15999985
1954/6/3,29.14999962
1954/6/4,29.10000038
1954/6/7,28.98999977
1954/6/8,28.34000015
1954/6/9,28.14999962
1954/6/10,28.34000015
1954/6/11,28.57999992
1954/6/14,28.62000084
1954/6/15,28.82999992
1954/6/16,29.04000092
1954/6/17,28.95999908
1954/6/18,29.04000092
1954/6/21,29.05999947
1954/6/22,29.07999992
1954/6/23,29.12999916
1954/6/24,29.26000023
1954/6/25,29.20000076
1954/6/28,29.28000069
1954/6/29,29.43000031
1954/6/30,29.20999908
1954/7/1,29.20999908
1954/7/2,29.59000015
1954/7/6,29.92000008
1954/7/7,29.94000053
1954/7/8,29.94000053
1954/7/9,30.13999939
1954/7/12,30.12000084
1954/7/13,30.02000046
1954/7/14,30.09000015
1954/7/15,30.19000053
1954/7/16,30.05999947
1954/7/19,29.97999954
1954/7/20,29.84000015
1954/7/21,30.03000069
1954/7/22,30.27000046
1954/7/23,30.30999947
1954/7/26,30.34000015
1954/7/27,30.52000046
1954/7/28,30.57999992
1954/7/29,30.69000053
1954/7/30,30.87999916
1954/8/2,30.98999977
1954/8/3,30.93000031
1954/8/4,30.89999962
1954/8/5,30.77000046
1954/8/6,30.37999916
1954/8/9,30.12000084
1954/8/10,30.37000084
1954/8/11,30.71999931
1954/8/12,30.59000015
1954/8/13,30.71999931
1954/8/16,31.04999924
1954/8/17,31.12000084
1954/8/18,31.09000015
1954/8/19,31.15999985
1954/8/20,31.20999908
1954/8/23,31
1954/8/24,30.87000084
1954/8/25,30.64999962
1954/8/26,30.56999969
1954/8/27,30.65999985
1954/8/30,30.35000038
1954/8/31,29.82999992
1954/9/1,30.04000092
1954/9/2,30.27000046
1954/9/3,30.5
1954/9/7,30.65999985
1954/9/8,30.68000031
1954/9/9,30.72999954
1954/9/10,30.84000015
1954/9/13,31.12000084
1954/9/14,31.28000069
1954/9/15,31.29000092
1954/9/16,31.45999908
1954/9/17,31.70999908
1954/9/20,31.56999969
1954/9/21,31.79000092
1954/9/22,32
1954/9/23,32.18000031
1954/9/24,32.40000153
1954/9/27,32.52999878
1954/9/28,32.68999863
1954/9/29,32.5
1954/9/30,32.31000137
1954/10/1,32.29000092
1954/10/4,32.47000122
1954/10/5,32.63000107
1954/10/6,32.75999832
1954/10/7,32.68999863
1954/10/8,32.66999817
1954/10/11,32.40999985
1954/10/12,32.27999878
1954/10/13,32.27000046
1954/10/14,31.87999916
1954/10/15,31.70999908
1954/10/18,31.82999992
1954/10/19,31.90999985
1954/10/20,32.16999817
1954/10/21,32.13000107
1954/10/22,32.13000107
1954/10/25,31.95999908
1954/10/26,31.94000053
1954/10/27,32.02000046
1954/10/28,31.87999916
1954/10/29,31.68000031
1954/11/1,31.79000092
1954/11/3,32.43999863
1954/11/4,32.81999969
1954/11/5,32.70999908
1954/11/8,33.02000046
1954/11/9,33.15000153
1954/11/10,33.18000031
1954/11/11,33.47000122
1954/11/12,33.54000092
1954/11/15,33.47000122
1954/11/16,33.56999969
1954/11/17,33.63000107
1954/11/18,33.43999863
1954/11/19,33.45000076
1954/11/22,33.58000183
1954/11/23,34.02999878
1954/11/24,34.22000122
1954/11/26,34.54999924
1954/11/29,34.54000092
1954/11/30,34.24000168
1954/12/1,33.99000168
1954/12/2,34.18000031
1954/12/3,34.49000168
1954/12/6,34.75999832
1954/12/7,34.91999817
1954/12/8,34.86000061
1954/12/9,34.68999863
1954/12/10,34.56000137
1954/12/13,34.59000015
1954/12/14,34.34999847
1954/12/15,34.56000137
1954/12/16,34.93000031
1954/12/17,35.91999817
1954/12/20,35.33000183
1954/12/21,35.38000107
1954/12/22,35.34000015
1954/12/23,35.36999893
1954/12/27,35.06999969
1954/12/28,35.43000031
1954/12/29,35.74000168
1954/12/30,35.74000168
1954/12/31,35.97999954
1955/1/3,36.75
1955/1/4,36.41999817
1955/1/5,35.52000046
1955/1/6,35.04000092
1955/1/7,35.33000183
1955/1/10,35.79000092
1955/1/11,35.68000031
1955/1/12,35.58000183
1955/1/13,35.43000031
1955/1/14,35.27999878
1955/1/17,34.58000183
1955/1/18,34.79999924
1955/1/19,34.95999908
1955/1/20,35.13000107
1955/1/21,35.43999863
1955/1/24,35.52000046
1955/1/25,35.50999832
1955/1/26,35.95000076
1955/1/27,35.99000168
1955/1/28,36.18999863
1955/1/31,36.63000107
1955/2/1,36.72000122
1955/2/2,36.61000061
1955/2/3,36.43999863
1955/2/4,36.95999908
1955/2/7,36.95999908
1955/2/8,36.45999908
1955/2/9,36.75
1955/2/10,37.08000183
1955/2/11,37.15000153
1955/2/14,36.88999939
1955/2/15,36.88999939
1955/2/16,36.77000046
1955/2/17,36.84000015
1955/2/18,36.88999939
1955/2/21,36.84999847
1955/2/23,36.81999969
1955/2/24,36.61999893
1955/2/25,36.56999969
1955/2/28,36.75999832
1955/3/1,36.83000183
1955/3/2,37.15000153
1955/3/3,37.29000092
1955/3/4,37.52000046
1955/3/7,37.27999878
1955/3/8,36.58000183
1955/3/9,36.22000122
1955/3/10,36.45000076
1955/3/11,35.81999969
1955/3/14,34.95999908
1955/3/15,35.70999908
1955/3/16,35.97999954
1955/3/17,36.11999893
1955/3/18,36.18000031
1955/3/21,35.95000076
1955/3/22,36.16999817
1955/3/23,36.63999939
1955/3/24,36.93000031
1955/3/25,36.95999908
1955/3/28,36.83000183
1955/3/29,36.84999847
1955/3/30,36.52000046
1955/3/31,36.58000183
1955/4/1,36.95000076
1955/4/4,36.83000183
1955/4/5,36.97999954
1955/4/6,37.16999817
1955/4/7,37.34000015
1955/4/11,37.43999863
1955/4/12,37.65999985
1955/4/13,37.70999908
1955/4/14,37.79000092
1955/4/15,37.95999908
1955/4/18,38.27000046
1955/4/19,38.22000122
1955/4/20,38.27999878
1955/4/21,38.31999969
1955/4/22,38.00999832
1955/4/25,38.11000061
1955/4/26,38.31000137
1955/4/27,38.11000061
1955/4/28,37.68000031
1955/4/29,37.95999908
1955/5/2,38.04000092
1955/5/3,37.70000076
1955/5/4,37.63999939
1955/5/5,37.81999969
1955/5/6,37.88999939
1955/5/9,37.93000031
1955/5/10,37.84999847
1955/5/11,37.41999817
1955/5/12,37.20000076
1955/5/13,37.43999863
1955/5/16,37.02000046
1955/5/17,36.97000122
1955/5/18,37.27999878
1955/5/19,37.49000168
1955/5/20,37.74000168
1955/5/23,37.47999954
1955/5/24,37.45999908
1955/5/25,37.59999847
1955/5/26,37.84999847
1955/5/27,37.93000031
1955/5/31,37.90999985
1955/6/1,37.95999908
1955/6/2,38.00999832
1955/6/3,38.36999893
1955/6/6,39.68999863
1955/6/7,39.95999908
1955/6/8,39.22000122
1955/6/9,39.00999832
1955/6/10,39.25
1955/6/13,39.61999893
1955/6/14,39.66999817
1955/6/15,39.88999939
1955/6/16,39.95999908
1955/6/17,40.09999847
1955/6/20,40.13999939
1955/6/21,40.50999832
1955/6/22,40.59999847
1955/6/23,40.75
1955/6/24,40.95999908
1955/6/27,40.99000168
1955/6/28,40.77000046
1955/6/29,40.79000092
1955/6/30,41.02999878
1955/7/1,41.18999863
1955/7/5,41.68999863
1955/7/6,43.18000031
1955/7/7,42.58000183
1955/7/8,42.63999939
1955/7/11,42.75
1955/7/12,42.75
1955/7/13,42.24000168
1955/7/14,42.25
1955/7/15,42.40000153
1955/7/18,42.36000061
1955/7/19,42.09999847
1955/7/20,42.22999954
1955/7/21,42.63999939
1955/7/22,43
1955/7/25,43.47999954
1955/7/26,43.58000183
1955/7/27,43.75999832
1955/7/28,43.5
1955/7/29,43.52000046
1955/8/1,42.93000031
1955/8/2,43.02999878
1955/8/3,43.09000015
1955/8/4,42.36000061
1955/8/5,42.56000137
1955/8/8,42.31000137
1955/8/9,41.75
1955/8/10,41.74000168
1955/8/11,42.13000107
1955/8/12,42.20999908
1955/8/15,42.16999817
1955/8/16,41.86000061
1955/8/17,41.90000153
1955/8/18,41.84000015
1955/8/19,42.02000046
1955/8/22,41.97999954
1955/8/23,42.54999924
1955/8/24,42.61000061
1955/8/25,42.79999924
1955/8/26,42.99000168
1955/8/29,42.95999908
1955/8/30,42.91999817
1955/8/31,43.18000031
1955/9/1,43.36999893
1955/9/2,43.59999847
1955/9/6,43.86000061
1955/9/7,43.84999847
1955/9/8,43.88000107
1955/9/9,43.88999939
1955/9/12,44.18999863
1955/9/13,44.79999924
1955/9/14,44.99000168
1955/9/15,44.75
1955/9/16,45.09000015
1955/9/19,45.15999985
1955/9/20,45.13000107
1955/9/21,45.38999939
1955/9/22,45.38999939
1955/9/23,45.63000107
1955/9/26,42.61000061
1955/9/27,43.58000183
1955/9/28,44.31000137
1955/9/29,44.02999878
1955/9/30,43.66999817
1955/10/3,42.49000168
1955/10/4,42.81999969
1955/10/5,42.99000168
1955/10/6,42.70000076
1955/10/7,42.38000107
1955/10/10,41.15000153
1955/10/11,40.79999924
1955/10/12,41.52000046
1955/10/13,41.38999939
1955/10/14,41.22000122
1955/10/17,41.34999847
1955/10/18,41.65000153
1955/10/19,42.06999969
1955/10/20,42.59000015
1955/10/21,42.59000015
1955/10/24,42.90999985
1955/10/25,42.63000107
1955/10/26,42.29000092
1955/10/27,42.34000015
1955/10/28,42.36999893
1955/10/31,42.34000015
1955/11/1,42.27999878
1955/11/2,42.34999847
1955/11/3,43.24000168
1955/11/4,43.95999908
1955/11/7,44.15000153
1955/11/9,44.61000061
1955/11/10,44.72000122
1955/11/11,45.24000168
1955/11/14,46.40999985
1955/11/15,46.20999908
1955/11/16,45.90999985
1955/11/17,45.59000015
1955/11/18,45.54000092
1955/11/21,45.22000122
1955/11/22,45.65999985
1955/11/23,45.72000122
1955/11/25,45.68000031
1955/11/28,45.38000107
1955/11/29,45.56000137
1955/11/30,45.50999832
1955/12/1,45.34999847
1955/12/2,45.43999863
1955/12/5,45.70000076
1955/12/6,45.70000076
1955/12/7,45.54999924
1955/12/8,45.81999969
1955/12/9,45.88999939
1955/12/12,45.41999817
1955/12/13,45.45000076
1955/12/14,45.06999969
1955/12/15,45.06000137
1955/12/16,45.13000107
1955/12/19,45.02000046
1955/12/20,44.95000076
1955/12/21,45.84000015
1955/12/22,45.40999985
1955/12/23,45.5
1955/12/27,45.22000122
1955/12/28,45.04999924
1955/12/29,45.15000153
1955/12/30,45.47999954
1956/1/3,45.15999985
1956/1/4,45
1956/1/5,44.95000076
1956/1/6,45.13999939
1956/1/9,44.50999832
1956/1/10,44.15999985
1956/1/11,44.38000107
1956/1/12,44.75
1956/1/13,44.66999817
1956/1/16,44.13999939
1956/1/17,44.47000122
1956/1/18,44.16999817
1956/1/19,43.72000122
1956/1/20,43.22000122
1956/1/23,43.11000061
1956/1/24,43.65000153
1956/1/25,43.72000122
1956/1/26,43.45999908
1956/1/27,43.34999847
1956/1/30,43.5
1956/1/31,43.81999969
1956/2/1,44.02999878
1956/2/2,44.22000122
1956/2/3,44.77999878
1956/2/6,44.81000137
1956/2/7,44.59999847
1956/2/8,44.15999985
1956/2/9,43.65999985
1956/2/10,43.63999939
1956/2/13,43.58000183
1956/2/14,43.41999817
1956/2/15,44.04000092
1956/2/16,43.81999969
1956/2/17,44.52000046
1956/2/20,44.45000076
1956/2/21,44.56000137
1956/2/23,44.95000076
1956/2/24,45.31999969
1956/2/27,45.27000046
1956/2/28,45.43000031
1956/2/29,45.34000015
1956/3/1,45.54000092
1956/3/2,45.81000137
1956/3/5,46.06000137
1956/3/6,46.04000092
1956/3/7,46.00999832
1956/3/8,46.11999893
1956/3/9,46.70000076
1956/3/12,47.13000107
1956/3/13,47.06000137
1956/3/14,47.52999878
1956/3/15,47.99000168
1956/3/16,48.13999939
1956/3/19,48.59000015
1956/3/20,48.86999893
1956/3/21,48.22999954
1956/3/22,48.72000122
1956/3/23,48.83000183
1956/3/26,48.61999893
1956/3/27,48.25
1956/3/28,48.50999832
1956/3/29,48.47999954
1956/4/2,48.70000076
1956/4/3,48.52999878
1956/4/4,48.79999924
1956/4/5,48.56999969
1956/4/6,48.84999847
1956/4/9,48.61000061
1956/4/10,47.93000031
1956/4/11,48.31000137
1956/4/12,48.02000046
1956/4/13,47.95000076
1956/4/16,47.95999908
1956/4/17,47.93000031
1956/4/18,47.74000168
1956/4/19,47.56999969
1956/4/20,47.75999832
1956/4/23,47.65000153
1956/4/24,47.25999832
1956/4/25,47.09000015
1956/4/26,47.49000168
1956/4/27,47.99000168
1956/4/30,48.38000107
1956/5/1,48.15999985
1956/5/2,48.16999817
1956/5/3,48.34000015
1956/5/4,48.50999832
1956/5/7,48.22000122
1956/5/8,48.02000046
1956/5/9,47.93999863
1956/5/10,47.15999985
1956/5/11,47.11999893
1956/5/14,46.86000061
1956/5/15,46.36999893
1956/5/16,46.04999924
1956/5/17,46.61000061
1956/5/18,46.38999939
1956/5/21,45.99000168
1956/5/22,45.25999832
1956/5/23,45.02000046
1956/5/24,44.59999847
1956/5/25,44.61999893
1956/5/28,44.09999847
1956/5/29,45.11000061
1956/5/31,45.20000076
1956/6/1,45.58000183
1956/6/4,45.84999847
1956/6/5,45.86000061
1956/6/6,45.63000107
1956/6/7,45.99000168
1956/6/8,45.13999939
1956/6/11,45.70999908
1956/6/12,46.36000061
1956/6/13,46.41999817
1956/6/14,46.31000137
1956/6/15,46.36999893
1956/6/18,46.16999817
1956/6/19,46.22000122
1956/6/20,46.40999985
1956/6/21,46.72999954
1956/6/22,46.59000015
1956/6/25,46.40999985
1956/6/26,46.72000122
1956/6/27,47.06999969
1956/6/28,47.13000107
1956/6/29,46.97000122
1956/7/2,46.93000031
1956/7/3,47.31999969
1956/7/5,47.79999924
1956/7/6,48.04000092
1956/7/9,48.25
1956/7/10,48.54000092
1956/7/11,48.68999863
1956/7/12,48.58000183
1956/7/13,48.72000122
1956/7/16,49.13999939
1956/7/17,49.31000137
1956/7/18,49.29999924
1956/7/19,49.31999969
1956/7/20,49.34999847
1956/7/23,49.33000183
1956/7/24,49.33000183
1956/7/25,49.43999863
1956/7/26,49.47999954
1956/7/27,49.08000183
1956/7/30,49
1956/7/31,49.38999939
1956/8/1,49.61999893
1956/8/2,49.63999939
1956/8/3,49.63999939
1956/8/6,48.95999908
1956/8/7,49.15999985
1956/8/8,49.36000061
1956/8/9,49.31999969
1956/8/10,49.09000015
1956/8/13,48.58000183
1956/8/14,48
1956/8/15,48.99000168
1956/8/16,48.88000107
1956/8/17,48.81999969
1956/8/20,48.25
1956/8/21,47.88999939
1956/8/22,47.41999817
1956/8/23,48
1956/8/24,47.95000076
1956/8/27,47.65999985
1956/8/28,47.56999969
1956/8/29,47.36000061
1956/8/30,46.93999863
1956/8/31,47.50999832
1956/9/4,47.88999939
1956/9/5,48.02000046
1956/9/6,48.09999847
1956/9/7,47.81000137
1956/9/10,47.56000137
1956/9/11,47.38000107
1956/9/12,47.04999924
1956/9/13,46.09000015
1956/9/14,47.20999908
1956/9/17,47.09999847
1956/9/18,46.79000092
1956/9/19,46.24000168
1956/9/20,46.20999908
1956/9/21,46.58000183
1956/9/24,46.40000153
1956/9/25,45.75
1956/9/26,45.81999969
1956/9/27,45.59999847
1956/9/28,45.34999847
1956/10/1,44.70000076
1956/10/2,45.52000046
1956/10/3,46.27999878
1956/10/4,46.29000092
1956/10/5,46.45000076
1956/10/8,46.43000031
1956/10/9,46.20000076
1956/10/10,46.84000015
1956/10/11,46.81000137
1956/10/12,47
1956/10/15,46.86000061
1956/10/16,46.61999893
1956/10/17,46.25999832
1956/10/18,46.34000015
1956/10/19,46.24000168
1956/10/22,46.22999954
1956/10/23,46.11999893
1956/10/24,45.93000031
1956/10/25,45.84999847
1956/10/26,46.27000046
1956/10/29,46.40000153
1956/10/30,46.36999893
1956/10/31,45.58000183
1956/11/1,46.52000046
1956/11/2,46.97999954
1956/11/5,47.59999847
1956/11/7,47.11000061
1956/11/8,46.72999954
1956/11/9,46.34000015
1956/11/12,46.49000168
1956/11/13,46.27000046
1956/11/14,46.00999832
1956/11/15,45.72000122
1956/11/16,45.74000168
1956/11/19,45.29000092
1956/11/20,44.88999939
1956/11/21,44.66999817
1956/11/23,45.13999939
1956/11/26,44.86999893
1956/11/27,44.90999985
1956/11/28,44.43000031
1956/11/29,44.38000107
1956/11/30,45.08000183
1956/12/3,45.97999954
1956/12/4,45.84000015
1956/12/5,46.38999939
1956/12/6,46.81000137
1956/12/7,47.04000092
1956/12/10,46.79999924
1956/12/11,46.47999954
1956/12/12,46.13000107
1956/12/13,46.5
1956/12/14,46.54000092
1956/12/17,46.54000092
1956/12/18,46.54000092
1956/12/19,46.43000031
1956/12/20,46.06999969
1956/12/21,46.36999893
1956/12/26,46.38999939
1956/12/27,46.34999847
1956/12/28,46.56000137
1956/12/31,46.66999817
1957/1/2,46.20000076
1957/1/3,46.59999847
1957/1/4,46.65999985
1957/1/7,46.41999817
1957/1/8,46.25
1957/1/9,46.15999985
1957/1/10,46.27000046
1957/1/11,46.18000031
1957/1/14,45.86000061
1957/1/15,45.18000031
1957/1/16,45.22999954
1957/1/17,45.22000122
1957/1/18,44.63999939
1957/1/21,44.40000153
1957/1/22,44.52999878
1957/1/23,44.86999893
1957/1/24,45.02999878
1957/1/25,44.81999969
1957/1/28,44.49000168
1957/1/29,44.70999908
1957/1/30,44.90999985
1957/1/31,44.72000122
1957/2/1,44.61999893
1957/2/4,44.52999878
1957/2/5,43.88999939
1957/2/6,43.81999969
1957/2/7,43.61999893
1957/2/8,43.31999969
1957/2/11,42.56999969
1957/2/12,42.38999939
1957/2/13,43.04000092
1957/2/14,42.99000168
1957/2/15,43.50999832
1957/2/18,43.45999908
1957/2/19,43.49000168
1957/2/20,43.63000107
1957/2/21,43.47999954
1957/2/25,43.38000107
1957/2/26,43.45000076
1957/2/27,43.40999985
1957/2/28,43.25999832
1957/3/1,43.74000168
1957/3/4,44.06000137
1957/3/5,44.22000122
1957/3/6,44.22999954
1957/3/7,44.20999908
1957/3/8,44.06999969
1957/3/11,43.77999878
1957/3/12,43.75
1957/3/13,44.04000092
1957/3/14,44.06999969
1957/3/15,44.04999924
1957/3/18,43.84999847
1957/3/19,44.04000092
1957/3/20,44.09999847
1957/3/21,44.11000061
1957/3/22,44.06000137
1957/3/25,43.88000107
1957/3/26,43.90999985
1957/3/27,44.09000015
1957/3/28,44.18000031
1957/3/29,44.11000061
1957/4/1,44.13999939
1957/4/2,44.41999817
1957/4/3,44.54000092
1957/4/4,44.43999863
1957/4/5,44.49000168
1957/4/8,44.38999939
1957/4/9,44.79000092
1957/4/10,44.97999954
1957/4/11,44.97999954
1957/4/12,44.97999954
1957/4/15,44.95000076
1957/4/16,45.02000046
1957/4/17,45.08000183
1957/4/18,45.40999985
1957/4/22,45.47999954
1957/4/23,45.65000153
1957/4/24,45.72000122
1957/4/25,45.56000137
1957/4/26,45.5
1957/4/29,45.72999954
1957/4/30,45.74000168
1957/5/1,46.02000046
1957/5/2,46.38999939
1957/5/3,46.34000015
1957/5/6,46.27000046
1957/5/7,46.13000107
1957/5/8,46.31000137
1957/5/9,46.36000061
1957/5/10,46.59000015
1957/5/13,46.88000107
1957/5/14,46.66999817
1957/5/15,46.83000183
1957/5/16,47.02000046
1957/5/17,47.15000153
1957/5/20,47.34999847
1957/5/21,47.33000183
1957/5/22,47.13999939
1957/5/23,47.15000153
1957/5/24,47.20999908
1957/5/27,46.77999878
1957/5/28,46.68999863
1957/5/29,47.11000061
1957/5/31,47.43000031
1957/6/3,47.36999893
1957/6/4,47.27999878
1957/6/5,47.27000046
1957/6/6,47.79999924
1957/6/7,47.84999847
1957/6/10,47.90000153
1957/6/11,47.93999863
1957/6/12,48.04999924
1957/6/13,48.13999939
1957/6/14,48.15000153
1957/6/17,48.24000168
1957/6/18,48.04000092
1957/6/19,47.72000122
1957/6/20,47.43000031
1957/6/21,47.15000153
1957/6/24,46.77999878
1957/6/25,47.15000153
1957/6/26,47.09000015
1957/6/27,47.25999832
1957/6/28,47.36999893
1957/7/1,47.43000031
1957/7/2,47.90000153
1957/7/3,48.45999908
1957/7/5,48.68999863
1957/7/8,48.90000153
1957/7/9,48.90000153
1957/7/10,49
1957/7/11,48.86000061
1957/7/12,49.08000183
1957/7/15,49.13000107
1957/7/16,48.88000107
1957/7/17,48.58000183
1957/7/18,48.52999878
1957/7/19,48.58000183
1957/7/22,48.47000122
1957/7/23,48.56000137
1957/7/24,48.61000061
1957/7/25,48.61000061
1957/7/26,48.45000076
1957/7/29,47.91999817
1957/7/30,47.91999817
1957/7/31,47.90999985
1957/8/1,47.79000092
1957/8/2,47.68000031
1957/8/5,47.25999832
1957/8/6,46.66999817
1957/8/7,47.02999878
1957/8/8,46.90000153
1957/8/9,46.91999817
1957/8/12,46.33000183
1957/8/13,46.29999924
1957/8/14,45.72999954
1957/8/15,45.75
1957/8/16,45.83000183
1957/8/19,44.90999985
1957/8/20,45.29000092
1957/8/21,45.49000168
1957/8/22,45.15999985
1957/8/23,44.50999832
1957/8/26,43.88999939
1957/8/27,44.61000061
1957/8/28,44.63999939
1957/8/29,44.45999908
1957/8/30,45.22000122
1957/9/3,45.43999863
1957/9/4,45.04999924
1957/9/5,44.81999969
1957/9/6,44.68000031
1957/9/9,44.27999878
1957/9/10,43.86999893
1957/9/11,44.25999832
1957/9/12,44.81999969
1957/9/13,44.79999924
1957/9/16,44.58000183
1957/9/17,44.63999939
1957/9/18,44.68999863
1957/9/19,44.40000153
1957/9/20,43.68999863
1957/9/23,42.68999863
1957/9/24,42.97999954
1957/9/25,42.97999954
1957/9/26,42.56999969
1957/9/27,42.54999924
1957/9/30,42.41999817
1957/10/1,42.75999832
1957/10/2,43.09999847
1957/10/3,43.13999939
1957/10/4,42.79000092
1957/10/7,42.22000122
1957/10/8,41.95000076
1957/10/9,41.99000168
1957/10/10,40.95999908
1957/10/11,40.93999863
1957/10/14,41.24000168
1957/10/15,41.66999817
1957/10/16,41.33000183
1957/10/17,40.65000153
1957/10/18,40.33000183
1957/10/21,39.15000153
1957/10/22,38.97999954
1957/10/23,40.72999954
1957/10/24,40.70999908
1957/10/25,40.59000015
1957/10/28,40.41999817
1957/10/29,40.68999863
1957/10/30,41.02000046
1957/10/31,41.06000137
1957/11/1,40.43999863
1957/11/4,40.36999893
1957/11/6,40.43000031
1957/11/7,40.66999817
1957/11/8,40.18999863
1957/11/11,40.18000031
1957/11/12,39.59999847
1957/11/13,39.54999924
1957/11/14,39.43999863
1957/11/15,40.36999893
1957/11/18,40.04000092
1957/11/19,39.81000137
1957/11/20,39.91999817
1957/11/21,40.47999954
1957/11/22,40.86999893
1957/11/25,41.18000031
1957/11/26,40.09000015
1957/11/27,41.25
1957/11/29,41.72000122
1957/12/2,41.36000061
1957/12/3,41.36999893
1957/12/4,41.54000092
1957/12/5,41.52000046
1957/12/6,41.31000137
1957/12/9,40.91999817
1957/12/10,40.56000137
1957/12/11,40.50999832
1957/12/12,40.54999924
1957/12/13,40.72999954
1957/12/16,40.11999893
1957/12/17,39.41999817
1957/12/18,39.38000107
1957/12/19,39.79999924
1957/12/20,39.47999954
1957/12/23,39.47999954
1957/12/24,39.52000046
1957/12/26,39.91999817
1957/12/27,39.77999878
1957/12/30,39.58000183
1957/12/31,39.99000168
1958/1/2,40.33000183
1958/1/3,40.86999893
1958/1/6,40.68000031
1958/1/7,41
1958/1/8,40.99000168
1958/1/9,40.75
1958/1/10,40.36999893
1958/1/13,40.49000168
1958/1/14,40.66999817
1958/1/15,40.99000168
1958/1/16,41.06000137
1958/1/17,41.09999847
1958/1/20,41.34999847
1958/1/21,41.29999924
1958/1/22,41.20000076
1958/1/23,41.36000061
1958/1/24,41.70999908
1958/1/27,41.59000015
1958/1/28,41.63000107
1958/1/29,41.88000107
1958/1/30,41.68000031
1958/1/31,41.70000076
1958/2/3,42.04000092
1958/2/4,42.45999908
1958/2/5,42.18999863
1958/2/6,42.09999847
1958/2/7,41.72999954
1958/2/10,41.47999954
1958/2/11,41.11000061
1958/2/12,40.93000031
1958/2/13,40.93999863
1958/2/14,41.33000183
1958/2/17,41.11000061
1958/2/18,41.16999817
1958/2/19,41.15000153
1958/2/20,40.90999985
1958/2/21,40.88000107
1958/2/24,40.65000153
1958/2/25,40.61000061
1958/2/26,40.91999817
1958/2/27,40.68000031
1958/2/28,40.84000015
1958/3/3,41.13000107
1958/3/4,41.34999847
1958/3/5,41.47000122
1958/3/6,42
1958/3/7,42.06999969
1958/3/10,42.20999908
1958/3/11,42.50999832
1958/3/12,42.40999985
1958/3/13,42.45999908
1958/3/14,42.33000183
1958/3/17,42.04000092
1958/3/18,41.88999939
1958/3/19,42.09000015
1958/3/20,42.11000061
1958/3/21,42.41999817
1958/3/24,42.58000183
1958/3/25,42.43999863
1958/3/26,42.29999924
1958/3/27,42.16999817
1958/3/28,42.20000076
1958/3/31,42.09999847
1958/4/1,41.93000031
1958/4/2,41.59999847
1958/4/3,41.47999954
1958/4/7,41.33000183
1958/4/8,41.43000031
1958/4/9,41.65000153
1958/4/10,41.70000076
1958/4/11,41.74000168
1958/4/14,42
1958/4/15,42.43000031
1958/4/16,42.09999847
1958/4/17,42.25
1958/4/18,42.70999908
1958/4/21,42.93000031
1958/4/22,42.79999924
1958/4/23,42.79999924
1958/4/24,43.13999939
1958/4/25,43.36000061
1958/4/28,43.22000122
1958/4/29,43
1958/4/30,43.43999863
1958/5/1,43.54000092
1958/5/2,43.68999863
1958/5/5,43.79000092
1958/5/6,44.00999832
1958/5/7,43.93000031
1958/5/8,43.99000168
1958/5/9,44.09000015
1958/5/12,43.75
1958/5/13,43.61999893
1958/5/14,43.11999893
1958/5/15,43.34000015
1958/5/16,43.36000061
1958/5/19,43.24000168
1958/5/20,43.61000061
1958/5/21,43.54999924
1958/5/22,43.77999878
1958/5/23,43.86999893
1958/5/26,43.84999847
1958/5/27,43.79000092
1958/5/28,43.84999847
1958/5/29,44.09000015
1958/6/2,44.31000137
1958/6/3,44.45999908
1958/6/4,44.5
1958/6/5,44.54999924
1958/6/6,44.63999939
1958/6/9,44.56999969
1958/6/10,44.47999954
1958/6/11,44.49000168
1958/6/12,44.75
1958/6/13,45.02000046
1958/6/16,45.18000031
1958/6/17,44.93999863
1958/6/18,45.34000015
1958/6/19,44.61000061
1958/6/20,44.84999847
1958/6/23,44.68999863
1958/6/24,44.52000046
1958/6/25,44.63000107
1958/6/26,44.84000015
1958/6/27,44.90000153
1958/6/30,45.24000168
1958/7/1,45.27999878
1958/7/2,45.31999969
1958/7/3,45.47000122
1958/7/7,45.61999893
1958/7/8,45.40000153
1958/7/9,45.25
1958/7/10,45.41999817
1958/7/11,45.72000122
1958/7/14,45.13999939
1958/7/15,45.11000061
1958/7/16,45.25
1958/7/17,45.54999924
1958/7/18,45.77000046
1958/7/21,46.33000183
1958/7/22,46.40999985
1958/7/23,46.40000153
1958/7/24,46.65000153
1958/7/25,46.97000122
1958/7/28,47.15000153
1958/7/29,46.95999908
1958/7/30,47.09000015
1958/7/31,47.18999863
1958/8/1,47.49000168
1958/8/4,47.93999863
1958/8/5,47.75
1958/8/6,47.45999908
1958/8/7,47.77000046
1958/8/8,48.04999924
1958/8/11,48.15999985
1958/8/12,47.72999954
1958/8/13,47.81000137
1958/8/14,47.90999985
1958/8/15,47.5
1958/8/18,47.22000122
1958/8/19,47.29999924
1958/8/20,47.31999969
1958/8/21,47.63000107
1958/8/22,47.72999954
1958/8/25,47.74000168
1958/8/26,47.90000153
1958/8/27,47.90999985
1958/8/28,47.65999985
1958/8/29,47.75
1958/9/2,48
1958/9/3,48.18000031
1958/9/4,48.09999847
1958/9/5,47.97000122
1958/9/8,48.13000107
1958/9/9,48.45999908
1958/9/10,48.31000137
1958/9/11,48.63999939
1958/9/12,48.52999878
1958/9/15,48.95999908
1958/9/16,49.34999847
1958/9/17,49.34999847
1958/9/18,49.38000107
1958/9/19,49.40000153
1958/9/22,49.20000076
1958/9/23,49.56000137
1958/9/24,49.77999878
1958/9/25,49.56999969
1958/9/26,49.65999985
1958/9/29,49.86999893
1958/9/30,50.06000137
1958/10/1,49.97999954
1958/10/2,50.16999817
1958/10/3,50.36999893
1958/10/6,51.06999969
1958/10/7,51.06999969
1958/10/8,51.06000137
1958/10/9,51.04999924
1958/10/10,51.38999939
1958/10/13,51.61999893
1958/10/14,51.25999832
1958/10/15,50.58000183
1958/10/16,50.93999863
1958/10/17,51.45999908
1958/10/20,51.27000046
1958/10/21,51.27000046
1958/10/22,51.06999969
1958/10/23,50.97000122
1958/10/24,50.81000137
1958/10/27,50.41999817
1958/10/28,50.58000183
1958/10/29,51.06999969
1958/10/30,51.27000046
1958/10/31,51.33000183
1958/11/3,51.56000137
1958/11/5,52.02999878
1958/11/6,52.45000076
1958/11/7,52.25999832
1958/11/10,52.56999969
1958/11/11,52.97999954
1958/11/12,53.04999924
1958/11/13,52.83000183
1958/11/14,53.09000015
1958/11/17,53.24000168
1958/11/18,53.13000107
1958/11/19,53.20000076
1958/11/20,53.20999908
1958/11/21,52.70000076
1958/11/24,52.02999878
1958/11/25,51.02000046
1958/11/26,51.90000153
1958/11/28,52.47999954
1958/12/1,52.68999863
1958/12/2,52.45999908
1958/12/3,52.52999878
1958/12/4,52.54999924
1958/12/5,52.45999908
1958/12/8,52.45999908
1958/12/9,52.81999969
1958/12/10,53.45999908
1958/12/11,53.34999847
1958/12/12,53.22000122
1958/12/15,53.36999893
1958/12/16,53.56999969
1958/12/17,53.91999817
1958/12/18,54.15000153
1958/12/19,54.06999969
1958/12/22,53.70999908
1958/12/23,53.41999817
1958/12/24,54.11000061
1958/12/29,54.74000168
1958/12/30,54.93000031
1958/12/31,55.20999908
1959/1/2,55.43999863
1959/1/5,55.65999985
1959/1/6,55.59000015
1959/1/7,54.88999939
1959/1/8,55.40000153
1959/1/9,55.77000046
1959/1/12,55.77999878
1959/1/13,55.47000122
1959/1/14,55.61999893
1959/1/15,55.83000183
1959/1/16,55.81000137
1959/1/19,55.68000031
1959/1/20,55.72000122
1959/1/21,56.04000092
1959/1/22,55.97000122
1959/1/23,56
1959/1/26,55.77000046
1959/1/27,55.77999878
1959/1/28,55.15999985
1959/1/29,55.20000076
1959/1/30,55.45000076
1959/2/2,55.20999908
1959/2/3,55.27999878
1959/2/4,55.06000137
1959/2/5,54.81000137
1959/2/6,54.36999893
1959/2/9,53.58000183
1959/2/10,54.31999969
1959/2/11,54.34999847
1959/2/12,54
1959/2/13,54.41999817
1959/2/16,54.5
1959/2/17,54.29000092
1959/2/18,54.29999924
1959/2/19,55.5
1959/2/20,55.52000046
1959/2/24,55.47999954
1959/2/25,55.24000168
1959/2/26,55.34000015
1959/2/27,55.40999985
1959/3/2,55.72999954
1959/3/3,56.25
1959/3/4,56.34999847
1959/3/5,56.43000031
1959/3/6,56.20999908
1959/3/9,56.15000153
1959/3/10,56.31000137
1959/3/11,56.34999847
1959/3/12,56.59999847
1959/3/13,56.66999817
1959/3/16,56.06000137
1959/3/17,56.52000046
1959/3/18,56.38999939
1959/3/19,56.34000015
1959/3/20,56.38999939
1959/3/23,55.86999893
1959/3/24,55.95999908
1959/3/25,55.88000107
1959/3/26,55.75999832
1959/3/30,55.45000076
1959/3/31,55.43999863
1959/4/1,55.68999863
1959/4/2,56
1959/4/3,56.43999863
1959/4/6,56.59999847
1959/4/7,56.47999954
1959/4/8,56.20999908
1959/4/9,56.16999817
1959/4/10,56.22000122
1959/4/13,56.43000031
1959/4/14,56.70999908
1959/4/15,56.95999908
1959/4/16,57.43000031
1959/4/17,57.91999817
1959/4/20,58.16999817
1959/4/21,58.11000061
1959/4/22,57.72999954
1959/4/23,57.59999847
1959/4/24,57.95999908
1959/4/27,58.13999939
1959/4/28,57.91999817
1959/4/29,57.68999863
1959/4/30,57.59000015
1959/5/1,57.65000153
1959/5/4,57.65000153
1959/5/5,57.75
1959/5/6,57.61000061
1959/5/7,56.88000107
1959/5/8,57.31999969
1959/5/11,57.95999908
1959/5/12,57.95999908
1959/5/13,57.97000122
1959/5/14,58.36999893
1959/5/15,58.15999985
1959/5/18,58.15000153
1959/5/19,58.31999969
1959/5/20,58.09000015
1959/5/21,58.13999939
1959/5/22,58.33000183
1959/5/25,58.18000031
1959/5/26,58.09000015
1959/5/27,58.18999863
1959/5/28,58.38999939
1959/5/29,58.68000031
1959/6/1,58.63000107
1959/6/2,58.22999954
1959/6/3,58.25
1959/6/4,57.63000107
1959/6/5,57.50999832
1959/6/8,56.75999832
1959/6/9,56.36000061
1959/6/10,57.18999863
1959/6/11,57.25
1959/6/12,57.29000092
1959/6/15,56.99000168
1959/6/16,56.56000137
1959/6/17,57.09000015
1959/6/18,57.04999924
1959/6/19,57.13000107
1959/6/22,57.13000107
1959/6/23,57.11999893
1959/6/24,57.40999985
1959/6/25,57.72999954
1959/6/26,57.97999954
1959/6/29,58.36999893
1959/6/30,58.47000122
1959/7/1,58.97000122
1959/7/2,59.27999878
1959/7/6,59.65000153
1959/7/7,60.00999832
1959/7/8,60.02999878
1959/7/9,59.97000122
1959/7/10,59.90999985
1959/7/13,59.40999985
1959/7/14,59.54999924
1959/7/15,59.59000015
1959/7/16,59.40999985
1959/7/17,59.18999863
1959/7/20,58.90999985
1959/7/21,59.40999985
1959/7/22,59.61000061
1959/7/23,59.66999817
1959/7/24,59.65000153
1959/7/27,60.02000046
1959/7/28,60.31999969
1959/7/29,60.61999893
1959/7/30,60.5
1959/7/31,60.50999832
1959/8/3,60.70999908
1959/8/4,60.61000061
1959/8/5,60.29999924
1959/8/6,60.24000168
1959/8/7,59.86999893
1959/8/10,58.61999893
1959/8/11,59.38999939
1959/8/12,59.25
1959/8/13,59.15000153
1959/8/14,59.29000092
1959/8/17,59.16999817
1959/8/18,58.61999893
1959/8/19,58.27000046
1959/8/20,59.13999939
1959/8/21,59.08000183
1959/8/24,58.86999893
1959/8/25,58.99000168
1959/8/26,59.06999969
1959/8/27,59.58000183
1959/8/28,59.59999847
1959/8/31,59.59999847
1959/9/1,58.86999893
1959/9/2,58.91999817
1959/9/3,58.25999832
1959/9/4,58.54000092
1959/9/8,57.70000076
1959/9/9,57.29000092
1959/9/10,56.99000168
1959/9/11,57.40999985
1959/9/14,56.99000168
1959/9/15,56.68000031
1959/9/16,56.72000122
1959/9/17,56.40999985
1959/9/18,56.18999863
1959/9/21,55.27000046
1959/9/22,55.13999939
1959/9/23,55.81999969
1959/9/24,56.77999878
1959/9/25,56.72999954
1959/9/28,57.15000153
1959/9/29,57.50999832
1959/9/30,56.88000107
1959/10/1,56.93999863
1959/10/2,57.20000076
1959/10/5,57.13999939
1959/10/6,57.09000015
1959/10/7,56.93999863
1959/10/8,56.81000137
1959/10/9,57
1959/10/12,57.31999969
1959/10/13,57.15999985
1959/10/14,56.70999908
1959/10/15,56.86999893
1959/10/16,57.33000183
1959/10/19,57.00999832
1959/10/20,56.65999985
1959/10/21,56.54999924
1959/10/22,56
1959/10/23,56.56000137
1959/10/26,56.93999863
1959/10/27,57.41999817
1959/10/28,57.45999908
1959/10/29,57.40999985
1959/10/30,57.52000046
1959/11/2,57.40999985
1959/11/4,57.25999832
1959/11/5,57.31999969
1959/11/6,57.59999847
1959/11/9,57.5
1959/11/10,57.47999954
1959/11/11,57.49000168
1959/11/12,57.16999817
1959/11/13,56.84999847
1959/11/16,56.22000122
1959/11/17,56.38000107
1959/11/18,56.99000168
1959/11/19,56.93999863
1959/11/20,56.97000122
1959/11/23,57.08000183
1959/11/24,57.34999847
1959/11/25,57.43999863
1959/11/27,57.70000076
1959/11/30,58.27999878
1959/12/1,58.70000076
1959/12/2,58.59999847
1959/12/3,58.72999954
1959/12/4,58.84999847
1959/12/7,58.95999908
1959/12/8,59.34000015
1959/12/9,58.97000122
1959/12/10,59.02000046
1959/12/11,58.88000107
1959/12/14,59.04000092
1959/12/15,58.90000153
1959/12/16,58.97000122
1959/12/17,58.86000061
1959/12/18,59.13999939
1959/12/21,59.20999908
1959/12/22,59.13999939
1959/12/23,58.95999908
1959/12/24,59
1959/12/28,58.97999954
1959/12/29,59.29999924
1959/12/30,59.77000046
1959/12/31,59.88999939
1960/1/4,59.90999985
1960/1/5,60.38999939
1960/1/6,60.13000107
1960/1/7,59.68999863
1960/1/8,59.5
1960/1/11,58.77000046
1960/1/12,58.40999985
1960/1/13,58.08000183
1960/1/14,58.40000153
1960/1/15,58.38000107
1960/1/18,57.88999939
1960/1/19,57.27000046
1960/1/20,57.06999969
1960/1/21,57.20999908
1960/1/22,57.38000107
1960/1/25,56.77999878
1960/1/26,56.86000061
1960/1/27,56.72000122
1960/1/28,56.13000107
1960/1/29,55.61000061
1960/2/1,55.95999908
1960/2/2,56.81999969
1960/2/3,56.31999969
1960/2/4,56.27000046
1960/2/5,55.97999954
1960/2/8,55.31999969
1960/2/9,55.84000015
1960/2/10,55.49000168
1960/2/11,55.18000031
1960/2/12,55.45999908
1960/2/15,55.16999817
1960/2/16,54.72999954
1960/2/17,55.02999878
1960/2/18,55.79999924
1960/2/19,56.24000168
1960/2/23,55.93999863
1960/2/24,55.74000168
1960/2/25,55.93000031
1960/2/26,56.15999985
1960/2/29,56.11999893
1960/3/1,56.00999832
1960/3/2,55.61999893
1960/3/3,54.77999878
1960/3/4,54.56999969
1960/3/7,54.02000046
1960/3/8,53.47000122
1960/3/9,54.04000092
1960/3/10,53.83000183
1960/3/11,54.24000168
1960/3/14,54.31999969
1960/3/15,54.74000168
1960/3/16,55.04000092
1960/3/17,54.95999908
1960/3/18,55.00999832
1960/3/21,55.06999969
1960/3/22,55.29000092
1960/3/23,55.74000168
1960/3/24,55.97999954
1960/3/25,55.97999954
1960/3/28,55.86000061
1960/3/29,55.77999878
1960/3/30,55.65999985
1960/3/31,55.34000015
1960/4/1,55.43000031
1960/4/4,55.54000092
1960/4/5,55.36999893
1960/4/6,56.50999832
1960/4/7,56.52000046
1960/4/8,56.38999939
1960/4/11,56.16999817
1960/4/12,56.29999924
1960/4/13,56.29999924
1960/4/14,56.43000031
1960/4/18,56.59000015
1960/4/19,56.13000107
1960/4/20,55.43999863
1960/4/21,55.59000015
1960/4/22,55.41999817
1960/4/25,54.86000061
1960/4/26,55.04000092
1960/4/27,55.04000092
1960/4/28,54.56000137
1960/4/29,54.36999893
1960/5/2,54.13000107
1960/5/3,54.83000183
1960/5/4,55.04000092
1960/5/5,54.86000061
1960/5/6,54.75
1960/5/9,54.79999924
1960/5/10,54.41999817
1960/5/11,54.56999969
1960/5/12,54.84999847
1960/5/13,55.29999924
1960/5/16,55.25
1960/5/17,55.45999908
1960/5/18,55.43999863
1960/5/19,55.68000031
1960/5/20,55.72999954
1960/5/23,55.75999832
1960/5/24,55.70000076
1960/5/25,55.66999817
1960/5/26,55.70999908
1960/5/27,55.74000168
1960/5/31,55.83000183
1960/6/1,55.88999939
1960/6/2,56.13000107
1960/6/3,56.22999954
1960/6/6,56.88999939
1960/6/7,57.43000031
1960/6/8,57.88999939
1960/6/9,58
1960/6/10,57.97000122
1960/6/13,57.99000168
1960/6/14,57.90999985
1960/6/15,57.56999969
1960/6/16,57.5
1960/6/17,57.43999863
1960/6/20,57.15999985
1960/6/21,57.11000061
1960/6/22,57.27999878
1960/6/23,57.59000015
1960/6/24,57.68000031
1960/6/27,57.33000183
1960/6/28,56.93999863
1960/6/29,56.93999863
1960/6/30,56.91999817
1960/7/1,57.06000137
1960/7/5,57.02000046
1960/7/6,56.93999863
1960/7/7,57.24000168
1960/7/8,57.38000107
1960/7/11,56.86999893
1960/7/12,56.25
1960/7/13,56.09999847
1960/7/14,56.11999893
1960/7/15,56.04999924
1960/7/18,55.70000076
1960/7/19,55.70000076
1960/7/20,55.61000061
1960/7/21,55.09999847
1960/7/22,54.72000122
1960/7/25,54.18000031
1960/7/26,54.50999832
1960/7/27,54.16999817
1960/7/28,54.56999969
1960/7/29,55.50999832
1960/8/1,55.52999878
1960/8/2,55.04000092
1960/8/3,54.72000122
1960/8/4,54.88999939
1960/8/5,55.43999863
1960/8/8,55.52000046
1960/8/9,55.84000015
1960/8/10,56.06999969
1960/8/11,56.27999878
1960/8/12,56.65999985
1960/8/15,56.61000061
1960/8/16,56.72000122
1960/8/17,56.84000015
1960/8/18,56.81000137
1960/8/19,57.00999832
1960/8/22,57.18999863
1960/8/23,57.75
1960/8/24,58.06999969
1960/8/25,57.79000092
1960/8/26,57.59999847
1960/8/29,57.43999863
1960/8/30,56.84000015
1960/8/31,56.95999908
1960/9/1,57.09000015
1960/9/2,57
1960/9/6,56.49000168
1960/9/7,55.79000092
1960/9/8,55.74000168
1960/9/9,56.11000061
1960/9/12,55.72000122
1960/9/13,55.83000183
1960/9/14,55.43999863
1960/9/15,55.22000122
1960/9/16,55.11000061
1960/9/19,53.86000061
1960/9/20,54.00999832
1960/9/21,54.56999969
1960/9/22,54.36000061
1960/9/23,53.90000153
1960/9/26,53.06000137
1960/9/27,52.93999863
1960/9/28,52.47999954
1960/9/29,52.61999893
1960/9/30,53.52000046
1960/10/3,53.36000061
1960/10/4,52.99000168
1960/10/5,53.38999939
1960/10/6,53.72000122
1960/10/7,54.02999878
1960/10/10,54.13999939
1960/10/11,54.22000122
1960/10/12,54.15000153
1960/10/13,54.56999969
1960/10/14,54.86000061
1960/10/17,54.63000107
1960/10/18,54.34999847
1960/10/19,54.25
1960/10/20,53.86000061
1960/10/21,53.72000122
1960/10/24,52.70000076
1960/10/25,52.20000076
1960/10/26,53.04999924
1960/10/27,53.61999893
1960/10/28,53.40999985
1960/10/31,53.38999939
1960/11/1,53.93999863
1960/11/2,54.22000122
1960/11/3,54.43000031
1960/11/4,54.90000153
1960/11/7,55.11000061
1960/11/9,55.34999847
1960/11/10,56.43000031
1960/11/11,55.86999893
1960/11/14,55.59000015
1960/11/15,55.81000137
1960/11/16,55.70000076
1960/11/17,55.54999924
1960/11/18,55.81999969
1960/11/21,55.93000031
1960/11/22,55.72000122
1960/11/23,55.79999924
1960/11/25,56.13000107
1960/11/28,56.02999878
1960/11/29,55.83000183
1960/11/30,55.54000092
1960/12/1,55.29999924
1960/12/2,55.38999939
1960/12/5,55.31000137
1960/12/6,55.47000122
1960/12/7,56.02000046
1960/12/8,56.15000153
1960/12/9,56.65000153
1960/12/12,56.84999847
1960/12/13,56.88000107
1960/12/14,56.84000015
1960/12/15,56.68000031
1960/12/16,57.20000076
1960/12/19,57.13000107
1960/12/20,57.09000015
1960/12/21,57.54999924
1960/12/22,57.38999939
1960/12/23,57.43999863
1960/12/27,57.52000046
1960/12/28,57.77999878
1960/12/29,58.04999924
1960/12/30,58.11000061
1961/1/3,57.56999969
1961/1/4,58.36000061
1961/1/5,58.56999969
1961/1/6,58.40000153
1961/1/9,58.81000137
1961/1/10,58.97000122
1961/1/11,59.13999939
1961/1/12,59.31999969
1961/1/13,59.59999847
1961/1/16,59.58000183
1961/1/17,59.63999939
1961/1/18,59.68000031
1961/1/19,59.77000046
1961/1/20,59.95999908
1961/1/23,60.29000092
1961/1/24,60.45000076
1961/1/25,60.52999878
1961/1/26,60.61999893
1961/1/27,61.24000168
1961/1/30,61.97000122
1961/1/31,61.77999878
1961/2/1,61.90000153
1961/2/2,62.29999924
1961/2/3,62.22000122
1961/2/6,61.75999832
1961/2/7,61.65000153
1961/2/8,62.20999908
1961/2/9,62.02000046
1961/2/10,61.5
1961/2/13,61.13999939
1961/2/14,61.40999985
1961/2/15,61.91999817
1961/2/16,62.29999924
1961/2/17,62.09999847
1961/2/20,62.31999969
1961/2/21,62.36000061
1961/2/23,62.59000015
1961/2/24,62.84000015
1961/2/27,63.29999924
1961/2/28,63.43999863
1961/3/1,63.43000031
1961/3/2,63.84999847
1961/3/3,63.95000076
1961/3/6,64.05000305
1961/3/7,63.47000122
1961/3/8,63.43999863
1961/3/9,63.5
1961/3/10,63.47999954
1961/3/13,63.65999985
1961/3/14,63.38000107
1961/3/15,63.56999969
1961/3/16,64.20999908
1961/3/17,64
1961/3/20,64.86000061
1961/3/21,64.73999786
1961/3/22,64.69999695
1961/3/23,64.52999878
1961/3/24,64.41999817
1961/3/27,64.34999847
1961/3/28,64.37999725
1961/3/29,64.93000031
1961/3/30,65.05999756
1961/4/3,65.59999847
1961/4/4,65.66000366
1961/4/5,65.45999908
1961/4/6,65.61000061
1961/4/7,65.95999908
1961/4/10,66.52999878
1961/4/11,66.62000275
1961/4/12,66.30999756
1961/4/13,66.26000214
1961/4/14,66.37000275
1961/4/17,68.68000031
1961/4/18,66.19999695
1961/4/19,65.80999756
1961/4/20,65.81999969
1961/4/21,65.76999664
1961/4/24,64.40000153
1961/4/25,65.30000305
1961/4/26,65.55000305
1961/4/27,65.45999908
1961/4/28,65.30999756
1961/5/1,65.16999817
1961/5/2,65.63999939
1961/5/3,66.18000031
1961/5/4,66.44000244
1961/5/5,66.51999664
1961/5/8,66.41000366
1961/5/9,66.47000122
1961/5/10,66.41000366
1961/5/11,66.38999939
1961/5/12,66.5
1961/5/15,66.83000183
1961/5/16,67.08000183
1961/5/17,67.38999939
1961/5/18,66.98999786
1961/5/19,67.26999664
1961/5/22,66.84999847
1961/5/23,66.68000031
1961/5/24,66.26000214
1961/5/25,66.01000214
1961/5/26,66.43000031
1961/5/31,66.55999756
1961/6/1,66.55999756
1961/6/2,66.73000336
1961/6/5,67.08000183
1961/6/6,66.88999939
1961/6/7,65.63999939
1961/6/8,66.66999817
1961/6/9,66.66000366
1961/6/12,66.15000153
1961/6/13,65.80000305
1961/6/14,65.98000336
1961/6/15,65.69000244
1961/6/16,65.18000031
1961/6/19,64.58000183
1961/6/20,65.15000153
1961/6/21,65.13999939
1961/6/22,64.90000153
1961/6/23,65.16000366
1961/6/26,64.47000122
1961/6/27,64.47000122
1961/6/28,64.58999634
1961/6/29,64.51999664
1961/6/30,64.63999939
1961/7/3,65.20999908
1961/7/5,65.62999725
1961/7/6,65.80999756
1961/7/7,65.76999664
1961/7/10,65.70999908
1961/7/11,65.69000244
1961/7/12,65.31999969
1961/7/13,64.86000061
1961/7/14,65.27999878
1961/7/17,64.79000092
1961/7/18,64.41000366
1961/7/19,64.69999695
1961/7/20,64.70999908
1961/7/21,64.86000061
1961/7/24,64.87000275
1961/7/25,65.23000336
1961/7/26,65.83999634
1961/7/27,66.61000061
1961/7/28,66.70999908
1961/7/31,66.76000214
1961/8/1,67.37000275
1961/8/2,66.94000244
1961/8/3,67.29000092
1961/8/4,67.68000031
1961/8/7,67.66999817
1961/8/8,67.81999969
1961/8/9,67.73999786
1961/8/10,67.94999695
1961/8/11,68.05999756
1961/8/14,67.72000122
1961/8/15,67.55000305
1961/8/16,67.73000336
1961/8/17,68.11000061
1961/8/18,68.29000092
1961/8/21,68.43000031
1961/8/22,68.44000244
1961/8/23,67.98000336
1961/8/24,67.58999634
1961/8/25,67.66999817
1961/8/28,67.69999695
1961/8/29,67.55000305
1961/8/30,67.80999756
1961/8/31,68.06999969
1961/9/1,68.19000244
1961/9/5,67.95999908
1961/9/6,68.45999908
1961/9/7,68.34999847
1961/9/8,67.87999725
1961/9/11,67.27999878
1961/9/12,67.95999908
1961/9/13,68.01000214
1961/9/14,67.52999878
1961/9/15,67.65000153
1961/9/18,67.20999908
1961/9/19,66.08000183
1961/9/20,66.95999908
1961/9/21,66.98999786
1961/9/22,66.72000122
1961/9/25,65.76999664
1961/9/26,65.77999878
1961/9/27,66.47000122
1961/9/28,66.58000183
1961/9/29,66.73000336
1961/10/2,66.76999664
1961/10/3,66.73000336
1961/10/4,67.18000031
1961/10/5,67.76999664
1961/10/6,66.97000122
1961/10/9,67.94000244
1961/10/10,68.11000061
1961/10/11,68.16999817
1961/10/12,68.16000366
1961/10/13,68.04000092
1961/10/16,67.84999847
1961/10/17,67.87000275
1961/10/18,68.20999908
1961/10/19,68.44999695
1961/10/20,68
1961/10/23,68.05999756
1961/10/24,67.98000336
1961/10/25,68.33999634
1961/10/26,68.45999908
1961/10/27,68.33999634
1961/10/30,68.41999817
1961/10/31,68.62000275
1961/11/1,68.73000336
1961/11/2,69.11000061
1961/11/3,69.47000122
1961/11/6,70.01000214
1961/11/8,70.87000275
1961/11/9,70.76999664
1961/11/10,71.06999969
1961/11/13,71.26999664
1961/11/14,71.66000366
1961/11/15,71.66999817
1961/11/16,71.62000275
1961/11/17,71.62000275
1961/11/20,71.72000122
1961/11/21,71.77999878
1961/11/22,71.69999695
1961/11/24,71.83999634
1961/11/27,71.84999847
1961/11/28,71.75
1961/11/29,71.69999695
1961/11/30,71.31999969
1961/12/1,71.77999878
1961/12/4,72.01000214
1961/12/5,71.93000031
1961/12/6,71.98999786
1961/12/7,71.69999695
1961/12/8,72.04000092
1961/12/11,72.38999939
1961/12/12,72.63999939
1961/12/13,72.52999878
1961/12/14,71.98000336
1961/12/15,72.01000214
1961/12/18,71.76000214
1961/12/19,71.26000214
1961/12/20,71.12000275
1961/12/21,70.86000061
1961/12/22,70.91000366
1961/12/26,71.01999664
1961/12/27,71.65000153
1961/12/28,71.69000244
1961/12/29,71.55000305
1962/1/2,70.95999908
1962/1/3,71.12999725
1962/1/4,70.63999939
1962/1/5,69.66000366
1962/1/8,69.12000275
1962/1/9,69.15000153
1962/1/10,68.95999908
1962/1/11,69.37000275
1962/1/12,69.61000061
1962/1/15,69.47000122
1962/1/16,69.06999969
1962/1/17,68.31999969
1962/1/18,68.38999939
1962/1/19,68.75
1962/1/22,68.80999756
1962/1/23,68.29000092
1962/1/24,68.40000153
1962/1/25,68.34999847
1962/1/26,68.12999725
1962/1/29,67.90000153
1962/1/30,68.16999817
1962/1/31,68.83999634
1962/2/1,69.26000214
1962/2/2,69.80999756
1962/2/5,69.87999725
1962/2/6,69.95999908
1962/2/7,70.41999817
1962/2/8,70.58000183
1962/2/9,70.48000336
1962/2/12,70.45999908
1962/2/13,70.44999695
1962/2/14,70.41999817
1962/2/15,70.73999786
1962/2/16,70.58999634
1962/2/19,70.41000366
1962/2/20,70.66000366
1962/2/21,70.31999969
1962/2/23,70.16000366
1962/2/26,69.76000214
1962/2/27,69.88999939
1962/2/28,69.95999908
1962/3/1,70.19999695
1962/3/2,70.16000366
1962/3/5,70.01000214
1962/3/6,69.77999878
1962/3/7,69.69000244
1962/3/8,70.19000244
1962/3/9,70.41999817
1962/3/12,70.40000153
1962/3/13,70.59999847
1962/3/14,70.91000366
1962/3/15,71.05999756
1962/3/16,70.94000244
1962/3/19,70.84999847
1962/3/20,70.66000366
1962/3/21,70.51000214
1962/3/22,70.40000153
1962/3/23,70.44999695
1962/3/26,69.88999939
1962/3/27,69.69999695
1962/3/28,70.04000092
1962/3/29,70.01000214
1962/3/30,69.55000305
1962/4/2,69.37000275
1962/4/3,68.80999756
1962/4/4,68.48999786
1962/4/5,68.91000366
1962/4/6,68.83999634
1962/4/9,68.30999756
1962/4/10,68.55999756
1962/4/11,68.41000366
1962/4/12,67.90000153
1962/4/13,67.90000153
1962/4/16,67.59999847
1962/4/17,67.90000153
1962/4/18,68.26999664
1962/4/19,68.58999634
1962/4/23,68.52999878
1962/4/24,68.45999908
1962/4/25,67.70999908
1962/4/26,67.05000305
1962/4/27,66.30000305
1962/4/30,65.23999786
1962/5/1,65.69999695
1962/5/2,65.98999786
1962/5/3,66.52999878
1962/5/4,66.23999786
1962/5/7,66.01999664
1962/5/8,65.16999817
1962/5/9,64.26000214
1962/5/10,63.56999969
1962/5/11,62.65000153
1962/5/14,63.09999847
1962/5/15,64.29000092
1962/5/16,64.26999664
1962/5/17,63.93000031
1962/5/18,63.81999969
1962/5/21,63.59000015
1962/5/22,62.34000015
1962/5/23,61.11000061
1962/5/24,60.61999893
1962/5/25,59.47000122
1962/5/28,55.5
1962/5/29,58.08000183
1962/5/31,59.63000107
1962/6/1,59.38000107
1962/6/4,57.27000046
1962/6/5,57.56999969
1962/6/6,58.38999939
1962/6/7,58.40000153
1962/6/8,58.45000076
1962/6/11,57.81999969
1962/6/12,56.34000015
1962/6/13,55.5
1962/6/14,54.33000183
1962/6/15,55.88999939
1962/6/18,55.74000168
1962/6/19,55.54000092
1962/6/20,54.77999878
1962/6/21,53.59000015
1962/6/22,52.68000031
1962/6/25,52.45000076
1962/6/26,52.31999969
1962/6/27,52.59999847
1962/6/28,54.40999985
1962/6/29,54.75
1962/7/2,55.86000061
1962/7/3,56.49000168
1962/7/5,56.81000137
1962/7/6,56.16999817
1962/7/9,56.54999924
1962/7/10,57.20000076
1962/7/11,57.72999954
1962/7/12,58.02999878
1962/7/13,57.83000183
1962/7/16,57.83000183
1962/7/17,56.77999878
1962/7/18,56.20000076
1962/7/19,56.41999817
1962/7/20,56.81000137
1962/7/23,56.79999924
1962/7/24,56.36000061
1962/7/25,56.45999908
1962/7/26,56.77000046
1962/7/27,57.20000076
1962/7/30,57.83000183
1962/7/31,58.22999954
1962/8/1,57.75
1962/8/2,57.97999954
1962/8/3,58.11999893
1962/8/6,57.75
1962/8/7,57.36000061
1962/8/8,57.50999832
1962/8/9,57.56999969
1962/8/10,57.54999924
1962/8/13,57.63000107
1962/8/14,58.25
1962/8/15,58.65999985
1962/8/16,58.63999939
1962/8/17,59.00999832
1962/8/20,59.36999893
1962/8/21,59.11999893
1962/8/22,59.77999878
1962/8/23,59.70000076
1962/8/24,59.58000183
1962/8/27,59.54999924
1962/8/28,58.79000092
1962/8/29,58.65999985
1962/8/30,58.68000031
1962/8/31,59.11999893
1962/9/4,58.56000137
1962/9/5,58.11999893
1962/9/6,58.36000061
1962/9/7,58.38000107
1962/9/10,58.45000076
1962/9/11,58.59000015
1962/9/12,58.84000015
1962/9/13,58.70000076
1962/9/14,58.88999939
1962/9/17,59.08000183
1962/9/18,59.02999878
1962/9/19,58.95000076
1962/9/20,58.54000092
1962/9/21,57.68999863
1962/9/24,56.63000107
1962/9/25,56.95999908
1962/9/26,56.15000153
1962/9/27,55.77000046
1962/9/28,56.27000046
1962/10/1,55.49000168
1962/10/2,56.09999847
1962/10/3,56.15999985
1962/10/4,56.70000076
1962/10/5,57.06999969
1962/10/8,57.06999969
1962/10/9,57.20000076
1962/10/10,57.24000168
1962/10/11,57.04999924
1962/10/12,56.95000076
1962/10/15,57.27000046
1962/10/16,57.08000183
1962/10/17,56.88999939
1962/10/18,56.34000015
1962/10/19,55.59000015
1962/10/22,54.95999908
1962/10/23,53.49000168
1962/10/24,55.20999908
1962/10/25,54.68999863
1962/10/26,54.54000092
1962/10/29,55.72000122
1962/10/30,56.54000092
1962/10/31,56.52000046
1962/11/1,57.11999893
1962/11/2,57.75
1962/11/5,58.34999847
1962/11/7,58.70999908
1962/11/8,58.31999969
1962/11/9,58.77999878
1962/11/12,59.59000015
1962/11/13,59.45999908
1962/11/14,60.15999985
1962/11/15,59.97000122
1962/11/16,60.15999985
1962/11/19,59.81999969
1962/11/20,60.45000076
1962/11/21,60.81000137
1962/11/23,61.54000092
1962/11/26,61.36000061
1962/11/27,61.72999954
1962/11/28,62.11999893
1962/11/29,62.40999985
1962/11/30,62.25999832
1962/12/3,61.93999863
1962/12/4,62.63999939
1962/12/5,62.38999939
1962/12/6,62.93000031
1962/12/7,63.06000137
1962/12/10,62.27000046
1962/12/11,62.31999969
1962/12/12,62.63000107
1962/12/13,62.41999817
1962/12/14,62.56999969
1962/12/17,62.36999893
1962/12/18,62.06999969
1962/12/19,62.58000183
1962/12/20,62.81999969
1962/12/21,62.63999939
1962/12/24,62.63000107
1962/12/26,63.02000046
1962/12/27,62.93000031
1962/12/28,62.95999908
1962/12/31,63.09999847
1963/1/2,62.68999863
1963/1/3,63.72000122
1963/1/4,64.12999725
1963/1/7,64.12000275
1963/1/8,64.73999786
1963/1/9,64.58999634
1963/1/10,64.70999908
1963/1/11,64.84999847
1963/1/14,65.19999695
1963/1/15,65.11000061
1963/1/16,64.66999817
1963/1/17,65.12999725
1963/1/18,65.18000031
1963/1/21,65.27999878
1963/1/22,65.44000244
1963/1/23,65.62000275
1963/1/24,65.75
1963/1/25,65.91999817
1963/1/28,66.23999786
1963/1/29,66.23000336
1963/1/30,65.84999847
1963/1/31,66.19999695
1963/2/1,66.30999756
1963/2/4,66.16999817
1963/2/5,66.11000061
1963/2/6,66.40000153
1963/2/7,66.16999817
1963/2/8,66.16999817
1963/2/11,65.76000214
1963/2/12,65.83000183
1963/2/13,66.15000153
1963/2/14,66.34999847
1963/2/15,66.41000366
1963/2/18,66.51999664
1963/2/19,66.19999695
1963/2/20,65.83000183
1963/2/21,65.91999817
1963/2/25,65.45999908
1963/2/26,65.47000122
1963/2/27,65.01000214
1963/2/28,64.29000092
1963/3/1,64.09999847
1963/3/4,64.72000122
1963/3/5,64.73999786
1963/3/6,64.84999847
1963/3/7,65.26000214
1963/3/8,65.33000183
1963/3/11,65.51000214
1963/3/12,65.66999817
1963/3/13,65.91000366
1963/3/14,65.59999847
1963/3/15,65.93000031
1963/3/18,65.61000061
1963/3/19,65.47000122
1963/3/20,65.94999695
1963/3/21,65.84999847
1963/3/22,66.19000244
1963/3/25,66.20999908
1963/3/26,66.40000153
1963/3/27,66.68000031
1963/3/28,66.58000183
1963/3/29,66.56999969
1963/4/1,66.84999847
1963/4/2,66.83999634
1963/4/3,67.36000061
1963/4/4,67.84999847
1963/4/5,68.27999878
1963/4/8,68.51999664
1963/4/9,68.44999695
1963/4/10,68.29000092
1963/4/11,68.76999664
1963/4/15,69.08999634
1963/4/16,69.13999939
1963/4/17,68.91999817
1963/4/18,68.88999939
1963/4/19,69.23000336
1963/4/22,69.30000305
1963/4/23,69.52999878
1963/4/24,69.72000122
1963/4/25,69.76000214
1963/4/26,69.69999695
1963/4/29,69.65000153
1963/4/30,69.80000305
1963/5/1,69.97000122
1963/5/2,70.16999817
1963/5/3,70.02999878
1963/5/6,69.52999878
1963/5/7,69.44000244
1963/5/8,70.01000214
1963/5/9,70.34999847
1963/5/10,70.51999664
1963/5/13,70.48000336
1963/5/14,70.20999908
1963/5/15,70.43000031
1963/5/16,70.25
1963/5/17,70.29000092
1963/5/20,69.95999908
1963/5/21,70.13999939
1963/5/22,70.13999939
1963/5/23,70.09999847
1963/5/24,70.01999664
1963/5/27,69.87000275
1963/5/28,70.01000214
1963/5/29,70.33000183
1963/5/31,70.80000305
1963/6/3,70.69000244
1963/6/4,70.69999695
1963/6/5,70.52999878
1963/6/6,70.58000183
1963/6/7,70.41000366
1963/6/10,69.94000244
1963/6/11,70.02999878
1963/6/12,70.41000366
1963/6/13,70.23000336
1963/6/14,70.25
1963/6/17,69.94999695
1963/6/18,70.01999664
1963/6/19,70.08999634
1963/6/20,70.01000214
1963/6/21,70.25
1963/6/24,70.19999695
1963/6/25,70.04000092
1963/6/26,69.41000366
1963/6/27,69.06999969
1963/6/28,69.37000275
1963/7/1,68.86000061
1963/7/2,69.45999908
1963/7/3,69.94000244
1963/7/5,70.22000122
1963/7/8,69.73999786
1963/7/9,70.04000092
1963/7/10,69.88999939
1963/7/11,69.76000214
1963/7/12,69.63999939
1963/7/15,69.19999695
1963/7/16,69.13999939
1963/7/17,68.93000031
1963/7/18,68.48999786
1963/7/19,68.34999847
1963/7/22,67.90000153
1963/7/23,67.91000366
1963/7/24,68.27999878
1963/7/25,68.26000214
1963/7/26,68.54000092
1963/7/29,68.66999817
1963/7/30,69.23999786
1963/7/31,69.12999725
1963/8/1,69.06999969
1963/8/2,69.30000305
1963/8/5,69.70999908
1963/8/6,70.16999817
1963/8/7,69.95999908
1963/8/8,70.01999664
1963/8/9,70.48000336
1963/8/12,70.58999634
1963/8/13,70.79000092
1963/8/14,71.06999969
1963/8/15,71.37999725
1963/8/16,71.48999786
1963/8/19,71.44000244
1963/8/20,71.37999725
1963/8/21,71.29000092
1963/8/22,71.54000092
1963/8/23,71.76000214
1963/8/26,71.91000366
1963/8/27,71.51999664
1963/8/28,72.04000092
1963/8/29,72.16000366
1963/8/30,72.5
1963/9/3,72.66000366
1963/9/4,72.63999939
1963/9/5,73
1963/9/6,72.83999634
1963/9/9,72.58000183
1963/9/10,72.98999786
1963/9/11,73.19999695
1963/9/12,73.15000153
1963/9/13,73.16999817
1963/9/16,73.06999969
1963/9/17,73.12000275
1963/9/18,72.80000305
1963/9/19,73.22000122
1963/9/20,73.30000305
1963/9/23,72.95999908
1963/9/24,73.30000305
1963/9/25,72.88999939
1963/9/26,72.26999664
1963/9/27,72.12999725
1963/9/30,71.69999695
1963/10/1,72.22000122
1963/10/2,72.30000305
1963/10/3,72.83000183
1963/10/4,72.84999847
1963/10/7,72.69999695
1963/10/8,72.59999847
1963/10/9,71.87000275
1963/10/10,72.19999695
1963/10/11,72.26999664
1963/10/14,72.30000305
1963/10/15,72.40000153
1963/10/16,72.97000122
1963/10/17,73.26000214
1963/10/18,73.31999969
1963/10/21,73.37999725
1963/10/22,72.95999908
1963/10/23,73
1963/10/24,73.27999878
1963/10/25,74.01000214
1963/10/28,74.48000336
1963/10/29,74.45999908
1963/10/30,73.80000305
1963/10/31,74.01000214
1963/11/1,73.83000183
1963/11/4,73.44999695
1963/11/6,72.80999756
1963/11/7,73.05999756
1963/11/8,73.36000061
1963/11/11,73.51999664
1963/11/12,73.23000336
1963/11/13,73.29000092
1963/11/14,72.94999695
1963/11/15,72.34999847
1963/11/18,71.83000183
1963/11/19,71.90000153
1963/11/20,72.55999756
1963/11/21,71.62000275
1963/11/22,69.61000061
1963/11/26,72.37999725
1963/11/27,72.25
1963/11/29,73.23000336
1963/12/2,73.66000366
1963/12/3,73.62000275
1963/12/4,73.80000305
1963/12/5,74.27999878
1963/12/6,74
1963/12/9,73.95999908
1963/12/10,73.98999786
1963/12/11,73.90000153
1963/12/12,73.91000366
1963/12/13,74.05999756
1963/12/16,74.30000305
1963/12/17,74.73999786
1963/12/18,74.62999725
1963/12/19,74.40000153
1963/12/20,74.27999878
1963/12/23,73.80999756
1963/12/24,73.97000122
1963/12/26,74.31999969
1963/12/27,74.44000244
1963/12/30,74.55999756
1963/12/31,75.01999664
1964/1/2,75.43000031
1964/1/3,75.5
1964/1/6,75.66999817
1964/1/7,75.69000244
1964/1/8,76
1964/1/9,76.27999878
1964/1/10,76.23999786
1964/1/13,76.22000122
1964/1/14,76.36000061
1964/1/15,76.63999939
1964/1/16,76.55000305
1964/1/17,76.55999756
1964/1/20,76.41000366
1964/1/21,76.62000275
1964/1/22,77.02999878
1964/1/23,77.08999634
1964/1/24,77.11000061
1964/1/27,77.08000183
1964/1/28,77.09999847
1964/1/29,76.62999725
1964/1/30,76.69999695
1964/1/31,77.04000092
1964/2/3,76.97000122
1964/2/4,76.87999725
1964/2/5,76.75
1964/2/6,76.93000031
1964/2/7,77.18000031
1964/2/10,77.05000305
1964/2/11,77.33000183
1964/2/12,77.56999969
1964/2/13,77.51999664
1964/2/14,77.48000336
1964/2/17,77.45999908
1964/2/18,77.47000122
1964/2/19,77.55000305
1964/2/20,77.62000275
1964/2/24,77.68000031
1964/2/25,77.68000031
1964/2/26,77.87000275
1964/2/27,77.62000275
1964/2/28,77.80000305
1964/3/2,77.97000122
1964/3/3,78.22000122
1964/3/4,78.06999969
1964/3/5,78.05999756
1964/3/6,78.30999756
1964/3/9,78.33000183
1964/3/10,78.58999634
1964/3/11,78.94999695
1964/3/12,79.08000183
1964/3/13,79.13999939
1964/3/16,79.13999939
1964/3/17,79.31999969
1964/3/18,79.37999725
1964/3/19,79.30000305
1964/3/20,78.91999817
1964/3/23,78.93000031
1964/3/24,78.79000092
1964/3/25,78.98000336
1964/3/26,79.19000244
1964/3/30,79.13999939
1964/3/31,78.98000336
1964/4/1,79.23999786
1964/4/2,79.69999695
1964/4/3,79.94000244
1964/4/6,80.01999664
1964/4/7,79.73999786
1964/4/8,79.75
1964/4/9,79.69999695
1964/4/10,79.84999847
1964/4/13,79.76999664
1964/4/14,79.98999786
1964/4/15,80.08999634
1964/4/16,80.19999695
1964/4/17,80.55000305
1964/4/20,80.5
1964/4/21,80.54000092
1964/4/22,80.48999786
1964/4/23,80.37999725
1964/4/24,79.75
1964/4/27,79.34999847
1964/4/28,79.90000153
1964/4/29,79.69999695
1964/4/30,79.45999908
1964/5/1,80.16999817
1964/5/4,80.47000122
1964/5/5,80.87999725
1964/5/6,81.05999756
1964/5/7,81.15000153
1964/5/8,81
1964/5/11,80.90000153
1964/5/12,81.16000366
1964/5/13,80.97000122
1964/5/14,80.86000061
1964/5/15,81.09999847
1964/5/18,80.72000122
1964/5/19,80.30000305
1964/5/20,80.66000366
1964/5/21,80.94000244
1964/5/22,80.73000336
1964/5/25,80.55999756
1964/5/26,80.38999939
1964/5/27,80.26000214
1964/5/28,80.37000275
1964/6/1,80.11000061
1964/6/2,79.69999695
1964/6/3,79.48999786
1964/6/4,78.66999817
1964/6/5,79.01999664
1964/6/8,78.63999939
1964/6/9,79.13999939
1964/6/10,79.44000244
1964/6/11,79.73000336
1964/6/12,79.59999847
1964/6/15,79.97000122
1964/6/16,80.40000153
1964/6/17,80.80999756
1964/6/18,80.79000092
1964/6/19,80.88999939
1964/6/22,81.11000061
1964/6/23,80.76999664
1964/6/24,81.05999756
1964/6/25,81.20999908
1964/6/26,81.45999908
1964/6/29,81.63999939
1964/6/30,81.69000244
1964/7/1,82.26999664
1964/7/2,82.59999847
1964/7/6,82.98000336
1964/7/7,83.12000275
1964/7/8,83.12000275
1964/7/9,83.22000122
1964/7/10,83.36000061
1964/7/13,83.30999756
1964/7/14,83.05999756
1964/7/15,83.33999634
1964/7/16,83.63999939
1964/7/17,84.01000214
1964/7/20,83.73999786
1964/7/21,83.54000092
1964/7/22,83.51999664
1964/7/23,83.48000336
1964/7/24,83.45999908
1964/7/27,83.08000183
1964/7/28,82.84999847
1964/7/29,82.91999817
1964/7/30,83.08999634
1964/7/31,83.18000031
1964/8/3,83
1964/8/4,81.95999908
1964/8/5,82.08999634
1964/8/6,81.33999634
1964/8/7,81.86000061
1964/8/10,81.77999878
1964/8/11,81.76000214
1964/8/12,82.16999817
1964/8/13,82.41000366
1964/8/14,82.34999847
1964/8/17,82.36000061
1964/8/18,82.40000153
1964/8/19,82.31999969
1964/8/20,81.94000244
1964/8/21,82.06999969
1964/8/24,81.91000366
1964/8/25,81.44000244
1964/8/26,81.31999969
1964/8/27,81.69999695
1964/8/28,81.98999786
1964/8/31,81.83000183
1964/9/1,82.18000031
1964/9/2,82.30999756
1964/9/3,82.55999756
1964/9/4,82.76000214
1964/9/8,82.87000275
1964/9/9,83.05000305
1964/9/10,83.09999847
1964/9/11,83.44999695
1964/9/14,83.22000122
1964/9/15,83
1964/9/16,83.23999786
1964/9/17,83.79000092
1964/9/18,83.48000336
1964/9/21,83.86000061
1964/9/22,83.88999939
1964/9/23,83.91000366
1964/9/24,84
1964/9/25,84.20999908
1964/9/28,84.27999878
1964/9/29,84.23999786
1964/9/30,84.18000031
1964/10/1,84.08000183
1964/10/2,84.36000061
1964/10/5,84.73999786
1964/10/6,84.79000092
1964/10/7,84.80000305
1964/10/8,85.04000092
1964/10/9,85.22000122
1964/10/12,85.23999786
1964/10/13,84.95999908
1964/10/14,84.79000092
1964/10/15,84.25
1964/10/16,84.83000183
1964/10/19,84.93000031
1964/10/20,85.18000031
1964/10/21,85.09999847
1964/10/22,84.94000244
1964/10/23,85.13999939
1964/10/26,85
1964/10/27,85
1964/10/28,84.69000244
1964/10/29,84.73000336
1964/10/30,84.86000061
1964/11/2,85.18000031
1964/11/4,85.13999939
1964/11/5,85.16000366
1964/11/6,85.23000336
1964/11/9,85.19000244
1964/11/10,84.83999634
1964/11/11,85.08000183
1964/11/12,85.19000244
1964/11/13,85.20999908
1964/11/16,85.65000153
1964/11/17,86.02999878
1964/11/18,86.22000122
1964/11/19,86.18000031
1964/11/20,86.27999878
1964/11/23,86
1964/11/24,85.73000336
1964/11/25,85.44000244
1964/11/27,85.16000366
1964/11/30,84.41999817
1964/12/1,83.55000305
1964/12/2,83.79000092
1964/12/3,84.18000031
1964/12/4,84.34999847
1964/12/7,84.33000183
1964/12/8,84
1964/12/9,83.45999908
1964/12/10,83.44999695
1964/12/11,83.66000366
1964/12/14,83.44999695
1964/12/15,83.22000122
1964/12/16,83.55000305
1964/12/17,83.90000153
1964/12/18,84.29000092
1964/12/21,84.37999725
1964/12/22,84.33000183
1964/12/23,84.15000153
1964/12/24,84.15000153
1964/12/28,84.06999969
1964/12/29,83.80999756
1964/12/30,84.30000305
1964/12/31,84.75
1965/1/4,84.23000336
1965/1/5,84.62999725
1965/1/6,84.88999939
1965/1/7,85.26000214
1965/1/8,85.37000275
1965/1/11,85.40000153
1965/1/12,85.61000061
1965/1/13,85.83999634
1965/1/14,85.83999634
1965/1/15,86.20999908
1965/1/18,86.48999786
1965/1/19,86.62999725
1965/1/20,86.59999847
1965/1/21,86.51999664
1965/1/22,86.73999786
1965/1/25,86.86000061
1965/1/26,86.94000244
1965/1/27,87.23000336
1965/1/28,87.48000336
1965/1/29,87.55999756
1965/2/1,87.58000183
1965/2/2,87.55000305
1965/2/3,87.62999725
1965/2/4,87.56999969
1965/2/5,87.29000092
1965/2/8,86.94999695
1965/2/9,87.23999786
1965/2/10,86.45999908
1965/2/11,85.54000092
1965/2/12,86.16999817
1965/2/15,86.06999969
1965/2/16,85.66999817
1965/2/17,85.76999664
1965/2/18,86.05000305
1965/2/19,86.20999908
1965/2/23,86.63999939
1965/2/24,87.16999817
1965/2/25,87.19999695
1965/2/26,87.43000031
1965/3/1,87.25
1965/3/2,87.40000153
1965/3/3,87.26000214
1965/3/4,86.98000336
1965/3/5,86.80000305
1965/3/8,86.83000183
1965/3/9,86.69000244
1965/3/10,86.54000092
1965/3/11,86.90000153
1965/3/12,87.20999908
1965/3/15,87.23999786
1965/3/16,87.12999725
1965/3/17,87.01999664
1965/3/18,86.80999756
1965/3/19,86.83999634
1965/3/22,86.83000183
1965/3/23,86.93000031
1965/3/24,87.08999634
1965/3/25,86.83999634
1965/3/26,86.19999695
1965/3/29,86.02999878
1965/3/30,86.19999695
1965/3/31,86.16000366
1965/4/1,86.31999969
1965/4/2,86.52999878
1965/4/5,86.52999878
1965/4/6,86.5
1965/4/7,86.55000305
1965/4/8,87.04000092
1965/4/9,87.55999756
1965/4/12,87.94000244
1965/4/13,88.04000092
1965/4/14,88.23999786
1965/4/15,88.15000153
1965/4/19,88.51000214
1965/4/20,88.45999908
1965/4/21,88.30000305
1965/4/22,88.77999878
1965/4/23,88.87999725
1965/4/26,88.88999939
1965/4/27,89.04000092
1965/4/28,89
1965/4/29,88.93000031
1965/4/30,89.11000061
1965/5/3,89.23000336
1965/5/4,89.51000214
1965/5/5,89.70999908
1965/5/6,89.91999817
1965/5/7,89.84999847
1965/5/10,89.66000366
1965/5/11,89.55000305
1965/5/12,89.94000244
1965/5/13,90.26999664
1965/5/14,90.09999847
1965/5/17,89.54000092
1965/5/18,89.45999908
1965/5/19,89.66999817
1965/5/20,89.18000031
1965/5/21,88.75
1965/5/24,88.08999634
1965/5/25,88.59999847
1965/5/26,88.30000305
1965/5/27,87.83999634
1965/5/28,88.41999817
1965/6/1,88.72000122
1965/6/2,87.08999634
1965/6/3,86.90000153
1965/6/4,87.11000061
1965/6/7,86.87999725
1965/6/8,85.93000031
1965/6/9,85.04000092
1965/6/10,84.73000336
1965/6/11,85.12000275
1965/6/14,84.01000214
1965/6/15,84.48999786
1965/6/16,85.19999695
1965/6/17,85.73999786
1965/6/18,85.33999634
1965/6/21,85.05000305
1965/6/22,85.20999908
1965/6/23,84.66999817
1965/6/24,83.55999756
1965/6/25,83.05999756
1965/6/28,81.59999847
1965/6/29,82.41000366
1965/6/30,84.12000275
1965/7/1,84.48000336
1965/7/2,85.16000366
1965/7/6,84.98999786
1965/7/7,84.66999817
1965/7/8,85.38999939
1965/7/9,85.70999908
1965/7/12,85.69000244
1965/7/13,85.58999634
1965/7/14,85.87000275
1965/7/15,85.72000122
1965/7/16,85.69000244
1965/7/19,85.62999725
1965/7/20,84.55000305
1965/7/21,84.06999969
1965/7/22,83.84999847
1965/7/23,84.06999969
1965/7/26,84.05000305
1965/7/27,83.87000275
1965/7/28,84.02999878
1965/7/29,84.68000031
1965/7/30,85.25
1965/8/2,85.41999817
1965/8/3,85.45999908
1965/8/4,85.79000092
1965/8/5,85.79000092
1965/8/6,86.06999969
1965/8/9,85.86000061
1965/8/10,85.87000275
1965/8/11,86.12999725
1965/8/12,86.37999725
1965/8/13,86.76999664
1965/8/16,86.87000275
1965/8/17,87.04000092
1965/8/18,86.98999786
1965/8/19,86.79000092
1965/8/20,86.69000244
1965/8/23,86.55999756
1965/8/24,86.70999908
1965/8/25,86.80999756
1965/8/26,87.13999939
1965/8/27,87.19999695
1965/8/30,87.20999908
1965/8/31,87.16999817
1965/9/1,87.16999817
1965/9/2,87.65000153
1965/9/3,88.05999756
1965/9/7,88.36000061
1965/9/8,88.66000366
1965/9/9,88.88999939
1965/9/10,89.12000275
1965/9/13,89.37999725
1965/9/14,89.02999878
1965/9/15,89.51999664
1965/9/16,90.01999664
1965/9/17,90.05000305
1965/9/20,90.08000183
1965/9/21,89.80999756
1965/9/22,90.22000122
1965/9/23,89.86000061
1965/9/24,90.01999664
1965/9/27,90.65000153
1965/9/28,90.43000031
1965/9/29,90.01999664
1965/9/30,89.95999908
1965/10/1,89.90000153
1965/10/4,90.08000183
1965/10/5,90.62999725
1965/10/6,90.54000092
1965/10/7,90.47000122
1965/10/8,90.84999847
1965/10/11,91.37000275
1965/10/12,91.34999847
1965/10/13,91.33999634
1965/10/14,91.19000244
1965/10/15,91.37999725
1965/10/18,91.68000031
1965/10/19,91.80000305
1965/10/20,91.77999878
1965/10/21,91.94000244
1965/10/22,91.98000336
1965/10/25,91.66999817
1965/10/26,92.19999695
1965/10/27,92.51000214
1965/10/28,92.20999908
1965/10/29,92.41999817
1965/11/1,92.23000336
1965/11/3,92.30999756
1965/11/4,92.45999908
1965/11/5,92.37000275
1965/11/8,92.23000336
1965/11/9,91.93000031
1965/11/10,91.83000183
1965/11/11,92.11000061
1965/11/12,92.55000305
1965/11/15,92.62999725
1965/11/16,92.41000366
1965/11/17,92.59999847
1965/11/18,92.22000122
1965/11/19,92.23999786
1965/11/22,91.63999939
1965/11/23,91.77999878
1965/11/24,91.94000244
1965/11/26,92.02999878
1965/11/29,91.80000305
1965/11/30,91.61000061
1965/12/1,91.5
1965/12/2,91.20999908
1965/12/3,91.26999664
1965/12/6,90.58999634
1965/12/7,91.38999939
1965/12/8,91.27999878
1965/12/9,91.55999756
1965/12/10,91.80000305
1965/12/13,91.83000183
1965/12/14,91.87999725
1965/12/15,92.01999664
1965/12/16,92.12000275
1965/12/17,92.08000183
1965/12/20,91.65000153
1965/12/21,92.01000214
1965/12/22,92.29000092
1965/12/23,92.19000244
1965/12/27,91.51999664
1965/12/28,91.52999878
1965/12/29,91.80999756
1965/12/30,92.19999695
1965/12/31,92.43000031
1966/1/3,92.18000031
1966/1/4,92.26000214
1966/1/5,92.84999847
1966/1/6,93.05999756
1966/1/7,93.13999939
1966/1/10,93.33000183
1966/1/11,93.41000366
1966/1/12,93.19000244
1966/1/13,93.36000061
1966/1/14,93.5
1966/1/17,93.76999664
1966/1/18,93.94999695
1966/1/19,93.69000244
1966/1/20,93.36000061
1966/1/21,93.47000122
1966/1/24,93.70999908
1966/1/25,93.84999847
1966/1/26,93.69999695
1966/1/27,93.66999817
1966/1/28,93.30999756
1966/1/31,92.87999725
1966/2/1,92.16000366
1966/2/2,92.52999878
1966/2/3,92.65000153
1966/2/4,93.26000214
1966/2/7,93.58999634
1966/2/8,93.55000305
1966/2/9,94.05999756
1966/2/10,93.83000183
1966/2/11,93.80999756
1966/2/14,93.52999878
1966/2/15,93.16999817
1966/2/16,93.16000366
1966/2/17,92.66000366
1966/2/18,92.41000366
1966/2/21,91.87000275
1966/2/23,91.48000336
1966/2/24,90.88999939
1966/2/25,91.13999939
1966/2/28,91.22000122
1966/3/1,90.05999756
1966/3/2,89.15000153
1966/3/3,89.47000122
1966/3/4,89.23999786
1966/3/7,88.04000092
1966/3/8,88.18000031
1966/3/9,88.95999908
1966/3/10,88.95999908
1966/3/11,88.84999847
1966/3/14,87.84999847
1966/3/15,87.34999847
1966/3/16,87.86000061
1966/3/17,88.16999817
1966/3/18,88.52999878
1966/3/21,89.19999695
1966/3/22,89.45999908
1966/3/23,89.12999725
1966/3/24,89.29000092
1966/3/25,89.54000092
1966/3/28,89.62000275
1966/3/29,89.26999664
1966/3/30,88.77999878
1966/3/31,89.23000336
1966/4/1,89.94000244
1966/4/4,90.76000214
1966/4/5,91.30999756
1966/4/6,91.55999756
1966/4/7,91.76000214
1966/4/11,91.79000092
1966/4/12,91.44999695
1966/4/13,91.54000092
1966/4/14,91.87000275
1966/4/15,91.98999786
1966/4/18,91.58000183
1966/4/19,91.56999969
1966/4/20,92.08000183
1966/4/21,92.41999817
1966/4/22,92.26999664
1966/4/25,92.08000183
1966/4/26,91.98999786
1966/4/27,91.76000214
1966/4/28,91.12999725
1966/4/29,91.05999756
1966/5/2,90.90000153
1966/5/3,89.84999847
1966/5/4,89.38999939
1966/5/5,87.93000031
1966/5/6,87.83999634
1966/5/9,86.31999969
1966/5/10,87.08000183
1966/5/11,87.23000336
1966/5/12,86.23000336
1966/5/13,85.47000122
1966/5/16,84.41000366
1966/5/17,83.62999725
1966/5/18,85.12000275
1966/5/19,85.01999664
1966/5/20,85.43000031
1966/5/23,86.19999695
1966/5/24,86.76999664
1966/5/25,87.06999969
1966/5/26,87.06999969
1966/5/27,87.33000183
1966/5/31,86.12999725
1966/6/1,86.09999847
1966/6/2,85.95999908
1966/6/3,86.05999756
1966/6/6,85.41999817
1966/6/7,84.83000183
1966/6/8,84.93000031
1966/6/9,85.5
1966/6/10,86.44000244
1966/6/13,86.83000183
1966/6/14,87.06999969
1966/6/15,86.73000336
1966/6/16,86.47000122
1966/6/17,86.51000214
1966/6/20,86.48000336
1966/6/21,86.70999908
1966/6/22,86.84999847
1966/6/23,86.5
1966/6/24,86.58000183
1966/6/27,86.08000183
1966/6/28,85.66999817
1966/6/29,84.86000061
1966/6/30,84.73999786
1966/7/1,85.61000061
1966/7/5,85.81999969
1966/7/6,87.05999756
1966/7/7,87.37999725
1966/7/8,87.61000061
1966/7/11,87.44999695
1966/7/12,86.87999725
1966/7/13,86.30000305
1966/7/14,86.81999969
1966/7/15,87.08000183
1966/7/18,86.98999786
1966/7/19,86.33000183
1966/7/20,85.51000214
1966/7/21,85.51999664
1966/7/22,85.41000366
1966/7/25,83.83000183
1966/7/26,83.69999695
1966/7/27,84.09999847
1966/7/28,83.76999664
1966/7/29,83.59999847
1966/8/1,82.30999756
1966/8/2,82.33000183
1966/8/3,83.15000153
1966/8/4,83.93000031
1966/8/5,84
1966/8/8,83.75
1966/8/9,83.48999786
1966/8/10,83.11000061
1966/8/11,83.01999664
1966/8/12,83.16999817
1966/8/15,82.73999786
1966/8/16,81.62999725
1966/8/17,81.18000031
1966/8/18,80.16000366
1966/8/19,79.62000275
1966/8/22,78.23999786
1966/8/23,78.11000061
1966/8/24,79.06999969
1966/8/25,78.05999756
1966/8/26,76.41000366
1966/8/29,74.52999878
1966/8/30,75.86000061
1966/8/31,77.09999847
1966/9/1,77.69999695
1966/9/2,77.41999817
1966/9/6,76.95999908
1966/9/7,76.37000275
1966/9/8,76.05000305
1966/9/9,76.29000092
1966/9/12,77.91000366
1966/9/13,78.31999969
1966/9/14,79.12999725
1966/9/15,80.08000183
1966/9/16,79.98999786
1966/9/19,79.58999634
1966/9/20,79.04000092
1966/9/21,77.70999908
1966/9/22,77.94000244
1966/9/23,77.66999817
1966/9/26,77.86000061
1966/9/27,78.09999847
1966/9/28,77.11000061
1966/9/29,76.30999756
1966/9/30,76.55999756
1966/10/3,74.90000153
1966/10/4,75.09999847
1966/10/5,74.69000244
1966/10/6,74.05000305
1966/10/7,73.19999695
1966/10/10,74.52999878
1966/10/11,74.91000366
1966/10/12,77.04000092
1966/10/13,76.88999939
1966/10/14,76.59999847
1966/10/17,77.47000122
1966/10/18,78.68000031
1966/10/19,78.05000305
1966/10/20,77.83999634
1966/10/21,78.19000244
1966/10/24,78.41999817
1966/10/25,78.90000153
1966/10/26,79.58000183
1966/10/27,80.23000336
1966/10/28,80.23999786
1966/10/31,80.19999695
1966/11/1,80.80999756
1966/11/2,80.87999725
1966/11/3,80.55999756
1966/11/4,80.80999756
1966/11/7,80.73000336
1966/11/9,81.37999725
1966/11/10,81.88999939
1966/11/11,81.94000244
1966/11/14,81.37000275
1966/11/15,81.69000244
1966/11/16,82.37000275
1966/11/17,81.80000305
1966/11/18,81.26000214
1966/11/21,80.08999634
1966/11/22,79.66999817
1966/11/23,80.20999908
1966/11/25,80.84999847
1966/11/28,80.70999908
1966/11/29,80.41999817
1966/11/30,80.44999695
1966/12/1,80.08000183
1966/12/2,80.12999725
1966/12/5,80.23999786
1966/12/6,80.83999634
1966/12/7,81.72000122
1966/12/8,82.05000305
1966/12/9,82.13999939
1966/12/12,83
1966/12/13,82.73000336
1966/12/14,82.63999939
1966/12/15,81.63999939
1966/12/16,81.58000183
1966/12/19,81.26999664
1966/12/20,80.95999908
1966/12/21,81.37999725
1966/12/22,81.69000244
1966/12/23,81.47000122
1966/12/27,81
1966/12/28,80.61000061
1966/12/29,80.37000275
1966/12/30,80.33000183
1967/1/3,80.37999725
1967/1/4,80.55000305
1967/1/5,81.59999847
1967/1/6,82.18000031
1967/1/9,82.80999756
1967/1/10,82.80999756
1967/1/11,83.47000122
1967/1/12,83.91000366
1967/1/13,84.52999878
1967/1/16,84.30999756
1967/1/17,85.23999786
1967/1/18,85.79000092
1967/1/19,85.81999969
1967/1/20,86.06999969
1967/1/23,86.38999939
1967/1/24,86.51000214
1967/1/25,85.84999847
1967/1/26,85.80999756
1967/1/27,86.16000366
1967/1/30,86.66000366
1967/1/31,86.61000061
1967/2/1,86.43000031
1967/2/2,86.73000336
1967/2/3,87.36000061
1967/2/6,87.18000031
1967/2/7,86.94999695
1967/2/8,87.72000122
1967/2/9,87.36000061
1967/2/10,87.62999725
1967/2/13,87.58000183
1967/2/14,88.16999817
1967/2/15,88.26999664
1967/2/16,87.86000061
1967/2/17,87.88999939
1967/2/20,87.40000153
1967/2/21,87.33999634
1967/2/23,87.44999695
1967/2/24,87.41000366
1967/2/27,86.45999908
1967/2/28,86.77999878
1967/3/1,87.68000031
1967/3/2,88.16000366
1967/3/3,88.29000092
1967/3/6,88.09999847
1967/3/7,88.16000366
1967/3/8,88.26999664
1967/3/9,88.52999878
1967/3/10,88.88999939
1967/3/13,88.43000031
1967/3/14,88.34999847
1967/3/15,89.19000244
1967/3/16,90.08999634
1967/3/17,90.25
1967/3/20,90.19999695
1967/3/21,90
1967/3/22,90.25
1967/3/23,90.94000244
1967/3/27,90.87000275
1967/3/28,90.91000366
1967/3/29,90.73000336
1967/3/30,90.69999695
1967/3/31,90.19999695
1967/4/3,89.23999786
1967/4/4,89.22000122
1967/4/5,89.79000092
1967/4/6,89.94000244
1967/4/7,89.36000061
1967/4/10,88.23999786
1967/4/11,88.87999725
1967/4/12,88.77999878
1967/4/13,89.45999908
1967/4/14,90.43000031
1967/4/17,91.06999969
1967/4/18,91.86000061
1967/4/19,91.94000244
1967/4/20,92.11000061
1967/4/21,92.30000305
1967/4/24,92.62000275
1967/4/25,93.11000061
1967/4/26,93.01999664
1967/4/27,93.80999756
1967/4/28,94.01000214
1967/5/1,93.83999634
1967/5/2,93.66999817
1967/5/3,93.91000366
1967/5/4,94.31999969
1967/5/5,94.44000244
1967/5/8,94.58000183
1967/5/9,93.59999847
1967/5/10,93.34999847
1967/5/11,93.75
1967/5/12,93.48000336
1967/5/15,92.70999908
1967/5/16,93.13999939
1967/5/17,92.77999878
1967/5/18,92.52999878
1967/5/19,92.06999969
1967/5/22,91.66999817
1967/5/23,91.23000336
1967/5/24,90.18000031
1967/5/25,91.19000244
1967/5/26,90.98000336
1967/5/29,90.48999786
1967/5/31,89.08000183
1967/6/1,90.23000336
1967/6/2,89.79000092
1967/6/5,88.43000031
1967/6/6,90.23000336
1967/6/7,90.91000366
1967/6/8,91.40000153
1967/6/9,91.55999756
1967/6/12,92.04000092
1967/6/13,92.62000275
1967/6/14,92.40000153
1967/6/15,92.48999786
1967/6/16,92.54000092
1967/6/19,92.51000214
1967/6/20,92.48000336
1967/6/21,92.19999695
1967/6/22,91.97000122
1967/6/23,92
1967/6/26,91.63999939
1967/6/27,91.30000305
1967/6/28,91.30999756
1967/6/29,90.84999847
1967/6/30,90.63999939
1967/7/3,90.91000366
1967/7/5,91.36000061
1967/7/6,91.31999969
1967/7/7,91.69000244
1967/7/10,92.05000305
1967/7/11,92.48000336
1967/7/12,92.40000153
1967/7/13,92.41999817
1967/7/14,92.73999786
1967/7/17,92.75
1967/7/18,93.5
1967/7/19,93.65000153
1967/7/20,93.84999847
1967/7/21,94.04000092
1967/7/24,93.73000336
1967/7/25,93.23999786
1967/7/26,94.05999756
1967/7/27,94.34999847
1967/7/28,94.48999786
1967/7/31,94.75
1967/8/1,95.37000275
1967/8/2,95.77999878
1967/8/3,95.66000366
1967/8/4,95.83000183
1967/8/7,95.58000183
1967/8/8,95.69000244
1967/8/9,95.77999878
1967/8/10,95.52999878
1967/8/11,95.15000153
1967/8/14,94.63999939
1967/8/15,94.76999664
1967/8/16,94.55000305
1967/8/17,94.62999725
1967/8/18,94.77999878
1967/8/21,94.25
1967/8/22,93.73999786
1967/8/23,93.61000061
1967/8/24,93.08999634
1967/8/25,92.69999695
1967/8/28,92.63999939
1967/8/29,92.87999725
1967/8/30,93.06999969
1967/8/31,93.63999939
1967/9/1,93.68000031
1967/9/5,94.20999908
1967/9/6,94.38999939
1967/9/7,94.33000183
1967/9/8,94.36000061
1967/9/11,94.54000092
1967/9/12,94.98999786
1967/9/13,95.98999786
1967/9/14,96.19999695
1967/9/15,96.26999664
1967/9/18,96.52999878
1967/9/19,96.16999817
1967/9/20,96.12999725
1967/9/21,96.75
1967/9/22,97
1967/9/25,97.58999634
1967/9/26,96.76000214
1967/9/27,96.79000092
1967/9/28,96.79000092
1967/9/29,96.70999908
1967/10/2,96.31999969
1967/10/3,96.65000153
1967/10/4,96.43000031
1967/10/5,96.66999817
1967/10/6,97.26000214
1967/10/9,97.51000214
1967/10/10,96.83999634
1967/10/11,96.37000275
1967/10/12,95.75
1967/10/13,96
1967/10/16,95.25
1967/10/17,95
1967/10/18,95.25
1967/10/19,95.43000031
1967/10/20,95.37999725
1967/10/23,94.95999908
1967/10/24,94.41999817
1967/10/25,94.51999664
1967/10/26,94.94000244
1967/10/27,94.95999908
1967/10/30,94.79000092
1967/10/31,93.30000305
1967/11/1,92.70999908
1967/11/2,92.33999634
1967/11/3,91.77999878
1967/11/6,91.48000336
1967/11/8,91.13999939
1967/11/9,91.58999634
1967/11/10,92.20999908
1967/11/13,91.97000122
1967/11/14,91.38999939
1967/11/15,91.76000214
1967/11/16,92.59999847
1967/11/17,92.81999969
1967/11/20,91.65000153
1967/11/21,93.09999847
1967/11/22,93.65000153
1967/11/24,93.90000153
1967/11/27,94.16999817
1967/11/28,94.48999786
1967/11/29,94.47000122
1967/11/30,94
1967/12/1,94.5
1967/12/4,95.09999847
1967/12/5,95.23000336
1967/12/6,95.63999939
1967/12/7,95.52999878
1967/12/8,95.41999817
1967/12/11,95.12000275
1967/12/12,95.01000214
1967/12/13,95.33999634
1967/12/14,95.47000122
1967/12/15,95.02999878
1967/12/18,94.76999664
1967/12/19,94.62999725
1967/12/20,95.15000153
1967/12/21,95.37999725
1967/12/22,95.19999695
1967/12/26,95.26000214
1967/12/27,95.91000366
1967/12/28,95.88999939
1967/12/29,96.47000122
1968/1/2,96.11000061
1968/1/3,95.66999817
1968/1/4,95.36000061
1968/1/5,95.94000244
1968/1/8,96.62000275
1968/1/9,96.5
1968/1/10,96.51999664
1968/1/11,96.62000275
1968/1/12,96.72000122
1968/1/15,96.41999817
1968/1/16,95.81999969
1968/1/17,95.63999939
1968/1/18,95.55999756
1968/1/19,95.23999786
1968/1/22,94.02999878
1968/1/23,93.66000366
1968/1/24,93.16999817
1968/1/25,93.30000305
1968/1/26,93.44999695
1968/1/29,93.34999847
1968/1/30,92.88999939
1968/1/31,92.23999786
1968/2/1,92.55999756
1968/2/2,92.26999664
1968/2/5,91.87000275
1968/2/6,91.90000153
1968/2/7,92.05999756
1968/2/8,90.90000153
1968/2/9,89.86000061
1968/2/13,89.06999969
1968/2/14,90.13999939
1968/2/15,90.30000305
1968/2/16,89.95999908
1968/2/19,90.30999756
1968/2/20,91.23999786
1968/2/21,91.23999786
1968/2/23,90.88999939
1968/2/26,90.18000031
1968/2/27,90.52999878
1968/2/28,90.08000183
1968/2/29,89.36000061
1968/3/1,89.11000061
1968/3/4,87.91999817
1968/3/5,87.72000122
1968/3/6,89.26000214
1968/3/7,89.09999847
1968/3/8,89.02999878
1968/3/11,90.12999725
1968/3/12,90.23000336
1968/3/13,90.02999878
1968/3/14,88.31999969
1968/3/15,89.09999847
1968/3/18,89.58999634
1968/3/19,88.98999786
1968/3/20,88.98000336
1968/3/21,88.33000183
1968/3/22,88.41999817
1968/3/25,88.33000183
1968/3/26,88.93000031
1968/3/27,89.66000366
1968/3/28,89.56999969
1968/3/29,90.19999695
1968/4/1,92.48000336
1968/4/2,92.63999939
1968/4/3,93.47000122
1968/4/4,93.83999634
1968/4/5,93.29000092
1968/4/8,94.94999695
1968/4/10,95.66999817
1968/4/11,96.52999878
1968/4/15,96.58999634
1968/4/16,96.62000275
1968/4/17,96.80999756
1968/4/18,97.08000183
1968/4/19,95.84999847
1968/4/22,95.31999969
1968/4/23,96.62000275
1968/4/24,96.91999817
1968/4/25,96.62000275
1968/4/26,97.20999908
1968/4/29,97.97000122
1968/4/30,97.45999908
1968/5/1,97.97000122
1968/5/2,98.58999634
1968/5/3,98.66000366
1968/5/6,98.34999847
1968/5/7,98.90000153
1968/5/8,98.91000366
1968/5/9,98.38999939
1968/5/10,98.5
1968/5/13,98.19000244
1968/5/14,98.12000275
1968/5/15,98.06999969
1968/5/16,97.59999847
1968/5/17,96.90000153
1968/5/20,96.44999695
1968/5/21,96.93000031
1968/5/22,97.18000031
1968/5/23,96.97000122
1968/5/24,97.15000153
1968/5/27,96.98999786
1968/5/28,97.62000275
1968/5/29,97.91999817
1968/5/31,98.68000031
1968/6/3,99.98999786
1968/6/4,100.3799973
1968/6/5,99.88999939
1968/6/6,100.6500015
1968/6/7,101.2699966
1968/6/10,101.4100037
1968/6/11,101.6600037
1968/6/13,101.25
1968/6/14,101.1299973
1968/6/17,100.1299973
1968/6/18,99.98999786
1968/6/20,101.5100021
1968/6/21,100.6600037
1968/6/24,100.3899994
1968/6/25,100.0800018
1968/6/27,99.98000336
1968/6/28,99.58000183
1968/7/1,99.40000153
1968/7/2,99.73999786
1968/7/3,100.9100037
1968/7/8,101.9400024
1968/7/9,102.2300034
1968/7/11,102.3899994
1968/7/12,102.3399963
1968/7/15,102.2600021
1968/7/16,101.6999969
1968/7/18,101.4400024
1968/7/19,100.4599991
1968/7/22,99.33000183
1968/7/23,99.20999908
1968/7/25,97.94000244
1968/7/26,98.33999634
1968/7/29,97.65000153
1968/7/30,97.73999786
1968/8/1,97.27999878
1968/8/2,96.62999725
1968/8/5,96.84999847
1968/8/6,97.25
1968/8/8,97.04000092
1968/8/9,97.01000214
1968/8/12,98.01000214
1968/8/13,98.52999878
1968/8/15,98.06999969
1968/8/16,98.68000031
1968/8/19,99
1968/8/20,98.95999908
1968/8/22,98.69999695
1968/8/23,98.69000244
1968/8/26,98.94000244
1968/8/27,98.80999756
1968/8/29,98.73999786
1968/8/30,98.86000061
1968/9/3,99.31999969
1968/9/4,100.0199966
1968/9/5,100.7399979
1968/9/6,101.1999969
1968/9/9,101.2300034
1968/9/10,100.7300034
1968/9/12,100.5199966
1968/9/13,100.8600006
1968/9/16,101.2399979
1968/9/17,101.5
1968/9/19,101.5899963
1968/9/20,101.6600037
1968/9/23,102.2399979
1968/9/24,102.5899963
1968/9/26,102.3600006
1968/9/27,102.3099976
1968/9/30,102.6699982
1968/10/1,102.8600006
1968/10/3,103.2200012
1968/10/4,103.7099991
1968/10/7,103.6999969
1968/10/8,103.7399979
1968/10/10,103.2900009
1968/10/11,103.1800003
1968/10/14,103.3199997
1968/10/15,103.5299988
1968/10/17,104.0100021
1968/10/18,104.8199997
1968/10/21,104.9899979
1968/10/22,104.5699997
1968/10/24,103.8399963
1968/10/25,104.1999969
1968/10/28,103.9000015
1968/10/29,103.3000031
1968/10/31,103.4100037
1968/11/1,103.0599976
1968/11/4,103.0999985
1968/11/6,103.2699966
1968/11/7,103.5
1968/11/8,103.9499969
1968/11/12,104.6200027
1968/11/13,105.1299973
1968/11/14,105.1999969
1968/11/15,105.7799988
1968/11/18,105.9199982
1968/11/19,106.1399994
1968/11/21,105.9700012
1968/11/22,106.3000031
1968/11/25,106.4800034
1968/11/26,107.2600021
1968/11/27,107.7600021
1968/11/29,108.3700027
1968/12/2,108.1200027
1968/12/3,108.0199966
1968/12/5,107.6699982
1968/12/6,107.9300003
1968/12/9,107.6600037
1968/12/10,107.3899994
1968/12/12,107.3199997
1968/12/13,107.5800018
1968/12/16,107.0999985
1968/12/17,106.6600037
1968/12/19,106.9700012
1968/12/20,106.3399963
1968/12/23,105.2099991
1968/12/24,105.0400009
1968/12/26,105.1500015
1968/12/27,104.7399979
1968/12/30,103.8000031
1968/12/31,103.8600006
1969/1/2,103.9300003
1969/1/3,103.9899979
1969/1/6,102.4700012
1969/1/7,101.2200012
1969/1/8,100.8000031
1969/1/9,101.2200012
1969/1/10,100.9300003
1969/1/13,100.4400024
1969/1/14,101.1299973
1969/1/15,101.6200027
1969/1/16,102.1800003
1969/1/17,102.0299988
1969/1/20,101.6900024
1969/1/21,101.6299973
1969/1/22,101.9800034
1969/1/23,102.4300003
1969/1/24,102.3799973
1969/1/27,102.4000015
1969/1/28,102.4100037
1969/1/29,102.5100021
1969/1/30,102.5500031
1969/1/31,103.0100021
1969/2/3,102.8899994
1969/2/4,102.9199982
1969/2/5,103.1999969
1969/2/6,103.5400009
1969/2/7,103.5299988
1969/2/11,103.6500015
1969/2/12,103.6299973
1969/2/13,103.7099991
1969/2/14,103.6100006
1969/2/17,102.4400024
1969/2/18,101.4000015
1969/2/19,100.6500015
1969/2/20,99.79000092
1969/2/24,98.59999847
1969/2/25,97.98000336
1969/2/26,98.44999695
1969/2/27,98.13999939
1969/2/28,98.12999725
1969/3/3,98.37999725
1969/3/4,99.31999969
1969/3/5,99.70999908
1969/3/6,98.69999695
1969/3/7,98.65000153
1969/3/10,98.98999786
1969/3/11,99.31999969
1969/3/12,99.05000305
1969/3/13,98.38999939
1969/3/14,98
1969/3/17,98.25
1969/3/18,98.48999786
1969/3/19,99.20999908
1969/3/20,99.83999634
1969/3/21,99.62999725
1969/3/24,99.5
1969/3/25,99.66000366
1969/3/26,100.3899994
1969/3/27,101.0999985
1969/3/28,101.5100021
1969/4/1,101.4199982
1969/4/2,100.7799988
1969/4/3,100.6800003
1969/4/7,99.88999939
1969/4/8,100.1399994
1969/4/9,101.0199966
1969/4/10,101.5500031
1969/4/11,101.6500015
1969/4/14,101.5699997
1969/4/15,101.5299988
1969/4/16,100.6299973
1969/4/17,100.7799988
1969/4/18,101.2399979
1969/4/21,100.5599976
1969/4/22,100.7799988
1969/4/23,100.8000031
1969/4/24,101.2699966
1969/4/25,101.7200012
1969/4/28,102.0299988
1969/4/29,102.7900009
1969/4/30,103.6900024
1969/5/1,103.5100021
1969/5/2,104
1969/5/5,104.3700027
1969/5/6,104.8600006
1969/5/7,104.6699982
1969/5/8,105.0999985
1969/5/9,105.0500031
1969/5/12,104.8899994
1969/5/13,105.3399963
1969/5/14,106.1600037
1969/5/15,105.8499985
1969/5/16,105.9400024
1969/5/19,104.9700012
1969/5/20,104.0400009
1969/5/21,104.4700012
1969/5/22,104.5999985
1969/5/23,104.5899963
1969/5/26,104.3600006
1969/5/27,103.5699997
1969/5/28,103.2600021
1969/5/29,103.4599991
1969/6/2,102.9400024
1969/6/3,102.6299973
1969/6/4,102.5899963
1969/6/5,102.7600021
1969/6/6,102.1200027
1969/6/9,101.1999969
1969/6/10,100.4199982
1969/6/11,99.05000305
1969/6/12,98.26000214
1969/6/13,98.65000153
1969/6/16,98.31999969
1969/6/17,97.94999695
1969/6/18,97.80999756
1969/6/19,97.23999786
1969/6/20,96.66999817
1969/6/23,96.23000336
1969/6/24,97.31999969
1969/6/25,97.01000214
1969/6/26,97.25
1969/6/27,97.33000183
1969/6/30,97.70999908
1969/7/1,98.08000183
1969/7/2,98.94000244
1969/7/3,99.61000061
1969/7/7,99.02999878
1969/7/8,97.62999725
1969/7/9,96.87999725
1969/7/10,95.37999725
1969/7/11,95.76999664
1969/7/14,94.55000305
1969/7/15,94.23999786
1969/7/16,95.18000031
1969/7/17,95.76000214
1969/7/18,94.94999695
1969/7/22,93.51999664
1969/7/23,93.12000275
1969/7/24,92.80000305
1969/7/25,92.05999756
1969/7/28,90.20999908
1969/7/29,89.48000336
1969/7/30,89.93000031
1969/7/31,91.83000183
1969/8/1,93.47000122
1969/8/4,92.98999786
1969/8/5,93.41000366
1969/8/6,93.91999817
1969/8/7,93.98999786
1969/8/8,93.94000244
1969/8/11,93.36000061
1969/8/12,92.62999725
1969/8/13,92.69999695
1969/8/14,93.33999634
1969/8/15,94
1969/8/18,94.56999969
1969/8/19,95.06999969
1969/8/20,95.06999969
1969/8/21,95.34999847
1969/8/22,95.91999817
1969/8/25,94.93000031
1969/8/26,94.30000305
1969/8/27,94.48999786
1969/8/28,94.88999939
1969/8/29,95.51000214
1969/9/2,95.54000092
1969/9/3,94.98000336
1969/9/4,94.19999695
1969/9/5,93.63999939
1969/9/8,92.69999695
1969/9/9,93.37999725
1969/9/10,94.94999695
1969/9/11,94.22000122
1969/9/12,94.12999725
1969/9/15,94.87000275
1969/9/16,94.94999695
1969/9/17,94.76000214
1969/9/18,94.90000153
1969/9/19,95.19000244
1969/9/22,95.62999725
1969/9/23,95.62999725
1969/9/24,95.5
1969/9/25,94.76999664
1969/9/26,94.16000366
1969/9/29,93.41000366
1969/9/30,93.12000275
1969/10/1,92.51999664
1969/10/2,93.23999786
1969/10/3,93.19000244
1969/10/6,93.37999725
1969/10/7,93.08999634
1969/10/8,92.66999817
1969/10/9,93.02999878
1969/10/10,93.55999756
1969/10/13,94.55000305
1969/10/14,95.69999695
1969/10/15,95.72000122
1969/10/16,96.37000275
1969/10/17,96.26000214
1969/10/20,96.45999908
1969/10/21,97.19999695
1969/10/22,97.83000183
1969/10/23,97.45999908
1969/10/24,98.12000275
1969/10/27,97.97000122
1969/10/28,97.66000366
1969/10/29,96.80999756
1969/10/30,96.93000031
1969/10/31,97.12000275
1969/11/3,97.15000153
1969/11/4,97.20999908
1969/11/5,97.63999939
1969/11/6,97.66999817
1969/11/7,98.26000214
1969/11/10,98.33000183
1969/11/11,98.06999969
1969/11/12,97.88999939
1969/11/13,97.41999817
1969/11/14,97.06999969
1969/11/17,96.41000366
1969/11/18,96.38999939
1969/11/19,95.90000153
1969/11/20,94.91000366
1969/11/21,94.31999969
1969/11/24,93.23999786
1969/11/25,92.94000244
1969/11/26,93.26999664
1969/11/28,93.80999756
1969/12/1,93.22000122
1969/12/2,92.65000153
1969/12/3,91.65000153
1969/12/4,91.94999695
1969/12/5,91.73000336
1969/12/8,90.83999634
1969/12/9,90.55000305
1969/12/10,90.48000336
1969/12/11,90.51999664
1969/12/12,90.80999756
1969/12/15,90.54000092
1969/12/16,89.72000122
1969/12/17,89.19999695
1969/12/18,90.61000061
1969/12/19,91.37999725
1969/12/22,90.58000183
1969/12/23,90.23000336
1969/12/24,91.18000031
1969/12/26,91.88999939
1969/12/29,91.25
1969/12/30,91.59999847
1969/12/31,92.05999756
1970/1/2,93
1970/1/5,93.45999908
1970/1/6,92.81999969
1970/1/7,92.62999725
1970/1/8,92.68000031
1970/1/9,92.40000153
1970/1/12,91.69999695
1970/1/13,91.91999817
1970/1/14,91.65000153
1970/1/15,91.68000031
1970/1/16,90.91999817
1970/1/19,89.65000153
1970/1/20,89.83000183
1970/1/21,89.94999695
1970/1/22,90.04000092
1970/1/23,89.37000275
1970/1/26,88.16999817
1970/1/27,87.62000275
1970/1/28,86.79000092
1970/1/29,85.69000244
1970/1/30,85.01999664
1970/2/2,85.75
1970/2/3,86.76999664
1970/2/4,86.23999786
1970/2/5,85.90000153
1970/2/6,86.33000183
1970/2/9,87.01000214
1970/2/10,86.09999847
1970/2/11,86.94000244
1970/2/12,86.73000336
1970/2/13,86.54000092
1970/2/16,86.47000122
1970/2/17,86.37000275
1970/2/18,87.44000244
1970/2/19,87.76000214
1970/2/20,88.02999878
1970/2/24,87.98999786
1970/2/25,89.34999847
1970/2/26,88.90000153
1970/2/27,89.5
1970/3/2,89.70999908
1970/3/3,90.23000336
1970/3/4,90.04000092
1970/3/5,90
1970/3/6,89.44000244
1970/3/9,88.51000214
1970/3/10,88.75
1970/3/11,88.69000244
1970/3/12,88.33000183
1970/3/13,87.86000061
1970/3/16,86.91000366
1970/3/17,87.29000092
1970/3/18,87.54000092
1970/3/19,87.41999817
1970/3/20,87.05999756
1970/3/23,86.98999786
1970/3/24,87.98000336
1970/3/25,89.76999664
1970/3/26,89.91999817
1970/3/30,89.62999725
1970/3/31,89.62999725
1970/4/1,90.06999969
1970/4/2,89.79000092
1970/4/3,89.38999939
1970/4/6,88.76000214
1970/4/7,88.51999664
1970/4/8,88.48999786
1970/4/9,88.52999878
1970/4/10,88.23999786
1970/4/13,87.63999939
1970/4/14,86.88999939
1970/4/15,86.73000336
1970/4/16,85.87999725
1970/4/17,85.66999817
1970/4/20,85.83000183
1970/4/21,85.37999725
1970/4/22,84.26999664
1970/4/23,83.04000092
1970/4/24,82.76999664
1970/4/27,81.45999908
1970/4/28,80.26999664
1970/4/29,81.80999756
1970/4/30,81.51999664
1970/5/1,81.44000244
1970/5/4,79.37000275
1970/5/5,78.59999847
1970/5/6,79.47000122
1970/5/7,79.83000183
1970/5/8,79.44000244
1970/5/11,78.59999847
1970/5/12,77.84999847
1970/5/13,76.52999878
1970/5/14,75.44000244
1970/5/15,76.90000153
1970/5/18,76.95999908
1970/5/19,75.45999908
1970/5/20,73.51999664
1970/5/21,72.16000366
1970/5/22,72.25
1970/5/25,70.25
1970/5/26,69.29000092
1970/5/27,72.76999664
1970/5/28,74.61000061
1970/5/29,76.55000305
1970/6/1,77.83999634
1970/6/2,77.83999634
1970/6/3,78.51999664
1970/6/4,77.36000061
1970/6/5,76.16999817
1970/6/8,76.29000092
1970/6/9,76.25
1970/6/10,75.48000336
1970/6/11,74.44999695
1970/6/12,73.87999725
1970/6/15,74.58000183
1970/6/16,76.15000153
1970/6/17,76
1970/6/18,76.51000214
1970/6/19,77.05000305
1970/6/22,76.63999939
1970/6/23,74.76000214
1970/6/24,73.97000122
1970/6/25,74.01999664
1970/6/26,73.47000122
1970/6/29,72.88999939
1970/6/30,72.72000122
1970/7/1,72.94000244
1970/7/2,72.91999817
1970/7/6,71.77999878
1970/7/7,71.23000336
1970/7/8,73
1970/7/9,74.05999756
1970/7/10,74.44999695
1970/7/13,74.55000305
1970/7/14,74.41999817
1970/7/15,75.23000336
1970/7/16,76.33999634
1970/7/17,77.69000244
1970/7/20,77.79000092
1970/7/21,76.98000336
1970/7/22,77.02999878
1970/7/23,78
1970/7/24,77.81999969
1970/7/27,77.65000153
1970/7/28,77.76999664
1970/7/29,78.04000092
1970/7/30,78.06999969
1970/7/31,78.05000305
1970/8/3,77.01999664
1970/8/4,77.19000244
1970/8/5,77.18000031
1970/8/6,77.08000183
1970/8/7,77.27999878
1970/8/10,76.19999695
1970/8/11,75.81999969
1970/8/12,75.41999817
1970/8/13,74.76000214
1970/8/14,75.18000031
1970/8/17,75.33000183
1970/8/18,76.19999695
1970/8/19,76.95999908
1970/8/20,77.83999634
1970/8/21,79.23999786
1970/8/24,80.98999786
1970/8/25,81.12000275
1970/8/26,81.20999908
1970/8/27,81.08000183
1970/8/28,81.86000061
1970/8/31,81.51999664
1970/9/1,80.94999695
1970/9/2,80.95999908
1970/9/3,82.08999634
1970/9/4,82.83000183
1970/9/8,83.04000092
1970/9/9,82.79000092
1970/9/10,82.30000305
1970/9/11,82.51999664
1970/9/14,82.06999969
1970/9/15,81.36000061
1970/9/16,81.79000092
1970/9/17,82.29000092
1970/9/18,82.62000275
1970/9/21,81.91000366
1970/9/22,81.86000061
1970/9/23,81.91000366
1970/9/24,81.66000366
1970/9/25,82.83000183
1970/9/28,83.91000366
1970/9/29,83.86000061
1970/9/30,84.30000305
1970/10/1,84.31999969
1970/10/2,85.16000366
1970/10/5,86.47000122
1970/10/6,86.84999847
1970/10/7,86.88999939
1970/10/8,85.94999695
1970/10/9,85.08000183
1970/10/12,84.16999817
1970/10/13,84.05999756
1970/10/14,84.19000244
1970/10/15,84.65000153
1970/10/16,84.27999878
1970/10/19,83.15000153
1970/10/20,83.63999939
1970/10/21,83.66000366
1970/10/22,83.37999725
1970/10/23,83.76999664
1970/10/26,83.30999756
1970/10/27,83.12000275
1970/10/28,83.43000031
1970/10/29,83.36000061
1970/10/30,83.25
1970/11/2,83.51000214
1970/11/3,84.22000122
1970/11/4,84.38999939
1970/11/5,84.09999847
1970/11/6,84.22000122
1970/11/9,84.66999817
1970/11/10,84.79000092
1970/11/11,85.02999878
1970/11/12,84.15000153
1970/11/13,83.37000275
1970/11/16,83.23999786
1970/11/17,83.47000122
1970/11/18,82.79000092
1970/11/19,82.91000366
1970/11/20,83.72000122
1970/11/23,84.23999786
1970/11/24,84.77999878
1970/11/25,85.08999634
1970/11/27,85.93000031
1970/11/30,87.19999695
1970/12/1,87.47000122
1970/12/2,88.48000336
1970/12/3,88.90000153
1970/12/4,89.45999908
1970/12/7,89.94000244
1970/12/8,89.47000122
1970/12/9,89.54000092
1970/12/10,89.91999817
1970/12/11,90.26000214
1970/12/14,89.80000305
1970/12/15,89.66000366
1970/12/16,89.72000122
1970/12/17,90.04000092
1970/12/18,90.22000122
1970/12/21,89.94000244
1970/12/22,90.04000092
1970/12/23,90.09999847
1970/12/24,90.61000061
1970/12/28,91.08999634
1970/12/29,92.08000183
1970/12/30,92.26999664
1970/12/31,92.15000153
1971/1/4,91.15000153
1971/1/5,91.80000305
1971/1/6,92.34999847
1971/1/7,92.37999725
1971/1/8,92.19000244
1971/1/11,91.98000336
1971/1/12,92.72000122
1971/1/13,92.55999756
1971/1/14,92.80000305
1971/1/15,93.02999878
1971/1/18,93.41000366
1971/1/19,93.76000214
1971/1/20,93.77999878
1971/1/21,94.19000244
1971/1/22,94.87999725
1971/1/25,95.27999878
1971/1/26,95.58999634
1971/1/27,94.88999939
1971/1/28,95.20999908
1971/1/29,95.87999725
1971/2/1,96.41999817
1971/2/2,96.43000031
1971/2/3,96.62999725
1971/2/4,96.62000275
1971/2/5,96.93000031
1971/2/8,97.44999695
1971/2/9,97.51000214
1971/2/10,97.38999939
1971/2/11,97.91000366
1971/2/12,98.43000031
1971/2/16,98.66000366
1971/2/17,98.19999695
1971/2/18,97.55999756
1971/2/19,96.73999786
1971/2/22,95.72000122
1971/2/23,96.08999634
1971/2/24,96.73000336
1971/2/25,96.95999908
1971/2/26,96.75
1971/3/1,97
1971/3/2,96.98000336
1971/3/3,96.94999695
1971/3/4,97.91999817
1971/3/5,98.95999908
1971/3/8,99.37999725
1971/3/9,99.45999908
1971/3/10,99.30000305
1971/3/11,99.38999939
1971/3/12,99.56999969
1971/3/15,100.7099991
1971/3/16,101.2099991
1971/3/17,101.1200027
1971/3/18,101.1900024
1971/3/19,101.0100021
1971/3/22,100.6200027
1971/3/23,100.2799988
1971/3/24,99.62000275
1971/3/25,99.61000061
1971/3/26,99.94999695
1971/3/29,100.0299988
1971/3/30,100.2600021
1971/3/31,100.3099976
1971/4/1,100.3899994
1971/4/2,100.5599976
1971/4/5,100.7900009
1971/4/6,101.5100021
1971/4/7,101.9800034
1971/4/8,102.0999985
1971/4/12,102.8799973
1971/4/13,102.9800034
1971/4/14,103.3700027
1971/4/15,103.5199966
1971/4/16,103.4899979
1971/4/19,104.0100021
1971/4/20,103.6100006
1971/4/21,103.3600006
1971/4/22,103.5599976
1971/4/23,104.0500031
1971/4/26,103.9400024
1971/4/27,104.5899963
1971/4/28,104.7699966
1971/4/29,104.6299973
1971/4/30,103.9499969
1971/5/3,103.2900009
1971/5/4,103.7900009
1971/5/5,103.7799988
1971/5/6,103.2300034
1971/5/7,102.8700027
1971/5/10,102.3600006
1971/5/11,102.6200027
1971/5/12,102.9000015
1971/5/13,102.6900024
1971/5/14,102.2099991
1971/5/17,100.6900024
1971/5/18,100.8300018
1971/5/19,101.0699997
1971/5/20,101.3099976
1971/5/21,100.9899979
1971/5/24,100.1299973
1971/5/25,99.47000122
1971/5/26,99.58999634
1971/5/27,99.40000153
1971/5/28,99.62999725
1971/6/1,100.1999969
1971/6/2,100.9599991
1971/6/3,101.0100021
1971/6/4,101.3000031
1971/6/7,101.0899963
1971/6/8,100.3199997
1971/6/9,100.2900009
1971/6/10,100.6399994
1971/6/11,101.0699997
1971/6/14,100.2200012
1971/6/15,100.3199997
1971/6/16,100.5199966
1971/6/17,100.5
1971/6/18,98.97000122
1971/6/21,97.87000275
1971/6/22,97.58999634
1971/6/23,98.41000366
1971/6/24,98.12999725
1971/6/25,97.98999786
1971/6/28,97.73999786
1971/6/29,98.81999969
1971/6/30,98.69999695
1971/7/1,99.77999878
1971/7/2,99.77999878
1971/7/6,99.76000214
1971/7/7,100.0400009
1971/7/8,100.3399963
1971/7/9,100.6900024
1971/7/12,100.8199997
1971/7/13,99.5
1971/7/14,99.22000122
1971/7/15,99.27999878
1971/7/16,99.11000061
1971/7/19,98.93000031
1971/7/20,99.31999969
1971/7/21,99.27999878
1971/7/22,99.11000061
1971/7/23,98.94000244
1971/7/26,98.13999939
1971/7/27,97.77999878
1971/7/28,97.06999969
1971/7/29,96.01999664
1971/7/30,95.58000183
1971/8/2,95.95999908
1971/8/3,94.51000214
1971/8/4,93.88999939
1971/8/5,94.08999634
1971/8/6,94.25
1971/8/9,93.52999878
1971/8/10,93.54000092
1971/8/11,94.66000366
1971/8/12,96
1971/8/13,95.69000244
1971/8/16,98.76000214
1971/8/17,99.98999786
1971/8/18,98.59999847
1971/8/19,98.16000366
1971/8/20,98.33000183
1971/8/23,99.25
1971/8/24,100.4000015
1971/8/25,100.4100037
1971/8/26,100.2399979
1971/8/27,100.4800034
1971/8/30,99.51999664
1971/8/31,99.02999878
1971/9/1,99.06999969
1971/9/2,99.29000092
1971/9/3,100.6900024
1971/9/7,101.1500015
1971/9/8,101.3399963
1971/9/9,100.8000031
1971/9/10,100.4199982
1971/9/13,100.0699997
1971/9/14,99.33999634
1971/9/15,99.76999664
1971/9/16,99.66000366
1971/9/17,99.95999908
1971/9/20,99.68000031
1971/9/21,99.33999634
1971/9/22,98.47000122
1971/9/23,98.37999725
1971/9/24,98.15000153
1971/9/27,97.62000275
1971/9/28,97.87999725
1971/9/29,97.90000153
1971/9/30,98.33999634
1971/10/1,98.93000031
1971/10/4,99.20999908
1971/10/5,99.11000061
1971/10/6,99.81999969
1971/10/7,100.0199966
1971/10/8,99.36000061
1971/10/11,99.20999908
1971/10/12,99.56999969
1971/10/13,99.02999878
1971/10/14,98.12999725
1971/10/15,97.79000092
1971/10/18,97.34999847
1971/10/19,97
1971/10/20,95.65000153
1971/10/21,95.59999847
1971/10/22,95.56999969
1971/10/25,95.09999847
1971/10/26,94.73999786
1971/10/27,93.79000092
1971/10/28,93.95999908
1971/10/29,94.23000336
1971/11/1,92.80000305
1971/11/2,93.18000031
1971/11/3,94.91000366
1971/11/4,94.79000092
1971/11/5,94.45999908
1971/11/8,94.38999939
1971/11/9,94.45999908
1971/11/10,93.41000366
1971/11/11,92.12000275
1971/11/12,92.12000275
1971/11/15,91.80999756
1971/11/16,92.70999908
1971/11/17,92.84999847
1971/11/18,92.12999725
1971/11/19,91.61000061
1971/11/22,90.79000092
1971/11/23,90.16000366
1971/11/24,90.33000183
1971/11/26,91.94000244
1971/11/29,93.41000366
1971/11/30,93.98999786
1971/12/1,95.44000244
1971/12/2,95.83999634
1971/12/3,97.05999756
1971/12/6,96.51000214
1971/12/7,96.87000275
1971/12/8,96.91999817
1971/12/9,96.95999908
1971/12/10,97.69000244
1971/12/13,97.97000122
1971/12/14,97.66999817
1971/12/15,98.54000092
1971/12/16,99.73999786
1971/12/17,100.2600021
1971/12/20,101.5500031
1971/12/21,101.8000031
1971/12/22,101.1800003
1971/12/23,100.7399979
1971/12/27,100.9499969
1971/12/28,101.9499969
1971/12/29,102.2099991
1971/12/30,101.7799988
1971/12/31,102.0899963
1972/1/3,101.6699982
1972/1/4,102.0899963
1972/1/5,103.0599976
1972/1/6,103.5100021
1972/1/7,103.4700012
1972/1/10,103.3199997
1972/1/11,103.6500015
1972/1/12,103.5899963
1972/1/13,102.9899979
1972/1/14,103.3899994
1972/1/17,103.6999969
1972/1/18,104.0500031
1972/1/19,103.8799973
1972/1/20,103.8799973
1972/1/21,103.6500015
1972/1/24,102.5699997
1972/1/25,102.6999969
1972/1/26,102.5
1972/1/27,103.5
1972/1/28,104.1600037
1972/1/31,103.9400024
1972/2/1,104.0100021
1972/2/2,104.6800003
1972/2/3,104.6399994
1972/2/4,104.8600006
1972/2/7,104.5400009
1972/2/8,104.7399979
1972/2/9,105.5500031
1972/2/10,105.5899963
1972/2/11,105.0800018
1972/2/14,104.5899963
1972/2/15,105.0299988
1972/2/16,105.6200027
1972/2/17,105.5899963
1972/2/18,105.2799988
1972/2/22,105.2900009
1972/2/23,105.3799973
1972/2/24,105.4499969
1972/2/25,106.1800003
1972/2/28,106.1900024
1972/2/29,106.5699997
1972/3/1,107.3499985
1972/3/2,107.3199997
1972/3/3,107.9400024
1972/3/6,108.7699966
1972/3/7,108.8700027
1972/3/8,108.9599991
1972/3/9,108.9400024
1972/3/10,108.3799973
1972/3/13,107.3300018
1972/3/14,107.6100006
1972/3/15,107.75
1972/3/16,107.5
1972/3/17,107.9199982
1972/3/20,107.5899963
1972/3/21,106.6900024
1972/3/22,106.8399963
1972/3/23,107.75
1972/3/24,107.5199966
1972/3/27,107.3000031
1972/3/28,107.1699982
1972/3/29,106.4899979
1972/3/30,107.1999969
1972/4/3,107.4800034
1972/4/4,108.1200027
1972/4/5,109
1972/4/6,109.5299988
1972/4/7,109.6200027
1972/4/10,109.4499969
1972/4/11,109.7600021
1972/4/12,110.1800003
1972/4/13,109.9100037
1972/4/14,109.8399963
1972/4/17,109.5100021
1972/4/18,109.7699966
1972/4/19,109.1999969
1972/4/20,109.0400009
1972/4/21,108.8899994
1972/4/24,108.1900024
1972/4/25,107.1200027
1972/4/26,106.8899994
1972/4/27,107.0500031
1972/4/28,107.6699982
1972/5/1,106.6900024
1972/5/2,106.0800018
1972/5/3,105.9899979
1972/5/4,106.25
1972/5/5,106.6299973
1972/5/8,106.1399994
1972/5/9,104.7399979
1972/5/10,105.4199982
1972/5/11,105.7699966
1972/5/12,106.3799973
1972/5/15,106.8600006
1972/5/16,106.6600037
1972/5/17,106.8899994
1972/5/18,107.9400024
1972/5/19,108.9800034
1972/5/22,109.6900024
1972/5/23,109.7799988
1972/5/24,110.3099976
1972/5/25,110.4599991
1972/5/26,110.6600037
1972/5/30,110.3499985
1972/5/31,109.5299988
1972/6/1,109.6900024
1972/6/2,109.7300034
1972/6/5,108.8199997
1972/6/6,108.2099991
1972/6/7,107.6500015
1972/6/8,107.2799988
1972/6/9,106.8600006
1972/6/12,107.0100021
1972/6/13,107.5500031
1972/6/14,108.3899994
1972/6/15,108.4400024
1972/6/16,108.3600006
1972/6/19,108.1100006
1972/6/20,108.5599976
1972/6/21,108.7900009
1972/6/22,108.6800003
1972/6/23,108.2699966
1972/6/26,107.4800034
1972/6/27,107.3700027
1972/6/28,107.0199966
1972/6/29,106.8199997
1972/6/30,107.1399994
1972/7/3,107.4899979
1972/7/5,108.0999985
1972/7/6,109.0400009
1972/7/7,108.6900024
1972/7/10,108.1100006
1972/7/11,107.3199997
1972/7/12,106.8899994
1972/7/13,106.2799988
1972/7/14,106.8000031
1972/7/17,105.8799973
1972/7/18,105.8300018
1972/7/19,106.1399994
1972/7/20,105.8099976
1972/7/21,106.6600037
1972/7/24,107.9199982
1972/7/25,107.5999985
1972/7/26,107.5299988
1972/7/27,107.2799988
1972/7/28,107.3799973
1972/7/31,107.3899994
1972/8/1,108.4000015
1972/8/2,109.2900009
1972/8/3,110.1399994
1972/8/4,110.4300003
1972/8/7,110.6100006
1972/8/8,110.6900024
1972/8/9,110.8600006
1972/8/10,111.0500031
1972/8/11,111.9499969
1972/8/14,112.5500031
1972/8/15,112.0599976
1972/8/16,111.6600037
1972/8/17,111.3399963
1972/8/18,111.7600021
1972/8/21,111.7200012
1972/8/22,112.4100037
1972/8/23,112.2600021
1972/8/24,111.0199966
1972/8/25,110.6699982
1972/8/28,110.2300034
1972/8/29,110.4100037
1972/8/30,110.5699997
1972/8/31,111.0899963
1972/9/1,111.5100021
1972/9/5,111.2300034
1972/9/6,110.5500031
1972/9/7,110.2900009
1972/9/8,110.1500015
1972/9/11,109.5100021
1972/9/12,108.4700012
1972/9/13,108.9000015
1972/9/14,108.9300003
1972/9/15,108.8099976
1972/9/18,108.6100006
1972/9/19,108.5500031
1972/9/20,108.5999985
1972/9/21,108.4300003
1972/9/22,108.5199966
1972/9/25,108.0500031
1972/9/26,108.1200027
1972/9/27,109.6600037
1972/9/28,110.3499985
1972/9/29,110.5500031
1972/10/2,110.1600037
1972/10/3,110.3000031
1972/10/4,110.0899963
1972/10/5,108.8899994
1972/10/6,109.6200027
1972/10/9,109.9000015
1972/10/10,109.9899979
1972/10/11,109.5
1972/10/12,108.5999985
1972/10/13,107.9199982
1972/10/16,106.7699966
1972/10/17,107.5
1972/10/18,108.1900024
1972/10/19,108.0500031
1972/10/20,109.2399979
1972/10/23,110.3499985
1972/10/24,110.8099976
1972/10/25,110.7200012
1972/10/26,110.9899979
1972/10/27,110.6200027
1972/10/30,110.5899963
1972/10/31,111.5800018
1972/11/1,112.6699982
1972/11/2,113.2300034
1972/11/3,114.2200012
1972/11/6,113.9800034
1972/11/8,113.3499985
1972/11/9,113.5
1972/11/10,113.7300034
1972/11/13,113.9000015
1972/11/14,114.9499969
1972/11/15,114.5
1972/11/16,115.1299973
1972/11/17,115.4899979
1972/11/20,115.5299988
1972/11/21,116.2099991
1972/11/22,116.9000015
1972/11/24,117.2699966
1972/11/27,116.7200012
1972/11/28,116.4700012
1972/11/29,116.5199966
1972/11/30,116.6699982
1972/12/1,117.3799973
1972/12/4,117.7699966
1972/12/5,117.5800018
1972/12/6,118.0100021
1972/12/7,118.5999985
1972/12/8,118.8600006
1972/12/11,119.1200027
1972/12/12,118.6600037
1972/12/13,118.5599976
1972/12/14,118.2399979
1972/12/15,118.2600021
1972/12/18,116.9000015
1972/12/19,116.3399963
1972/12/20,115.9499969
1972/12/21,115.1100006
1972/12/22,115.8300018
1972/12/26,116.3000031
1972/12/27,116.9300003
1972/12/29,118.0500031
1973/1/2,119.0999985
1973/1/3,119.5699997
1973/1/4,119.4000015
1973/1/5,119.8700027
1973/1/8,119.8499985
1973/1/9,119.7300034
1973/1/10,119.4300003
1973/1/11,120.2399979
1973/1/12,119.3000031
1973/1/15,118.4400024
1973/1/16,118.1399994
1973/1/17,118.6800003
1973/1/18,118.8499985
1973/1/19,118.7799988
1973/1/22,118.2099991
1973/1/23,118.2200012
1973/1/24,116.7300034
1973/1/26,116.4499969
1973/1/29,116.0100021
1973/1/30,115.8300018
1973/1/31,116.0299988
1973/2/1,114.7600021
1973/2/2,114.3499985
1973/2/5,114.2300034
1973/2/6,114.4499969
1973/2/7,113.6600037
1973/2/8,113.1600037
1973/2/9,114.6800003
1973/2/12,116.0599976
1973/2/13,116.7799988
1973/2/14,115.0999985
1973/2/15,114.4499969
1973/2/16,114.9800034
1973/2/20,115.4000015
1973/2/21,114.6900024
1973/2/22,114.4400024
1973/2/23,113.1600037
1973/2/26,112.1900024
1973/2/27,110.9000015
1973/2/28,111.6800003
1973/3/1,111.0500031
1973/3/2,112.2799988
1973/3/5,112.6800003
1973/3/6,114.0999985
1973/3/7,114.4499969
1973/3/8,114.2300034
1973/3/9,113.7900009
1973/3/12,113.8600006
1973/3/13,114.4800034
1973/3/14,114.9800034
1973/3/15,114.1200027
1973/3/16,113.5400009
1973/3/19,112.1699982
1973/3/20,111.9499969
1973/3/21,110.4899979
1973/3/22,108.8399963
1973/3/23,108.8799973
1973/3/26,109.8399963
1973/3/27,111.5599976
1973/3/28,111.6200027
1973/3/29,112.7099991
1973/3/30,111.5199966
1973/4/2,110.1800003
1973/4/3,109.2399979
1973/4/4,108.7699966
1973/4/5,108.5199966
1973/4/6,109.2799988
1973/4/9,110.8600006
1973/4/10,112.2099991
1973/4/11,112.6800003
1973/4/12,112.5800018
1973/4/13,112.0800018
1973/4/16,111.4400024
1973/4/17,110.9400024
1973/4/18,111.5400009
1973/4/19,112.1699982
1973/4/23,111.5699997
1973/4/24,109.9899979
1973/4/25,108.3399963
1973/4/26,108.8899994
1973/4/27,107.2300034
1973/4/30,106.9700012
1973/5/1,107.0999985
1973/5/2,108.4300003
1973/5/3,110.2200012
1973/5/4,111
1973/5/7,110.5299988
1973/5/8,111.25
1973/5/9,110.4400024
1973/5/10,109.5400009
1973/5/11,108.1699982
1973/5/14,105.9000015
1973/5/15,106.5699997
1973/5/16,106.4300003
1973/5/17,105.5599976
1973/5/18,103.8600006
1973/5/21,102.7300034
1973/5/22,103.5800018
1973/5/23,104.0699997
1973/5/24,107.1399994
1973/5/25,107.9400024
1973/5/29,107.5100021
1973/5/30,105.9100037
1973/5/31,104.9499969
1973/6/1,103.9300003
1973/6/4,102.9700012
1973/6/5,104.6200027
1973/6/6,104.3099976
1973/6/7,105.8399963
1973/6/8,107.0299988
1973/6/11,106.6999969
1973/6/12,108.2900009
1973/6/13,107.5999985
1973/6/14,106.4000015
1973/6/15,105.0999985
1973/6/18,103.5999985
1973/6/19,103.9899979
1973/6/20,104.4400024
1973/6/21,103.2099991
1973/6/22,103.6999969
1973/6/25,102.25
1973/6/26,103.3000031
1973/6/27,103.6200027
1973/6/28,104.6900024
1973/6/29,104.2600021
1973/7/2,102.9000015
1973/7/3,101.8700027
1973/7/5,101.7799988
1973/7/6,101.2799988
1973/7/9,102.1399994
1973/7/10,103.5199966
1973/7/11,105.8000031
1973/7/12,105.5
1973/7/13,104.0899963
1973/7/16,105.6699982
1973/7/17,105.7200012
1973/7/18,106.3499985
1973/7/19,106.5500031
1973/7/20,107.1399994
1973/7/23,107.5199966
1973/7/24,108.1399994
1973/7/25,109.6399994
1973/7/26,109.8499985
1973/7/27,109.5899963
1973/7/30,109.25
1973/7/31,108.2200012
1973/8/1,106.8300018
1973/8/2,106.6699982
1973/8/3,106.4899979
1973/8/6,106.7300034
1973/8/7,106.5500031
1973/8/8,105.5500031
1973/8/9,105.6100006
1973/8/10,104.7699966
1973/8/13,103.7099991
1973/8/14,102.7099991
1973/8/15,103.0100021
1973/8/16,102.2900009
1973/8/17,102.3099976
1973/8/20,101.6100006
1973/8/21,100.8899994
1973/8/22,100.5299988
1973/8/23,101.9100037
1973/8/24,101.6200027
1973/8/27,102.4199982
1973/8/28,103.0199966
1973/8/29,104.0299988
1973/8/30,103.8799973
1973/8/31,104.25
1973/9/4,104.5100021
1973/9/5,104.6399994
1973/9/6,105.1500015
1973/9/7,104.7600021
1973/9/10,103.8499985
1973/9/11,103.2200012
1973/9/12,103.0599976
1973/9/13,103.3600006
1973/9/14,104.4400024
1973/9/17,104.1500015
1973/9/18,103.7699966
1973/9/19,105.8799973
1973/9/20,106.7600021
1973/9/21,107.1999969
1973/9/24,107.3600006
1973/9/25,108.0500031
1973/9/26,108.8300018
1973/9/27,109.0800018
1973/9/28,108.4300003
1973/10/1,108.2099991
1973/10/2,108.7900009
1973/10/3,108.7799988
1973/10/4,108.4100037
1973/10/5,109.8499985
1973/10/8,110.2300034
1973/10/9,110.1299973
1973/10/10,109.2200012
1973/10/11,111.0899963
1973/10/12,111.4400024
1973/10/15,110.0500031
1973/10/16,110.1900024
1973/10/17,109.9700012
1973/10/18,110.0100021
1973/10/19,110.2200012
1973/10/22,109.1600037
1973/10/23,109.75
1973/10/24,110.2699966
1973/10/25,110.5
1973/10/26,111.3799973
1973/10/29,111.1500015
1973/10/30,109.3300018
1973/10/31,108.2900009
1973/11/1,107.6900024
1973/11/2,107.0699997
1973/11/5,105.5199966
1973/11/6,104.9599991
1973/11/7,105.8000031
1973/11/8,107.0199966
1973/11/9,105.3000031
1973/11/12,104.4400024
1973/11/13,104.3600006
1973/11/14,102.4499969
1973/11/15,102.4300003
1973/11/16,103.8799973
1973/11/19,100.7099991
1973/11/20,98.66000366
1973/11/21,99.76000214
1973/11/23,99.44000244
1973/11/26,96.58000183
1973/11/27,95.69999695
1973/11/28,97.65000153
1973/11/29,97.30999756
1973/11/30,95.95999908
1973/12/3,93.90000153
1973/12/4,93.58999634
1973/12/5,92.16000366
1973/12/6,94.41999817
1973/12/7,96.51000214
1973/12/10,97.94999695
1973/12/11,96.04000092
1973/12/12,93.56999969
1973/12/13,92.37999725
1973/12/14,93.29000092
1973/12/17,92.75
1973/12/18,94.73999786
1973/12/19,94.81999969
1973/12/20,94.55000305
1973/12/21,93.54000092
1973/12/24,92.90000153
1973/12/26,95.73999786
1973/12/27,97.73999786
1973/12/28,97.54000092
1973/12/31,97.55000305
1974/1/2,97.68000031
1974/1/3,99.80000305
1974/1/4,98.90000153
1974/1/7,98.06999969
1974/1/8,96.12000275
1974/1/9,93.41999817
1974/1/10,92.38999939
1974/1/11,93.66000366
1974/1/14,93.41999817
1974/1/15,94.23000336
1974/1/16,95.66999817
1974/1/17,97.30000305
1974/1/18,95.55999756
1974/1/21,95.40000153
1974/1/22,96.55000305
1974/1/23,97.06999969
1974/1/24,96.81999969
1974/1/25,96.62999725
1974/1/28,96.08999634
1974/1/29,96.01000214
1974/1/30,97.05999756
1974/1/31,96.56999969
1974/2/1,95.31999969
1974/2/4,93.29000092
1974/2/5,93
1974/2/6,93.26000214
1974/2/7,93.30000305
1974/2/8,92.33000183
1974/2/11,90.66000366
1974/2/12,90.94000244
1974/2/13,90.98000336
1974/2/14,90.94999695
1974/2/15,92.26999664
1974/2/19,92.12000275
1974/2/20,93.44000244
1974/2/21,94.70999908
1974/2/22,95.38999939
1974/2/25,95.02999878
1974/2/26,96
1974/2/27,96.40000153
1974/2/28,96.22000122
1974/3/1,95.52999878
1974/3/4,95.52999878
1974/3/5,97.31999969
1974/3/6,97.98000336
1974/3/7,96.94000244
1974/3/8,97.77999878
1974/3/11,98.87999725
1974/3/12,99.15000153
1974/3/13,99.73999786
1974/3/14,99.65000153
1974/3/15,99.27999878
1974/3/18,98.05000305
1974/3/19,97.23000336
1974/3/20,97.56999969
1974/3/21,97.33999634
1974/3/22,97.26999664
1974/3/25,97.63999939
1974/3/26,97.94999695
1974/3/27,96.58999634
1974/3/28,94.81999969
1974/3/29,93.98000336
1974/4/1,93.25
1974/4/2,93.34999847
1974/4/3,94.33000183
1974/4/4,94.33000183
1974/4/5,93.01000214
1974/4/8,92.02999878
1974/4/9,92.61000061
1974/4/10,92.40000153
1974/4/11,92.12000275
1974/4/15,92.05000305
1974/4/16,93.66000366
1974/4/17,94.36000061
1974/4/18,94.77999878
1974/4/19,93.75
1974/4/22,93.37999725
1974/4/23,91.80999756
1974/4/24,90.30000305
1974/4/25,89.56999969
1974/4/26,90.18000031
1974/4/29,90
1974/4/30,90.30999756
1974/5/1,92.22000122
1974/5/2,92.08999634
1974/5/3,91.29000092
1974/5/6,91.12000275
1974/5/7,91.45999908
1974/5/8,91.63999939
1974/5/9,92.95999908
1974/5/10,91.47000122
1974/5/13,90.66000366
1974/5/14,90.69000244
1974/5/15,90.44999695
1974/5/16,89.72000122
1974/5/17,88.20999908
1974/5/20,87.86000061
1974/5/21,87.91000366
1974/5/22,87.08999634
1974/5/23,87.29000092
1974/5/24,88.58000183
1974/5/28,88.37000275
1974/5/29,86.88999939
1974/5/30,87.43000031
1974/5/31,87.27999878
1974/6/3,89.09999847
1974/6/4,90.13999939
1974/6/5,90.30999756
1974/6/6,91.95999908
1974/6/7,92.55000305
1974/6/10,93.09999847
1974/6/11,92.27999878
1974/6/12,92.05999756
1974/6/13,92.33999634
1974/6/14,91.30000305
1974/6/17,90.04000092
1974/6/18,89.44999695
1974/6/19,88.83999634
1974/6/20,88.20999908
1974/6/21,87.45999908
1974/6/24,87.69000244
1974/6/25,88.98000336
1974/6/26,87.61000061
1974/6/27,86.30999756
1974/6/28,86
1974/7/1,86.01999664
1974/7/2,84.30000305
1974/7/3,84.25
1974/7/5,83.66000366
1974/7/8,81.08999634
1974/7/9,81.48000336
1974/7/10,79.98999786
1974/7/11,79.88999939
1974/7/12,83.15000153
1974/7/15,83.77999878
1974/7/16,82.80999756
1974/7/17,83.69999695
1974/7/18,83.77999878
1974/7/19,83.54000092
1974/7/22,83.80999756
1974/7/23,84.65000153
1974/7/24,84.98999786
1974/7/25,83.98000336
1974/7/26,82.40000153
1974/7/29,80.94000244
1974/7/30,80.5
1974/7/31,79.30999756
1974/8/1,78.75
1974/8/2,78.58999634
1974/8/5,79.29000092
1974/8/6,80.51999664
1974/8/7,82.65000153
1974/8/8,81.56999969
1974/8/9,80.86000061
1974/8/12,79.75
1974/8/13,78.48999786
1974/8/14,76.73000336
1974/8/15,76.30000305
1974/8/16,75.66999817
1974/8/19,74.56999969
1974/8/20,74.94999695
1974/8/21,73.51000214
1974/8/22,72.80000305
1974/8/23,71.55000305
1974/8/26,72.16000366
1974/8/27,70.94000244
1974/8/28,70.76000214
1974/8/29,69.98999786
1974/8/30,72.15000153
1974/9/3,70.51999664
1974/9/4,68.69000244
1974/9/5,70.87000275
1974/9/6,71.41999817
1974/9/9,69.72000122
1974/9/10,69.23999786
1974/9/11,68.55000305
1974/9/12,66.70999908
1974/9/13,65.19999695
1974/9/16,66.26000214
1974/9/17,67.37999725
1974/9/18,67.72000122
1974/9/19,70.08999634
1974/9/20,70.13999939
1974/9/23,69.41999817
1974/9/24,68.01999664
1974/9/25,67.56999969
1974/9/26,66.45999908
1974/9/27,64.94000244
1974/9/30,63.54000092
1974/10/1,63.38999939
1974/10/2,63.38000107
1974/10/3,62.27999878
1974/10/4,62.34000015
1974/10/7,64.94999695
1974/10/8,64.83999634
1974/10/9,67.81999969
1974/10/10,69.79000092
1974/10/11,71.13999939
1974/10/14,72.73999786
1974/10/15,71.44000244
1974/10/16,70.33000183
1974/10/17,71.16999817
1974/10/18,72.27999878
1974/10/21,73.5
1974/10/22,73.12999725
1974/10/23,71.02999878
1974/10/24,70.22000122
1974/10/25,70.12000275
1974/10/28,70.08999634
1974/10/29,72.83000183
1974/10/30,74.30999756
1974/10/31,73.90000153
1974/11/1,73.87999725
1974/11/4,73.08000183
1974/11/5,75.11000061
1974/11/6,74.75
1974/11/7,75.20999908
1974/11/8,74.91000366
1974/11/11,75.15000153
1974/11/12,73.66999817
1974/11/13,73.34999847
1974/11/14,73.05999756
1974/11/15,71.91000366
1974/11/18,69.26999664
1974/11/19,68.19999695
1974/11/20,67.90000153
1974/11/21,68.18000031
1974/11/22,68.90000153
1974/11/25,68.83000183
1974/11/26,69.47000122
1974/11/27,69.94000244
1974/11/29,69.97000122
1974/12/2,68.11000061
1974/12/3,67.16999817
1974/12/4,67.41000366
1974/12/5,66.12999725
1974/12/6,65.01000214
1974/12/9,65.59999847
1974/12/10,67.27999878
1974/12/11,67.66999817
1974/12/12,67.44999695
1974/12/13,67.06999969
1974/12/16,66.45999908
1974/12/17,67.58000183
1974/12/18,67.90000153
1974/12/19,67.65000153
1974/12/20,66.91000366
1974/12/23,65.95999908
1974/12/24,66.87999725
1974/12/26,67.44000244
1974/12/27,67.13999939
1974/12/30,67.16000366
1974/12/31,68.55999756
1975/1/2,70.23000336
1975/1/3,70.70999908
1975/1/6,71.06999969
1975/1/7,71.01999664
1975/1/8,70.04000092
1975/1/9,71.16999817
1975/1/10,72.61000061
1975/1/13,72.30999756
1975/1/14,71.68000031
1975/1/15,72.13999939
1975/1/16,72.05000305
1975/1/17,70.95999908
1975/1/20,71.08000183
1975/1/21,70.69999695
1975/1/22,71.73999786
1975/1/23,72.06999969
1975/1/24,72.98000336
1975/1/27,75.37000275
1975/1/28,76.02999878
1975/1/29,77.26000214
1975/1/30,76.20999908
1975/1/31,76.98000336
1975/2/3,77.81999969
1975/2/4,77.61000061
1975/2/5,78.94999695
1975/2/6,78.55999756
1975/2/7,78.62999725
1975/2/10,78.36000061
1975/2/11,78.58000183
1975/2/12,79.91999817
1975/2/13,81.01000214
1975/2/14,81.5
1975/2/18,80.93000031
1975/2/19,81.44000244
1975/2/20,82.20999908
1975/2/21,82.62000275
1975/2/24,81.44000244
1975/2/25,79.52999878
1975/2/26,80.37000275
1975/2/27,80.76999664
1975/2/28,81.58999634
1975/3/3,83.02999878
1975/3/4,83.55999756
1975/3/5,83.90000153
1975/3/6,83.69000244
1975/3/7,84.30000305
1975/3/10,84.94999695
1975/3/11,84.36000061
1975/3/12,83.58999634
1975/3/13,83.73999786
1975/3/14,84.76000214
1975/3/17,86.01000214
1975/3/18,85.12999725
1975/3/19,84.33999634
1975/3/20,83.61000061
1975/3/21,83.38999939
1975/3/24,81.41999817
1975/3/25,82.05999756
1975/3/26,83.58999634
1975/3/27,83.84999847
1975/3/31,83.36000061
1975/4/1,82.63999939
1975/4/2,82.43000031
1975/4/3,81.51000214
1975/4/4,80.87999725
1975/4/7,80.34999847
1975/4/8,80.98999786
1975/4/9,82.83999634
1975/4/10,83.76999664
1975/4/11,84.18000031
1975/4/14,85.59999847
1975/4/15,86.30000305
1975/4/16,86.59999847
1975/4/17,87.25
1975/4/18,86.30000305
1975/4/21,87.23000336
1975/4/22,87.08999634
1975/4/23,86.12000275
1975/4/24,86.04000092
1975/4/25,86.62000275
1975/4/28,86.23000336
1975/4/29,85.63999939
1975/4/30,87.30000305
1975/5/1,88.09999847
1975/5/2,89.22000122
1975/5/5,90.08000183
1975/5/6,88.63999939
1975/5/7,89.08000183
1975/5/8,89.55999756
1975/5/9,90.52999878
1975/5/12,90.61000061
1975/5/13,91.58000183
1975/5/14,92.26999664
1975/5/15,91.41000366
1975/5/16,90.43000031
1975/5/19,90.52999878
1975/5/20,90.06999969
1975/5/21,89.05999756
1975/5/22,89.38999939
1975/5/23,90.58000183
1975/5/27,90.33999634
1975/5/28,89.70999908
1975/5/29,89.68000031
1975/5/30,91.15000153
1975/6/2,92.58000183
1975/6/3,92.88999939
1975/6/4,92.59999847
1975/6/5,92.69000244
1975/6/6,92.48000336
1975/6/9,91.20999908
1975/6/10,90.44000244
1975/6/11,90.55000305
1975/6/12,90.08000183
1975/6/13,90.51999664
1975/6/16,91.45999908
1975/6/17,90.58000183
1975/6/18,90.38999939
1975/6/19,92.01999664
1975/6/20,92.61000061
1975/6/23,93.62000275
1975/6/24,94.19000244
1975/6/25,94.62000275
1975/6/26,94.80999756
1975/6/27,94.80999756
1975/6/30,95.19000244
1975/7/1,94.84999847
1975/7/2,94.18000031
1975/7/3,94.36000061
1975/7/7,93.54000092
1975/7/8,93.38999939
1975/7/9,94.80000305
1975/7/10,94.80999756
1975/7/11,94.66000366
1975/7/14,95.19000244
1975/7/15,95.61000061
1975/7/16,94.61000061
1975/7/17,93.62999725
1975/7/18,93.19999695
1975/7/21,92.44000244
1975/7/22,91.44999695
1975/7/23,90.18000031
1975/7/24,90.06999969
1975/7/25,89.29000092
1975/7/28,88.69000244
1975/7/29,88.19000244
1975/7/30,88.83000183
1975/7/31,88.75
1975/8/1,87.98999786
1975/8/4,87.15000153
1975/8/5,86.23000336
1975/8/6,86.25
1975/8/7,86.30000305
1975/8/8,86.01999664
1975/8/11,86.55000305
1975/8/12,87.12000275
1975/8/13,85.97000122
1975/8/14,85.59999847
1975/8/15,86.36000061
1975/8/18,86.19999695
1975/8/19,84.94999695
1975/8/20,83.22000122
1975/8/21,83.06999969
1975/8/22,84.27999878
1975/8/25,85.05999756
1975/8/26,83.95999908
1975/8/27,84.43000031
1975/8/28,86.40000153
1975/8/29,86.87999725
1975/9/2,85.48000336
1975/9/3,86.02999878
1975/9/4,86.19999695
1975/9/5,85.62000275
1975/9/8,85.88999939
1975/9/9,84.59999847
1975/9/10,83.79000092
1975/9/11,83.44999695
1975/9/12,83.30000305
1975/9/15,82.87999725
1975/9/16,82.08999634
1975/9/17,82.37000275
1975/9/18,84.05999756
1975/9/19,85.87999725
1975/9/22,85.06999969
1975/9/23,84.94000244
1975/9/24,85.73999786
1975/9/25,85.63999939
1975/9/26,86.19000244
1975/9/29,85.02999878
1975/9/30,83.87000275
1975/10/1,82.93000031
1975/10/2,83.81999969
1975/10/3,85.94999695
1975/10/6,86.87999725
1975/10/7,86.76999664
1975/10/8,87.94000244
1975/10/9,88.37000275
1975/10/10,88.20999908
1975/10/13,89.45999908
1975/10/14,89.27999878
1975/10/15,89.23000336
1975/10/16,89.37000275
1975/10/17,88.86000061
1975/10/20,89.81999969
1975/10/21,90.55999756
1975/10/22,90.70999908
1975/10/23,91.23999786
1975/10/24,89.83000183
1975/10/27,89.73000336
1975/10/28,90.51000214
1975/10/29,89.38999939
1975/10/30,89.30999756
1975/10/31,89.04000092
1975/11/3,88.08999634
1975/11/4,88.51000214
1975/11/5,89.15000153
1975/11/6,89.55000305
1975/11/7,89.33000183
1975/11/10,89.33999634
1975/11/11,89.87000275
1975/11/12,91.19000244
1975/11/13,91.04000092
1975/11/14,90.97000122
1975/11/17,91.45999908
1975/11/18,91
1975/11/19,89.98000336
1975/11/20,89.63999939
1975/11/21,89.52999878
1975/11/24,89.69999695
1975/11/25,90.70999908
1975/11/26,90.94000244
1975/11/28,91.23999786
1975/12/1,90.66999817
1975/12/2,89.33000183
1975/12/3,87.59999847
1975/12/4,87.83999634
1975/12/5,86.81999969
1975/12/8,87.06999969
1975/12/9,87.30000305
1975/12/10,88.08000183
1975/12/11,87.80000305
1975/12/12,87.83000183
1975/12/15,88.08999634
1975/12/16,88.93000031
1975/12/17,89.15000153
1975/12/18,89.43000031
1975/12/19,88.80000305
1975/12/22,88.13999939
1975/12/23,88.73000336
1975/12/24,89.45999908
1975/12/26,90.25
1975/12/29,90.12999725
1975/12/30,89.76999664
1975/12/31,90.19000244
1976/1/2,90.90000153
1976/1/5,92.58000183
1976/1/6,93.52999878
1976/1/7,93.94999695
1976/1/8,94.58000183
1976/1/9,94.94999695
1976/1/12,96.33000183
1976/1/13,95.56999969
1976/1/14,97.12999725
1976/1/15,96.61000061
1976/1/16,97
1976/1/19,98.31999969
1976/1/20,98.86000061
1976/1/21,98.23999786
1976/1/22,98.04000092
1976/1/23,99.20999908
1976/1/26,99.68000031
1976/1/27,99.06999969
1976/1/28,98.52999878
1976/1/29,100.1100006
1976/1/30,100.8600006
1976/2/2,100.8700027
1976/2/3,101.1800003
1976/2/4,101.9100037
1976/2/5,100.3899994
1976/2/6,99.45999908
1976/2/9,99.62000275
1976/2/10,100.4700012
1976/2/11,100.7699966
1976/2/12,100.25
1976/2/13,99.66999817
1976/2/17,99.05000305
1976/2/18,99.84999847
1976/2/19,101.4100037
1976/2/20,102.0999985
1976/2/23,101.6100006
1976/2/24,102.0299988
1976/2/25,101.6900024
1976/2/26,100.1100006
1976/2/27,99.70999908
1976/3/1,100.0199966
1976/3/2,100.5800018
1976/3/3,99.98000336
1976/3/4,98.91999817
1976/3/5,99.11000061
1976/3/8,100.1900024
1976/3/9,100.5800018
1976/3/10,100.9400024
1976/3/11,101.8899994
1976/3/12,100.8600006
1976/3/15,99.80000305
1976/3/16,100.9199982
1976/3/17,100.8600006
1976/3/18,100.4499969
1976/3/19,100.5800018
1976/3/22,100.7099991
1976/3/23,102.2399979
1976/3/24,103.4199982
1976/3/25,102.8499985
1976/3/26,102.8499985
1976/3/29,102.4100037
1976/3/30,102.0100021
1976/3/31,102.7699966
1976/4/1,102.2399979
1976/4/2,102.25
1976/4/5,103.5100021
1976/4/6,103.3600006
1976/4/7,102.2099991
1976/4/8,101.2799988
1976/4/9,100.3499985
1976/4/12,100.1999969
1976/4/13,101.0500031
1976/4/14,100.3099976
1976/4/15,100.6699982
1976/4/19,101.4400024
1976/4/20,102.8700027
1976/4/21,103.3199997
1976/4/22,102.9800034
1976/4/23,102.2900009
1976/4/26,102.4300003
1976/4/27,101.8600006
1976/4/28,102.1299973
1976/4/29,102.1299973
1976/4/30,101.6399994
1976/5/3,100.9199982
1976/5/4,101.4599991
1976/5/5,100.8799973
1976/5/6,101.1600037
1976/5/7,101.8799973
1976/5/10,103.0999985
1976/5/11,102.9499969
1976/5/12,102.7699966
1976/5/13,102.1600037
1976/5/14,101.3399963
1976/5/17,101.0899963
1976/5/18,101.2600021
1976/5/19,101.1800003
1976/5/20,102
1976/5/21,101.2600021
1976/5/24,99.44000244
1976/5/25,99.48999786
1976/5/26,99.33999634
1976/5/27,99.37999725
1976/5/28,100.1800003
1976/6/1,99.84999847
1976/6/2,100.2200012
1976/6/3,100.1299973
1976/6/4,99.15000153
1976/6/7,98.62999725
1976/6/8,98.80000305
1976/6/9,98.73999786
1976/6/10,99.55999756
1976/6/11,100.9199982
1976/6/14,101.9499969
1976/6/15,101.4599991
1976/6/16,102.0100021
1976/6/17,103.6100006
1976/6/18,103.7600021
1976/6/21,104.2799988
1976/6/22,103.4700012
1976/6/23,103.25
1976/6/24,103.7900009
1976/6/25,103.7200012
1976/6/28,103.4300003
1976/6/29,103.8600006
1976/6/30,104.2799988
1976/7/1,103.5899963
1976/7/2,104.1100006
1976/7/6,103.5400009
1976/7/7,103.8300018
1976/7/8,103.9800034
1976/7/9,104.9800034
1976/7/12,105.9000015
1976/7/13,105.6699982
1976/7/14,105.9499969
1976/7/15,105.1999969
1976/7/16,104.6800003
1976/7/19,104.2900009
1976/7/20,103.7200012
1976/7/21,103.8199997
1976/7/22,103.9300003
1976/7/23,104.0599976
1976/7/26,104.0699997
1976/7/27,103.4800034
1976/7/28,103.0500031
1976/7/29,102.9300003
1976/7/30,103.4400024
1976/8/2,103.1900024
1976/8/3,104.1399994
1976/8/4,104.4300003
1976/8/5,103.8499985
1976/8/6,103.7900009
1976/8/9,103.4899979
1976/8/10,104.4100037
1976/8/11,104.0599976
1976/8/12,104.2200012
1976/8/13,104.25
1976/8/16,104.4300003
1976/8/17,104.8000031
1976/8/18,104.5599976
1976/8/19,103.3899994
1976/8/20,102.3700027
1976/8/23,101.9599991
1976/8/24,101.2699966
1976/8/25,102.0299988
1976/8/26,101.3199997
1976/8/27,101.4800034
1976/8/30,102.0699997
1976/8/31,102.9100037
1976/9/1,104.0599976
1976/9/2,103.9199982
1976/9/3,104.3000031
1976/9/7,105.0299988
1976/9/8,104.9400024
1976/9/9,104.4000015
1976/9/10,104.6500015
1976/9/13,104.2900009
1976/9/14,103.9400024
1976/9/15,104.25
1976/9/16,105.3399963
1976/9/17,106.2699966
1976/9/20,106.3199997
1976/9/21,107.8300018
1976/9/22,107.4599991
1976/9/23,106.9199982
1976/9/24,106.8000031
1976/9/27,107.2699966
1976/9/28,105.9199982
1976/9/29,105.3700027
1976/9/30,105.2399979
1976/10/1,104.1699982
1976/10/4,104.0299988
1976/10/5,103.2300034
1976/10/6,102.9700012
1976/10/7,103.5400009
1976/10/8,102.5599976
1976/10/11,101.6399994
1976/10/12,100.8099976
1976/10/13,102.1200027
1976/10/14,100.8499985
1976/10/15,100.8799973
1976/10/18,101.4700012
1976/10/19,101.4499969
1976/10/20,101.7399979
1976/10/21,100.7699966
1976/10/22,99.95999908
1976/10/25,100.0699997
1976/10/26,101.0599976
1976/10/27,101.7600021
1976/10/28,101.6100006
1976/10/29,102.9000015
1976/11/1,103.0999985
1976/11/3,101.9199982
1976/11/4,102.4100037
1976/11/5,100.8199997
1976/11/8,99.59999847
1976/11/9,99.31999969
1976/11/10,98.80999756
1976/11/11,99.63999939
1976/11/12,99.23999786
1976/11/15,99.90000153
1976/11/16,100.0400009
1976/11/17,100.6100006
1976/11/18,101.8899994
1976/11/19,101.9199982
1976/11/22,102.5899963
1976/11/23,101.9599991
1976/11/24,102.4100037
1976/11/26,103.1500015
1976/11/29,102.4400024
1976/11/30,102.0999985
1976/12/1,102.4899979
1976/12/2,102.1200027
1976/12/3,102.7600021
1976/12/6,103.5599976
1976/12/7,103.4899979
1976/12/8,104.0800018
1976/12/9,104.5100021
1976/12/10,104.6999969
1976/12/13,104.6299973
1976/12/14,105.0699997
1976/12/15,105.1399994
1976/12/16,104.8000031
1976/12/17,104.2600021
1976/12/20,103.6500015
1976/12/21,104.2200012
1976/12/22,104.7099991
1976/12/23,104.8399963
1976/12/27,106.0599976
1976/12/28,106.7699966
1976/12/29,106.3399963
1976/12/30,106.8799973
1976/12/31,107.4599991
1977/1/3,107
1977/1/4,105.6999969
1977/1/5,104.7600021
1977/1/6,105.0199966
1977/1/7,105.0100021
1977/1/10,105.1999969
1977/1/11,104.1200027
1977/1/12,103.4000015
1977/1/13,104.1999969
1977/1/14,104.0100021
1977/1/17,103.7300034
1977/1/18,103.3199997
1977/1/19,103.8499985
1977/1/20,102.9700012
1977/1/21,103.3199997
1977/1/24,103.25
1977/1/25,103.1299973
1977/1/26,102.3399963
1977/1/27,101.7900009
1977/1/28,101.9300003
1977/1/31,102.0299988
1977/2/1,102.5400009
1977/2/2,102.3600006
1977/2/3,101.8499985
1977/2/4,101.8799973
1977/2/7,101.8899994
1977/2/8,101.5999985
1977/2/9,100.7300034
1977/2/10,100.8199997
1977/2/11,100.2200012
1977/2/14,100.7399979
1977/2/15,101.0400009
1977/2/16,101.5
1977/2/17,100.9199982
1977/2/18,100.4899979
1977/2/22,100.4899979
1977/2/23,100.1900024
1977/2/24,99.59999847
1977/2/25,99.48000336
1977/2/28,99.81999969
1977/3/1,100.6600037
1977/3/2,100.3899994
1977/3/3,100.8799973
1977/3/4,101.1999969
1977/3/7,101.25
1977/3/8,100.8700027
1977/3/9,100.0999985
1977/3/10,100.6699982
1977/3/11,100.6500015
1977/3/14,101.4199982
1977/3/15,101.9800034
1977/3/16,102.1699982
1977/3/17,102.0800018
1977/3/18,101.8600006
1977/3/21,101.3099976
1977/3/22,101
1977/3/23,100.1999969
1977/3/24,99.69999695
1977/3/25,99.05999756
1977/3/28,99
1977/3/29,99.69000244
1977/3/30,98.54000092
1977/3/31,98.41999817
1977/4/1,99.20999908
1977/4/4,98.23000336
1977/4/5,98.01000214
1977/4/6,97.91000366
1977/4/7,98.34999847
1977/4/11,98.87999725
1977/4/12,100.1500015
1977/4/13,100.1600037
1977/4/14,101
1977/4/15,101.0400009
1977/4/18,100.5400009
1977/4/19,100.0699997
1977/4/20,100.4000015
1977/4/21,99.75
1977/4/22,98.44000244
1977/4/25,97.15000153
1977/4/26,97.11000061
1977/4/27,97.95999908
1977/4/28,98.19999695
1977/4/29,98.44000244
1977/5/2,98.93000031
1977/5/3,99.43000031
1977/5/4,99.95999908
1977/5/5,100.1100006
1977/5/6,99.48999786
1977/5/9,99.18000031
1977/5/10,99.47000122
1977/5/11,98.77999878
1977/5/12,98.73000336
1977/5/13,99.02999878
1977/5/16,99.47000122
1977/5/17,99.76999664
1977/5/18,100.3000031
1977/5/19,99.87999725
1977/5/20,99.44999695
1977/5/23,98.15000153
1977/5/24,97.66999817
1977/5/25,96.76999664
1977/5/26,97.01000214
1977/5/27,96.26999664
1977/5/31,96.12000275
1977/6/1,96.93000031
1977/6/2,96.73999786
1977/6/3,97.69000244
1977/6/6,97.23000336
1977/6/7,97.73000336
1977/6/8,98.19999695
1977/6/9,98.13999939
1977/6/10,98.45999908
1977/6/13,98.73999786
1977/6/14,99.86000061
1977/6/15,99.61000061
1977/6/16,99.84999847
1977/6/17,99.97000122
1977/6/20,100.4199982
1977/6/21,100.7399979
1977/6/22,100.4599991
1977/6/23,100.6200027
1977/6/24,101.1900024
1977/6/27,100.9800034
1977/6/28,100.1399994
1977/6/29,100.1100006
1977/6/30,100.4800034
1977/7/1,100.0999985
1977/7/5,100.0899963
1977/7/6,99.58000183
1977/7/7,99.93000031
1977/7/8,99.79000092
1977/7/11,99.55000305
1977/7/12,99.44999695
1977/7/13,99.58999634
1977/7/15,100.1800003
1977/7/18,100.9499969
1977/7/19,101.7900009
1977/7/20,101.7300034
1977/7/21,101.5899963
1977/7/22,101.6699982
1977/7/25,100.8499985
1977/7/26,100.2699966
1977/7/27,98.63999939
1977/7/28,98.79000092
1977/7/29,98.84999847
1977/8/1,99.12000275
1977/8/2,98.5
1977/8/3,98.37000275
1977/8/4,98.73999786
1977/8/5,98.76000214
1977/8/8,97.98999786
1977/8/9,98.05000305
1977/8/10,98.91999817
1977/8/11,98.16000366
1977/8/12,97.87999725
1977/8/15,98.18000031
1977/8/16,97.73000336
1977/8/17,97.73999786
1977/8/18,97.68000031
1977/8/19,97.51000214
1977/8/22,97.79000092
1977/8/23,97.62000275
1977/8/24,97.23000336
1977/8/25,96.15000153
1977/8/26,96.05999756
1977/8/29,96.91999817
1977/8/30,96.37999725
1977/8/31,96.76999664
1977/9/1,96.83000183
1977/9/2,97.44999695
1977/9/6,97.70999908
1977/9/7,98.01000214
1977/9/8,97.27999878
1977/9/9,96.37000275
1977/9/12,96.02999878
1977/9/13,96.08999634
1977/9/14,96.55000305
1977/9/15,96.80000305
1977/9/16,96.48000336
1977/9/19,95.84999847
1977/9/20,95.88999939
1977/9/21,95.09999847
1977/9/22,95.08999634
1977/9/23,95.04000092
1977/9/26,95.37999725
1977/9/27,95.23999786
1977/9/28,95.30999756
1977/9/29,95.84999847
1977/9/30,96.52999878
1977/10/3,96.73999786
1977/10/4,96.02999878
1977/10/5,95.68000031
1977/10/6,96.05000305
1977/10/7,95.97000122
1977/10/10,95.75
1977/10/11,94.93000031
1977/10/12,94.04000092
1977/10/13,93.45999908
1977/10/14,93.55999756
1977/10/17,93.47000122
1977/10/18,93.45999908
1977/10/19,92.37999725
1977/10/20,92.66999817
1977/10/21,92.31999969
1977/10/24,91.62999725
1977/10/25,91
1977/10/26,92.09999847
1977/10/27,92.33999634
1977/10/28,92.61000061
1977/10/31,92.33999634
1977/11/1,91.34999847
1977/11/2,90.70999908
1977/11/3,90.76000214
1977/11/4,91.58000183
1977/11/7,92.29000092
1977/11/8,92.45999908
1977/11/9,92.98000336
1977/11/10,94.70999908
1977/11/11,95.98000336
1977/11/14,95.31999969
1977/11/15,95.93000031
1977/11/16,95.44999695
1977/11/17,95.16000366
1977/11/18,95.33000183
1977/11/21,95.25
1977/11/22,96.08999634
1977/11/23,96.48999786
1977/11/25,96.69000244
1977/11/28,96.04000092
1977/11/29,94.55000305
1977/11/30,94.83000183
1977/12/1,94.69000244
1977/12/2,94.66999817
1977/12/5,94.26999664
1977/12/6,92.83000183
1977/12/7,92.77999878
1977/12/8,92.95999908
1977/12/9,93.65000153
1977/12/12,93.62999725
1977/12/13,93.55999756
1977/12/14,94.02999878
1977/12/15,93.55000305
1977/12/16,93.40000153
1977/12/19,92.69000244
1977/12/20,92.5
1977/12/21,93.05000305
1977/12/22,93.80000305
1977/12/23,94.69000244
1977/12/27,94.69000244
1977/12/28,94.75
1977/12/29,94.94000244
1977/12/30,95.09999847
1978/1/3,93.81999969
1978/1/4,93.51999664
1978/1/5,92.73999786
1978/1/6,91.62000275
1978/1/9,90.63999939
1978/1/10,90.16999817
1978/1/11,89.73999786
1978/1/12,89.81999969
1978/1/13,89.69000244
1978/1/16,89.43000031
1978/1/17,89.87999725
1978/1/18,90.55999756
1978/1/19,90.08999634
1978/1/20,89.88999939
1978/1/23,89.23999786
1978/1/24,89.25
1978/1/25,89.38999939
1978/1/26,88.58000183
1978/1/27,88.58000183
1978/1/30,89.33999634
1978/1/31,89.25
1978/2/1,89.93000031
1978/2/2,90.12999725
1978/2/3,89.62000275
1978/2/6,89.5
1978/2/7,90.33000183
1978/2/8,90.83000183
1978/2/9,90.30000305
1978/2/10,90.08000183
1978/2/13,89.86000061
1978/2/14,89.04000092
1978/2/15,88.83000183
1978/2/16,88.08000183
1978/2/17,87.95999908
1978/2/21,87.58999634
1978/2/22,87.55999756
1978/2/23,87.63999939
1978/2/24,88.48999786
1978/2/27,87.72000122
1978/2/28,87.04000092
1978/3/1,87.19000244
1978/3/2,87.31999969
1978/3/3,87.44999695
1978/3/6,86.90000153
1978/3/7,87.36000061
1978/3/8,87.83999634
1978/3/9,87.88999939
1978/3/10,88.87999725
1978/3/13,88.94999695
1978/3/14,89.34999847
1978/3/15,89.12000275
1978/3/16,89.51000214
1978/3/17,90.19999695
1978/3/20,90.81999969
1978/3/21,89.79000092
1978/3/22,89.47000122
1978/3/23,89.36000061
1978/3/27,88.87000275
1978/3/28,89.5
1978/3/29,89.63999939
1978/3/30,89.41000366
1978/3/31,89.20999908
1978/4/3,88.45999908
1978/4/4,88.86000061
1978/4/5,89.63999939
1978/4/6,89.79000092
1978/4/7,90.16999817
1978/4/10,90.48999786
1978/4/11,90.25
1978/4/12,90.11000061
1978/4/13,90.98000336
1978/4/14,92.91999817
1978/4/17,94.44999695
1978/4/18,93.43000031
1978/4/19,93.86000061
1978/4/20,94.54000092
1978/4/21,94.33999634
1978/4/24,95.76999664
1978/4/25,96.63999939
1978/4/26,96.81999969
1978/4/27,95.86000061
1978/4/28,96.83000183
1978/5/1,97.66999817
1978/5/2,97.25
1978/5/3,96.26000214
1978/5/4,95.93000031
1978/5/5,96.52999878
1978/5/8,96.19000244
1978/5/9,95.90000153
1978/5/10,95.91999817
1978/5/11,97.19999695
1978/5/12,98.06999969
1978/5/15,98.76000214
1978/5/16,99.34999847
1978/5/17,99.59999847
1978/5/18,98.62000275
1978/5/19,98.12000275
1978/5/22,99.08999634
1978/5/23,98.05000305
1978/5/24,97.08000183
1978/5/25,96.80000305
1978/5/26,96.58000183
1978/5/30,96.86000061
1978/5/31,97.23999786
1978/6/1,97.34999847
1978/6/2,98.13999939
1978/6/5,99.94999695
1978/6/6,100.3199997
1978/6/7,100.1200027
1978/6/8,100.2099991
1978/6/9,99.93000031
1978/6/12,99.55000305
1978/6/13,99.56999969
1978/6/14,99.48000336
1978/6/15,98.33999634
1978/6/16,97.41999817
1978/6/19,97.48999786
1978/6/20,96.51000214
1978/6/21,96.01000214
1978/6/22,96.23999786
1978/6/23,95.84999847
1978/6/26,94.59999847
1978/6/27,94.98000336
1978/6/28,95.40000153
1978/6/29,95.56999969
1978/6/30,95.52999878
1978/7/3,95.08999634
1978/7/5,94.26999664
1978/7/6,94.31999969
1978/7/7,94.88999939
1978/7/10,95.26999664
1978/7/11,95.93000031
1978/7/12,96.23999786
1978/7/13,96.25
1978/7/14,97.58000183
1978/7/17,97.77999878
1978/7/18,96.87000275
1978/7/19,98.12000275
1978/7/20,98.02999878
1978/7/21,97.75
1978/7/24,97.72000122
1978/7/25,98.44000244
1978/7/26,99.08000183
1978/7/27,99.54000092
1978/7/28,100
1978/7/31,100.6800003
1978/8/1,100.6600037
1978/8/2,102.9199982
1978/8/3,103.5100021
1978/8/4,103.9199982
1978/8/7,103.5500031
1978/8/8,104.0100021
1978/8/9,104.5
1978/8/10,103.6600037
1978/8/11,103.9599991
1978/8/14,103.9700012
1978/8/15,103.8499985
1978/8/16,104.6500015
1978/8/17,105.0800018
1978/8/18,104.7300034
1978/8/21,103.8899994
1978/8/22,104.3099976
1978/8/23,104.9100037
1978/8/24,105.0800018
1978/8/25,104.9000015
1978/8/28,103.9599991
1978/8/29,103.3899994
1978/8/30,103.5
1978/8/31,103.2900009
1978/9/1,103.6800003
1978/9/5,104.4899979
1978/9/6,105.3799973
1978/9/7,105.4199982
1978/9/8,106.7900009
1978/9/11,106.9800034
1978/9/12,106.9899979
1978/9/13,106.3399963
1978/9/14,105.0999985
1978/9/15,104.1200027
1978/9/18,103.2099991
1978/9/19,102.5299988
1978/9/20,101.7300034
1978/9/21,101.9000015
1978/9/22,101.8399963
1978/9/25,101.8600006
1978/9/26,102.6200027
1978/9/27,101.6600037
1978/9/28,101.9599991
1978/9/29,102.5400009
1978/10/2,102.9599991
1978/10/3,102.5999985
1978/10/4,103.0599976
1978/10/5,103.2699966
1978/10/6,103.5199966
1978/10/9,104.5899963
1978/10/10,104.4599991
1978/10/11,105.3899994
1978/10/12,104.8799973
1978/10/13,104.6600037
1978/10/16,102.6100006
1978/10/17,101.2600021
1978/10/18,100.4899979
1978/10/19,99.33000183
1978/10/20,97.94999695
1978/10/23,98.18000031
1978/10/24,97.48999786
1978/10/25,97.30999756
1978/10/26,96.02999878
1978/10/27,94.58999634
1978/10/30,95.05999756
1978/10/31,93.15000153
1978/11/1,96.84999847
1978/11/2,95.61000061
1978/11/3,96.18000031
1978/11/6,95.19000244
1978/11/7,93.84999847
1978/11/8,94.44999695
1978/11/9,94.41999817
1978/11/10,94.76999664
1978/11/13,93.12999725
1978/11/14,92.48999786
1978/11/15,92.70999908
1978/11/16,93.70999908
1978/11/17,94.41999817
1978/11/20,95.25
1978/11/21,95.01000214
1978/11/22,95.48000336
1978/11/24,95.79000092
1978/11/27,95.98999786
1978/11/28,95.15000153
1978/11/29,93.75
1978/11/30,94.69999695
1978/12/1,96.27999878
1978/12/4,96.15000153
1978/12/5,97.44000244
1978/12/6,97.48999786
1978/12/7,97.08000183
1978/12/8,96.62999725
1978/12/11,97.11000061
1978/12/12,96.58999634
1978/12/13,96.05999756
1978/12/14,96.04000092
1978/12/15,95.33000183
1978/12/18,93.44000244
1978/12/19,94.23999786
1978/12/20,94.68000031
1978/12/21,94.70999908
1978/12/22,96.30999756
1978/12/26,97.51999664
1978/12/27,96.66000366
1978/12/28,96.27999878
1978/12/29,96.11000061
1979/1/2,96.73000336
1979/1/3,97.80000305
1979/1/4,98.58000183
1979/1/5,99.12999725
1979/1/8,98.80000305
1979/1/9,99.33000183
1979/1/10,98.76999664
1979/1/11,99.09999847
1979/1/12,99.93000031
1979/1/15,100.6900024
1979/1/16,99.45999908
1979/1/17,99.48000336
1979/1/18,99.72000122
1979/1/19,99.75
1979/1/22,99.90000153
1979/1/23,100.5999985
1979/1/24,100.1600037
1979/1/25,101.1900024
1979/1/26,101.8600006
1979/1/29,101.5500031
1979/1/30,101.0500031
1979/1/31,99.93000031
1979/2/1,99.95999908
1979/2/2,99.5
1979/2/5,98.08999634
1979/2/6,98.05000305
1979/2/7,97.16000366
1979/2/8,97.65000153
1979/2/9,97.87000275
1979/2/12,98.19999695
1979/2/13,98.93000031
1979/2/14,98.87000275
1979/2/15,98.73000336
1979/2/16,98.66999817
1979/2/20,99.41999817
1979/2/21,99.06999969
1979/2/22,98.33000183
1979/2/23,97.77999878
1979/2/26,97.66999817
1979/2/27,96.12999725
1979/2/28,96.27999878
1979/3/1,96.90000153
1979/3/2,96.97000122
1979/3/5,98.05999756
1979/3/6,97.87000275
1979/3/7,98.44000244
1979/3/8,99.58000183
1979/3/9,99.54000092
1979/3/12,99.66999817
1979/3/13,99.83999634
1979/3/14,99.70999908
1979/3/15,99.86000061
1979/3/16,100.6900024
1979/3/19,101.0599976
1979/3/20,100.5
1979/3/21,101.25
1979/3/22,101.6699982
1979/3/23,101.5999985
1979/3/26,101.0400009
1979/3/27,102.4800034
1979/3/28,102.1200027
1979/3/29,102.0299988
1979/3/30,101.5899963
1979/4/2,100.9000015
1979/4/3,102.4000015
1979/4/4,102.6500015
1979/4/5,103.2600021
1979/4/6,103.1800003
1979/4/9,102.8700027
1979/4/10,103.3399963
1979/4/11,102.3099976
1979/4/12,102
1979/4/16,101.1200027
1979/4/17,101.2399979
1979/4/18,101.6999969
1979/4/19,101.2799988
1979/4/20,101.2300034
1979/4/23,101.5699997
1979/4/24,102.1999969
1979/4/25,102.5
1979/4/26,102.0100021
1979/4/27,101.8000031
1979/4/30,101.7600021
1979/5/1,101.6800003
1979/5/2,101.7200012
1979/5/3,101.8099976
1979/5/4,100.6900024
1979/5/7,99.01999664
1979/5/8,99.16999817
1979/5/9,99.45999908
1979/5/10,98.51999664
1979/5/11,98.51999664
1979/5/14,98.05999756
1979/5/15,98.13999939
1979/5/16,98.41999817
1979/5/17,99.94000244
1979/5/18,99.93000031
1979/5/21,100.1399994
1979/5/22,100.5100021
1979/5/23,99.88999939
1979/5/24,99.93000031
1979/5/25,100.2200012
1979/5/29,100.0500031
1979/5/30,99.11000061
1979/5/31,99.08000183
1979/6/1,99.16999817
1979/6/4,99.31999969
1979/6/5,100.6200027
1979/6/6,101.3000031
1979/6/7,101.7900009
1979/6/8,101.4899979
1979/6/11,101.9100037
1979/6/12,102.8499985
1979/6/13,102.3099976
1979/6/14,102.1999969
1979/6/15,102.0899963
1979/6/18,101.5599976
1979/6/19,101.5800018
1979/6/20,101.6299973
1979/6/21,102.0899963
1979/6/22,102.6399994
1979/6/25,102.0899963
1979/6/26,101.6600037
1979/6/27,102.2699966
1979/6/28,102.8000031
1979/6/29,102.9100037
1979/7/2,101.9899979
1979/7/3,102.0899963
1979/7/5,102.4300003
1979/7/6,103.6200027
1979/7/9,104.4700012
1979/7/10,104.1999969
1979/7/11,103.6399994
1979/7/12,102.6900024
1979/7/13,102.3199997
1979/7/16,102.7399979
1979/7/17,101.8300018
1979/7/18,101.6900024
1979/7/19,101.6100006
1979/7/20,101.8199997
1979/7/23,101.5899963
1979/7/24,101.9700012
1979/7/25,103.0800018
1979/7/26,103.0999985
1979/7/27,103.0999985
1979/7/30,103.1500015
1979/7/31,103.8099976
1979/8/1,104.1699982
1979/8/2,104.0999985
1979/8/3,104.0400009
1979/8/6,104.3000031
1979/8/7,105.6500015
1979/8/8,105.9800034
1979/8/9,105.4899979
1979/8/10,106.4000015
1979/8/13,107.4199982
1979/8/14,107.5199966
1979/8/15,108.25
1979/8/16,108.0899963
1979/8/17,108.3000031
1979/8/20,108.8300018
1979/8/21,108.9100037
1979/8/22,108.9899979
1979/8/23,108.6299973
1979/8/24,108.5999985
1979/8/27,109.1399994
1979/8/28,109.0199966
1979/8/29,109.0199966
1979/8/30,109.0199966
1979/8/31,109.3199997
1979/9/4,107.4400024
1979/9/5,106.4000015
1979/9/6,106.8499985
1979/9/7,107.6600037
1979/9/10,108.1699982
1979/9/11,107.5100021
1979/9/12,107.8199997
1979/9/13,107.8499985
1979/9/14,108.7600021
1979/9/17,108.8399963
1979/9/18,108
1979/9/19,108.2799988
1979/9/20,110.5100021
1979/9/21,110.4700012
1979/9/24,109.6100006
1979/9/25,109.6800003
1979/9/26,109.9599991
1979/9/27,110.2099991
1979/9/28,109.3199997
1979/10/1,108.5599976
1979/10/2,109.5899963
1979/10/3,109.5899963
1979/10/4,110.1699982
1979/10/5,111.2699966
1979/10/8,109.8799973
1979/10/9,106.6299973
1979/10/10,105.3000031
1979/10/11,105.0500031
1979/10/12,104.4899979
1979/10/15,103.3600006
1979/10/16,103.1900024
1979/10/17,103.3899994
1979/10/18,103.6100006
1979/10/19,101.5999985
1979/10/22,100.7099991
1979/10/23,100.2799988
1979/10/24,100.4400024
1979/10/25,100
1979/10/26,100.5699997
1979/10/29,100.7099991
1979/10/30,102.6699982
1979/10/31,101.8199997
1979/11/1,102.5699997
1979/11/2,102.5100021
1979/11/5,101.8199997
1979/11/6,101.1999969
1979/11/7,99.87000275
1979/11/8,100.3000031
1979/11/9,101.5100021
1979/11/12,103.5100021
1979/11/13,102.9400024
1979/11/14,103.3899994
1979/11/15,104.1299973
1979/11/16,103.7900009
1979/11/19,104.2300034
1979/11/20,103.6900024
1979/11/21,103.8899994
1979/11/23,104.6699982
1979/11/26,106.8000031
1979/11/27,106.3799973
1979/11/28,106.7699966
1979/11/29,106.8099976
1979/11/30,106.1600037
1979/12/3,105.8300018
1979/12/4,106.7900009
1979/12/5,107.25
1979/12/6,108
1979/12/7,107.5199966
1979/12/10,107.6699982
1979/12/11,107.4899979
1979/12/12,107.5199966
1979/12/13,107.6699982
1979/12/14,108.9199982
1979/12/17,109.3300018
1979/12/18,108.3000031
1979/12/19,108.1999969
1979/12/20,108.2600021
1979/12/21,107.5899963
1979/12/24,107.6600037
1979/12/26,107.7799988
1979/12/27,107.9599991
1979/12/28,107.8399963
1979/12/31,107.9400024
1980/1/2,105.7600021
1980/1/3,105.2200012
1980/1/4,106.5199966
1980/1/7,106.8099976
1980/1/8,108.9499969
1980/1/9,109.0500031
1980/1/10,109.8899994
1980/1/11,109.9199982
1980/1/14,110.3799973
1980/1/15,111.1399994
1980/1/16,111.0500031
1980/1/17,110.6999969
1980/1/18,111.0699997
1980/1/21,112.0999985
1980/1/22,111.5100021
1980/1/23,113.4400024
1980/1/24,113.6999969
1980/1/25,113.6100006
1980/1/28,114.8499985
1980/1/29,114.0699997
1980/1/30,115.1999969
1980/1/31,114.1600037
1980/2/1,115.1200027
1980/2/4,114.3700027
1980/2/5,114.6600037
1980/2/6,115.7200012
1980/2/7,116.2799988
1980/2/8,117.9499969
1980/2/11,117.1200027
1980/2/12,117.9000015
1980/2/13,118.4400024
1980/2/14,116.7200012
1980/2/15,115.4100037
1980/2/19,114.5999985
1980/2/20,116.4700012
1980/2/21,115.2799988
1980/2/22,115.0400009
1980/2/25,113.3300018
1980/2/26,113.9800034
1980/2/27,112.3799973
1980/2/28,112.3499985
1980/2/29,113.6600037
1980/3/3,112.5
1980/3/4,112.7799988
1980/3/5,111.1299973
1980/3/6,108.6500015
1980/3/7,106.9000015
1980/3/10,106.5100021
1980/3/11,107.7799988
1980/3/12,106.8700027
1980/3/13,105.6200027
1980/3/14,105.4300003
1980/3/17,102.2600021
1980/3/18,104.0999985
1980/3/19,104.3099976
1980/3/20,103.1200027
1980/3/21,102.3099976
1980/3/24,99.27999878
1980/3/25,99.19000244
1980/3/26,98.68000031
1980/3/27,98.22000122
1980/3/28,100.6800003
1980/3/31,102.0899963
1980/4/1,102.1800003
1980/4/2,102.6800003
1980/4/3,102.1500015
1980/4/7,100.1900024
1980/4/8,101.1999969
1980/4/9,103.1100006
1980/4/10,104.0800018
1980/4/11,103.7900009
1980/4/14,102.8399963
1980/4/15,102.6299973
1980/4/16,101.5400009
1980/4/17,101.0500031
1980/4/18,100.5500031
1980/4/21,99.80000305
1980/4/22,103.4300003
1980/4/23,103.7300034
1980/4/24,104.4000015
1980/4/25,105.1600037
1980/4/28,105.6399994
1980/4/29,105.8600006
1980/4/30,106.2900009
1980/5/1,105.4599991
1980/5/2,105.5800018
1980/5/5,106.3799973
1980/5/6,106.25
1980/5/7,107.1800003
1980/5/8,106.1299973
1980/5/9,104.7200012
1980/5/12,104.7799988
1980/5/13,106.3000031
1980/5/14,106.8499985
1980/5/15,106.9899979
1980/5/16,107.3499985
1980/5/19,107.6699982
1980/5/20,107.6200027
1980/5/21,107.7200012
1980/5/22,109.0100021
1980/5/23,110.6200027
1980/5/27,111.4000015
1980/5/28,112.0599976
1980/5/29,110.2699966
1980/5/30,111.2399979
1980/6/2,110.7600021
1980/6/3,110.5100021
1980/6/4,112.6100006
1980/6/5,112.7799988
1980/6/6,113.1999969
1980/6/9,113.7099991
1980/6/10,114.6600037
1980/6/11,116.0199966
1980/6/12,115.5199966
1980/6/13,115.8099976
1980/6/16,116.0899963
1980/6/17,116.0299988
1980/6/18,116.2600021
1980/6/19,114.6600037
1980/6/20,114.0599976
1980/6/23,114.5100021
1980/6/24,115.1399994
1980/6/25,116.7200012
1980/6/26,116.1900024
1980/6/27,116
1980/6/30,114.2399979
1980/7/1,114.9300003
1980/7/2,115.6800003
1980/7/3,117.4599991
1980/7/7,118.2900009
1980/7/8,117.8399963
1980/7/9,117.9800034
1980/7/10,116.9499969
1980/7/11,117.8399963
1980/7/14,120.0100021
1980/7/15,119.3000031
1980/7/16,119.6299973
1980/7/17,121.4400024
1980/7/18,122.0400009
1980/7/21,122.5100021
1980/7/22,122.1900024
1980/7/23,121.9300003
1980/7/24,121.7900009
1980/7/25,120.7799988
1980/7/28,121.4300003
1980/7/29,122.4000015
1980/7/30,122.2300034
1980/7/31,121.6699982
1980/8/1,121.2099991
1980/8/4,120.9800034
1980/8/5,120.7399979
1980/8/6,121.5500031
1980/8/7,123.3000031
1980/8/8,123.6100006
1980/8/11,124.7799988
1980/8/12,123.7900009
1980/8/13,123.2799988
1980/8/14,125.25
1980/8/15,125.7200012
1980/8/18,123.3899994
1980/8/19,122.5999985
1980/8/20,123.7699966
1980/8/21,125.4599991
1980/8/22,126.0199966
1980/8/25,125.1600037
1980/8/26,124.8399963
1980/8/27,123.5199966
1980/8/28,122.0800018
1980/8/29,122.3799973
1980/9/2,123.7399979
1980/9/3,126.1200027
1980/9/4,125.4199982
1980/9/5,124.8799973
1980/9/8,123.3099976
1980/9/9,124.0699997
1980/9/10,124.8099976
1980/9/11,125.6600037
1980/9/12,125.5400009
1980/9/15,125.6699982
1980/9/16,126.7399979
1980/9/17,128.8699951
1980/9/18,128.3999939
1980/9/19,129.25
1980/9/22,130.3999939
1980/9/23,129.4299927
1980/9/24,130.3699951
1980/9/25,128.7200012
1980/9/26,126.3499985
1980/9/29,123.5400009
1980/9/30,125.4599991
1980/10/1,127.1299973
1980/10/2,128.0899963
1980/10/3,129.3300018
1980/10/6,131.7299957
1980/10/7,131
1980/10/8,131.6499939
1980/10/9,131.0399933
1980/10/10,130.2899933
1980/10/13,132.0299988
1980/10/14,132.0200043
1980/10/15,133.6999969
1980/10/16,132.2200012
1980/10/17,131.5200043
1980/10/20,132.6100006
1980/10/21,131.8399963
1980/10/22,131.9199982
1980/10/23,129.5299988
1980/10/24,129.8500061
1980/10/27,127.8799973
1980/10/28,128.0500031
1980/10/29,127.9100037
1980/10/30,126.2900009
1980/10/31,127.4700012
1980/11/3,129.0399933
1980/11/5,131.3300018
1980/11/6,128.9100037
1980/11/7,129.1799927
1980/11/10,129.4799957
1980/11/11,131.2599945
1980/11/12,134.5899963
1980/11/13,136.4900055
1980/11/14,137.1499939
1980/11/17,137.75
1980/11/18,139.6999969
1980/11/19,139.0599976
1980/11/20,140.3999939
1980/11/21,139.1100006
1980/11/24,138.3099976
1980/11/25,139.3300018
1980/11/26,140.1699982
1980/11/28,140.5200043
1980/12/1,137.2100067
1980/12/2,136.9700012
1980/12/3,136.7100067
1980/12/4,136.4799957
1980/12/5,134.0299988
1980/12/8,130.6100006
1980/12/9,130.4799957
1980/12/10,128.2599945
1980/12/11,127.3600006
1980/12/12,129.2299957
1980/12/15,129.4499969
1980/12/16,130.6000061
1980/12/17,132.8899994
1980/12/18,133
1980/12/19,133.6999969
1980/12/22,135.7799988
1980/12/23,135.3000031
1980/12/24,135.8800049
1980/12/26,136.5700073
1980/12/29,135.0299988
1980/12/30,135.3300018
1980/12/31,135.7599945
1981/1/2,136.3399963
1981/1/5,137.9700012
1981/1/6,138.1199951
1981/1/7,135.0800018
1981/1/8,133.0599976
1981/1/9,133.4799957
1981/1/12,133.5200043
1981/1/13,133.2899933
1981/1/14,133.4700012
1981/1/15,134.2200012
1981/1/16,134.7700043
1981/1/19,134.3699951
1981/1/20,131.6499939
1981/1/21,131.3600006
1981/1/22,130.2599945
1981/1/23,130.2299957
1981/1/26,129.8399963
1981/1/27,131.1199951
1981/1/28,130.3399963
1981/1/29,130.2400055
1981/1/30,129.5500031
1981/2/2,126.9100037
1981/2/3,128.4600067
1981/2/4,128.5899963
1981/2/5,129.6300049
1981/2/6,130.6000061
1981/2/9,129.2700043
1981/2/10,129.2400055
1981/2/11,128.2400055
1981/2/12,127.4800034
1981/2/13,126.9800034
1981/2/17,127.8099976
1981/2/18,128.4799957
1981/2/19,126.6100006
1981/2/20,126.5800018
1981/2/23,127.3499985
1981/2/24,127.3899994
1981/2/25,128.5200043
1981/2/26,130.1000061
1981/2/27,131.2700043
1981/3/2,132.0099945
1981/3/3,130.5599976
1981/3/4,130.8600006
1981/3/5,129.9299927
1981/3/6,129.8500061
1981/3/9,131.1199951
1981/3/10,130.4600067
1981/3/11,129.9499969
1981/3/12,133.1900024
1981/3/13,133.1100006
1981/3/16,134.6799927
1981/3/17,133.9199982
1981/3/18,134.2200012
1981/3/19,133.4600067
1981/3/20,134.0800018
1981/3/23,135.6900024
1981/3/24,134.6699982
1981/3/25,137.1100006
1981/3/26,136.2700043
1981/3/27,134.6499939
1981/3/30,134.2799988
1981/3/31,136
1981/4/1,136.5700073
1981/4/2,136.3200073
1981/4/3,135.4900055
1981/4/6,133.9299927
1981/4/7,133.9100037
1981/4/8,134.3099976
1981/4/9,134.6699982
1981/4/10,134.5099945
1981/4/13,133.1499939
1981/4/14,132.6799927
1981/4/15,134.1699982
1981/4/16,134.6999969
1981/4/20,135.4499969
1981/4/21,134.2299957
1981/4/22,134.1399994
1981/4/23,133.9400024
1981/4/24,135.1399994
1981/4/27,135.4799957
1981/4/28,134.3300018
1981/4/29,133.0500031
1981/4/30,132.8099976
1981/5/1,132.7200012
1981/5/4,130.6699982
1981/5/5,130.3200073
1981/5/6,130.7799988
1981/5/7,131.6699982
1981/5/8,131.6600037
1981/5/11,129.7100067
1981/5/12,130.7200012
1981/5/13,130.5500031
1981/5/14,131.2799988
1981/5/15,132.1699982
1981/5/18,132.5399933
1981/5/19,132.0899963
1981/5/20,132
1981/5/21,131.75
1981/5/22,131.3300018
1981/5/26,132.7700043
1981/5/27,133.7700043
1981/5/28,133.4499969
1981/5/29,132.5899963
1981/6/1,132.4100037
1981/6/2,130.6199951
1981/6/3,130.7100067
1981/6/4,130.9600067
1981/6/5,132.2200012
1981/6/8,132.2400055
1981/6/9,131.9700012
1981/6/10,132.3200073
1981/6/11,133.75
1981/6/12,133.4900055
1981/6/15,133.6100006
1981/6/16,132.1499939
1981/6/17,133.3200073
1981/6/18,131.6399994
1981/6/19,132.2700043
1981/6/22,131.9499969
1981/6/23,133.3500061
1981/6/24,132.6600037
1981/6/25,132.8099976
1981/6/26,132.5599976
1981/6/29,131.8899994
1981/6/30,131.2100067
1981/7/1,129.7700043
1981/7/2,128.6399994
1981/7/6,127.3700027
1981/7/7,128.2400055
1981/7/8,128.3200073
1981/7/9,129.3000031
1981/7/10,129.3699951
1981/7/13,129.6399994
1981/7/14,129.6499939
1981/7/15,130.2299957
1981/7/16,130.3399963
1981/7/17,130.7599945
1981/7/20,128.7200012
1981/7/21,128.3399963
1981/7/22,127.1299973
1981/7/23,127.4000015
1981/7/24,128.4600067
1981/7/27,129.8999939
1981/7/28,129.1399994
1981/7/29,129.1600037
1981/7/30,130.0099945
1981/7/31,130.9199982
1981/8/3,130.4799957
1981/8/4,131.1799927
1981/8/5,132.6699982
1981/8/6,132.6399994
1981/8/7,131.75
1981/8/10,132.5399933
1981/8/11,133.8500061
1981/8/12,133.3999939
1981/8/13,133.5099945
1981/8/14,132.4900055
1981/8/17,131.2200012
1981/8/18,130.1100006
1981/8/19,130.4900055
1981/8/20,130.6900024
1981/8/21,129.2299957
1981/8/24,125.5
1981/8/25,125.1299973
1981/8/26,124.9599991
1981/8/27,123.5100021
1981/8/28,124.0800018
1981/8/31,122.7900009
1981/9/1,123.0199966
1981/9/2,123.4899979
1981/9/3,121.2399979
1981/9/4,120.0699997
1981/9/8,117.9800034
1981/9/9,118.4000015
1981/9/10,120.1399994
1981/9/11,121.6100006
1981/9/14,120.6600037
1981/9/15,119.7699966
1981/9/16,118.8700027
1981/9/17,117.1500015
1981/9/18,116.2600021
1981/9/21,117.2399979
1981/9/22,116.6800003
1981/9/23,115.6500015
1981/9/24,115.0100021
1981/9/25,112.7699966
1981/9/28,115.5299988
1981/9/29,115.9400024
1981/9/30,116.1800003
1981/10/1,117.0800018
1981/10/2,119.3600006
1981/10/5,119.5100021
1981/10/6,119.3899994
1981/10/7,121.3099976
1981/10/8,122.3099976
1981/10/9,121.4499969
1981/10/12,121.2099991
1981/10/13,120.7799988
1981/10/14,118.8000031
1981/10/15,119.7099991
1981/10/16,119.1900024
1981/10/19,118.9800034
1981/10/20,120.2799988
1981/10/21,120.0999985
1981/10/22,119.6399994
1981/10/23,118.5999985
1981/10/26,118.1600037
1981/10/27,119.2900009
1981/10/28,119.4499969
1981/10/29,119.0599976
1981/10/30,121.8899994
1981/11/2,124.1999969
1981/11/3,124.8000031
1981/11/4,124.7399979
1981/11/5,123.5400009
1981/11/6,122.6699982
1981/11/9,123.2900009
1981/11/10,122.6999969
1981/11/11,122.9199982
1981/11/12,123.1900024
1981/11/13,121.6699982
1981/11/16,120.2399979
1981/11/17,121.1500015
1981/11/18,120.2600021
1981/11/19,120.7099991
1981/11/20,121.7099991
1981/11/23,121.5999985
1981/11/24,123.5100021
1981/11/25,124.0500031
1981/11/27,125.0899963
1981/11/30,126.3499985
1981/12/1,126.0999985
1981/12/2,124.6900024
1981/12/3,125.1200027
1981/12/4,126.2600021
1981/12/7,125.1900024
1981/12/8,124.8199997
1981/12/9,125.4800034
1981/12/10,125.7099991
1981/12/11,124.9300003
1981/12/14,122.7799988
1981/12/15,122.9899979
1981/12/16,122.4199982
1981/12/17,123.1200027
1981/12/18,124
1981/12/21,123.3399963
1981/12/22,122.8799973
1981/12/23,122.3099976
1981/12/24,122.5400009
1981/12/28,122.2699966
1981/12/29,121.6699982
1981/12/30,122.3000031
1981/12/31,122.5500031
1982/1/4,122.7399979
1982/1/5,120.0500031
1982/1/6,119.1800003
1982/1/7,118.9300003
1982/1/8,119.5500031
1982/1/11,116.7799988
1982/1/12,116.3000031
1982/1/13,114.8799973
1982/1/14,115.5400009
1982/1/15,116.3300018
1982/1/18,117.2200012
1982/1/19,115.9700012
1982/1/20,115.2699966
1982/1/21,115.75
1982/1/22,115.3799973
1982/1/25,115.4100037
1982/1/26,115.1900024
1982/1/27,115.7399979
1982/1/28,118.9199982
1982/1/29,120.4000015
1982/2/1,117.7799988
1982/2/2,118.0100021
1982/2/3,116.4800034
1982/2/4,116.4199982
1982/2/5,117.2600021
1982/2/8,114.6299973
1982/2/9,113.6800003
1982/2/10,114.6600037
1982/2/11,114.4300003
1982/2/12,114.3799973
1982/2/16,114.0599976
1982/2/17,113.6900024
1982/2/18,113.8199997
1982/2/19,113.2200012
1982/2/22,111.5899963
1982/2/23,111.5100021
1982/2/24,113.4700012
1982/2/25,113.2099991
1982/2/26,113.1100006
1982/3/1,113.3099976
1982/3/2,112.6800003
1982/3/3,110.9199982
1982/3/4,109.8799973
1982/3/5,109.3399963
1982/3/8,107.3399963
1982/3/9,108.8300018
1982/3/10,109.4100037
1982/3/11,109.3600006
1982/3/12,108.6100006
1982/3/15,109.4499969
1982/3/16,109.2799988
1982/3/17,109.0800018
1982/3/18,110.3000031
1982/3/19,110.6100006
1982/3/22,112.7699966
1982/3/23,113.5500031
1982/3/24,112.9700012
1982/3/25,113.2099991
1982/3/26,111.9400024
1982/3/29,112.3000031
1982/3/30,112.2699966
1982/3/31,111.9599991
1982/4/1,113.7900009
1982/4/2,115.1200027
1982/4/5,114.7300034
1982/4/6,115.3600006
1982/4/7,115.4599991
1982/4/8,116.2200012
1982/4/12,116
1982/4/13,115.9899979
1982/4/14,115.8300018
1982/4/15,116.3499985
1982/4/16,116.8099976
1982/4/19,116.6999969
1982/4/20,115.4400024
1982/4/21,115.7200012
1982/4/22,117.1900024
1982/4/23,118.6399994
1982/4/26,119.2600021
1982/4/27,118
1982/4/28,117.2600021
1982/4/29,116.1399994
1982/4/30,116.4400024
1982/5/3,116.8199997
1982/5/4,117.4599991
1982/5/5,117.6699982
1982/5/6,118.6800003
1982/5/7,119.4700012
1982/5/10,118.3799973
1982/5/11,119.4199982
1982/5/12,119.1699982
1982/5/13,118.2200012
1982/5/14,118.0100021
1982/5/17,116.7099991
1982/5/18,115.8399963
1982/5/19,114.8899994
1982/5/20,114.5899963
1982/5/21,114.8899994
1982/5/24,114.7900009
1982/5/25,114.4000015
1982/5/26,113.1100006
1982/5/27,112.6600037
1982/5/28,111.8799973
1982/6/1,111.6800003
1982/6/2,112.0400009
1982/6/3,111.8600006
1982/6/4,110.0899963
1982/6/7,110.1200027
1982/6/8,109.6299973
1982/6/9,108.9899979
1982/6/10,109.6100006
1982/6/11,111.2399979
1982/6/14,109.9599991
1982/6/15,109.6900024
1982/6/16,108.8700027
1982/6/17,107.5999985
1982/6/18,107.2799988
1982/6/21,107.1999969
1982/6/22,108.3000031
1982/6/23,110.1399994
1982/6/24,109.8300018
1982/6/25,109.1399994
1982/6/28,110.2600021
1982/6/29,110.2099991
1982/6/30,109.6100006
1982/7/1,108.7099991
1982/7/2,107.6500015
1982/7/6,107.2900009
1982/7/7,107.2200012
1982/7/8,107.5299988
1982/7/9,108.8300018
1982/7/12,109.5699997
1982/7/13,109.4499969
1982/7/14,110.4400024
1982/7/15,110.4700012
1982/7/16,111.0699997
1982/7/19,110.7300034
1982/7/20,111.5400009
1982/7/21,111.4199982
1982/7/22,111.4800034
1982/7/23,111.1699982
1982/7/26,110.3600006
1982/7/27,109.4300003
1982/7/28,107.7399979
1982/7/29,107.7200012
1982/7/30,107.0899963
1982/8/2,108.9800034
1982/8/3,107.8300018
1982/8/4,106.1399994
1982/8/5,105.1600037
1982/8/6,103.7099991
1982/8/9,103.0800018
1982/8/10,102.8399963
1982/8/11,102.5999985
1982/8/12,102.4199982
1982/8/13,103.8499985
1982/8/16,104.0899963
1982/8/17,109.0400009
1982/8/18,108.5400009
1982/8/19,109.1600037
1982/8/20,113.0199966
1982/8/23,116.1100006
1982/8/24,115.3499985
1982/8/25,117.5800018
1982/8/26,118.5500031
1982/8/27,117.1100006
1982/8/30,117.6600037
1982/8/31,119.5100021
1982/9/1,118.25
1982/9/2,120.2900009
1982/9/3,122.6800003
1982/9/7,121.3700027
1982/9/8,122.1999969
1982/9/9,121.9700012
1982/9/10,120.9700012
1982/9/13,122.2399979
1982/9/14,123.0999985
1982/9/15,124.2900009
1982/9/16,123.7699966
1982/9/17,122.5500031
1982/9/20,122.5100021
1982/9/21,124.8799973
1982/9/22,123.9899979
1982/9/23,123.8099976
1982/9/24,123.3199997
1982/9/27,123.6200027
1982/9/28,123.2399979
1982/9/29,121.6299973
1982/9/30,120.4199982
1982/10/1,121.9700012
1982/10/4,121.5100021
1982/10/5,121.9800034
1982/10/6,125.9700012
1982/10/7,128.8000031
1982/10/8,131.0500031
1982/10/11,134.4700012
1982/10/12,134.4400024
1982/10/13,136.7100067
1982/10/14,134.5700073
1982/10/15,133.5700073
1982/10/18,136.7299957
1982/10/19,136.5800018
1982/10/20,139.2299957
1982/10/21,139.0599976
1982/10/22,138.8300018
1982/10/25,133.3200073
1982/10/26,134.4799957
1982/10/27,135.2899933
1982/10/28,133.5899963
1982/10/29,133.7200012
1982/11/1,135.4700012
1982/11/2,137.4900055
1982/11/3,142.8699951
1982/11/4,141.8500061
1982/11/5,142.1600037
1982/11/8,140.4400024
1982/11/9,143.0200043
1982/11/10,141.1600037
1982/11/11,141.75
1982/11/12,139.5299988
1982/11/15,137.0299988
1982/11/16,135.4199982
1982/11/17,137.9299927
1982/11/18,138.3399963
1982/11/19,137.0200043
1982/11/22,134.2200012
1982/11/23,132.9299927
1982/11/24,133.8800049
1982/11/26,134.8800049
1982/11/29,134.1999969
1982/11/30,138.5299988
1982/12/1,138.7200012
1982/12/2,138.8200073
1982/12/3,138.6900024
1982/12/6,141.7700043
1982/12/7,142.7200012
1982/12/8,141.8200073
1982/12/9,140
1982/12/10,139.5700073
1982/12/13,139.9499969
1982/12/14,137.3999939
1982/12/15,135.2400055
1982/12/16,135.3000031
1982/12/17,137.4900055
1982/12/20,136.25
1982/12/21,138.6100006
1982/12/22,138.8300018
1982/12/23,139.7200012
1982/12/27,142.1699982
1982/12/28,140.7700043
1982/12/29,141.2400055
1982/12/30,140.3300018
1982/12/31,140.6399994
1983/1/3,138.3399963
1983/1/4,141.3600006
1983/1/5,141.9600067
1983/1/6,145.2700043
1983/1/7,145.1799927
1983/1/10,146.7799988
1983/1/11,145.7799988
1983/1/12,146.6900024
1983/1/13,145.7299957
1983/1/14,146.6499939
1983/1/17,146.7200012
1983/1/18,146.3999939
1983/1/19,145.2700043
1983/1/20,146.2899933
1983/1/21,143.8500061
1983/1/24,139.9700012
1983/1/25,141.75
1983/1/26,141.5399933
1983/1/27,144.2700043
1983/1/28,144.5099945
1983/1/31,145.3000031
1983/2/1,142.9600067
1983/2/2,143.2299957
1983/2/3,144.2599945
1983/2/4,146.1399994
1983/2/7,146.9299927
1983/2/8,145.6999969
1983/2/9,145
1983/2/10,147.5
1983/2/11,147.6499939
1983/2/14,148.9299927
1983/2/15,148.3000031
1983/2/16,147.4299927
1983/2/17,147.4400024
1983/2/18,148
1983/2/22,145.4799957
1983/2/23,146.7899933
1983/2/24,149.6000061
1983/2/25,149.7400055
1983/2/28,148.0599976
1983/3/1,150.8800049
1983/3/2,152.3000031
1983/3/3,153.4799957
1983/3/4,153.6699982
1983/3/7,153.6699982
1983/3/8,151.2599945
1983/3/9,152.8699951
1983/3/10,151.8000031
1983/3/11,151.2400055
1983/3/14,150.8300018
1983/3/15,151.3699951
1983/3/16,149.8099976
1983/3/17,149.5899963
1983/3/18,149.8999939
1983/3/21,151.1900024
1983/3/22,150.6600037
1983/3/23,152.8099976
1983/3/24,153.3699951
1983/3/25,152.6699982
1983/3/28,151.8500061
1983/3/29,151.5899963
1983/3/30,153.3899994
1983/3/31,152.9600067
1983/4/4,153.0200043
1983/4/5,151.8999939
1983/4/6,151.0399933
1983/4/7,151.7599945
1983/4/8,152.8500061
1983/4/11,155.1399994
1983/4/12,155.8200073
1983/4/13,156.7700043
1983/4/14,158.1199951
1983/4/15,158.75
1983/4/18,159.7400055
1983/4/19,158.7100067
1983/4/20,160.7100067
1983/4/21,160.0500031
1983/4/22,160.4199982
1983/4/25,158.8099976
1983/4/26,161.8099976
1983/4/27,161.4400024
1983/4/28,162.9499969
1983/4/29,164.4299927
1983/5/2,162.1100006
1983/5/3,162.3399963
1983/5/4,163.3099976
1983/5/5,164.2799988
1983/5/6,166.1000061
1983/5/9,165.8099976
1983/5/10,165.9499969
1983/5/11,164.9600067
1983/5/12,164.25
1983/5/13,164.9100037
1983/5/16,163.3999939
1983/5/17,163.7100067
1983/5/18,163.2700043
1983/5/19,161.9900055
1983/5/20,162.1399994
1983/5/23,163.4299927
1983/5/24,165.5399933
1983/5/25,166.2100067
1983/5/26,165.4799957
1983/5/27,164.4600067
1983/5/31,162.3899994
1983/6/1,162.5500031
1983/6/2,163.9799957
1983/6/3,164.4199982
1983/6/6,164.8300018
1983/6/7,162.7700043
1983/6/8,161.3600006
1983/6/9,161.8300018
1983/6/10,162.6799927
1983/6/13,164.8399963
1983/6/14,165.5299988
1983/6/15,167.1199951
1983/6/16,169.1399994
1983/6/17,169.1300049
1983/6/20,169.0200043
1983/6/21,170.5299988
1983/6/22,170.9900055
1983/6/23,170.5700073
1983/6/24,170.4100037
1983/6/27,168.4600067
1983/6/28,165.6799927
1983/6/29,166.6399994
1983/6/30,167.6399994
1983/7/1,168.6399994
1983/7/5,166.6000061
1983/7/6,168.4799957
1983/7/7,167.5599976
1983/7/8,167.0800018
1983/7/11,168.1100006
1983/7/12,165.5299988
1983/7/13,165.4600067
1983/7/14,166.0099945
1983/7/15,164.2899933
1983/7/18,163.9499969
1983/7/19,164.8200073
1983/7/20,169.2899933
1983/7/21,169.0599976
1983/7/22,168.8899994
1983/7/25,169.5299988
1983/7/26,170.5299988
1983/7/27,167.5899963
1983/7/28,165.0399933
1983/7/29,162.5599976
1983/8/1,162.0399933
1983/8/2,162.0099945
1983/8/3,163.4400024
1983/8/4,161.3300018
1983/8/5,161.7400055
1983/8/8,159.1799927
1983/8/9,160.1300049
1983/8/10,161.5399933
1983/8/11,161.5399933
1983/8/12,162.1600037
1983/8/15,163.6999969
1983/8/16,163.4100037
1983/8/17,165.2899933
1983/8/18,163.5500031
1983/8/19,163.9799957
1983/8/22,164.3399963
1983/8/23,162.7700043
1983/8/24,161.25
1983/8/25,160.8399963
1983/8/26,162.1399994
1983/8/29,162.25
1983/8/30,162.5800018
1983/8/31,164.3999939
1983/9/1,164.2299957
1983/9/2,165
1983/9/6,167.8899994
1983/9/7,167.9600067
1983/9/8,167.7700043
1983/9/9,166.9199982
1983/9/12,165.4799957
1983/9/13,164.8000031
1983/9/14,165.3500061
1983/9/15,164.3800049
1983/9/16,166.25
1983/9/19,167.6199951
1983/9/20,169.2400055
1983/9/21,168.4100037
1983/9/22,169.7599945
1983/9/23,169.5099945
1983/9/26,170.0700073
1983/9/27,168.4299927
1983/9/28,168
1983/9/29,167.2299957
1983/9/30,166.0700073
1983/10/3,165.8099976
1983/10/4,166.2700043
1983/10/5,167.7400055
1983/10/6,170.2799988
1983/10/7,170.8000031
1983/10/10,172.6499939
1983/10/11,170.3399963
1983/10/12,169.6199951
1983/10/13,169.8699951
1983/10/14,169.8600006
1983/10/17,170.4299927
1983/10/18,167.8099976
1983/10/19,166.7299957
1983/10/20,166.9799957
1983/10/21,165.9499969
1983/10/24,165.9900055
1983/10/25,166.4700012
1983/10/26,165.3800049
1983/10/27,164.8399963
1983/10/28,163.3699951
1983/10/31,163.5500031
1983/11/1,163.6600037
1983/11/2,164.8399963
1983/11/3,163.4499969
1983/11/4,162.4400024
1983/11/7,161.9100037
1983/11/8,161.7599945
1983/11/9,163.9700012
1983/11/10,164.4100037
1983/11/11,166.2899933
1983/11/14,166.5800018
1983/11/15,165.3600006
1983/11/16,166.0800018
1983/11/17,166.1300049
1983/11/18,165.0899963
1983/11/21,166.0500031
1983/11/22,166.8399963
1983/11/23,166.9600067
1983/11/25,167.1799927
1983/11/28,166.5399933
1983/11/29,167.9100037
1983/11/30,166.3999939
1983/12/1,166.4900055
1983/12/2,165.4400024
1983/12/5,165.7599945
1983/12/6,165.4700012
1983/12/7,165.9100037
1983/12/8,165.1999969
1983/12/9,165.0800018
1983/12/12,165.6199951
1983/12/13,164.9299927
1983/12/14,163.3300018
1983/12/15,161.6600037
1983/12/16,162.3899994
1983/12/19,162.3200073
1983/12/20,162
1983/12/21,163.5599976
1983/12/22,163.5299988
1983/12/23,163.2200012
1983/12/27,164.7599945
1983/12/28,165.3399963
1983/12/29,164.8600006
1983/12/30,164.9299927
1984/1/3,164.0399933
1984/1/4,166.7799988
1984/1/5,168.8099976
1984/1/6,169.2799988
1984/1/9,168.8999939
1984/1/10,167.9499969
1984/1/11,167.8000031
1984/1/12,167.75
1984/1/13,167.0200043
1984/1/16,167.1799927
1984/1/17,167.8300018
1984/1/18,167.5500031
1984/1/19,167.0399933
1984/1/20,166.2100067
1984/1/23,164.8699951
1984/1/24,165.9400024
1984/1/25,164.8399963
1984/1/26,164.2400055
1984/1/27,163.9400024
1984/1/30,162.8699951
1984/1/31,163.4100037
1984/2/1,162.7400055
1984/2/2,163.3600006
1984/2/3,160.9100037
1984/2/6,158.0800018
1984/2/7,158.7400055
1984/2/8,155.8500061
1984/2/9,155.4199982
1984/2/10,156.3000031
1984/2/13,154.9499969
1984/2/14,156.6100006
1984/2/15,156.25
1984/2/16,156.1300049
1984/2/17,155.7400055
1984/2/21,154.6399994
1984/2/22,154.3099976
1984/2/23,154.2899933
1984/2/24,157.5099945
1984/2/27,159.3000031
1984/2/28,156.8200073
1984/2/29,157.0599976
1984/3/1,158.1900024
1984/3/2,159.2400055
1984/3/5,157.8899994
1984/3/6,156.25
1984/3/7,154.5700073
1984/3/8,155.1900024
1984/3/9,154.3500061
1984/3/12,156.3399963
1984/3/13,156.7799988
1984/3/14,156.7700043
1984/3/15,157.4100037
1984/3/16,159.2700043
1984/3/19,157.7799988
1984/3/20,158.8600006
1984/3/21,158.6600037
1984/3/22,156.6900024
1984/3/23,156.8600006
1984/3/26,156.6699982
1984/3/27,157.3000031
1984/3/28,159.8800049
1984/3/29,159.5200043
1984/3/30,159.1799927
1984/4/2,157.9799957
1984/4/3,157.6600037
1984/4/4,157.5399933
1984/4/5,155.0399933
1984/4/6,155.4799957
1984/4/9,155.4499969
1984/4/10,155.8699951
1984/4/11,155
1984/4/12,157.7299957
1984/4/13,157.3099976
1984/4/16,158.3200073
1984/4/17,158.9700012
1984/4/18,157.8999939
1984/4/19,158.0200043
1984/4/23,156.8000031
1984/4/24,158.0700073
1984/4/25,158.6499939
1984/4/26,160.3000031
1984/4/27,159.8899994
1984/4/30,160.0500031
1984/5/1,161.6799927
1984/5/2,161.8999939
1984/5/3,161.1999969
1984/5/4,159.1100006
1984/5/7,159.4700012
1984/5/8,160.5200043
1984/5/9,160.1100006
1984/5/10,160
1984/5/11,158.4900055
1984/5/14,157.5
1984/5/15,158
1984/5/16,157.9900055
1984/5/17,156.5700073
1984/5/18,155.7799988
1984/5/21,154.7299957
1984/5/22,153.8800049
1984/5/23,153.1499939
1984/5/24,151.2299957
1984/5/25,151.6199951
1984/5/29,150.2899933
1984/5/30,150.3500061
1984/5/31,150.5500031
1984/6/1,153.2400055
1984/6/4,154.3399963
1984/6/5,153.6499939
1984/6/6,155.0099945
1984/6/7,154.9199982
1984/6/8,155.1699982
1984/6/11,153.0599976
1984/6/12,152.1900024
1984/6/13,152.1300049
1984/6/14,150.3899994
1984/6/15,149.0299988
1984/6/18,151.7299957
1984/6/19,152.6100006
1984/6/20,154.8399963
1984/6/21,154.5099945
1984/6/22,154.4600067
1984/6/25,153.9700012
1984/6/26,152.7100067
1984/6/27,151.6399994
1984/6/28,152.8399963
1984/6/29,153.1799927
1984/7/2,153.1999969
1984/7/3,153.6999969
1984/7/5,152.7599945
1984/7/6,152.2400055
1984/7/9,153.3600006
1984/7/10,152.8899994
1984/7/11,150.5599976
1984/7/12,150.0299988
1984/7/13,150.8800049
1984/7/16,151.6000061
1984/7/17,152.3800049
1984/7/18,151.3999939
1984/7/19,150.3699951
1984/7/20,149.5500031
1984/7/23,148.9499969
1984/7/24,147.8200073
1984/7/25,148.8300018
1984/7/26,150.0800018
1984/7/27,151.1900024
1984/7/30,150.1900024
1984/7/31,150.6600037
1984/8/1,154.0800018
1984/8/2,157.9900055
1984/8/3,162.3500061
1984/8/6,162.6000061
1984/8/7,162.7200012
1984/8/8,161.75
1984/8/9,165.5399933
1984/8/10,165.4199982
1984/8/13,165.4299927
1984/8/14,164.4199982
1984/8/15,162.8000031
1984/8/16,163.7700043
1984/8/17,164.1399994
1984/8/20,164.9400024
1984/8/21,167.8300018
1984/8/22,167.0599976
1984/8/23,167.1199951
1984/8/24,167.5099945
1984/8/27,166.4400024
1984/8/28,167.3999939
1984/8/29,167.0899963
1984/8/30,166.6000061
1984/8/31,166.6799927
1984/9/4,164.8800049
1984/9/5,164.2899933
1984/9/6,165.6499939
1984/9/7,164.3699951
1984/9/10,164.2599945
1984/9/11,164.4499969
1984/9/12,164.6799927
1984/9/13,167.9400024
1984/9/14,168.7799988
1984/9/17,168.8699951
1984/9/18,167.6499939
1984/9/19,166.9400024
1984/9/20,167.4700012
1984/9/21,165.6699982
1984/9/24,165.2799988
1984/9/25,165.6199951
1984/9/26,166.2799988
1984/9/27,166.9600067
1984/9/28,166.1000061
1984/10/1,164.6199951
1984/10/2,163.5899963
1984/10/3,162.4400024
1984/10/4,162.9199982
1984/10/5,162.6799927
1984/10/8,162.1300049
1984/10/9,161.6699982
1984/10/10,162.1100006
1984/10/11,162.7799988
1984/10/12,164.1799927
1984/10/15,165.7700043
1984/10/16,164.7799988
1984/10/17,164.1399994
1984/10/18,168.1000061
1984/10/19,167.9600067
1984/10/22,167.3600006
1984/10/23,167.0899963
1984/10/24,167.1999969
1984/10/25,166.3099976
1984/10/26,165.2899933
1984/10/29,164.7799988
1984/10/30,166.8399963
1984/10/31,166.0899963
1984/11/1,167.4900055
1984/11/2,167.4199982
1984/11/5,168.5800018
1984/11/6,170.4100037
1984/11/7,169.1699982
1984/11/8,168.6799927
1984/11/9,167.6000061
1984/11/12,167.3600006
1984/11/13,165.9700012
1984/11/14,165.9900055
1984/11/15,165.8899994
1984/11/16,164.1000061
1984/11/19,163.0899963
1984/11/20,164.1799927
1984/11/21,164.5099945
1984/11/23,166.9199982
1984/11/26,165.5500031
1984/11/27,166.2899933
1984/11/28,165.0200043
1984/11/29,163.9100037
1984/11/30,163.5800018
1984/12/3,162.8200073
1984/12/4,163.3800049
1984/12/5,162.1000061
1984/12/6,162.7599945
1984/12/7,162.2599945
1984/12/10,162.8300018
1984/12/11,163.0700073
1984/12/12,162.6300049
1984/12/13,161.8099976
1984/12/14,162.6900024
1984/12/17,163.6100006
1984/12/18,168.1100006
1984/12/19,167.1600037
1984/12/20,166.3800049
1984/12/21,165.5099945
1984/12/24,166.7599945
1984/12/26,166.4700012
1984/12/27,165.75
1984/12/28,166.2599945
1984/12/31,167.2400055
1985/1/2,165.3699951
1985/1/3,164.5700073
1985/1/4,163.6799927
1985/1/7,164.2400055
1985/1/8,163.9900055
1985/1/9,165.1799927
1985/1/10,168.3099976
1985/1/11,167.9100037
1985/1/14,170.5099945
1985/1/15,170.8099976
1985/1/16,171.1900024
1985/1/17,170.7299957
1985/1/18,171.3200073
1985/1/21,175.2299957
1985/1/22,175.4799957
1985/1/23,177.3000031
1985/1/24,176.7100067
1985/1/25,177.3500061
1985/1/28,177.3999939
1985/1/29,179.1799927
1985/1/30,179.3899994
1985/1/31,179.6300049
1985/2/1,178.6300049
1985/2/4,180.3500061
1985/2/5,180.6100006
1985/2/6,180.4299927
1985/2/7,181.8200073
1985/2/8,182.1900024
1985/2/11,180.5099945
1985/2/12,180.5599976
1985/2/13,183.3500061
1985/2/14,182.4100037
1985/2/15,181.6000061
1985/2/19,181.3300018
1985/2/20,181.1799927
1985/2/21,180.1900024
1985/2/22,179.3600006
1985/2/25,179.2299957
1985/2/26,181.1699982
1985/2/27,180.7100067
1985/2/28,181.1799927
1985/3/1,183.2299957
1985/3/4,182.0599976
1985/3/5,182.2299957
1985/3/6,180.6499939
1985/3/7,179.5099945
1985/3/8,179.1000061
1985/3/11,178.7899933
1985/3/12,179.6600037
1985/3/13,178.1900024
1985/3/14,177.8399963
1985/3/15,176.5299988
1985/3/18,176.8800049
1985/3/19,179.5399933
1985/3/20,179.0800018
1985/3/21,179.3500061
1985/3/22,179.0399933
1985/3/25,177.9700012
1985/3/26,178.4299927
1985/3/27,179.5399933
1985/3/28,179.5399933
1985/3/29,180.6600037
1985/4/1,181.2700043
1985/4/2,180.5299988
1985/4/3,179.1100006
1985/4/4,179.0299988
1985/4/8,178.0299988
1985/4/9,178.2100067
1985/4/10,179.4199982
1985/4/11,180.1900024
1985/4/12,180.5399933
1985/4/15,180.9199982
1985/4/16,181.1999969
1985/4/17,181.6799927
1985/4/18,180.8399963
1985/4/19,181.1100006
1985/4/22,180.6999969
1985/4/23,181.8800049
1985/4/24,182.2599945
1985/4/25,183.4299927
1985/4/26,182.1799927
1985/4/29,180.6300049
1985/4/30,179.8300018
1985/5/1,178.3699951
1985/5/2,179.0099945
1985/5/3,180.0800018
1985/5/6,179.9900055
1985/5/7,180.7599945
1985/5/8,180.6199951
1985/5/9,181.9199982
1985/5/10,184.2799988
1985/5/13,184.6100006
1985/5/14,183.8699951
1985/5/15,184.5399933
1985/5/16,185.6600037
1985/5/17,187.4199982
1985/5/20,189.7200012
1985/5/21,189.6399994
1985/5/22,188.5599976
1985/5/23,187.6000061
1985/5/24,188.2899933
1985/5/28,187.8600006
1985/5/29,187.6799927
1985/5/30,187.75
1985/5/31,189.5500031
1985/6/3,189.3200073
1985/6/4,190.0399933
1985/6/5,190.1600037
1985/6/6,191.0599976
1985/6/7,189.6799927
1985/6/10,189.5099945
1985/6/11,189.0399933
1985/6/12,187.6100006
1985/6/13,185.3300018
1985/6/14,187.1000061
1985/6/17,186.5299988
1985/6/18,187.3399963
1985/6/19,186.6300049
1985/6/20,186.7299957
1985/6/21,189.6100006
1985/6/24,189.1499939
1985/6/25,189.7400055
1985/6/26,190.0599976
1985/6/27,191.2299957
1985/6/28,191.8500061
1985/7/1,192.4299927
1985/7/2,192.0099945
1985/7/3,191.4499969
1985/7/5,192.5200043
1985/7/8,191.9299927
1985/7/9,191.0500031
1985/7/10,192.3699951
1985/7/11,192.9400024
1985/7/12,193.2899933
1985/7/15,192.7200012
1985/7/16,194.7200012
1985/7/17,195.6499939
1985/7/18,194.3800049
1985/7/19,195.1300049
1985/7/22,194.3500061
1985/7/23,192.5500031
1985/7/24,191.5800018
1985/7/25,192.0599976
1985/7/26,192.3999939
1985/7/29,189.6000061
1985/7/30,189.9299927
1985/7/31,190.9199982
1985/8/1,192.1100006
1985/8/2,191.4799957
1985/8/5,190.6199951
1985/8/6,187.9299927
1985/8/7,187.6799927
1985/8/8,188.9499969
1985/8/9,188.3200073
1985/8/12,187.6300049
1985/8/13,187.3000031
1985/8/14,187.4100037
1985/8/15,187.2599945
1985/8/16,186.1000061
1985/8/19,186.3800049
1985/8/20,188.0800018
1985/8/21,189.1600037
1985/8/22,187.3600006
1985/8/23,187.1699982
1985/8/26,187.3099976
1985/8/27,188.1000061
1985/8/28,188.8300018
1985/8/29,188.9299927
1985/8/30,188.6300049
1985/9/3,187.9100037
1985/9/4,187.3699951
1985/9/5,187.2700043
1985/9/6,188.2400055
1985/9/9,188.25
1985/9/10,186.8999939
1985/9/11,185.0299988
1985/9/12,183.6900024
1985/9/13,182.9100037
1985/9/16,182.8800049
1985/9/17,181.3600006
1985/9/18,181.7100067
1985/9/19,183.3899994
1985/9/20,182.0500031
1985/9/23,184.3000031
1985/9/24,182.6199951
1985/9/25,180.6600037
1985/9/26,181.2899933
1985/9/30,182.0800018
1985/10/1,185.0700073
1985/10/2,184.0599976
1985/10/3,184.3600006
1985/10/4,183.2200012
1985/10/7,181.8699951
1985/10/8,181.8699951
1985/10/9,182.5200043
1985/10/10,182.7799988
1985/10/11,184.2799988
1985/10/14,186.3699951
1985/10/15,186.0800018
1985/10/16,187.9799957
1985/10/17,187.6600037
1985/10/18,187.0399933
1985/10/21,186.9600067
1985/10/22,188.0399933
1985/10/23,189.0899963
1985/10/24,188.5
1985/10/25,187.5200043
1985/10/28,187.7599945
1985/10/29,189.2299957
1985/10/30,190.0700073
1985/10/31,189.8200073
1985/11/1,191.5299988
1985/11/4,191.25
1985/11/5,192.3699951
1985/11/6,192.7599945
1985/11/7,192.6199951
1985/11/8,193.7200012
1985/11/11,197.2799988
1985/11/12,198.0800018
1985/11/13,197.1000061
1985/11/14,199.0599976
1985/11/15,198.1100006
1985/11/18,198.7100067
1985/11/19,198.6699982
1985/11/20,198.9900055
1985/11/21,201.4100037
1985/11/22,201.5200043
1985/11/25,200.3500061
1985/11/26,200.6699982
1985/11/27,202.5399933
1985/11/29,202.1699982
1985/12/2,200.4600067
1985/12/3,200.8600006
1985/12/4,204.2299957
1985/12/5,203.8800049
1985/12/6,202.9900055
1985/12/9,204.25
1985/12/10,204.3899994
1985/12/11,206.3099976
1985/12/12,206.7299957
1985/12/13,209.9400024
1985/12/16,212.0200043
1985/12/17,210.6499939
1985/12/18,209.8099976
1985/12/19,210.0200043
1985/12/20,210.9400024
1985/12/23,208.5700073
1985/12/24,207.1399994
1985/12/26,207.6499939
1985/12/27,209.6100006
1985/12/30,210.6799927
1985/12/31,211.2799988
1986/1/2,209.5899963
1986/1/3,210.8800049
1986/1/6,210.6499939
1986/1/7,213.8000031
1986/1/8,207.9700012
1986/1/9,206.1100006
1986/1/10,205.9600067
1986/1/13,206.7200012
1986/1/14,206.6399994
1986/1/15,208.2599945
1986/1/16,209.1699982
1986/1/17,208.4299927
1986/1/20,207.5299988
1986/1/21,205.7899933
1986/1/22,203.4900055
1986/1/23,204.25
1986/1/24,206.4299927
1986/1/27,207.3899994
1986/1/28,209.8099976
1986/1/29,210.2899933
1986/1/30,209.3300018
1986/1/31,211.7799988
1986/2/3,213.9600067
1986/2/4,212.7899933
1986/2/5,212.9600067
1986/2/6,213.4700012
1986/2/7,214.5599976
1986/2/10,216.2400055
1986/2/11,215.9199982
1986/2/12,215.9700012
1986/2/13,217.3999939
1986/2/14,219.7599945
1986/2/18,222.4499969
1986/2/19,219.7599945
1986/2/20,222.2200012
1986/2/21,224.6199951
1986/2/24,224.3399963
1986/2/25,223.7899933
1986/2/26,224.0399933
1986/2/27,226.7700043
1986/2/28,226.9199982
1986/3/3,225.4199982
1986/3/4,224.3800049
1986/3/5,224.3399963
1986/3/6,225.1300049
1986/3/7,225.5700073
1986/3/10,226.5800018
1986/3/11,231.6900024
1986/3/12,232.5399933
1986/3/13,233.1900024
1986/3/14,236.5500031
1986/3/17,234.6699982
1986/3/18,235.7799988
1986/3/19,235.6000061
1986/3/20,236.5399933
1986/3/21,233.3399963
1986/3/24,235.3300018
1986/3/25,234.7200012
1986/3/26,237.3000031
1986/3/27,238.9700012
1986/3/31,238.8999939
1986/4/1,235.1399994
1986/4/2,235.7100067
1986/4/3,232.4700012
1986/4/4,228.6900024
1986/4/7,228.6300049
1986/4/8,233.5200043
1986/4/9,233.75
1986/4/10,236.4400024
1986/4/11,235.9700012
1986/4/14,237.2799988
1986/4/15,237.7299957
1986/4/16,242.2200012
1986/4/17,243.0299988
1986/4/18,242.3800049
1986/4/21,244.7400055
1986/4/22,242.4199982
1986/4/23,241.75
1986/4/24,242.0200043
1986/4/25,242.2899933
1986/4/28,243.0800018
1986/4/29,240.5099945
1986/4/30,235.5200043
1986/5/1,235.1600037
1986/5/2,234.7899933
1986/5/5,237.7299957
1986/5/6,237.2400055
1986/5/7,236.0800018
1986/5/8,237.1300049
1986/5/9,237.8500061
1986/5/12,237.5800018
1986/5/13,236.4100037
1986/5/14,237.5399933
1986/5/15,234.4299927
1986/5/16,232.7599945
1986/5/19,233.1999969
1986/5/20,236.1100006
1986/5/21,235.4499969
1986/5/22,240.1199951
1986/5/23,241.3500061
1986/5/27,244.75
1986/5/28,246.6300049
1986/5/29,247.9799957
1986/5/30,247.3500061
1986/6/2,245.0399933
1986/6/3,245.5099945
1986/6/4,243.9400024
1986/6/5,245.6499939
1986/6/6,245.6699982
1986/6/9,239.9600067
1986/6/10,239.5800018
1986/6/11,241.1300049
1986/6/12,241.4900055
1986/6/13,245.7299957
1986/6/16,246.1300049
1986/6/17,244.3500061
1986/6/18,244.9900055
1986/6/19,244.0599976
1986/6/20,247.5800018
1986/6/23,245.2599945
1986/6/24,247.0299988
1986/6/25,248.9299927
1986/6/26,248.7400055
1986/6/27,249.6000061
1986/6/30,250.8399963
1986/7/1,252.0399933
1986/7/2,252.6999969
1986/7/3,251.7899933
1986/7/7,244.0500031
1986/7/8,241.5899963
1986/7/9,242.8200073
1986/7/10,243.0099945
1986/7/11,242.2200012
1986/7/14,238.1100006
1986/7/15,233.6600037
1986/7/16,235.0099945
1986/7/17,236.0700073
1986/7/18,236.3600006
1986/7/21,236.2400055
1986/7/22,238.1799927
1986/7/23,238.6699982
1986/7/24,237.9499969
1986/7/25,240.2200012
1986/7/28,236.0099945
1986/7/29,234.5500031
1986/7/30,236.5899963
1986/7/31,236.1199951
1986/8/1,234.9100037
1986/8/4,235.9900055
1986/8/5,237.0299988
1986/8/6,236.8399963
1986/8/7,237.0399933
1986/8/8,236.8800049
1986/8/11,240.6799927
1986/8/12,243.3399963
1986/8/13,245.6699982
1986/8/14,246.25
1986/8/15,247.1499939
1986/8/18,247.3800049
1986/8/19,246.5099945
1986/8/20,249.7700043
1986/8/21,249.6699982
1986/8/22,250.1900024
1986/8/25,247.8099976
1986/8/26,252.8399963
1986/8/27,253.3000031
1986/8/28,252.8399963
1986/8/29,252.9299927
1986/9/2,248.5200043
1986/9/3,250.0800018
1986/9/4,253.8300018
1986/9/5,250.4700012
1986/9/8,248.1399994
1986/9/9,247.6699982
1986/9/10,247.0599976
1986/9/11,235.1799927
1986/9/12,230.6699982
1986/9/15,231.9400024
1986/9/16,231.7200012
1986/9/17,231.6799927
1986/9/18,232.3099976
1986/9/19,232.2100067
1986/9/22,234.9299927
1986/9/23,235.6699982
1986/9/24,236.2799988
1986/9/25,231.8300018
1986/9/26,232.2299957
1986/9/29,229.9100037
1986/9/30,231.3200073
1986/10/1,233.6000061
1986/10/2,233.9199982
1986/10/3,233.7100067
1986/10/6,234.7799988
1986/10/7,234.4100037
1986/10/8,236.6799927
1986/10/9,235.8500061
1986/10/10,235.4799957
1986/10/13,235.9100037
1986/10/14,235.3699951
1986/10/15,238.8000031
1986/10/16,239.5299988
1986/10/17,238.8399963
1986/10/20,235.9700012
1986/10/21,235.8800049
1986/10/22,236.2599945
1986/10/23,239.2799988
1986/10/24,238.2599945
1986/10/27,238.7700043
1986/10/28,239.2599945
1986/10/29,240.9400024
1986/10/30,243.7100067
1986/10/31,243.9799957
1986/11/3,245.8000031
1986/11/4,246.1999969
1986/11/5,246.5800018
1986/11/6,245.8699951
1986/11/7,245.7700043
1986/11/10,246.1300049
1986/11/11,247.0800018
1986/11/12,246.6399994
1986/11/13,243.0200043
1986/11/14,244.5
1986/11/17,243.2100067
1986/11/18,236.7799988
1986/11/19,237.6600037
1986/11/20,242.0500031
1986/11/21,245.8600006
1986/11/24,247.4499969
1986/11/25,248.1699982
1986/11/26,248.7700043
1986/11/28,249.2200012
1986/12/1,249.0500031
1986/12/2,254
1986/12/3,253.8500061
1986/12/4,253.0399933
1986/12/5,251.1699982
1986/12/8,251.1600037
1986/12/9,249.2799988
1986/12/10,250.9600067
1986/12/11,248.1699982
1986/12/12,247.3500061
1986/12/15,248.2100067
1986/12/16,250.0399933
1986/12/17,247.5599976
1986/12/18,246.7799988
1986/12/19,249.7299957
1986/12/22,248.75
1986/12/23,246.3399963
1986/12/24,246.75
1986/12/26,246.9199982
1986/12/29,244.6699982
1986/12/30,243.3699951
1986/12/31,242.1699982
1987/1/2,246.4499969
1987/1/5,252.1900024
1987/1/6,252.7799988
1987/1/7,255.3300018
1987/1/8,257.2799988
1987/1/9,258.730011
1987/1/12,260.2999878
1987/1/13,259.9500122
1987/1/14,262.6400146
1987/1/15,265.4899902
1987/1/16,266.2799988
1987/1/19,269.3399963
1987/1/20,269.0400085
1987/1/21,267.8399963
1987/1/22,273.9100037
1987/1/23,270.1000061
1987/1/26,269.6099854
1987/1/27,273.75
1987/1/28,275.3999939
1987/1/29,274.2399902
1987/1/30,274.0799866
1987/2/2,276.4500122
1987/2/3,275.9899902
1987/2/4,279.6400146
1987/2/5,281.1600037
1987/2/6,280.0400085
1987/2/9,278.1600037
1987/2/10,275.0700073
1987/2/11,277.5400085
1987/2/12,275.6199951
1987/2/13,279.7000122
1987/2/17,285.4899902
1987/2/18,285.4200134
1987/2/19,285.5700073
1987/2/20,285.480011
1987/2/23,282.3800049
1987/2/24,282.8800049
1987/2/25,284
1987/2/26,282.9599915
1987/2/27,284.2000122
1987/3/2,283
1987/3/3,284.1199951
1987/3/4,288.6199951
1987/3/5,290.519989
1987/3/6,290.6600037
1987/3/9,288.2999878
1987/3/10,290.8599854
1987/3/11,290.3099976
1987/3/12,291.2200012
1987/3/13,289.8900146
1987/3/16,288.230011
1987/3/17,292.4700012
1987/3/18,292.7799988
1987/3/19,294.0799866
1987/3/20,298.1700134
1987/3/23,301.1600037
1987/3/24,301.6400146
1987/3/25,300.3800049
1987/3/26,300.9299927
1987/3/27,296.1300049
1987/3/30,289.2000122
1987/3/31,291.7000122
1987/4/1,292.3800049
1987/4/2,293.6300049
1987/4/3,300.4100037
1987/4/6,301.9500122
1987/4/7,296.6900024
1987/4/8,297.2600098
1987/4/9,292.8599854
1987/4/10,292.4899902
1987/4/13,285.6199951
1987/4/14,279.1600037
1987/4/15,284.4400024
1987/4/16,286.9100037
1987/4/20,286.0899963
1987/4/21,293.0700073
1987/4/22,287.1900024
1987/4/23,286.8200073
1987/4/24,281.519989
1987/4/27,281.8299866
1987/4/28,282.5100098
1987/4/29,284.5700073
1987/4/30,288.3599854
1987/5/1,288.0299988
1987/5/4,289.3599854
1987/5/5,295.3399963
1987/5/6,295.4700012
1987/5/7,294.7099915
1987/5/8,293.3699951
1987/5/11,291.5700073
1987/5/12,293.2999878
1987/5/13,293.980011
1987/5/14,294.2399902
1987/5/15,287.4299927
1987/5/18,286.6499939
1987/5/19,279.6199951
1987/5/20,278.2099915
1987/5/21,280.1700134
1987/5/22,282.1600037
1987/5/26,289.1099854
1987/5/27,288.730011
1987/5/28,290.7600098
1987/5/29,290.1000061
1987/6/1,289.8299866
1987/6/2,288.4599915
1987/6/3,293.4700012
1987/6/4,295.0899963
1987/6/5,293.4500122
1987/6/8,296.7200012
1987/6/9,297.2799988
1987/6/10,297.4700012
1987/6/11,298.730011
1987/6/12,301.6199951
1987/6/15,303.1400146
1987/6/16,304.7600098
1987/6/17,304.8099976
1987/6/18,305.6900024
1987/6/19,306.9700012
1987/6/22,309.6499939
1987/6/23,308.4299927
1987/6/24,306.8599854
1987/6/25,308.9599915
1987/6/26,307.1600037
1987/6/29,307.8999939
1987/6/30,304
1987/7/1,302.9400024
1987/7/2,305.6300049
1987/7/6,304.9200134
1987/7/7,307.3999939
1987/7/8,308.2900085
1987/7/9,307.519989
1987/7/10,308.3699951
1987/7/13,307.6300049
1987/7/14,310.6799927
1987/7/15,310.4200134
1987/7/16,312.7000122
1987/7/17,314.5899963
1987/7/20,311.3900146
1987/7/21,308.5499878
1987/7/22,308.4700012
1987/7/23,307.8099976
1987/7/24,309.269989
1987/7/27,310.6499939
1987/7/28,312.3299866
1987/7/29,315.6499939
1987/7/30,318.0499878
1987/7/31,318.6600037
1987/8/3,317.5700073
1987/8/4,316.230011
1987/8/5,318.4500122
1987/8/6,322.0899963
1987/8/7,323
1987/8/10,328
1987/8/11,333.3299866
1987/8/12,332.3900146
1987/8/13,334.6499939
1987/8/14,333.9899902
1987/8/17,334.1099854
1987/8/18,329.25
1987/8/19,329.8299866
1987/8/20,334.8399963
1987/8/21,335.8999939
1987/8/24,333.3299866
1987/8/25,336.769989
1987/8/26,334.5700073
1987/8/27,331.3800049
1987/8/28,327.0400085
1987/8/31,329.7999878
1987/9/1,323.3999939
1987/9/2,321.6799927
1987/9/3,320.2099915
1987/9/4,316.7000122
1987/9/8,313.5599976
1987/9/9,313.9200134
1987/9/10,317.1300049
1987/9/11,321.980011
1987/9/14,323.0799866
1987/9/15,317.7399902
1987/9/16,314.8599854
1987/9/17,314.9299927
1987/9/18,314.8599854
1987/9/21,310.5400085
1987/9/22,319.5
1987/9/23,321.1900024
1987/9/24,319.7200012
1987/9/25,320.1600037
1987/9/28,323.2000122
1987/9/29,321.6900024
1987/9/30,321.8299866
1987/10/1,327.3299866
1987/10/2,328.0700073
1987/10/5,328.0799866
1987/10/6,319.2200012
1987/10/7,318.5400085
1987/10/8,314.1600037
1987/10/9,311.0700073
1987/10/12,309.3900146
1987/10/13,314.519989
1987/10/14,305.230011
1987/10/15,298.0799866
1987/10/16,282.7000122
1987/10/19,224.8399963
1987/10/20,236.8300018
1987/10/21,258.3800049
1987/10/22,248.25
1987/10/23,248.2200012
1987/10/26,227.6699982
1987/10/27,233.1900024
1987/10/28,233.2799988
1987/10/29,244.7700043
1987/10/30,251.7899933
1987/11/2,255.75
1987/11/3,250.8200073
1987/11/4,248.9600067
1987/11/5,254.4799957
1987/11/6,250.4100037
1987/11/9,243.1699982
1987/11/10,239
1987/11/11,241.8999939
1987/11/12,248.5200043
1987/11/13,245.6399994
1987/11/16,246.7599945
1987/11/17,243.0399933
1987/11/18,245.5500031
1987/11/19,240.0500031
1987/11/20,242
1987/11/23,242.9900055
1987/11/24,246.3899994
1987/11/25,244.1000061
1987/11/27,240.3399963
1987/11/30,230.3000031
1987/12/1,232
1987/12/2,233.4499969
1987/12/3,225.2100067
1987/12/4,223.9199982
1987/12/7,228.7599945
1987/12/8,234.9100037
1987/12/9,238.8899994
1987/12/10,233.5700073
1987/12/11,235.3200073
1987/12/14,242.1900024
1987/12/15,242.8099976
1987/12/16,248.0800018
1987/12/17,242.9799957
1987/12/18,249.1600037
1987/12/21,249.5399933
1987/12/22,249.9499969
1987/12/23,253.1600037
1987/12/24,252.0299988
1987/12/28,245.5700073
1987/12/29,244.5899963
1987/12/30,247.8600006
1987/12/31,247.0800018
1988/1/4,255.9400024
1988/1/5,258.6300049
1988/1/6,258.8900146
1988/1/7,261.0700073
1988/1/8,243.3999939
1988/1/11,247.4900055
1988/1/12,245.4199982
1988/1/13,245.8099976
1988/1/14,245.8800049
1988/1/15,252.0500031
1988/1/18,251.8800049
1988/1/19,249.3200073
1988/1/20,242.6300049
1988/1/21,243.1399994
1988/1/22,246.5
1988/1/25,252.1699982
1988/1/26,249.5700073
1988/1/27,249.3800049
1988/1/28,253.2899933
1988/1/29,257.0700073
1988/2/1,255.0399933
1988/2/2,255.5700073
1988/2/3,252.2100067
1988/2/4,252.2100067
1988/2/5,250.9600067
1988/2/8,249.1000061
1988/2/9,251.7200012
1988/2/10,256.6600037
1988/2/11,255.9499969
1988/2/12,257.6300049
1988/2/16,259.8299866
1988/2/17,259.2099915
1988/2/18,257.9100037
1988/2/19,261.6099854
1988/2/22,265.6400146
1988/2/23,265.019989
1988/2/24,264.4299927
1988/2/25,261.5799866
1988/2/26,262.4599915
1988/2/29,267.8200073
1988/3/1,267.2200012
1988/3/2,267.980011
1988/3/3,267.8800049
1988/3/4,267.2999878
1988/3/7,267.3800049
1988/3/8,269.4299927
1988/3/9,269.0599976
1988/3/10,263.8399963
1988/3/11,264.9400024
1988/3/14,266.3699951
1988/3/15,266.1300049
1988/3/16,268.6499939
1988/3/17,271.2200012
1988/3/18,271.1199951
1988/3/21,268.7399902
1988/3/22,268.8399963
1988/3/23,268.9100037
1988/3/24,263.3500061
1988/3/25,258.5100098
1988/3/28,258.0599976
1988/3/29,260.0700073
1988/3/30,258.0700073
1988/3/31,258.8900146
1988/4/4,256.0899963
1988/4/5,258.5100098
1988/4/6,265.4899902
1988/4/7,266.1600037
1988/4/8,269.4299927
1988/4/11,270.1600037
1988/4/12,271.3699951
1988/4/13,271.5799866
1988/4/14,259.75
1988/4/15,259.769989
1988/4/18,259.2099915
1988/4/19,257.9200134
1988/4/20,256.1300049
1988/4/21,256.4200134
1988/4/22,260.1400146
1988/4/25,262.5100098
1988/4/26,263.9299927
1988/4/27,263.7999878
1988/4/28,262.6099854
1988/4/29,261.3299866
1988/5/2,261.5599976
1988/5/3,263
1988/5/4,260.3200073
1988/5/5,258.7900085
1988/5/6,257.480011
1988/5/9,256.5400085
1988/5/10,257.6199951
1988/5/11,253.3099976
1988/5/12,253.8500061
1988/5/13,256.7799988
1988/5/16,258.7099915
1988/5/17,255.3899994
1988/5/18,251.3500061
1988/5/19,252.5700073
1988/5/20,253.0200043
1988/5/23,250.8300018
1988/5/24,253.5099945
1988/5/25,253.7599945
1988/5/26,254.6300049
1988/5/27,253.4199982
1988/5/31,262.1600037
1988/6/1,266.6900024
1988/6/2,265.3299866
1988/6/3,266.4500122
1988/6/6,267.0499878
1988/6/7,265.1700134
1988/6/8,271.519989
1988/6/9,270.2000122
1988/6/10,271.2600098
1988/6/13,271.4299927
1988/6/14,274.2999878
1988/6/15,274.4500122
1988/6/16,269.769989
1988/6/17,270.6799927
1988/6/20,268.9400024
1988/6/21,271.6700134
1988/6/22,275.6600037
1988/6/23,274.8200073
1988/6/24,273.7799988
1988/6/27,269.0599976
1988/6/28,272.3099976
1988/6/29,270.980011
1988/6/30,273.5
1988/7/1,271.7799988
1988/7/5,275.8099976
1988/7/6,272.019989
1988/7/7,271.7799988
1988/7/8,270.019989
1988/7/11,270.5499878
1988/7/12,267.8500061
1988/7/13,269.3200073
1988/7/14,270.2600098
1988/7/15,272.0499878
1988/7/18,270.5100098
1988/7/19,268.4700012
1988/7/20,270
1988/7/21,266.6600037
1988/7/22,263.5
1988/7/25,264.6799927
1988/7/26,265.1900024
1988/7/27,262.5
1988/7/28,266.019989
1988/7/29,272.019989
1988/8/1,272.2099915
1988/8/2,272.0599976
1988/8/3,272.980011
1988/8/4,271.9299927
1988/8/5,271.1499939
1988/8/8,269.980011
1988/8/9,266.4899902
1988/8/10,261.8999939
1988/8/11,262.75
1988/8/12,262.5499878
1988/8/15,258.6900024
1988/8/16,260.5599976
1988/8/17,260.769989
1988/8/18,261.0299988
1988/8/19,260.2399902
1988/8/22,256.980011
1988/8/23,257.0899963
1988/8/24,261.1300049
1988/8/25,259.1799927
1988/8/26,259.6799927
1988/8/29,262.3299866
1988/8/30,262.5100098
1988/8/31,261.519989
1988/9/1,258.3500061
1988/9/2,264.480011
1988/9/6,265.5899963
1988/9/7,265.8699951
1988/9/8,265.8800049
1988/9/9,266.8399963
1988/9/12,266.4700012
1988/9/13,267.4299927
1988/9/14,269.3099976
1988/9/15,268.1300049
1988/9/16,270.6499939
1988/9/19,268.8200073
1988/9/20,269.730011
1988/9/21,270.1600037
1988/9/22,269.1799927
1988/9/23,269.7600098
1988/9/26,268.8800049
1988/9/27,268.2600098
1988/9/28,269.0799866
1988/9/29,272.5899963
1988/9/30,271.9100037
1988/10/3,271.3800049
1988/10/4,270.6199951
1988/10/5,271.8599854
1988/10/6,272.3900146
1988/10/7,278.0700073
1988/10/10,278.2399902
1988/10/11,277.9299927
1988/10/12,273.980011
1988/10/13,275.2200012
1988/10/14,275.5
1988/10/17,276.4100037
1988/10/18,279.3800049
1988/10/19,276.9700012
1988/10/20,282.8800049
1988/10/21,283.6600037
1988/10/24,282.2799988
1988/10/25,282.3800049
1988/10/26,281.3800049
1988/10/27,277.2799988
1988/10/28,278.5299988
1988/10/31,278.9700012
1988/11/1,279.0599976
1988/11/2,279.0599976
1988/11/3,279.2000122
1988/11/4,276.3099976
1988/11/7,273.9299927
1988/11/8,275.1499939
1988/11/9,273.3299866
1988/11/10,273.6900024
1988/11/11,267.9200134
1988/11/14,267.7200012
1988/11/15,268.3399963
1988/11/16,263.8200073
1988/11/17,264.6000061
1988/11/18,266.4700012
1988/11/21,266.2200012
1988/11/22,267.2099915
1988/11/23,269
1988/11/25,267.230011
1988/11/28,268.6400146
1988/11/29,270.9100037
1988/11/30,273.7000122
1988/12/1,272.4899902
1988/12/2,271.8099976
1988/12/5,274.9299927
1988/12/6,277.5899963
1988/12/7,278.1300049
1988/12/8,276.5899963
1988/12/9,277.0299988
1988/12/12,276.519989
1988/12/13,276.3099976
1988/12/14,275.3099976
1988/12/15,274.2799988
1988/12/16,276.2900085
1988/12/19,278.9100037
1988/12/20,277.4700012
1988/12/21,277.3800049
1988/12/22,276.8699951
1988/12/23,277.8699951
1988/12/27,276.8299866
1988/12/28,277.0799866
1988/12/29,279.3999939
1988/12/30,277.7200012
1989/1/3,275.3099976
1989/1/4,279.4299927
1989/1/5,280.0100098
1989/1/6,280.6700134
1989/1/9,280.980011
1989/1/10,280.3800049
1989/1/11,282.0100098
1989/1/12,283.1700134
1989/1/13,283.8699951
1989/1/16,284.1400146
1989/1/17,283.5499878
1989/1/18,286.5299988
1989/1/19,286.9100037
1989/1/20,286.6300049
1989/1/23,284.5
1989/1/24,288.4899902
1989/1/25,289.1400146
1989/1/26,291.6900024
1989/1/27,293.8200073
1989/1/30,294.9899902
1989/1/31,297.4700012
1989/2/1,297.0899963
1989/2/2,296.8399963
1989/2/3,296.9700012
1989/2/6,296.0400085
1989/2/7,299.6300049
1989/2/8,298.6499939
1989/2/9,296.0599976
1989/2/10,292.019989
1989/2/13,292.5400085
1989/2/14,291.8099976
1989/2/15,294.2399902
1989/2/16,294.8099976
1989/2/17,296.7600098
1989/2/21,295.980011
1989/2/22,290.9100037
1989/2/23,292.0499878
1989/2/24,287.1300049
1989/2/27,287.8200073
1989/2/28,288.8599854
1989/3/1,287.1099854
1989/3/2,289.9500122
1989/3/3,291.1799927
1989/3/6,294.8099976
1989/3/7,293.8699951
1989/3/8,294.0799866
1989/3/9,293.9299927
1989/3/10,292.8800049
1989/3/13,295.3200073
1989/3/14,295.1400146
1989/3/15,296.6700134
1989/3/16,299.4400024
1989/3/17,292.6900024
1989/3/20,289.9200134
1989/3/21,291.3299866
1989/3/22,290.4899902
1989/3/23,288.980011
1989/3/27,290.5700073
1989/3/28,291.5899963
1989/3/29,292.3500061
1989/3/30,292.519989
1989/3/31,294.8699951
1989/4/3,296.3900146
1989/4/4,295.3099976
1989/4/5,296.2399902
1989/4/6,295.2900085
1989/4/7,297.1600037
1989/4/10,297.1099854
1989/4/11,298.4899902
1989/4/12,298.9899902
1989/4/13,296.3999939
1989/4/14,301.3599854
1989/4/17,301.7200012
1989/4/18,306.019989
1989/4/19,307.1499939
1989/4/20,306.1900024
1989/4/21,309.6099854
1989/4/24,308.6900024
1989/4/25,306.75
1989/4/26,306.9299927
1989/4/27,309.5799866
1989/4/28,309.6400146
1989/5/1,309.1199951
1989/5/2,308.1199951
1989/5/3,308.1600037
1989/5/4,307.769989
1989/5/5,307.6099854
1989/5/8,306
1989/5/9,305.1900024
1989/5/10,305.7999878
1989/5/11,306.9500122
1989/5/12,313.8399963
1989/5/15,316.1600037
1989/5/16,315.2799988
1989/5/17,317.480011
1989/5/18,317.9700012
1989/5/19,321.2399902
1989/5/22,321.980011
1989/5/23,318.3200073
1989/5/24,319.1400146
1989/5/25,319.1700134
1989/5/26,321.5899963
1989/5/30,319.0499878
1989/5/31,320.519989
1989/6/1,321.9700012
1989/6/2,325.519989
1989/6/5,322.0299988
1989/6/6,324.2399902
1989/6/7,326.9500122
1989/6/8,326.75
1989/6/9,326.6900024
1989/6/12,326.2399902
1989/6/13,323.9100037
1989/6/14,323.8299866
1989/6/15,320.0799866
1989/6/16,321.3500061
1989/6/19,321.8900146
1989/6/20,321.25
1989/6/21,320.480011
1989/6/22,322.3200073
1989/6/23,328
1989/6/26,326.6000061
1989/6/27,328.4400024
1989/6/28,325.8099976
1989/6/29,319.6799927
1989/6/30,317.980011
1989/7/3,319.230011
1989/7/5,320.6400146
1989/7/6,321.5499878
1989/7/7,324.9100037
1989/7/10,327.0700073
1989/7/11,328.7799988
1989/7/12,329.8099976
1989/7/13,329.9500122
1989/7/14,331.8399963
1989/7/17,332.4400024
1989/7/18,331.3500061
1989/7/19,335.730011
1989/7/20,333.5100098
1989/7/21,335.8999939
1989/7/24,333.6700134
1989/7/25,333.8800049
1989/7/26,338.0499878
1989/7/27,341.9899902
1989/7/28,342.1499939
1989/7/31,346.0799866
1989/8/1,343.75
1989/8/2,344.3399963
1989/8/3,344.7399902
1989/8/4,343.9200134
1989/8/7,349.4100037
1989/8/8,349.3500061
1989/8/9,346.9400024
1989/8/10,348.25
1989/8/11,344.7399902
1989/8/14,343.0599976
1989/8/15,344.7099915
1989/8/16,345.6600037
1989/8/17,344.4500122
1989/8/18,346.0299988
1989/8/21,340.6700134
1989/8/22,341.1900024
1989/8/23,344.7000122
1989/8/24,351.519989
1989/8/25,350.519989
1989/8/28,352.0899963
1989/8/29,349.8399963
1989/8/30,350.6499939
1989/8/31,351.4500122
1989/9/1,353.730011
1989/9/5,352.5599976
1989/9/6,349.2399902
1989/9/7,348.3500061
1989/9/8,348.7600098
1989/9/11,347.6600037
1989/9/12,348.7000122
1989/9/13,345.4599915
1989/9/14,343.1600037
1989/9/15,345.0599976
1989/9/18,346.730011
1989/9/19,346.5499878
1989/9/20,346.4700012
1989/9/21,345.7000122
1989/9/22,347.0499878
1989/9/25,344.230011
1989/9/26,344.3299866
1989/9/27,345.1000061
1989/9/28,348.6000061
1989/9/29,349.1499939
1989/10/2,350.8699951
1989/10/3,354.7099915
1989/10/4,356.9400024
1989/10/5,356.9700012
1989/10/6,358.7799988
1989/10/9,359.7999878
1989/10/10,359.1300049
1989/10/11,356.9899902
1989/10/12,355.3900146
1989/10/13,333.6499939
1989/10/16,342.8500061
1989/10/17,341.1600037
1989/10/18,341.7600098
1989/10/19,347.1300049
1989/10/20,347.1600037
1989/10/23,344.8299866
1989/10/24,343.7000122
1989/10/25,342.5
1989/10/26,337.9299927
1989/10/27,335.0599976
1989/10/30,335.0700073
1989/10/31,340.3599854
1989/11/1,341.2000122
1989/11/2,338.480011
1989/11/3,337.6199951
1989/11/6,332.6099854
1989/11/7,334.8099976
1989/11/8,338.1499939
1989/11/9,336.5700073
1989/11/10,339.1000061
1989/11/13,339.5499878
1989/11/14,337.9899902
1989/11/15,340.5400085
1989/11/16,340.5799866
1989/11/17,341.6099854
1989/11/20,339.3500061
1989/11/21,339.5899963
1989/11/22,341.9100037
1989/11/24,343.9700012
1989/11/27,345.6099854
1989/11/28,345.769989
1989/11/29,343.6000061
1989/11/30,345.9899902
1989/12/1,350.6300049
1989/12/4,351.4100037
1989/12/5,349.5799866
1989/12/6,348.5499878
1989/12/7,347.5899963
1989/12/8,348.6900024
1989/12/11,348.5599976
1989/12/12,351.730011
1989/12/13,352.75
1989/12/14,350.9299927
1989/12/15,350.1400146
1989/12/18,343.6900024
1989/12/19,342.4599915
1989/12/20,342.8399963
1989/12/21,344.7799988
1989/12/22,347.4200134
1989/12/26,346.8099976
1989/12/27,348.8099976
1989/12/28,350.6700134
1989/12/29,353.3999939
1990/1/2,359.6900024
1990/1/3,358.7600098
1990/1/4,355.6700134
1990/1/5,352.2000122
1990/1/8,353.7900085
1990/1/9,349.6199951
1990/1/10,347.3099976
1990/1/11,348.5299988
1990/1/12,339.9299927
1990/1/15,337
1990/1/16,340.75
1990/1/17,337.3999939
1990/1/18,338.1900024
1990/1/19,339.1499939
1990/1/22,330.3800049
1990/1/23,331.6099854
1990/1/24,330.2600098
1990/1/25,326.0799866
1990/1/26,325.7999878
1990/1/29,325.2000122
1990/1/30,322.980011
1990/1/31,329.0799866
1990/2/1,328.7900085
1990/2/2,330.9200134
1990/2/5,331.8500061
1990/2/6,329.6600037
1990/2/7,333.75
1990/2/8,332.9599915
1990/2/9,333.6199951
1990/2/12,330.0799866
1990/2/13,331.019989
1990/2/14,332.0100098
1990/2/15,334.8900146
1990/2/16,332.7200012
1990/2/20,327.9899902
1990/2/21,327.6700134
1990/2/22,325.7000122
1990/2/23,324.1499939
1990/2/26,328.6700134
1990/2/27,330.2600098
1990/2/28,331.8900146
1990/3/1,332.7399902
1990/3/2,335.5400085
1990/3/5,333.7399902
1990/3/6,337.9299927
1990/3/7,336.9500122
1990/3/8,340.269989
1990/3/9,337.9299927
1990/3/12,338.6700134
1990/3/13,336
1990/3/14,336.8699951
1990/3/15,338.0700073
1990/3/16,341.9100037
1990/3/19,343.5299988
1990/3/20,341.5700073
1990/3/21,339.7399902
1990/3/22,335.6900024
1990/3/23,337.2200012
1990/3/26,337.6300049
1990/3/27,341.5
1990/3/28,342
1990/3/29,340.7900085
1990/3/30,339.9400024
1990/4/2,338.7000122
1990/4/3,343.6400146
1990/4/4,341.0899963
1990/4/5,340.730011
1990/4/6,340.0799866
1990/4/9,341.3699951
1990/4/10,342.0700073
1990/4/11,341.9200134
1990/4/12,344.3399963
1990/4/16,344.7399902
1990/4/17,344.6799927
1990/4/18,340.7200012
1990/4/19,338.0899963
1990/4/20,335.1199951
1990/4/23,331.0499878
1990/4/24,330.3599854
1990/4/25,332.0299988
1990/4/26,332.9200134
1990/4/27,329.1099854
1990/4/30,330.7999878
1990/5/1,332.25
1990/5/2,334.480011
1990/5/3,335.5700073
1990/5/4,338.3900146
1990/5/7,340.5299988
1990/5/8,342.0100098
1990/5/9,342.8599854
1990/5/10,343.8200073
1990/5/11,352
1990/5/14,354.75
1990/5/15,354.2799988
1990/5/16,354
1990/5/17,354.4700012
1990/5/18,354.6400146
1990/5/21,358
1990/5/22,358.4299927
1990/5/23,359.2900085
1990/5/24,358.4100037
1990/5/25,354.5799866
1990/5/29,360.6499939
1990/5/30,360.8599854
1990/5/31,361.230011
1990/6/1,363.1600037
1990/6/4,367.3999939
1990/6/5,366.6400146
1990/6/6,364.9599915
1990/6/7,363.1499939
1990/6/8,358.7099915
1990/6/11,361.6300049
1990/6/12,366.25
1990/6/13,364.8999939
1990/6/14,362.8999939
1990/6/15,362.9100037
1990/6/18,356.8800049
1990/6/19,358.4700012
1990/6/20,359.1000061
1990/6/21,360.4700012
1990/6/22,355.4299927
1990/6/25,352.3099976
1990/6/26,352.0599976
1990/6/27,355.1400146
1990/6/28,357.6300049
1990/6/29,358.019989
1990/7/2,359.5400085
1990/7/3,360.1600037
1990/7/5,355.6799927
1990/7/6,358.4200134
1990/7/9,359.519989
1990/7/10,356.4899902
1990/7/11,361.230011
1990/7/12,365.4400024
1990/7/13,367.3099976
1990/7/16,368.9500122
1990/7/17,367.519989
1990/7/18,364.2200012
1990/7/19,365.3200073
1990/7/20,361.6099854
1990/7/23,355.3099976
1990/7/24,355.7900085
1990/7/25,357.0899963
1990/7/26,355.9100037
1990/7/27,353.4400024
1990/7/30,355.5499878
1990/7/31,356.1499939
1990/8/1,355.519989
1990/8/2,351.480011
1990/8/3,344.8599854
1990/8/6,334.4299927
1990/8/7,334.8299866
1990/8/8,338.3500061
1990/8/9,339.9400024
1990/8/10,335.519989
1990/8/13,338.8399963
1990/8/14,339.3900146
1990/8/15,340.0599976
1990/8/16,332.3900146
1990/8/17,327.8299866
1990/8/20,328.5100098
1990/8/21,321.8599854
1990/8/22,316.5499878
1990/8/23,307.0599976
1990/8/24,311.5100098
1990/8/27,321.4400024
1990/8/28,321.3399963
1990/8/29,324.1900024
1990/8/30,318.7099915
1990/8/31,322.5599976
1990/9/4,323.0899963
1990/9/5,324.3900146
1990/9/6,320.4599915
1990/9/7,323.3999939
1990/9/10,321.6300049
1990/9/11,321.0400085
1990/9/12,322.5400085
1990/9/13,318.6499939
1990/9/14,316.8299866
1990/9/17,317.769989
1990/9/18,318.6000061
1990/9/19,316.6000061
1990/9/20,311.480011
1990/9/21,311.3200073
1990/9/24,304.5899963
1990/9/25,308.2600098
1990/9/26,305.0599976
1990/9/27,300.9700012
1990/9/28,306.0499878
1990/10/1,314.9400024
1990/10/2,315.2099915
1990/10/3,311.3999939
1990/10/4,312.6900024
1990/10/5,311.5
1990/10/8,313.480011
1990/10/9,305.1000061
1990/10/10,300.3900146
1990/10/11,295.4599915
1990/10/12,300.0299988
1990/10/15,303.230011
1990/10/16,298.9200134
1990/10/17,298.7600098
1990/10/18,305.7399902
1990/10/19,312.480011
1990/10/22,314.7600098
1990/10/23,312.3599854
1990/10/24,312.6000061
1990/10/25,310.1700134
1990/10/26,304.7099915
1990/10/29,301.8800049
1990/10/30,304.0599976
1990/10/31,304
1990/11/1,307.019989
1990/11/2,311.8500061
1990/11/5,314.5899963
1990/11/6,311.6199951
1990/11/7,306.0100098
1990/11/8,307.6099854
1990/11/9,313.7399902
1990/11/12,319.480011
1990/11/13,317.6700134
1990/11/14,320.3999939
1990/11/15,317.019989
1990/11/16,317.1199951
1990/11/19,319.3399963
1990/11/20,315.3099976
1990/11/21,316.0299988
1990/11/23,315.1000061
1990/11/26,316.5100098
1990/11/27,318.1000061
1990/11/28,317.9500122
1990/11/29,316.4200134
1990/11/30,322.2200012
1990/12/3,324.1000061
1990/12/4,326.3500061
1990/12/5,329.9200134
1990/12/6,329.0700073
1990/12/7,327.75
1990/12/10,328.8900146
1990/12/11,326.4400024
1990/12/12,330.1900024
1990/12/13,329.3399963
1990/12/14,326.8200073
1990/12/17,326.019989
1990/12/18,330.0499878
1990/12/19,330.2000122
1990/12/20,330.1199951
1990/12/21,331.75
1990/12/24,329.8999939
1990/12/26,330.8500061
1990/12/27,328.2900085
1990/12/28,328.7200012
1990/12/31,330.2200012
1991/1/2,326.4500122
1991/1/3,321.9100037
1991/1/4,321
1991/1/7,315.4400024
1991/1/8,314.8999939
1991/1/9,311.4899902
1991/1/10,314.5299988
1991/1/11,315.230011
1991/1/14,312.4899902
1991/1/15,313.730011
1991/1/16,316.1700134
1991/1/17,327.9700012
1991/1/18,332.230011
1991/1/21,331.0599976
1991/1/22,328.3099976
1991/1/23,330.2099915
1991/1/24,334.7799988
1991/1/25,336.0700073
1991/1/28,336.0299988
1991/1/29,335.8399963
1991/1/30,340.9100037
1991/1/31,343.9299927
1991/2/1,343.0499878
1991/2/4,348.3399963
1991/2/5,351.2600098
1991/2/6,358.0700073
1991/2/7,356.519989
1991/2/8,359.3500061
1991/2/11,368.5799866
1991/2/12,365.5
1991/2/13,369.019989
1991/2/14,364.2200012
1991/2/15,369.0599976
1991/2/19,369.3900146
1991/2/20,365.1400146
1991/2/21,364.9700012
1991/2/22,365.6499939
1991/2/25,367.2600098
1991/2/26,362.8099976
1991/2/27,367.7399902
1991/2/28,367.0700073
1991/3/1,370.4700012
1991/3/4,369.3299866
1991/3/5,376.7200012
1991/3/6,376.1700134
1991/3/7,375.9100037
1991/3/8,374.9500122
1991/3/11,372.9599915
1991/3/12,370.0299988
1991/3/13,374.5700073
1991/3/14,373.5
1991/3/15,373.5899963
1991/3/18,372.1099854
1991/3/19,366.5899963
1991/3/20,367.9200134
1991/3/21,366.5799866
1991/3/22,367.480011
1991/3/25,369.8299866
1991/3/26,376.2999878
1991/3/27,375.3500061
1991/3/28,375.2200012
1991/4/1,371.2999878
1991/4/2,379.5
1991/4/3,378.9400024
1991/4/4,379.769989
1991/4/5,375.3599854
1991/4/8,378.6600037
1991/4/9,373.5599976
1991/4/10,373.1499939
1991/4/11,377.6300049
1991/4/12,380.3999939
1991/4/15,381.1900024
1991/4/16,387.6199951
1991/4/17,390.4500122
1991/4/18,388.4599915
1991/4/19,384.2000122
1991/4/22,380.9500122
1991/4/23,381.7600098
1991/4/24,382.7600098
1991/4/25,379.25
1991/4/26,379.019989
1991/4/29,373.6600037
1991/4/30,375.3399963
1991/5/1,380.2900085
1991/5/2,380.519989
1991/5/3,380.7999878
1991/5/6,380.0799866
1991/5/7,377.3200073
1991/5/8,378.5100098
1991/5/9,383.25
1991/5/10,375.7399902
1991/5/13,376.7600098
1991/5/14,371.6199951
1991/5/15,368.5700073
1991/5/16,372.1900024
1991/5/17,372.3900146
1991/5/20,372.2799988
1991/5/21,375.3500061
1991/5/22,376.1900024
1991/5/23,374.9599915
1991/5/24,377.4899902
1991/5/28,381.9400024
1991/5/29,382.7900085
1991/5/30,386.9599915
1991/5/31,389.8299866
1991/6/3,388.0599976
1991/6/4,387.7399902
1991/6/5,385.0899963
1991/6/6,383.6300049
1991/6/7,379.4299927
1991/6/10,378.5700073
1991/6/11,381.0499878
1991/6/12,376.6499939
1991/6/13,377.6300049
1991/6/14,382.2900085
1991/6/17,380.1300049
1991/6/18,378.5899963
1991/6/19,375.0899963
1991/6/20,375.4200134
1991/6/21,377.75
1991/6/24,370.9400024
1991/6/25,370.6499939
1991/6/26,371.5899963
1991/6/27,374.3999939
1991/6/28,371.1600037
1991/7/1,377.9200134
1991/7/2,377.4700012
1991/7/3,373.3299866
1991/7/5,374.0799866
1991/7/8,377.9400024
1991/7/9,376.1099854
1991/7/10,375.7399902
1991/7/11,376.9700012
1991/7/12,380.25
1991/7/15,382.3900146
1991/7/16,381.5400085
1991/7/17,381.1799927
1991/7/18,385.3699951
1991/7/19,384.2200012
1991/7/22,382.8800049
1991/7/23,379.4200134
1991/7/24,378.6400146
1991/7/25,380.9599915
1991/7/26,380.9299927
1991/7/29,383.1499939
1991/7/30,386.6900024
1991/7/31,387.8099976
1991/8/1,387.1199951
1991/8/2,387.1799927
1991/8/5,385.0599976
1991/8/6,390.6199951
1991/8/7,390.5599976
1991/8/8,389.3200073
1991/8/9,387.1199951
1991/8/12,388.019989
1991/8/13,389.6199951
1991/8/14,389.8999939
1991/8/15,389.3299866
1991/8/16,385.5799866
1991/8/19,376.4700012
1991/8/20,379.4299927
1991/8/21,390.5899963
1991/8/22,391.3299866
1991/8/23,394.1700134
1991/8/26,393.8500061
1991/8/27,393.0599976
1991/8/28,396.6400146
1991/8/29,396.4700012
1991/8/30,395.4299927
1991/9/3,392.1499939
1991/9/4,389.9700012
1991/9/5,389.1400146
1991/9/6,389.1000061
1991/9/9,388.5700073
1991/9/10,384.5599976
1991/9/11,385.0899963
1991/9/12,387.3399963
1991/9/13,383.5899963
1991/9/16,385.7799988
1991/9/17,385.5
1991/9/18,386.9400024
1991/9/19,387.5599976
1991/9/20,387.9200134
1991/9/23,385.9200134
1991/9/24,387.7099915
1991/9/25,386.8800049
1991/9/26,386.4899902
1991/9/27,385.8999939
1991/9/30,387.8599854
1991/10/1,389.2000122
1991/10/2,388.2600098
1991/10/3,384.4700012
1991/10/4,381.25
1991/10/7,379.5
1991/10/8,380.6700134
1991/10/9,376.7999878
1991/10/10,380.5499878
1991/10/11,381.4500122
1991/10/14,386.4700012
1991/10/15,391.0100098
1991/10/16,392.7999878
1991/10/17,391.9200134
1991/10/18,392.5
1991/10/21,390.019989
1991/10/22,387.8299866
1991/10/23,387.9400024
1991/10/24,385.0700073
1991/10/25,384.2000122
1991/10/28,389.519989
1991/10/29,391.480011
1991/10/30,392.9599915
1991/10/31,392.4500122
1991/11/1,391.3200073
1991/11/4,390.2799988
1991/11/5,388.7099915
1991/11/6,389.9700012
1991/11/7,393.7200012
1991/11/8,392.8900146
1991/11/11,393.1199951
1991/11/12,396.7399902
1991/11/13,397.4100037
1991/11/14,397.1499939
1991/11/15,382.6199951
1991/11/18,385.2399902
1991/11/19,379.4200134
1991/11/20,378.5299988
1991/11/21,380.0599976
1991/11/22,376.1400146
1991/11/25,375.3399963
1991/11/26,377.9599915
1991/11/27,376.5499878
1991/11/29,375.2200012
1991/12/2,381.3999939
1991/12/3,380.9599915
1991/12/4,380.0700073
1991/12/5,377.3900146
1991/12/6,379.1000061
1991/12/9,378.2600098
1991/12/10,377.8999939
1991/12/11,377.7000122
1991/12/12,381.5499878
1991/12/13,384.4700012
1991/12/16,384.4599915
1991/12/17,382.7399902
1991/12/18,383.480011
1991/12/19,382.519989
1991/12/20,387.0400085
1991/12/23,396.8200073
1991/12/24,399.3299866
1991/12/26,404.8399963
1991/12/27,406.4599915
1991/12/30,415.1400146
1991/12/31,417.0899963
1992/1/2,417.2600098
1992/1/3,419.3399963
1992/1/6,417.9599915
1992/1/7,417.3999939
1992/1/8,418.1000061
1992/1/9,417.6099854
1992/1/10,415.1000061
1992/1/13,414.3399963
1992/1/14,420.4400024
1992/1/15,420.769989
1992/1/16,418.2099915
1992/1/17,418.8599854
1992/1/20,416.3599854
1992/1/21,412.6400146
1992/1/22,418.1300049
1992/1/23,414.9599915
1992/1/24,415.480011
1992/1/27,414.9899902
1992/1/28,414.9599915
1992/1/29,410.3399963
1992/1/30,411.6199951
1992/1/31,408.7799988
1992/2/3,409.5299988
1992/2/4,413.8500061
1992/2/5,413.8399963
1992/2/6,413.8200073
1992/2/7,411.0899963
1992/2/10,413.769989
1992/2/11,413.7600098
1992/2/12,417.1300049
1992/2/13,413.6900024
1992/2/14,412.480011
1992/2/18,407.3800049
1992/2/19,408.2600098
1992/2/20,413.8999939
1992/2/21,411.4299927
1992/2/24,412.269989
1992/2/25,410.4500122
1992/2/26,415.3500061
1992/2/27,413.8599854
1992/2/28,412.7000122
1992/3/2,412.4500122
1992/3/3,412.8500061
1992/3/4,409.3299866
1992/3/5,406.5100098
1992/3/6,404.4400024
1992/3/9,405.2099915
1992/3/10,406.8900146
1992/3/11,404.0299988
1992/3/12,403.8900146
1992/3/13,405.8399963
1992/3/16,406.3900146
1992/3/17,409.5799866
1992/3/18,409.1499939
1992/3/19,409.7999878
1992/3/20,411.2999878
1992/3/23,409.9100037
1992/3/24,408.8800049
1992/3/25,407.519989
1992/3/26,407.8599854
1992/3/27,403.5
1992/3/30,403
1992/3/31,403.6900024
1992/4/1,404.230011
1992/4/2,400.5
1992/4/3,401.5499878
1992/4/6,405.5899963
1992/4/7,398.0599976
1992/4/8,394.5
1992/4/9,400.6400146
1992/4/10,404.2900085
1992/4/13,406.0799866
1992/4/14,412.3900146
1992/4/15,416.2799988
1992/4/16,416.0400085
1992/4/20,410.1799927
1992/4/21,410.2600098
1992/4/22,409.8099976
1992/4/23,411.6000061
1992/4/24,409.019989
1992/4/27,408.4500122
1992/4/28,409.1099854
1992/4/29,412.019989
1992/4/30,414.9500122
1992/5/1,412.5299988
1992/5/4,416.9100037
1992/5/5,416.8399963
1992/5/6,416.7900085
1992/5/7,415.8500061
1992/5/8,416.0499878
1992/5/11,418.4899902
1992/5/12,416.2900085
1992/5/13,416.4500122
1992/5/14,413.1400146
1992/5/15,410.0899963
1992/5/18,412.8099976
1992/5/19,416.3699951
1992/5/20,415.3900146
1992/5/21,412.6000061
1992/5/22,414.019989
1992/5/26,411.4100037
1992/5/27,412.1700134
1992/5/28,416.7399902
1992/5/29,415.3500061
1992/6/1,417.2999878
1992/6/2,413.5
1992/6/3,414.5899963
1992/6/4,413.2600098
1992/6/5,413.480011
1992/6/8,413.3599854
1992/6/9,410.0599976
1992/6/10,407.25
1992/6/11,409.0499878
1992/6/12,409.7600098
1992/6/15,410.2900085
1992/6/16,408.3200073
1992/6/17,402.2600098
1992/6/18,400.9599915
1992/6/19,403.6700134
1992/6/22,403.3999939
1992/6/23,404.0400085
1992/6/24,403.8399963
1992/6/25,403.1199951
1992/6/26,403.4500122
1992/6/29,408.9400024
1992/6/30,408.1400146
1992/7/1,412.8800049
1992/7/2,411.769989
1992/7/6,413.8399963
1992/7/7,409.1600037
1992/7/8,410.2799988
1992/7/9,414.230011
1992/7/10,414.6199951
1992/7/13,414.8699951
1992/7/14,417.6799927
1992/7/15,417.1000061
1992/7/16,417.5400085
1992/7/17,415.6199951
1992/7/20,413.75
1992/7/21,413.7600098
1992/7/22,410.9299927
1992/7/23,412.0799866
1992/7/24,411.6000061
1992/7/27,411.5400085
1992/7/28,417.519989
1992/7/29,422.230011
1992/7/30,423.9200134
1992/7/31,424.2099915
1992/8/3,425.0899963
1992/8/4,424.3599854
1992/8/5,422.1900024
1992/8/6,420.5899963
1992/8/7,418.8800049
1992/8/10,419.4200134
1992/8/11,418.8999939
1992/8/12,417.7799988
1992/8/13,417.730011
1992/8/14,419.9100037
1992/8/17,420.7399902
1992/8/18,421.3399963
1992/8/19,418.1900024
1992/8/20,418.2600098
1992/8/21,414.8500061
1992/8/24,410.7200012
1992/8/25,411.6099854
1992/8/26,413.5100098
1992/8/27,413.5299988
1992/8/28,414.8399963
1992/8/31,414.0299988
1992/9/1,416.0700073
1992/9/2,417.980011
1992/9/3,417.980011
1992/9/4,417.0799866
1992/9/8,414.4400024
1992/9/9,416.3599854
1992/9/10,419.9500122
1992/9/11,419.5799866
1992/9/14,425.269989
1992/9/15,419.769989
1992/9/16,419.9200134
1992/9/17,419.9299927
1992/9/18,422.9299927
1992/9/21,422.1400146
1992/9/22,417.1400146
1992/9/23,417.4400024
1992/9/24,418.4700012
1992/9/25,414.3500061
1992/9/28,416.6199951
1992/9/29,416.7999878
1992/9/30,417.7999878
1992/10/1,416.2900085
1992/10/2,410.4700012
1992/10/5,407.5700073
1992/10/6,407.1799927
1992/10/7,404.25
1992/10/8,407.75
1992/10/9,402.6600037
1992/10/12,407.4400024
1992/10/13,409.2999878
1992/10/14,409.3699951
1992/10/15,409.6000061
1992/10/16,411.730011
1992/10/19,414.980011
1992/10/20,415.480011
1992/10/21,415.6700134
1992/10/22,414.8999939
1992/10/23,414.1000061
1992/10/26,418.1600037
1992/10/27,418.4899902
1992/10/28,420.1300049
1992/10/29,420.8599854
1992/10/30,418.6799927
1992/11/2,422.75
1992/11/3,419.9200134
1992/11/4,417.1099854
1992/11/5,418.3399963
1992/11/6,417.5799866
1992/11/9,418.5899963
1992/11/10,418.6199951
1992/11/11,422.2000122
1992/11/12,422.8699951
1992/11/13,422.4299927
1992/11/16,420.6799927
1992/11/17,419.269989
1992/11/18,422.8500061
1992/11/19,423.6099854
1992/11/20,426.6499939
1992/11/23,425.1199951
1992/11/24,427.5899963
1992/11/25,429.1900024
1992/11/27,430.1600037
1992/11/30,431.3500061
1992/12/1,430.7799988
1992/12/2,429.8900146
1992/12/3,429.9100037
1992/12/4,432.0599976
1992/12/7,435.3099976
1992/12/8,436.9899902
1992/12/9,435.6499939
1992/12/10,434.6400146
1992/12/11,433.730011
1992/12/14,432.8399963
1992/12/15,432.5700073
1992/12/16,431.519989
1992/12/17,435.4299927
1992/12/18,441.2799988
1992/12/21,440.7000122
1992/12/22,440.3099976
1992/12/23,439.0299988
1992/12/24,439.769989
1992/12/28,439.1499939
1992/12/29,437.980011
1992/12/30,438.8200073
1992/12/31,435.7099915
1993/1/4,435.3800049
1993/1/5,434.3399963
1993/1/6,434.519989
1993/1/7,430.730011
1993/1/8,429.0499878
1993/1/11,430.9500122
1993/1/12,431.0400085
1993/1/13,433.0299988
1993/1/14,435.9400024
1993/1/15,437.1499939
1993/1/18,436.8399963
1993/1/19,435.1300049
1993/1/20,433.3699951
1993/1/21,435.4899902
1993/1/22,436.1099854
1993/1/25,440.0100098
1993/1/26,439.9500122
1993/1/27,438.1099854
1993/1/28,438.6600037
1993/1/29,438.7799988
1993/2/1,442.519989
1993/2/2,442.5499878
1993/2/3,447.2000122
1993/2/4,449.5599976
1993/2/5,448.9299927
1993/2/8,447.8500061
1993/2/9,445.3299866
1993/2/10,446.230011
1993/2/11,447.6600037
1993/2/12,444.5799866
1993/2/16,433.9100037
1993/2/17,433.2999878
1993/2/18,431.8999939
1993/2/19,434.2200012
1993/2/22,435.2399902
1993/2/23,434.7999878
1993/2/24,440.8699951
1993/2/25,442.3399963
1993/2/26,443.3800049
1993/3/1,442.0100098
1993/3/2,447.8999939
1993/3/3,449.2600098
1993/3/4,447.3399963
1993/3/5,446.1099854
1993/3/8,454.7099915
1993/3/9,454.3999939
1993/3/10,456.3299866
1993/3/11,453.7200012
1993/3/12,449.8299866
1993/3/15,451.4299927
1993/3/16,451.3699951
1993/3/17,448.3099976
1993/3/18,451.8900146
1993/3/19,450.1799927
1993/3/22,448.8800049
1993/3/23,448.7600098
1993/3/24,448.0700073
1993/3/25,450.8800049
1993/3/26,447.7799988
1993/3/29,450.769989
1993/3/30,451.9700012
1993/3/31,451.6700134
1993/4/1,450.2999878
1993/4/2,441.3900146
1993/4/5,442.2900085
1993/4/6,441.1600037
1993/4/7,442.730011
1993/4/8,441.8399963
1993/4/12,448.3699951
1993/4/13,449.2200012
1993/4/14,448.6600037
1993/4/15,448.3999939
1993/4/16,448.9400024
1993/4/19,447.4599915
1993/4/20,445.1000061
1993/4/21,443.6300049
1993/4/22,439.4599915
1993/4/23,437.0299988
1993/4/26,433.5400085
1993/4/27,438.0100098
1993/4/28,438.019989
1993/4/29,438.8900146
1993/4/30,440.1900024
1993/5/3,442.4599915
1993/5/4,444.0499878
1993/5/5,444.519989
1993/5/6,443.2600098
1993/5/7,442.3099976
1993/5/10,442.7999878
1993/5/11,444.3599854
1993/5/12,444.7999878
1993/5/13,439.230011
1993/5/14,439.5599976
1993/5/17,440.3699951
1993/5/18,440.3200073
1993/5/19,447.5700073
1993/5/20,450.5899963
1993/5/21,445.8399963
1993/5/24,448
1993/5/25,448.8500061
1993/5/26,453.4400024
1993/5/27,452.4100037
1993/5/28,450.1900024
1993/6/1,453.8299866
1993/6/2,453.8500061
1993/6/3,452.4899902
1993/6/4,450.0599976
1993/6/7,447.6900024
1993/6/8,444.7099915
1993/6/9,445.7799988
1993/6/10,445.3800049
1993/6/11,447.2600098
1993/6/14,447.7099915
1993/6/15,446.269989
1993/6/16,447.4299927
1993/6/17,448.5400085
1993/6/18,443.6799927
1993/6/21,446.2200012
1993/6/22,445.9299927
1993/6/23,443.1900024
1993/6/24,446.6199951
1993/6/25,447.6000061
1993/6/28,451.8500061
1993/6/29,450.6900024
1993/6/30,450.5299988
1993/7/1,449.019989
1993/7/2,445.8399963
1993/7/6,441.4299927
1993/7/7,442.8299866
1993/7/8,448.6400146
1993/7/9,448.1099854
1993/7/12,448.980011
1993/7/13,448.0899963
1993/7/14,450.0799866
1993/7/15,449.2200012
1993/7/16,445.75
1993/7/19,446.0299988
1993/7/20,447.3099976
1993/7/21,447.1799927
1993/7/22,444.5100098
1993/7/23,447.1000061
1993/7/26,449.0899963
1993/7/27,448.2399902
1993/7/28,447.1900024
1993/7/29,450.2399902
1993/7/30,448.1300049
1993/8/2,450.1499939
1993/8/3,449.269989
1993/8/4,448.5400085
1993/8/5,448.1300049
1993/8/6,448.6799927
1993/8/9,450.7200012
1993/8/10,449.4500122
1993/8/11,450.4599915
1993/8/12,448.9599915
1993/8/13,450.1400146
1993/8/16,452.3800049
1993/8/17,453.1300049
1993/8/18,456.0400085
1993/8/19,456.4299927
1993/8/20,456.1600037
1993/8/23,455.230011
1993/8/24,459.769989
1993/8/25,460.1300049
1993/8/26,461.0400085
1993/8/27,460.5400085
1993/8/30,461.8999939
1993/8/31,463.5599976
1993/9/1,463.1499939
1993/9/2,461.2999878
1993/9/3,461.3399963
1993/9/7,458.519989
1993/9/8,456.6499939
1993/9/9,457.5
1993/9/10,461.7200012
1993/9/13,462.0599976
1993/9/14,459.8999939
1993/9/15,461.6000061
1993/9/16,459.4299927
1993/9/17,458.8299866
1993/9/20,455.0499878
1993/9/21,452.9500122
1993/9/22,456.2000122
1993/9/23,457.7399902
1993/9/24,457.6300049
1993/9/27,461.7999878
1993/9/28,461.5299988
1993/9/29,460.1099854
1993/9/30,458.9299927
1993/10/1,461.2799988
1993/10/4,461.3399963
1993/10/5,461.2000122
1993/10/6,460.7399902
1993/10/7,459.1799927
1993/10/8,460.3099976
1993/10/11,460.8800049
1993/10/12,461.1199951
1993/10/13,461.4899902
1993/10/14,466.8299866
1993/10/15,469.5
1993/10/18,468.4500122
1993/10/19,466.2099915
1993/10/20,466.0700073
1993/10/21,465.3599854
1993/10/22,463.269989
1993/10/25,464.2000122
1993/10/26,464.2999878
1993/10/27,464.6099854
1993/10/28,467.730011
1993/10/29,467.8299866
1993/11/1,469.1000061
1993/11/2,468.4400024
1993/11/3,463.019989
1993/11/4,457.4899902
1993/11/5,459.5700073
1993/11/8,460.2099915
1993/11/9,460.3299866
1993/11/10,463.7200012
1993/11/11,462.6400146
1993/11/12,465.3900146
1993/11/15,463.75
1993/11/16,466.7399902
1993/11/17,464.8099976
1993/11/18,463.6199951
1993/11/19,462.6000061
1993/11/22,459.1300049
1993/11/23,461.0299988
1993/11/24,462.3599854
1993/11/26,463.0599976
1993/11/29,461.8999939
1993/11/30,461.7900085
1993/12/1,461.8900146
1993/12/2,463.1099854
1993/12/3,464.8900146
1993/12/6,466.4299927
1993/12/7,466.7600098
1993/12/8,466.2900085
1993/12/9,464.1799927
1993/12/10,463.9299927
1993/12/13,465.7000122
1993/12/14,463.0599976
1993/12/15,461.8399963
1993/12/16,463.3399963
1993/12/17,466.3800049
1993/12/20,465.8500061
1993/12/21,465.2999878
1993/12/22,467.3200073
1993/12/23,467.3800049
1993/12/27,470.5400085
1993/12/28,470.9400024
1993/12/29,470.5799866
1993/12/30,468.6400146
1993/12/31,466.4500122
1994/1/3,465.4400024
1994/1/4,466.8900146
1994/1/5,467.5499878
1994/1/6,467.1199951
1994/1/7,469.8999939
1994/1/10,475.269989
1994/1/11,474.1300049
1994/1/12,474.1700134
1994/1/13,472.4700012
1994/1/14,474.9100037
1994/1/17,473.2999878
1994/1/18,474.25
1994/1/19,474.2999878
1994/1/20,474.980011
1994/1/21,474.7200012
1994/1/24,471.9700012
1994/1/25,470.9200134
1994/1/26,473.2000122
1994/1/27,477.0499878
1994/1/28,478.7000122
1994/1/31,481.6099854
1994/2/1,479.6199951
1994/2/2,482
1994/2/3,480.7099915
1994/2/4,469.8099976
1994/2/7,471.7600098
1994/2/8,471.0499878
1994/2/9,472.769989
1994/2/10,468.9299927
1994/2/11,470.1799927
1994/2/14,470.230011
1994/2/15,472.519989
1994/2/16,472.7900085
1994/2/17,470.3399963
1994/2/18,467.6900024
1994/2/22,471.4599915
1994/2/23,470.6900024
1994/2/24,464.2600098
1994/2/25,466.0700073
1994/2/28,467.1400146
1994/3/1,464.4400024
1994/3/2,464.8099976
1994/3/3,463.0100098
1994/3/4,464.7399902
1994/3/7,466.9100037
1994/3/8,465.8800049
1994/3/9,467.0599976
1994/3/10,463.8999939
1994/3/11,466.4400024
1994/3/14,467.3900146
1994/3/15,467.0100098
1994/3/16,469.4200134
1994/3/17,470.8999939
1994/3/18,471.0599976
1994/3/21,468.5400085
1994/3/22,468.7999878
1994/3/23,468.5400085
1994/3/24,464.3500061
1994/3/25,460.5799866
1994/3/28,460
1994/3/29,452.480011
1994/3/30,445.5499878
1994/3/31,445.769989
1994/4/4,438.9200134
1994/4/5,448.2900085
1994/4/6,448.0499878
1994/4/7,450.8800049
1994/4/8,447.1000061
1994/4/11,449.8699951
1994/4/12,447.5700073
1994/4/13,446.2600098
1994/4/14,446.3800049
1994/4/15,446.1799927
1994/4/18,442.4599915
1994/4/19,442.5400085
1994/4/20,441.9599915
1994/4/21,448.730011
1994/4/22,447.6300049
1994/4/25,452.7099915
1994/4/26,451.8699951
1994/4/28,449.1000061
1994/4/29,450.9100037
1994/5/2,453.019989
1994/5/3,453.0299988
1994/5/4,451.7200012
1994/5/5,451.3800049
1994/5/6,447.8200073
1994/5/9,442.3200073
1994/5/10,446.0100098
1994/5/11,441.4899902
1994/5/12,443.75
1994/5/13,444.1400146
1994/5/16,444.4899902
1994/5/17,449.3699951
1994/5/18,453.6900024
1994/5/19,456.480011
1994/5/20,454.9200134
1994/5/23,453.2000122
1994/5/24,454.8099976
1994/5/25,456.3399963
1994/5/26,457.0599976
1994/5/27,457.3299866
1994/5/31,456.5
1994/6/1,457.6300049
1994/6/2,457.6499939
1994/6/3,460.1300049
1994/6/6,458.8800049
1994/6/7,458.2099915
1994/6/8,457.0599976
1994/6/9,457.8599854
1994/6/10,458.6700134
1994/6/13,459.1000061
1994/6/14,462.3699951
1994/6/15,460.6099854
1994/6/16,461.9299927
1994/6/17,458.4500122
1994/6/20,455.480011
1994/6/21,451.3399963
1994/6/22,453.0899963
1994/6/23,449.6300049
1994/6/24,442.7999878
1994/6/27,447.3099976
1994/6/28,446.0700073
1994/6/29,447.6300049
1994/6/30,444.269989
1994/7/1,446.2000122
1994/7/5,446.3699951
1994/7/6,446.1300049
1994/7/7,448.3800049
1994/7/8,449.5499878
1994/7/11,448.0599976
1994/7/12,447.9500122
1994/7/13,448.730011
1994/7/14,453.4100037
1994/7/15,454.1600037
1994/7/18,455.2200012
1994/7/19,453.8599854
1994/7/20,451.6000061
1994/7/21,452.6099854
1994/7/22,453.1099854
1994/7/25,454.25
1994/7/26,453.3599854
1994/7/27,452.5700073
1994/7/28,454.2399902
1994/7/29,458.2600098
1994/8/1,461.0100098
1994/8/2,460.5599976
1994/8/3,461.4500122
1994/8/4,458.3999939
1994/8/5,457.0899963
1994/8/8,457.8900146
1994/8/9,457.9200134
1994/8/10,460.2999878
1994/8/11,458.8800049
1994/8/12,461.9400024
1994/8/15,461.230011
1994/8/16,465.0100098
1994/8/17,465.1700134
1994/8/18,463.1700134
1994/8/19,463.6799927
1994/8/22,462.3200073
1994/8/23,464.5100098
1994/8/24,469.0299988
1994/8/25,468.0799866
1994/8/26,473.7999878
1994/8/29,474.5899963
1994/8/30,476.0700073
1994/8/31,475.4899902
1994/9/1,473.1700134
1994/9/2,470.9899902
1994/9/6,471.8599854
1994/9/7,470.9899902
1994/9/8,473.1400146
1994/9/9,468.1799927
1994/9/12,466.2099915
1994/9/13,467.5100098
1994/9/14,468.7999878
1994/9/15,474.8099976
1994/9/16,471.1900024
1994/9/19,470.8500061
1994/9/20,463.3599854
1994/9/21,461.4599915
1994/9/22,461.269989
1994/9/23,459.6700134
1994/9/26,460.8200073
1994/9/27,462.0499878
1994/9/28,464.8399963
1994/9/29,462.2399902
1994/9/30,462.7099915
1994/10/3,461.7399902
1994/10/4,454.5899963
1994/10/5,453.519989
1994/10/6,452.3599854
1994/10/7,455.1000061
1994/10/10,459.0400085
1994/10/11,465.7900085
1994/10/12,465.4700012
1994/10/13,467.7900085
1994/10/14,469.1000061
1994/10/17,468.9599915
1994/10/18,467.6600037
1994/10/19,470.2799988
1994/10/20,466.8500061
1994/10/21,464.8900146
1994/10/24,460.8299866
1994/10/25,461.5299988
1994/10/26,462.6199951
1994/10/27,465.8500061
1994/10/28,473.769989
1994/10/31,472.3500061
1994/11/1,468.4200134
1994/11/2,466.5100098
1994/11/3,467.9100037
1994/11/4,462.2799988
1994/11/7,463.0700073
1994/11/8,465.6499939
1994/11/9,465.3999939
1994/11/10,464.3699951
1994/11/11,462.3500061
1994/11/14,466.0400085
1994/11/15,465.0299988
1994/11/16,465.6199951
1994/11/17,463.5700073
1994/11/18,461.4700012
1994/11/21,458.2999878
1994/11/22,450.0899963
1994/11/23,449.9299927
1994/11/25,452.2900085
1994/11/28,454.1600037
1994/11/29,455.1700134
1994/11/30,453.6900024
1994/12/1,448.9200134
1994/12/2,453.2999878
1994/12/5,453.3200073
1994/12/6,453.1099854
1994/12/7,451.230011
1994/12/8,445.4500122
1994/12/9,446.9599915
1994/12/12,449.4700012
1994/12/13,450.1499939
1994/12/14,454.9700012
1994/12/15,455.3399963
1994/12/16,458.7999878
1994/12/19,457.9100037
1994/12/20,457.1000061
1994/12/21,459.6099854
1994/12/22,459.6799927
1994/12/23,459.8299866
1994/12/27,462.4700012
1994/12/28,460.8599854
1994/12/29,461.1700134
1994/12/30,459.269989
1995/1/3,459.1099854
1995/1/4,460.7099915
1995/1/5,460.3399963
1995/1/6,460.6799927
1995/1/9,460.8299866
1995/1/10,461.6799927
1995/1/11,461.6600037
1995/1/12,461.6400146
1995/1/13,465.9700012
1995/1/16,469.3800049
1995/1/17,470.0499878
1995/1/18,469.7099915
1995/1/19,466.9500122
1995/1/20,464.7799988
1995/1/23,465.8200073
1995/1/24,465.8599854
1995/1/25,467.4400024
1995/1/26,468.3200073
1995/1/27,470.3900146
1995/1/30,468.5100098
1995/1/31,470.4200134
1995/2/1,470.3999939
1995/2/2,472.7900085
1995/2/3,478.6499939
1995/2/6,481.1400146
1995/2/7,480.8099976
1995/2/8,481.1900024
1995/2/9,480.1900024
1995/2/10,481.4599915
1995/2/13,481.6499939
1995/2/14,482.5499878
1995/2/15,484.5400085
1995/2/16,485.2200012
1995/2/17,481.9700012
1995/2/21,482.7200012
1995/2/22,485.0700073
1995/2/23,486.9100037
1995/2/24,488.1099854
1995/2/27,483.8099976
1995/2/28,487.3900146
1995/3/1,485.6499939
1995/3/2,485.1300049
1995/3/3,485.4200134
1995/3/6,485.6300049
1995/3/7,482.1199951
1995/3/8,483.1400146
1995/3/9,483.1600037
1995/3/10,489.5700073
1995/3/13,490.0499878
1995/3/14,492.8900146
1995/3/15,491.8800049
1995/3/16,495.4100037
1995/3/17,495.519989
1995/3/20,496.1400146
1995/3/21,495.0700073
1995/3/22,495.6700134
1995/3/23,495.9500122
1995/3/24,500.9700012
1995/3/27,503.2000122
1995/3/28,503.8999939
1995/3/29,503.1199951
1995/3/30,502.2200012
1995/3/31,500.7099915
1995/4/3,501.8500061
1995/4/4,505.2399902
1995/4/5,505.5700073
1995/4/6,506.0799866
1995/4/7,506.4200134
1995/4/10,507.0100098
1995/4/11,505.5299988
1995/4/12,507.1700134
1995/4/13,509.230011
1995/4/17,506.1300049
1995/4/18,505.3699951
1995/4/19,504.9200134
1995/4/20,505.2900085
1995/4/21,508.4899902
1995/4/24,512.8900146
1995/4/25,512.0999756
1995/4/26,512.6599731
1995/4/27,513.5499878
1995/4/28,514.710022
1995/5/1,514.2600098
1995/5/2,514.8599854
1995/5/3,520.4799805
1995/5/4,520.539978
1995/5/5,520.1199951
1995/5/8,523.960022
1995/5/9,523.5599976
1995/5/10,524.3599854
1995/5/11,524.3699951
1995/5/12,525.5499878
1995/5/15,527.7399902
1995/5/16,528.1900024
1995/5/17,527.0700073
1995/5/18,519.5800171
1995/5/19,519.1900024
1995/5/22,523.6500244
1995/5/23,528.5900269
1995/5/24,528.6099854
1995/5/25,528.5900269
1995/5/26,523.6500244
1995/5/30,523.5800171
1995/5/31,533.4000244
1995/6/1,533.4899902
1995/6/2,532.5100098
1995/6/5,535.5999756
1995/6/6,535.5499878
1995/6/7,533.1300049
1995/6/8,532.3499756
1995/6/9,527.9400024
1995/6/12,530.8800049
1995/6/13,536.0499878
1995/6/14,536.4699707
1995/6/15,537.1199951
1995/6/16,539.8300171
1995/6/19,545.2199707
1995/6/20,544.9799805
1995/6/21,543.9799805
1995/6/22,551.0700073
1995/6/23,549.710022
1995/6/26,544.1300049
1995/6/27,542.4299927
1995/6/28,544.7299805
1995/6/29,543.8699951
1995/6/30,544.75
1995/7/3,547.0900269
1995/7/5,547.2600098
1995/7/6,553.9899902
1995/7/7,556.3699951
1995/7/10,557.1900024
1995/7/11,554.7800293
1995/7/12,560.8900146
1995/7/13,561
1995/7/14,559.8900146
1995/7/17,562.7199707
1995/7/18,558.460022
1995/7/19,550.9799805
1995/7/20,553.539978
1995/7/21,553.6199951
1995/7/24,556.6300049
1995/7/25,561.0999756
1995/7/26,561.6099854
1995/7/27,565.2199707
1995/7/28,562.9299927
1995/7/31,562.0599976
1995/8/1,559.6400146
1995/8/2,558.7999878
1995/8/3,558.75
1995/8/4,558.9400024
1995/8/7,560.0300293
1995/8/8,560.3900146
1995/8/9,559.710022
1995/8/10,557.4500122
1995/8/11,555.1099854
1995/8/14,559.7399902
1995/8/15,558.5700073
1995/8/16,559.9699707
1995/8/17,559.039978
1995/8/18,559.210022
1995/8/21,558.1099854
1995/8/22,559.5200195
1995/8/23,557.1400146
1995/8/24,557.460022
1995/8/25,560.0999756
1995/8/28,559.0499878
1995/8/29,560
1995/8/30,560.9199829
1995/8/31,561.8800049
1995/9/1,563.8400269
1995/9/5,569.1699829
1995/9/6,570.1699829
1995/9/7,570.289978
1995/9/8,572.6799927
1995/9/11,573.9099731
1995/9/12,576.5100098
1995/9/13,578.7700195
1995/9/14,583.6099854
1995/9/15,583.3499756
1995/9/18,582.7700195
1995/9/19,584.2000122
1995/9/20,586.7700195
1995/9/21,583
1995/9/22,581.7299805
1995/9/25,581.8099976
1995/9/26,581.4099731
1995/9/27,581.039978
1995/9/28,585.8699951
1995/9/29,584.4099731
1995/10/2,581.7199707
1995/10/3,582.3400269
1995/10/4,581.4699707
1995/10/5,582.6300049
1995/10/6,582.4899902
1995/10/9,578.3699951
1995/10/10,577.5200195
1995/10/11,579.460022
1995/10/12,583.0999756
1995/10/13,584.5
1995/10/16,583.0300293
1995/10/17,586.7800293
1995/10/18,587.4400024
1995/10/19,590.6500244
1995/10/20,587.460022
1995/10/23,585.0599976
1995/10/24,586.539978
1995/10/25,582.4699707
1995/10/26,576.7199707
1995/10/27,579.7000122
1995/10/30,583.25
1995/10/31,581.5
1995/11/1,584.2199707
1995/11/2,589.7199707
1995/11/3,590.5700073
1995/11/6,588.460022
1995/11/7,586.3200073
1995/11/8,591.710022
1995/11/9,593.2600098
1995/11/10,592.7199707
1995/11/13,592.2999878
1995/11/14,589.289978
1995/11/15,593.960022
1995/11/16,597.3400269
1995/11/17,600.0700073
1995/11/20,596.8499756
1995/11/21,600.2399902
1995/11/22,598.4000244
1995/11/24,599.9699707
1995/11/27,601.3200073
1995/11/28,606.4500122
1995/11/29,607.6400146
1995/11/30,605.3699951
1995/12/1,606.9799805
1995/12/4,613.6799927
1995/12/5,617.6799927
1995/12/6,620.1799927
1995/12/7,616.1699829
1995/12/8,617.4799805
1995/12/11,619.5200195
1995/12/12,618.7800293
1995/12/13,621.6900024
1995/12/14,616.9199829
1995/12/15,616.3400269
1995/12/18,606.8099976
1995/12/19,611.9299927
1995/12/20,605.9400024
1995/12/21,610.4899902
1995/12/22,611.9500122
1995/12/26,614.2999878
1995/12/27,614.5300293
1995/12/28,614.1199951
1995/12/29,615.9299927
1996/1/2,620.7299805
1996/1/3,621.3200073
1996/1/4,617.7000122
1996/1/5,616.710022
1996/1/8,618.460022
1996/1/9,609.4500122
1996/1/10,598.4799805
1996/1/11,602.6900024
1996/1/12,601.8099976
1996/1/15,599.8200073
1996/1/16,608.4400024
1996/1/17,606.3699951
1996/1/18,608.2399902
1996/1/19,611.8300171
1996/1/22,613.4000244
1996/1/23,612.789978
1996/1/24,619.960022
1996/1/25,617.0300293
1996/1/26,621.6199951
1996/1/29,624.2199707
1996/1/30,630.1500244
1996/1/31,636.0200195
1996/2/1,638.460022
1996/2/2,635.8400269
1996/2/5,641.4299927
1996/2/6,646.3300171
1996/2/7,649.9299927
1996/2/8,656.0700073
1996/2/9,656.3699951
1996/2/12,661.4500122
1996/2/13,660.5100098
1996/2/14,655.5800171
1996/2/15,651.3200073
1996/2/16,647.9799805
1996/2/20,640.6500244
1996/2/21,648.0999756
1996/2/22,658.8599854
1996/2/23,659.0800171
1996/2/26,650.460022
1996/2/27,647.2399902
1996/2/28,644.75
1996/2/29,640.4299927
1996/3/1,644.3699951
1996/3/4,650.8099976
1996/3/5,655.789978
1996/3/6,652
1996/3/7,653.6500244
1996/3/8,633.5
1996/3/11,640.0200195
1996/3/12,637.0900269
1996/3/13,638.5499878
1996/3/14,640.8699951
1996/3/15,641.4299927
1996/3/18,652.6500244
1996/3/19,651.6900024
1996/3/20,649.9799805
1996/3/21,649.1900024
1996/3/22,650.6199951
1996/3/25,650.039978
1996/3/26,652.9699707
1996/3/27,648.9099731
1996/3/28,648.9400024
1996/3/29,645.5
1996/4/1,653.7299805
1996/4/2,655.2600098
1996/4/3,655.8800049
1996/4/4,655.8599854
1996/4/8,644.2399902
1996/4/9,642.1900024
1996/4/10,633.5
1996/4/11,631.1799927
1996/4/12,636.710022
1996/4/15,642.4899902
1996/4/16,645
1996/4/17,641.6099854
1996/4/18,643.6099854
1996/4/19,645.0700073
1996/4/22,647.8900146
1996/4/23,651.5800171
1996/4/24,650.1699829
1996/4/25,652.8699951
1996/4/26,653.460022
1996/4/29,654.1599731
1996/4/30,654.1699829
1996/5/1,654.5800171
1996/5/2,643.3800049
1996/5/3,641.6300049
1996/5/6,640.8099976
1996/5/7,638.2600098
1996/5/8,644.7700195
1996/5/9,645.4400024
1996/5/10,652.0900269
1996/5/13,661.5100098
1996/5/14,665.5999756
1996/5/15,665.4199829
1996/5/16,664.8499756
1996/5/17,668.9099731
1996/5/20,673.1500244
1996/5/21,672.7600098
1996/5/22,678.4199829
1996/5/23,676
1996/5/24,678.5100098
1996/5/28,672.2299805
1996/5/29,667.9299927
1996/5/30,671.7000122
1996/5/31,669.1199951
1996/6/3,667.6799927
1996/6/4,672.5599976
1996/6/5,678.4400024
1996/6/6,673.0300293
1996/6/7,673.3099976
1996/6/10,672.1599731
1996/6/11,670.9699707
1996/6/12,669.039978
1996/6/13,667.9199829
1996/6/14,665.8499756
1996/6/17,665.1599731
1996/6/18,662.0599976
1996/6/19,661.960022
1996/6/20,662.0999756
1996/6/21,666.8400269
1996/6/24,668.8499756
1996/6/25,668.4799805
1996/6/26,664.3900146
1996/6/27,668.5499878
1996/6/28,670.6300049
1996/7/1,675.8800049
1996/7/2,673.6099854
1996/7/3,672.4000244
1996/7/5,657.4400024
1996/7/8,652.539978
1996/7/9,654.75
1996/7/10,656.0599976
1996/7/11,645.6699829
1996/7/12,646.1900024
1996/7/15,629.7999878
1996/7/16,628.3699951
1996/7/17,634.0700073
1996/7/18,643.5599976
1996/7/19,638.7299805
1996/7/22,633.7700195
1996/7/23,626.8699951
1996/7/24,626.6500244
1996/7/25,631.1699829
1996/7/26,635.9000244
1996/7/29,630.9099731
1996/7/30,635.2600098
1996/7/31,639.9500122
1996/8/1,650.0200195
1996/8/2,662.4899902
1996/8/5,660.2299805
1996/8/6,662.3800049
1996/8/7,664.1599731
1996/8/8,662.5900269
1996/8/9,662.0999756
1996/8/12,665.7700195
1996/8/13,660.2000122
1996/8/14,662.0499878
1996/8/15,662.2800293
1996/8/16,665.210022
1996/8/19,666.5800171
1996/8/20,665.6900024
1996/8/21,665.0700073
1996/8/22,670.6799927
1996/8/23,667.0300293
1996/8/26,663.8800049
1996/8/27,666.4000244
1996/8/28,664.8099976
1996/8/29,657.4000244
1996/8/30,651.9899902
1996/9/3,654.7199707
1996/9/4,655.6099854
1996/9/5,649.4400024
1996/9/6,655.6799927
1996/9/9,663.7600098
1996/9/10,663.8099976
1996/9/11,667.2800293
1996/9/12,671.1500244
1996/9/13,680.539978
1996/9/16,683.9799805
1996/9/17,682.9400024
1996/9/18,681.4699707
1996/9/19,683
1996/9/20,687.0300293
1996/9/23,686.4799805
1996/9/24,685.6099854
1996/9/25,685.8300171
1996/9/26,685.8599854
1996/9/27,686.1900024
1996/9/30,687.3300171
1996/10/1,689.0800171
1996/10/2,694.0100098
1996/10/3,692.7800293
1996/10/4,701.460022
1996/10/7,703.3400269
1996/10/8,700.6400146
1996/10/9,696.7399902
1996/10/10,694.6099854
1996/10/11,700.6599731
1996/10/14,703.539978
1996/10/15,702.5700073
1996/10/16,704.4099731
1996/10/17,706.9899902
1996/10/18,710.8200073
1996/10/21,709.8499756
1996/10/22,706.5700073
1996/10/23,707.2700195
1996/10/24,702.289978
1996/10/25,700.9199829
1996/10/28,697.2600098
1996/10/29,701.5
1996/10/30,700.9000244
1996/10/31,705.2700195
1996/11/1,703.7700195
1996/11/4,706.7299805
1996/11/5,714.1400146
1996/11/6,724.5900269
1996/11/7,727.6500244
1996/11/8,730.8200073
1996/11/11,731.8699951
1996/11/12,729.5599976
1996/11/13,731.1300049
1996/11/14,735.8800049
1996/11/15,737.6199951
1996/11/18,737.0200195
1996/11/19,742.1599731
1996/11/20,743.9500122
1996/11/21,742.75
1996/11/22,748.7299805
1996/11/25,757.0300293
1996/11/26,755.960022
1996/11/27,755
1996/11/29,757.0200195
1996/12/2,756.5599976
1996/12/3,748.2800293
1996/12/4,745.0999756
1996/12/5,744.3800049
1996/12/6,739.5999756
1996/12/9,749.7600098
1996/12/10,747.539978
1996/12/11,740.7299805
1996/12/12,729.2999878
1996/12/13,728.6400146
1996/12/16,720.9799805
1996/12/17,726.039978
1996/12/18,731.539978
1996/12/19,745.7600098
1996/12/20,748.8699951
1996/12/23,746.9199829
1996/12/24,751.0300293
1996/12/26,755.8200073
1996/12/27,756.789978
1996/12/30,753.8499756
1996/12/31,740.7399902
1997/1/2,737.0100098
1997/1/3,748.0300293
1997/1/6,747.6500244
1997/1/7,753.2299805
1997/1/8,748.4099731
1997/1/9,754.8499756
1997/1/10,759.5
1997/1/13,759.5100098
1997/1/14,768.8599854
1997/1/15,767.2000122
1997/1/16,769.75
1997/1/17,776.1699829
1997/1/20,776.7000122
1997/1/21,782.7199707
1997/1/22,786.2299805
1997/1/23,777.5599976
1997/1/24,770.5200195
1997/1/27,765.0200195
1997/1/28,765.0200195
1997/1/29,772.5
1997/1/30,784.1699829
1997/1/31,786.1599731
1997/2/3,786.7299805
1997/2/4,789.2600098
1997/2/5,778.2800293
1997/2/6,780.1500244
1997/2/7,789.5599976
1997/2/10,785.4299927
1997/2/11,789.5900269
1997/2/12,802.7700195
1997/2/13,811.8200073
1997/2/14,808.4799805
1997/2/18,816.289978
1997/2/19,812.4899902
1997/2/20,802.7999878
1997/2/21,801.7700195
1997/2/24,810.2800293
1997/2/25,812.0300293
1997/2/26,805.6799927
1997/2/27,795.0700073
1997/2/28,790.8200073
1997/3/3,795.3099976
1997/3/4,790.9500122
1997/3/5,801.9899902
1997/3/6,798.5599976
1997/3/7,804.9699707
1997/3/10,813.6500244
1997/3/11,811.3400269
1997/3/12,804.2600098
1997/3/13,789.5599976
1997/3/14,793.1699829
1997/3/17,795.710022
1997/3/18,789.6599731
1997/3/19,785.7700195
1997/3/20,782.6500244
1997/3/21,784.0999756
1997/3/24,790.8900146
1997/3/25,789.0700073
1997/3/26,790.5
1997/3/27,773.8800049
1997/3/31,757.1199951
1997/4/1,759.6400146
1997/4/2,750.1099854
1997/4/3,750.3200073
1997/4/4,757.9000244
1997/4/7,762.1300049
1997/4/8,766.1199951
1997/4/9,760.5999756
1997/4/10,758.3400269
1997/4/11,737.6500244
1997/4/14,743.7299805
1997/4/15,754.7199707
1997/4/16,763.5300293
1997/4/17,761.7700195
1997/4/18,766.3400269
1997/4/21,760.3699951
1997/4/22,774.6099854
1997/4/23,773.6400146
1997/4/24,771.1799927
1997/4/25,765.3699951
1997/4/28,772.960022
1997/4/29,794.0499878
1997/4/30,801.3400269
1997/5/1,798.5300293
1997/5/2,812.9699707
1997/5/5,830.289978
1997/5/6,827.7600098
1997/5/7,815.6199951
1997/5/8,820.2600098
1997/5/9,824.7800293
1997/5/12,837.6599731
1997/5/13,833.1300049
1997/5/14,836.039978
1997/5/15,841.8800049
1997/5/16,829.75
1997/5/19,833.2700195
1997/5/20,841.6599731
1997/5/21,839.3499756
1997/5/22,835.6599731
1997/5/23,847.0300293
1997/5/27,849.710022
1997/5/28,847.210022
1997/5/29,844.0800171
1997/5/30,848.2800293
1997/6/2,846.3599854
1997/6/3,845.4799805
1997/6/4,840.1099854
1997/6/5,843.4299927
1997/6/6,858.0100098
1997/6/9,862.9099731
1997/6/10,865.2700195
1997/6/11,869.5700073
1997/6/12,883.460022
1997/6/13,893.2700195
1997/6/16,893.9000244
1997/6/17,894.4199829
1997/6/18,889.0599976
1997/6/19,897.9899902
1997/6/20,898.7000122
1997/6/23,878.6199951
1997/6/24,896.3400269
1997/6/25,888.9899902
1997/6/26,883.6799927
1997/6/27,887.2999878
1997/6/30,885.1400146
1997/7/1,891.0300293
1997/7/2,904.0300293
1997/7/3,916.9199829
1997/7/7,912.2000122
1997/7/8,918.75
1997/7/9,907.539978
1997/7/10,913.7800293
1997/7/11,916.6799927
1997/7/14,918.3800049
1997/7/15,925.7600098
1997/7/16,936.5900269
1997/7/17,931.6099854
1997/7/18,915.2999878
1997/7/21,912.9400024
1997/7/22,933.9799805
1997/7/23,936.5599976
1997/7/24,940.2999878
1997/7/25,938.789978
1997/7/28,936.4500122
1997/7/29,942.289978
1997/7/30,952.289978
1997/7/31,954.3099976
1997/8/1,947.1400146
1997/8/4,950.2999878
1997/8/5,952.3699951
1997/8/6,960.3200073
1997/8/7,951.1900024
1997/8/8,933.539978
1997/8/11,937
1997/8/12,926.5300293
1997/8/13,922.0200195
1997/8/14,924.7700195
1997/8/15,900.8099976
1997/8/18,912.4899902
1997/8/19,926.0100098
1997/8/20,939.3499756
1997/8/21,925.0499878
1997/8/22,923.539978
1997/8/25,920.1599731
1997/8/26,913.0200195
1997/8/27,913.7000122
1997/8/28,903.6699829
1997/8/29,899.4699707
1997/9/2,927.5800171
1997/9/3,927.8599854
1997/9/4,930.8699951
1997/9/5,929.0499878
1997/9/8,931.2000122
1997/9/9,933.6199951
1997/9/10,919.0300293
1997/9/11,912.5900269
1997/9/12,923.9099731
1997/9/15,919.7700195
1997/9/16,945.6400146
1997/9/17,943
1997/9/18,947.289978
1997/9/19,950.5100098
1997/9/22,955.4299927
1997/9/23,951.9299927
1997/9/24,944.4799805
1997/9/25,937.9099731
1997/9/26,945.2199707
1997/9/29,953.3400269
1997/9/30,947.2800293
1997/10/1,955.4099731
1997/10/2,960.460022
1997/10/3,965.0300293
1997/10/6,972.6900024
1997/10/7,983.1199951
1997/10/8,973.8400269
1997/10/9,970.6199951
1997/10/10,966.9799805
1997/10/13,968.0999756
1997/10/14,970.2800293
1997/10/15,965.7199707
1997/10/16,955.25
1997/10/17,944.1599731
1997/10/20,955.6099854
1997/10/21,972.2800293
1997/10/22,968.4899902
1997/10/23,950.6900024
1997/10/24,941.6400146
1997/10/27,876.9899902
1997/10/28,921.8499756
1997/10/29,919.1599731
1997/10/30,903.6799927
1997/10/31,914.6199951
1997/11/3,938.9899902
1997/11/4,940.7600098
1997/11/5,942.7600098
1997/11/6,938.0300293
1997/11/7,927.5100098
1997/11/10,921.1300049
1997/11/11,923.7800293
1997/11/12,905.960022
1997/11/13,916.6599731
1997/11/14,928.3499756
1997/11/17,946.2000122
1997/11/18,938.2299805
1997/11/19,944.5900269
1997/11/20,958.9799805
1997/11/21,963.0900269
1997/11/24,946.6699829
1997/11/25,950.8200073
1997/11/26,951.6400146
1997/11/28,955.4000244
1997/12/1,974.7700195
1997/12/2,971.6799927
1997/12/3,976.7700195
1997/12/4,973.0999756
1997/12/5,983.789978
1997/12/8,982.3699951
1997/12/9,975.7800293
1997/12/10,969.789978
1997/12/11,954.9400024
1997/12/12,953.3900146
1997/12/15,963.3900146
1997/12/16,968.039978
1997/12/17,965.539978
1997/12/18,955.2999878
1997/12/19,946.7800293
1997/12/22,953.7000122
1997/12/23,939.1300049
1997/12/24,932.7000122
1997/12/26,936.460022
1997/12/29,953.3499756
1997/12/30,970.8400269
1997/12/31,970.4299927
1998/1/2,975.039978
1998/1/5,977.0700073
1998/1/6,966.5800171
1998/1/7,964
1998/1/8,956.0499878
1998/1/9,927.6900024
1998/1/12,939.210022
1998/1/13,952.1199951
1998/1/14,957.9400024
1998/1/15,950.7299805
1998/1/16,961.5100098
1998/1/20,978.5999756
1998/1/21,970.8099976
1998/1/22,963.039978
1998/1/23,957.5900269
1998/1/26,956.9500122
1998/1/27,969.0200195
1998/1/28,977.460022
1998/1/29,985.4899902
1998/1/30,980.2800293
1998/2/2,1001.27002
1998/2/3,1006
1998/2/4,1006.900024
1998/2/5,1003.539978
1998/2/6,1012.460022
1998/2/9,1010.73999
1998/2/10,1019.01001
1998/2/11,1020.01001
1998/2/12,1024.140015
1998/2/13,1020.090027
1998/2/17,1022.76001
1998/2/18,1032.079956
1998/2/19,1028.280029
1998/2/20,1034.209961
1998/2/23,1038.140015
1998/2/24,1030.560059
1998/2/25,1042.900024
1998/2/26,1048.670044
1998/2/27,1049.339966
1998/3/2,1047.699951
1998/3/3,1052.02002
1998/3/4,1047.329956
1998/3/5,1035.050049
1998/3/6,1055.689941
1998/3/9,1052.310059
1998/3/10,1064.25
1998/3/11,1068.469971
1998/3/12,1069.920044
1998/3/13,1068.609985
1998/3/16,1079.27002
1998/3/17,1080.449951
1998/3/18,1085.52002
1998/3/19,1089.73999
1998/3/20,1099.160034
1998/3/23,1095.550049
1998/3/24,1105.650024
1998/3/25,1101.930054
1998/3/26,1100.800049
1998/3/27,1095.439941
1998/3/30,1093.599976
1998/3/31,1101.75
1998/4/1,1108.150024
1998/4/2,1120.01001
1998/4/3,1122.699951
1998/4/6,1121.380005
1998/4/7,1109.550049
1998/4/8,1101.650024
1998/4/9,1110.670044
1998/4/13,1109.689941
1998/4/14,1115.75
1998/4/15,1119.319946
1998/4/16,1108.170044
1998/4/17,1122.719971
1998/4/20,1123.650024
1998/4/21,1126.670044
1998/4/22,1130.540039
1998/4/23,1119.579956
1998/4/24,1107.900024
1998/4/27,1086.540039
1998/4/28,1085.109985
1998/4/29,1094.619995
1998/4/30,1111.75
1998/5/1,1121
1998/5/4,1122.069946
1998/5/5,1115.5
1998/5/6,1104.920044
1998/5/7,1095.140015
1998/5/8,1108.140015
1998/5/11,1106.640015
1998/5/12,1115.790039
1998/5/13,1118.859985
1998/5/14,1117.369995
1998/5/15,1108.72998
1998/5/18,1105.819946
1998/5/19,1109.52002
1998/5/20,1119.060059
1998/5/21,1114.640015
1998/5/22,1110.469971
1998/5/26,1094.02002
1998/5/27,1092.22998
1998/5/28,1097.599976
1998/5/29,1090.819946
1998/6/1,1090.97998
1998/6/2,1093.219971
1998/6/3,1082.72998
1998/6/4,1094.829956
1998/6/5,1113.859985
1998/6/8,1115.719971
1998/6/9,1118.410034
1998/6/10,1112.280029
1998/6/11,1094.579956
1998/6/12,1098.839966
1998/6/15,1077.01001
1998/6/16,1087.589966
1998/6/17,1107.109985
1998/6/18,1106.369995
1998/6/19,1100.650024
1998/6/22,1103.209961
1998/6/23,1119.48999
1998/6/24,1132.880005
1998/6/25,1129.280029
1998/6/26,1133.199951
1998/6/29,1138.48999
1998/6/30,1133.839966
1998/7/1,1148.560059
1998/7/2,1146.420044
1998/7/6,1157.329956
1998/7/7,1154.660034
1998/7/8,1166.380005
1998/7/9,1158.560059
1998/7/10,1164.329956
1998/7/13,1165.189941
1998/7/14,1177.579956
1998/7/15,1174.810059
1998/7/16,1183.98999
1998/7/17,1186.75
1998/7/20,1184.099976
1998/7/21,1165.069946
1998/7/22,1164.079956
1998/7/23,1139.75
1998/7/24,1140.800049
1998/7/27,1147.27002
1998/7/28,1130.23999
1998/7/29,1125.209961
1998/7/30,1142.949951
1998/7/31,1120.670044
1998/8/3,1112.439941
1998/8/4,1072.119995
1998/8/5,1081.430054
1998/8/6,1089.630005
1998/8/7,1089.449951
1998/8/10,1083.140015
1998/8/11,1068.97998
1998/8/12,1084.219971
1998/8/13,1074.910034
1998/8/14,1062.75
1998/8/17,1083.670044
1998/8/18,1101.199951
1998/8/19,1098.060059
1998/8/20,1091.599976
1998/8/21,1081.23999
1998/8/24,1088.140015
1998/8/25,1092.849976
1998/8/26,1084.189941
1998/8/27,1042.589966
1998/8/28,1027.140015
1998/8/31,957.2800293
1998/9/1,994.2600098
1998/9/2,990.4799805
1998/9/3,982.2600098
1998/9/4,973.8900146
1998/9/8,1023.460022
1998/9/9,1006.200012
1998/9/10,980.1900024
1998/9/11,1009.059998
1998/9/14,1029.719971
1998/9/15,1037.680054
1998/9/16,1045.47998
1998/9/17,1018.869995
1998/9/18,1020.090027
1998/9/21,1023.890015
1998/9/22,1029.630005
1998/9/23,1066.089966
1998/9/24,1042.719971
1998/9/25,1044.75
1998/9/28,1048.689941
1998/9/29,1049.02002
1998/9/30,1017.01001
1998/10/1,986.3900146
1998/10/2,1002.599976
1998/10/5,988.5599976
1998/10/6,984.5900269
1998/10/7,970.6799927
1998/10/8,959.4400024
1998/10/9,984.3900146
1998/10/12,997.710022
1998/10/13,994.7999878
1998/10/14,1005.530029
1998/10/15,1047.48999
1998/10/16,1056.420044
1998/10/19,1062.390015
1998/10/20,1063.930054
1998/10/21,1069.920044
1998/10/22,1078.47998
1998/10/23,1070.670044
1998/10/26,1072.319946
1998/10/27,1065.339966
1998/10/28,1068.089966
1998/10/29,1085.930054
1998/10/30,1098.670044
1998/11/2,1111.599976
1998/11/3,1110.839966
1998/11/4,1118.670044
1998/11/5,1133.849976
1998/11/6,1141.01001
1998/11/9,1130.199951
1998/11/10,1128.26001
1998/11/11,1120.969971
1998/11/12,1117.689941
1998/11/13,1125.719971
1998/11/16,1135.869995
1998/11/17,1139.319946
1998/11/18,1144.47998
1998/11/19,1152.609985
1998/11/20,1163.550049
1998/11/23,1188.209961
1998/11/24,1182.98999
1998/11/25,1186.869995
1998/11/27,1192.329956
1998/11/30,1163.630005
1998/12/1,1175.280029
1998/12/2,1171.25
1998/12/3,1150.140015
1998/12/4,1176.73999
1998/12/7,1187.699951
1998/12/8,1181.380005
1998/12/9,1183.48999
1998/12/10,1165.02002
1998/12/11,1166.459961
1998/12/14,1141.199951
1998/12/15,1162.829956
1998/12/16,1161.939941
1998/12/17,1179.97998
1998/12/18,1188.030029
1998/12/21,1202.839966
1998/12/22,1203.569946
1998/12/23,1228.540039
1998/12/24,1226.27002
1998/12/28,1225.48999
1998/12/29,1241.810059
1998/12/30,1231.930054
1998/12/31,1229.22998
1999/1/4,1228.099976
1999/1/5,1244.780029
1999/1/6,1272.339966
1999/1/7,1269.72998
1999/1/8,1275.089966
1999/1/11,1263.880005
1999/1/12,1239.51001
1999/1/13,1234.400024
1999/1/14,1212.189941
1999/1/15,1243.26001
1999/1/19,1252
1999/1/20,1256.619995
1999/1/21,1235.160034
1999/1/22,1225.189941
1999/1/25,1233.97998
1999/1/26,1252.310059
1999/1/27,1243.170044
1999/1/28,1265.369995
1999/1/29,1279.640015
1999/2/1,1273
1999/2/2,1261.98999
1999/2/3,1272.069946
1999/2/4,1248.48999
1999/2/5,1239.400024
1999/2/8,1243.77002
1999/2/9,1216.140015
1999/2/10,1223.550049
1999/2/11,1254.040039
1999/2/12,1230.130005
1999/2/16,1241.869995
1999/2/17,1224.030029
1999/2/18,1237.280029
1999/2/19,1239.219971
1999/2/22,1272.140015
1999/2/23,1271.180054
1999/2/24,1253.410034
1999/2/25,1245.02002
1999/2/26,1238.329956
1999/3/1,1236.160034
1999/3/2,1225.5
1999/3/3,1227.699951
1999/3/4,1246.640015
1999/3/5,1275.469971
1999/3/8,1282.72998
1999/3/9,1279.839966
1999/3/10,1286.839966
1999/3/11,1297.680054
1999/3/12,1294.589966
1999/3/15,1307.26001
1999/3/16,1306.380005
1999/3/17,1297.819946
1999/3/18,1316.550049
1999/3/19,1299.290039
1999/3/22,1297.01001
1999/3/23,1262.140015
1999/3/24,1268.589966
1999/3/25,1289.98999
1999/3/26,1282.800049
1999/3/29,1310.170044
1999/3/30,1300.75
1999/3/31,1286.369995
1999/4/1,1293.719971
1999/4/5,1321.119995
1999/4/6,1317.890015
1999/4/7,1326.890015
1999/4/8,1343.97998
1999/4/9,1348.349976
1999/4/12,1358.630005
1999/4/13,1349.819946
1999/4/14,1328.439941
1999/4/15,1322.849976
1999/4/16,1319
1999/4/19,1289.47998
1999/4/20,1306.170044
1999/4/21,1336.119995
1999/4/22,1358.819946
1999/4/23,1356.849976
1999/4/26,1360.040039
1999/4/27,1362.800049
1999/4/28,1350.910034
1999/4/29,1342.829956
1999/4/30,1335.180054
1999/5/3,1354.630005
1999/5/4,1332
1999/5/5,1347.310059
1999/5/6,1332.050049
1999/5/7,1345
1999/5/10,1340.300049
1999/5/11,1355.609985
1999/5/12,1364
1999/5/13,1367.560059
1999/5/14,1337.800049
1999/5/17,1339.48999
1999/5/18,1333.319946
1999/5/19,1344.22998
1999/5/20,1338.829956
1999/5/21,1330.290039
1999/5/24,1306.650024
1999/5/25,1284.400024
1999/5/26,1304.76001
1999/5/27,1281.410034
1999/5/28,1301.839966
1999/6/1,1294.26001
1999/6/2,1294.810059
1999/6/3,1299.540039
1999/6/4,1327.75
1999/6/7,1334.52002
1999/6/8,1317.329956
1999/6/9,1318.640015
1999/6/10,1302.819946
1999/6/11,1293.640015
1999/6/14,1294
1999/6/15,1301.160034
1999/6/16,1330.410034
1999/6/17,1339.900024
1999/6/18,1342.839966
1999/6/21,1349
1999/6/22,1335.880005
1999/6/23,1333.060059
1999/6/24,1315.780029
1999/6/25,1315.310059
1999/6/28,1331.349976
1999/6/29,1351.449951
1999/6/30,1372.709961
1999/7/1,1380.959961
1999/7/2,1391.219971
1999/7/6,1388.119995
1999/7/7,1395.859985
1999/7/8,1394.420044
1999/7/9,1403.280029
1999/7/12,1399.099976
1999/7/13,1393.560059
1999/7/14,1398.170044
1999/7/15,1409.619995
1999/7/16,1418.780029
1999/7/19,1407.650024
1999/7/20,1377.099976
1999/7/21,1379.290039
1999/7/22,1360.969971
1999/7/23,1356.939941
1999/7/26,1347.76001
1999/7/27,1362.839966
1999/7/28,1365.400024
1999/7/29,1341.030029
1999/7/30,1328.719971
1999/8/2,1328.050049
1999/8/3,1322.180054
1999/8/4,1305.329956
1999/8/5,1313.709961
1999/8/6,1300.290039
1999/8/9,1297.800049
1999/8/10,1281.430054
1999/8/11,1301.930054
1999/8/12,1298.160034
1999/8/13,1327.680054
1999/8/16,1330.77002
1999/8/17,1344.160034
1999/8/18,1332.839966
1999/8/19,1323.589966
1999/8/20,1336.609985
1999/8/23,1360.219971
1999/8/24,1363.5
1999/8/25,1381.790039
1999/8/26,1362.01001
1999/8/27,1348.27002
1999/8/30,1324.02002
1999/8/31,1320.410034
1999/9/1,1331.069946
1999/9/2,1319.109985
1999/9/3,1357.23999
1999/9/7,1350.449951
1999/9/8,1344.150024
1999/9/9,1347.660034
1999/9/10,1351.660034
1999/9/13,1344.130005
1999/9/14,1336.290039
1999/9/15,1317.969971
1999/9/16,1318.47998
1999/9/17,1335.420044
1999/9/20,1335.530029
1999/9/21,1307.579956
1999/9/22,1310.51001
1999/9/23,1280.410034
1999/9/24,1277.359985
1999/9/27,1283.310059
1999/9/28,1282.199951
1999/9/29,1268.369995
1999/9/30,1282.709961
1999/10/1,1282.810059
1999/10/4,1304.599976
1999/10/5,1301.349976
1999/10/6,1325.400024
1999/10/7,1317.640015
1999/10/8,1336.02002
1999/10/11,1335.209961
1999/10/12,1313.040039
1999/10/13,1285.550049
1999/10/14,1283.420044
1999/10/15,1247.410034
1999/10/18,1254.130005
1999/10/19,1261.319946
1999/10/20,1289.430054
1999/10/21,1283.609985
1999/10/22,1301.650024
1999/10/25,1293.630005
1999/10/26,1281.910034
1999/10/27,1296.709961
1999/10/28,1342.439941
1999/10/29,1362.930054
1999/11/1,1354.119995
1999/11/2,1347.73999
1999/11/3,1354.930054
1999/11/4,1362.640015
1999/11/5,1370.22998
1999/11/8,1377.01001
1999/11/9,1365.280029
1999/11/10,1373.459961
1999/11/11,1381.459961
1999/11/12,1396.060059
1999/11/15,1394.390015
1999/11/16,1420.069946
1999/11/17,1410.709961
1999/11/18,1424.939941
1999/11/19,1422
1999/11/22,1420.939941
1999/11/23,1404.640015
1999/11/24,1417.079956
1999/11/26,1416.619995
1999/11/29,1407.829956
1999/11/30,1388.910034
1999/12/1,1397.719971
1999/12/2,1409.040039
1999/12/3,1433.300049
1999/12/6,1423.329956
1999/12/7,1409.170044
1999/12/8,1403.880005
1999/12/9,1408.109985
1999/12/10,1417.040039
1999/12/13,1415.219971
1999/12/14,1403.170044
1999/12/15,1413.329956
1999/12/16,1418.780029
1999/12/17,1421.030029
1999/12/20,1418.089966
1999/12/21,1433.430054
1999/12/22,1436.130005
1999/12/23,1458.339966
1999/12/27,1457.099976
1999/12/28,1457.660034
1999/12/29,1463.459961
1999/12/30,1464.469971
1999/12/31,1469.25
2000/1/3,1455.219971
2000/1/4,1399.420044
2000/1/5,1402.109985
2000/1/6,1403.449951
2000/1/7,1441.469971
2000/1/10,1457.599976
2000/1/11,1438.560059
2000/1/12,1432.25
2000/1/13,1449.680054
2000/1/14,1465.150024
2000/1/18,1455.140015
2000/1/19,1455.900024
2000/1/20,1445.569946
2000/1/21,1441.359985
2000/1/24,1401.530029
2000/1/25,1410.030029
2000/1/26,1404.089966
2000/1/27,1398.560059
2000/1/28,1360.160034
2000/1/31,1394.459961
2000/2/1,1409.280029
2000/2/2,1409.119995
2000/2/3,1424.969971
2000/2/4,1424.369995
2000/2/7,1424.23999
2000/2/8,1441.719971
2000/2/9,1411.709961
2000/2/10,1416.829956
2000/2/11,1387.119995
2000/2/14,1389.939941
2000/2/15,1402.050049
2000/2/16,1387.670044
2000/2/17,1388.26001
2000/2/18,1346.089966
2000/2/22,1352.170044
2000/2/23,1360.689941
2000/2/24,1353.430054
2000/2/25,1333.359985
2000/2/28,1348.050049
2000/2/29,1366.420044
2000/3/1,1379.189941
2000/3/2,1381.76001
2000/3/3,1409.170044
2000/3/6,1391.280029
2000/3/7,1355.619995
2000/3/8,1366.699951
2000/3/9,1401.689941
2000/3/10,1395.069946
2000/3/13,1383.619995
2000/3/14,1359.150024
2000/3/15,1392.140015
2000/3/16,1458.469971
2000/3/17,1464.469971
2000/3/20,1456.630005
2000/3/21,1493.869995
2000/3/22,1500.640015
2000/3/23,1527.349976
2000/3/24,1527.459961
2000/3/27,1523.859985
2000/3/28,1507.72998
2000/3/29,1508.52002
2000/3/30,1487.920044
2000/3/31,1498.579956
2000/4/3,1505.969971
2000/4/4,1494.72998
2000/4/5,1487.369995
2000/4/6,1501.339966
2000/4/7,1516.349976
2000/4/10,1504.459961
2000/4/11,1500.589966
2000/4/12,1467.170044
2000/4/13,1440.51001
2000/4/14,1356.560059
2000/4/17,1401.439941
2000/4/18,1441.609985
2000/4/19,1427.469971
2000/4/20,1434.540039
2000/4/24,1429.859985
2000/4/25,1477.439941
2000/4/26,1460.98999
2000/4/27,1464.920044
2000/4/28,1452.430054
2000/5/1,1468.25
2000/5/2,1446.290039
2000/5/3,1415.099976
2000/5/4,1409.569946
2000/5/5,1432.630005
2000/5/8,1424.170044
2000/5/9,1412.140015
2000/5/10,1383.050049
2000/5/11,1407.810059
2000/5/12,1420.959961
2000/5/15,1452.359985
2000/5/16,1466.040039
2000/5/17,1447.800049
2000/5/18,1437.209961
2000/5/19,1406.949951
2000/5/22,1400.719971
2000/5/23,1373.859985
2000/5/24,1399.050049
2000/5/25,1381.52002
2000/5/26,1378.02002
2000/5/30,1422.449951
2000/5/31,1420.599976
2000/6/1,1448.810059
2000/6/2,1477.26001
2000/6/5,1467.630005
2000/6/6,1457.839966
2000/6/7,1471.359985
2000/6/8,1461.670044
2000/6/9,1456.949951
2000/6/12,1446
2000/6/13,1469.439941
2000/6/14,1470.540039
2000/6/15,1478.72998
2000/6/16,1464.459961
2000/6/19,1486
2000/6/20,1475.949951
2000/6/21,1479.130005
2000/6/22,1452.180054
2000/6/23,1441.47998
2000/6/26,1455.310059
2000/6/27,1450.550049
2000/6/28,1454.819946
2000/6/29,1442.390015
2000/6/30,1454.599976
2000/7/3,1469.540039
2000/7/5,1446.22998
2000/7/6,1456.670044
2000/7/7,1478.900024
2000/7/10,1475.619995
2000/7/11,1480.880005
2000/7/12,1492.920044
2000/7/13,1495.839966
2000/7/14,1509.97998
2000/7/17,1510.48999
2000/7/18,1493.73999
2000/7/19,1481.959961
2000/7/20,1495.569946
2000/7/21,1480.189941
2000/7/24,1464.290039
2000/7/25,1474.469971
2000/7/26,1452.420044
2000/7/27,1449.619995
2000/7/28,1419.890015
2000/7/31,1430.829956
2000/8/1,1438.099976
2000/8/2,1438.699951
2000/8/3,1452.560059
2000/8/4,1462.930054
2000/8/7,1479.319946
2000/8/8,1482.800049
2000/8/9,1472.869995
2000/8/10,1460.25
2000/8/11,1471.839966
2000/8/14,1491.560059
2000/8/15,1484.430054
2000/8/16,1479.849976
2000/8/17,1496.069946
2000/8/18,1491.719971
2000/8/21,1499.47998
2000/8/22,1498.130005
2000/8/23,1505.969971
2000/8/24,1508.310059
2000/8/25,1506.449951
2000/8/28,1514.089966
2000/8/29,1509.839966
2000/8/30,1502.589966
2000/8/31,1517.680054
2000/9/1,1520.77002
2000/9/5,1507.079956
2000/9/6,1492.25
2000/9/7,1502.51001
2000/9/8,1494.5
2000/9/11,1489.26001
2000/9/12,1481.98999
2000/9/13,1484.910034
2000/9/14,1480.869995
2000/9/15,1465.810059
2000/9/18,1444.51001
2000/9/19,1459.900024
2000/9/20,1451.339966
2000/9/21,1449.050049
2000/9/22,1448.719971
2000/9/25,1439.030029
2000/9/26,1427.209961
2000/9/27,1426.569946
2000/9/28,1458.290039
2000/9/29,1436.51001
2000/10/2,1436.22998
2000/10/3,1426.459961
2000/10/4,1434.319946
2000/10/5,1436.280029
2000/10/6,1408.98999
2000/10/9,1402.030029
2000/10/10,1387.02002
2000/10/11,1364.589966
2000/10/12,1329.780029
2000/10/13,1374.170044
2000/10/16,1374.619995
2000/10/17,1349.969971
2000/10/18,1342.130005
2000/10/19,1388.76001
2000/10/20,1396.930054
2000/10/23,1395.780029
2000/10/24,1398.130005
2000/10/25,1364.900024
2000/10/26,1364.439941
2000/10/27,1379.579956
2000/10/30,1398.660034
2000/10/31,1429.400024
2000/11/1,1421.219971
2000/11/2,1428.319946
2000/11/3,1426.689941
2000/11/6,1432.189941
2000/11/7,1431.869995
2000/11/8,1409.280029
2000/11/9,1400.140015
2000/11/10,1365.97998
2000/11/13,1351.26001
2000/11/14,1382.949951
2000/11/15,1389.810059
2000/11/16,1372.319946
2000/11/17,1367.719971
2000/11/20,1342.619995
2000/11/21,1347.349976
2000/11/22,1322.359985
2000/11/24,1341.77002
2000/11/27,1348.969971
2000/11/28,1336.089966
2000/11/29,1341.930054
2000/11/30,1314.949951
2000/12/1,1315.22998
2000/12/4,1324.969971
2000/12/5,1376.540039
2000/12/6,1351.459961
2000/12/7,1343.550049
2000/12/8,1369.890015
2000/12/11,1380.199951
2000/12/12,1371.180054
2000/12/13,1359.98999
2000/12/14,1340.930054
2000/12/15,1312.150024
2000/12/18,1322.73999
2000/12/19,1305.599976
2000/12/20,1264.73999
2000/12/21,1274.859985
2000/12/22,1305.949951
2000/12/26,1315.189941
2000/12/27,1328.920044
2000/12/28,1334.219971
2000/12/29,1320.280029
2001/1/2,1283.27002
2001/1/3,1347.560059
2001/1/4,1333.339966
2001/1/5,1298.349976
2001/1/8,1295.859985
2001/1/9,1300.800049
2001/1/10,1313.27002
2001/1/11,1326.819946
2001/1/12,1318.550049
2001/1/16,1326.650024
2001/1/17,1329.469971
2001/1/18,1347.969971
2001/1/19,1342.540039
2001/1/22,1342.900024
2001/1/23,1360.400024
2001/1/24,1364.300049
2001/1/25,1357.51001
2001/1/26,1354.949951
2001/1/29,1364.170044
2001/1/30,1373.72998
2001/1/31,1366.01001
2001/2/1,1373.469971
2001/2/2,1349.469971
2001/2/5,1354.310059
2001/2/6,1352.26001
2001/2/7,1340.890015
2001/2/8,1332.530029
2001/2/9,1314.76001
2001/2/12,1330.310059
2001/2/13,1318.800049
2001/2/14,1315.920044
2001/2/15,1326.609985
2001/2/16,1301.530029
2001/2/20,1278.939941
2001/2/21,1255.27002
2001/2/22,1252.819946
2001/2/23,1245.859985
2001/2/26,1267.650024
2001/2/27,1257.939941
2001/2/28,1239.939941
2001/3/1,1241.22998
2001/3/2,1234.180054
2001/3/5,1241.410034
2001/3/6,1253.800049
2001/3/7,1261.890015
2001/3/8,1264.73999
2001/3/9,1233.420044
2001/3/12,1180.160034
2001/3/13,1197.660034
2001/3/14,1166.709961
2001/3/15,1173.560059
2001/3/16,1150.530029
2001/3/19,1170.810059
2001/3/20,1142.619995
2001/3/21,1122.140015
2001/3/22,1117.579956
2001/3/23,1139.829956
2001/3/26,1152.689941
2001/3/27,1182.170044
2001/3/28,1153.290039
2001/3/29,1147.949951
2001/3/30,1160.329956
2001/4/2,1145.869995
2001/4/3,1106.459961
2001/4/4,1103.25
2001/4/5,1151.439941
2001/4/6,1128.430054
2001/4/9,1137.589966
2001/4/10,1168.380005
2001/4/11,1165.890015
2001/4/12,1183.5
2001/4/16,1179.680054
2001/4/17,1191.810059
2001/4/18,1238.160034
2001/4/19,1253.689941
2001/4/20,1242.97998
2001/4/23,1224.359985
2001/4/24,1209.469971
2001/4/25,1228.75
2001/4/26,1234.52002
2001/4/27,1253.050049
2001/4/30,1249.459961
2001/5/1,1266.439941
2001/5/2,1267.430054
2001/5/3,1248.579956
2001/5/4,1266.609985
2001/5/7,1263.51001
2001/5/8,1261.199951
2001/5/9,1255.540039
2001/5/10,1255.180054
2001/5/11,1245.670044
2001/5/14,1248.920044
2001/5/15,1249.439941
2001/5/16,1284.98999
2001/5/17,1288.48999
2001/5/18,1291.959961
2001/5/21,1312.829956
2001/5/22,1309.380005
2001/5/23,1289.050049
2001/5/24,1293.170044
2001/5/25,1277.890015
2001/5/29,1267.930054
2001/5/30,1248.079956
2001/5/31,1255.819946
2001/6/1,1260.670044
2001/6/4,1267.109985
2001/6/5,1283.569946
2001/6/6,1270.030029
2001/6/7,1276.959961
2001/6/8,1264.959961
2001/6/11,1254.390015
2001/6/12,1255.849976
2001/6/13,1241.599976
2001/6/14,1219.869995
2001/6/15,1214.359985
2001/6/18,1208.430054
2001/6/19,1212.579956
2001/6/20,1223.140015
2001/6/21,1237.040039
2001/6/22,1225.349976
2001/6/25,1218.599976
2001/6/26,1216.76001
2001/6/27,1211.069946
2001/6/28,1226.199951
2001/6/29,1224.380005
2001/7/2,1236.719971
2001/7/3,1234.449951
2001/7/5,1219.23999
2001/7/6,1190.589966
2001/7/9,1198.780029
2001/7/10,1181.52002
2001/7/11,1180.180054
2001/7/12,1208.140015
2001/7/13,1215.680054
2001/7/16,1202.449951
2001/7/17,1214.439941
2001/7/18,1207.709961
2001/7/19,1215.02002
2001/7/20,1210.849976
2001/7/23,1191.030029
2001/7/24,1171.650024
2001/7/25,1190.48999
2001/7/26,1202.930054
2001/7/27,1205.819946
2001/7/30,1204.52002
2001/7/31,1211.22998
2001/8/1,1215.930054
2001/8/2,1220.75
2001/8/3,1214.349976
2001/8/6,1200.47998
2001/8/7,1204.400024
2001/8/8,1183.530029
2001/8/9,1183.430054
2001/8/10,1190.160034
2001/8/13,1191.290039
2001/8/14,1186.72998
2001/8/15,1178.02002
2001/8/16,1181.660034
2001/8/17,1161.969971
2001/8/20,1171.410034
2001/8/21,1157.26001
2001/8/22,1165.310059
2001/8/23,1162.089966
2001/8/24,1184.930054
2001/8/27,1179.209961
2001/8/28,1161.51001
2001/8/29,1148.560059
2001/8/30,1129.030029
2001/8/31,1133.579956
2001/9/4,1132.939941
2001/9/5,1131.73999
2001/9/6,1106.400024
2001/9/7,1085.780029
2001/9/10,1092.540039
2001/9/17,1038.77002
2001/9/18,1032.73999
2001/9/19,1016.099976
2001/9/20,984.539978
2001/9/21,965.7999878
2001/9/24,1003.450012
2001/9/25,1012.27002
2001/9/26,1007.039978
2001/9/27,1018.609985
2001/9/28,1040.939941
2001/10/1,1038.550049
2001/10/2,1051.329956
2001/10/3,1072.280029
2001/10/4,1069.630005
2001/10/5,1071.380005
2001/10/8,1062.439941
2001/10/9,1056.75
2001/10/10,1080.98999
2001/10/11,1097.430054
2001/10/12,1091.650024
2001/10/15,1089.97998
2001/10/16,1097.540039
2001/10/17,1077.089966
2001/10/18,1068.609985
2001/10/19,1073.47998
2001/10/22,1089.900024
2001/10/23,1084.780029
2001/10/24,1085.199951
2001/10/25,1100.089966
2001/10/26,1104.609985
2001/10/29,1078.300049
2001/10/30,1059.790039
2001/10/31,1059.780029
2001/11/1,1084.099976
2001/11/2,1087.199951
2001/11/5,1102.839966
2001/11/6,1118.859985
2001/11/7,1115.800049
2001/11/8,1118.540039
2001/11/9,1120.310059
2001/11/12,1118.329956
2001/11/13,1139.089966
2001/11/14,1141.209961
2001/11/15,1142.23999
2001/11/16,1138.650024
2001/11/19,1151.060059
2001/11/20,1142.660034
2001/11/21,1137.030029
2001/11/23,1150.339966
2001/11/26,1157.420044
2001/11/27,1149.5
2001/11/28,1128.52002
2001/11/29,1140.199951
2001/11/30,1139.449951
2001/12/3,1129.900024
2001/12/4,1144.800049
2001/12/5,1170.349976
2001/12/6,1167.099976
2001/12/7,1158.310059
2001/12/10,1139.930054
2001/12/11,1136.76001
2001/12/12,1137.069946
2001/12/13,1119.380005
2001/12/14,1123.089966
2001/12/17,1134.359985
2001/12/18,1142.920044
2001/12/19,1149.560059
2001/12/20,1139.930054
2001/12/21,1144.890015
2001/12/24,1144.650024
2001/12/26,1149.369995
2001/12/27,1157.130005
2001/12/28,1161.02002
2001/12/31,1148.079956
2002/1/2,1154.670044
2002/1/3,1165.27002
2002/1/4,1172.51001
2002/1/7,1164.890015
2002/1/8,1160.709961
2002/1/9,1155.140015
2002/1/10,1156.550049
2002/1/11,1145.599976
2002/1/14,1138.410034
2002/1/15,1146.189941
2002/1/16,1127.569946
2002/1/17,1138.880005
2002/1/18,1127.579956
2002/1/22,1119.310059
2002/1/23,1128.180054
2002/1/24,1132.150024
2002/1/25,1133.280029
2002/1/28,1133.060059
2002/1/29,1100.640015
2002/1/30,1113.569946
2002/1/31,1130.199951
2002/2/1,1122.199951
2002/2/4,1094.439941
2002/2/5,1090.02002
2002/2/6,1083.51001
2002/2/7,1080.170044
2002/2/8,1096.219971
2002/2/11,1111.939941
2002/2/12,1107.5
2002/2/13,1118.51001
2002/2/14,1116.47998
2002/2/15,1104.180054
2002/2/19,1083.339966
2002/2/20,1097.97998
2002/2/21,1080.949951
2002/2/22,1089.839966
2002/2/25,1109.430054
2002/2/26,1109.380005
2002/2/27,1109.890015
2002/2/28,1106.72998
2002/3/1,1131.780029
2002/3/4,1153.839966
2002/3/5,1146.140015
2002/3/6,1162.77002
2002/3/7,1157.540039
2002/3/8,1164.310059
2002/3/11,1168.26001
2002/3/12,1165.579956
2002/3/13,1154.089966
2002/3/14,1153.040039
2002/3/15,1166.160034
2002/3/18,1165.550049
2002/3/19,1170.290039
2002/3/20,1151.849976
2002/3/21,1153.589966
2002/3/22,1148.699951
2002/3/25,1131.869995
2002/3/26,1138.48999
2002/3/27,1144.579956
2002/3/28,1147.390015
2002/4/1,1146.540039
2002/4/2,1136.76001
2002/4/3,1125.400024
2002/4/4,1126.339966
2002/4/5,1122.72998
2002/4/8,1125.290039
2002/4/9,1117.800049
2002/4/10,1130.469971
2002/4/11,1103.689941
2002/4/12,1111.01001
2002/4/15,1102.550049
2002/4/16,1128.369995
2002/4/17,1126.069946
2002/4/18,1124.469971
2002/4/19,1125.170044
2002/4/22,1107.829956
2002/4/23,1100.959961
2002/4/24,1093.140015
2002/4/25,1091.47998
2002/4/26,1076.319946
2002/4/29,1065.449951
2002/4/30,1076.920044
2002/5/1,1086.459961
2002/5/2,1084.560059
2002/5/3,1073.430054
2002/5/6,1052.670044
2002/5/7,1049.48999
2002/5/8,1088.849976
2002/5/9,1073.01001
2002/5/10,1054.98999
2002/5/13,1074.560059
2002/5/14,1097.280029
2002/5/15,1091.069946
2002/5/16,1098.22998
2002/5/17,1106.589966
2002/5/20,1091.880005
2002/5/21,1079.880005
2002/5/22,1086.02002
2002/5/23,1097.079956
2002/5/24,1083.819946
2002/5/28,1074.550049
2002/5/29,1067.660034
2002/5/30,1064.660034
2002/5/31,1067.140015
2002/6/3,1040.680054
2002/6/4,1040.689941
2002/6/5,1049.900024
2002/6/6,1029.150024
2002/6/7,1027.530029
2002/6/10,1030.73999
2002/6/11,1013.599976
2002/6/12,1020.26001
2002/6/13,1009.559998
2002/6/14,1007.27002
2002/6/17,1036.170044
2002/6/18,1037.140015
2002/6/19,1019.98999
2002/6/20,1006.289978
2002/6/21,989.1400146
2002/6/24,992.7199707
2002/6/25,976.1400146
2002/6/26,973.5300293
2002/6/27,990.6400146
2002/6/28,989.8200073
2002/7/1,968.6500244
2002/7/2,948.0900269
2002/7/3,953.9899902
2002/7/5,989.0300293
2002/7/8,976.9799805
2002/7/9,952.8300171
2002/7/10,920.4699707
2002/7/11,927.3699951
2002/7/12,921.3900146
2002/7/15,917.9299927
2002/7/16,900.9400024
2002/7/17,906.039978
2002/7/18,881.5599976
2002/7/19,847.75
2002/7/22,819.8499756
2002/7/23,797.7000122
2002/7/24,843.4299927
2002/7/25,838.6799927
2002/7/26,852.8400269
2002/7/29,898.960022
2002/7/30,902.7800293
2002/7/31,911.6199951
2002/8/1,884.6599731
2002/8/2,864.2399902
2002/8/5,834.5999756
2002/8/6,859.5700073
2002/8/7,876.7700195
2002/8/8,905.460022
2002/8/9,908.6400146
2002/8/12,903.7999878
2002/8/13,884.210022
2002/8/14,919.6199951
2002/8/15,930.25
2002/8/16,928.7700195
2002/8/19,950.7000122
2002/8/20,937.4299927
2002/8/21,949.3599854
2002/8/22,962.7000122
2002/8/23,940.8599854
2002/8/26,947.9500122
2002/8/27,934.8200073
2002/8/28,917.8699951
2002/8/29,917.7999878
2002/8/30,916.0700073
2002/9/3,878.0200195
2002/9/4,893.4000244
2002/9/5,879.1500244
2002/9/6,893.9199829
2002/9/9,902.960022
2002/9/10,909.5800171
2002/9/11,909.4500122
2002/9/12,886.9099731
2002/9/13,889.8099976
2002/9/16,891.0999756
2002/9/17,873.5200195
2002/9/18,869.460022
2002/9/19,843.3200073
2002/9/20,845.3900146
2002/9/23,833.7000122
2002/9/24,819.289978
2002/9/25,839.6599731
2002/9/26,854.9500122
2002/9/27,827.3699951
2002/9/30,815.2800293
2002/10/1,847.9099731
2002/10/2,827.9099731
2002/10/3,818.9500122
2002/10/4,800.5800171
2002/10/7,785.2800293
2002/10/8,798.5499878
2002/10/9,776.7600098
2002/10/10,803.9199829
2002/10/11,835.3200073
2002/10/14,841.4400024
2002/10/15,881.2700195
2002/10/16,860.0200195
2002/10/17,879.2000122
2002/10/18,884.3900146
2002/10/21,899.7199707
2002/10/22,890.1599731
2002/10/23,896.1400146
2002/10/24,882.5
2002/10/25,897.6500244
2002/10/28,890.2299805
2002/10/29,882.1500244
2002/10/30,890.710022
2002/10/31,885.7600098
2002/11/1,900.960022
2002/11/4,908.3499756
2002/11/5,915.3900146
2002/11/6,923.7600098
2002/11/7,902.6500244
2002/11/8,894.7399902
2002/11/11,876.1900024
2002/11/12,882.9500122
2002/11/13,882.5300293
2002/11/14,904.2700195
2002/11/15,909.8300171
2002/11/18,900.3599854
2002/11/19,896.7399902
2002/11/20,914.1500244
2002/11/21,933.7600098
2002/11/22,930.5499878
2002/11/25,932.8699951
2002/11/26,913.3099976
2002/11/27,938.8699951
2002/11/29,936.3099976
2002/12/2,934.5300293
2002/12/3,920.75
2002/12/4,917.5800171
2002/12/5,906.5499878
2002/12/6,912.2299805
2002/12/9,892
2002/12/10,904.4500122
2002/12/11,904.960022
2002/12/12,901.5800171
2002/12/13,889.4799805
2002/12/16,910.4000244
2002/12/17,902.9899902
2002/12/18,891.1199951
2002/12/19,884.25
2002/12/20,895.7600098
2002/12/23,897.3800049
2002/12/24,892.4699707
2002/12/26,889.6599731
2002/12/27,875.4000244
2002/12/30,879.3900146
2002/12/31,879.8200073
2003/1/2,909.0300293
2003/1/3,908.5900269
2003/1/6,929.0100098
2003/1/7,922.9299927
2003/1/8,909.9299927
2003/1/9,927.5700073
2003/1/10,927.5700073
2003/1/13,926.2600098
2003/1/14,931.6599731
2003/1/15,918.2199707
2003/1/16,914.5999756
2003/1/17,901.7800293
2003/1/21,887.6199951
2003/1/22,878.3599854
2003/1/23,887.3400269
2003/1/24,861.4000244
2003/1/27,847.4799805
2003/1/28,858.539978
2003/1/29,864.3599854
2003/1/30,844.6099854
2003/1/31,855.7000122
2003/2/3,860.3200073
2003/2/4,848.2000122
2003/2/5,843.5900269
2003/2/6,838.1500244
2003/2/7,829.6900024
2003/2/10,835.9699707
2003/2/11,829.2000122
2003/2/12,818.6799927
2003/2/13,817.3699951
2003/2/14,834.8900146
2003/2/18,851.1699829
2003/2/19,845.1300049
2003/2/20,837.0999756
2003/2/21,848.1699829
2003/2/24,832.5800171
2003/2/25,838.5700073
2003/2/26,827.5499878
2003/2/27,837.2800293
2003/2/28,841.1500244
2003/3/3,834.8099976
2003/3/4,821.9899902
2003/3/5,829.8499756
2003/3/6,822.0999756
2003/3/7,828.8900146
2003/3/10,807.4799805
2003/3/11,800.7299805
2003/3/12,804.1900024
2003/3/13,831.9000244
2003/3/14,833.2700195
2003/3/17,862.789978
2003/3/18,866.4500122
2003/3/19,874.0200195
2003/3/20,875.6699829
2003/3/21,895.789978
2003/3/24,864.2299805
2003/3/25,874.7399902
2003/3/26,869.9500122
2003/3/27,868.5200195
2003/3/28,863.5
2003/3/31,848.1799927
2003/4/1,858.4799805
2003/4/2,880.9000244
2003/4/3,876.4500122
2003/4/4,878.8499756
2003/4/7,879.9299927
2003/4/8,878.289978
2003/4/9,865.9899902
2003/4/10,871.5800171
2003/4/11,868.2999878
2003/4/14,885.2299805
2003/4/15,890.8099976
2003/4/16,879.9099731
2003/4/17,893.5800171
2003/4/21,892.0100098
2003/4/22,911.3699951
2003/4/23,919.0200195
2003/4/24,911.4299927
2003/4/25,898.8099976
2003/4/28,914.8400269
2003/4/29,917.8400269
2003/4/30,916.9199829
2003/5/1,916.2999878
2003/5/2,930.0800171
2003/5/5,926.5499878
2003/5/6,934.3900146
2003/5/7,929.6199951
2003/5/8,920.2700195
2003/5/9,933.4099731
2003/5/12,945.1099854
2003/5/13,942.2999878
2003/5/14,939.2800293
2003/5/15,946.6699829
2003/5/16,944.2999878
2003/5/19,920.7700195
2003/5/20,919.7299805
2003/5/21,923.4199829
2003/5/22,931.8699951
2003/5/23,933.2199707
2003/5/27,951.4799805
2003/5/28,953.2199707
2003/5/29,949.6400146
2003/5/30,963.5900269
2003/6/2,967
2003/6/3,971.5599976
2003/6/4,986.2399902
2003/6/5,990.1400146
2003/6/6,987.7600098
2003/6/9,975.9299927
2003/6/10,984.8400269
2003/6/11,997.4799805
2003/6/12,998.5100098
2003/6/13,988.6099854
2003/6/16,1010.73999
2003/6/17,1011.659973
2003/6/18,1010.090027
2003/6/19,994.7000122
2003/6/20,995.6900024
2003/6/23,981.6400146
2003/6/24,983.4500122
2003/6/25,975.3200073
2003/6/26,985.8200073
2003/6/27,976.2199707
2003/6/30,974.5
2003/7/1,982.3200073
2003/7/2,993.75
2003/7/3,985.7000122
2003/7/7,1004.419983
2003/7/8,1007.840027
2003/7/9,1002.210022
2003/7/10,988.7000122
2003/7/11,998.1400146
2003/7/14,1003.859985
2003/7/15,1000.419983
2003/7/16,994.0900269
2003/7/17,981.7299805
2003/7/18,993.3200073
2003/7/21,978.7999878
2003/7/22,988.1099854
2003/7/23,988.6099854
2003/7/24,981.5999756
2003/7/25,998.6799927
2003/7/28,996.5200195
2003/7/29,989.2800293
2003/7/30,987.4899902
2003/7/31,990.3099976
2003/8/1,980.1500244
2003/8/4,982.8200073
2003/8/5,965.460022
2003/8/6,967.0800171
2003/8/7,974.1199951
2003/8/8,977.5900269
2003/8/11,980.5900269
2003/8/12,990.3499756
2003/8/13,984.0300293
2003/8/14,990.5100098
2003/8/15,990.6699829
2003/8/18,999.7399902
2003/8/19,1002.349976
2003/8/20,1000.299988
2003/8/21,1003.27002
2003/8/22,993.0599976
2003/8/25,993.710022
2003/8/26,996.7299805
2003/8/27,996.789978
2003/8/28,1002.840027
2003/8/29,1008.01001
2003/9/2,1021.98999
2003/9/3,1026.27002
2003/9/4,1027.969971
2003/9/5,1021.390015
2003/9/8,1031.640015
2003/9/9,1023.169983
2003/9/10,1010.919983
2003/9/11,1016.419983
2003/9/12,1018.630005
2003/9/15,1014.809998
2003/9/16,1029.319946
2003/9/17,1025.969971
2003/9/18,1039.579956
2003/9/19,1036.300049
2003/9/22,1022.820007
2003/9/23,1029.030029
2003/9/24,1009.380005
2003/9/25,1003.27002
2003/9/26,996.8499756
2003/9/29,1006.580017
2003/9/30,995.9699707
2003/10/1,1018.219971
2003/10/2,1020.23999
2003/10/3,1029.849976
2003/10/6,1034.349976
2003/10/7,1039.25
2003/10/8,1033.780029
2003/10/9,1038.72998
2003/10/10,1038.060059
2003/10/13,1045.349976
2003/10/14,1049.47998
2003/10/15,1046.76001
2003/10/16,1050.069946
2003/10/17,1039.319946
2003/10/20,1044.680054
2003/10/21,1046.030029
2003/10/22,1030.359985
2003/10/23,1033.77002
2003/10/24,1028.910034
2003/10/27,1031.130005
2003/10/28,1046.790039
2003/10/29,1048.109985
2003/10/30,1046.939941
2003/10/31,1050.709961
2003/11/3,1059.02002
2003/11/4,1053.25
2003/11/5,1051.810059
2003/11/6,1058.050049
2003/11/7,1053.209961
2003/11/10,1047.109985
2003/11/11,1046.569946
2003/11/12,1058.530029
2003/11/13,1058.410034
2003/11/14,1050.349976
2003/11/17,1043.630005
2003/11/18,1034.150024
2003/11/19,1042.439941
2003/11/20,1033.650024
2003/11/21,1035.280029
2003/11/24,1052.079956
2003/11/25,1053.890015
2003/11/26,1058.449951
2003/11/28,1058.199951
2003/12/1,1070.119995
2003/12/2,1066.619995
2003/12/3,1064.72998
2003/12/4,1069.719971
2003/12/5,1061.5
2003/12/8,1069.300049
2003/12/9,1060.180054
2003/12/10,1059.050049
2003/12/11,1071.209961
2003/12/12,1074.140015
2003/12/15,1068.040039
2003/12/16,1075.130005
2003/12/17,1076.47998
2003/12/18,1089.180054
2003/12/19,1088.660034
2003/12/22,1092.939941
2003/12/23,1096.02002
2003/12/24,1094.040039
2003/12/26,1095.890015
2003/12/29,1109.47998
2003/12/30,1109.640015
2003/12/31,1111.920044
2004/1/2,1108.47998
2004/1/5,1122.219971
2004/1/6,1123.670044
2004/1/7,1126.329956
2004/1/8,1131.920044
2004/1/9,1121.859985
2004/1/12,1127.22998
2004/1/13,1121.219971
2004/1/14,1130.52002
2004/1/15,1132.050049
2004/1/16,1139.829956
2004/1/20,1138.77002
2004/1/21,1147.619995
2004/1/22,1143.939941
2004/1/23,1141.550049
2004/1/26,1155.369995
2004/1/27,1144.050049
2004/1/28,1128.47998
2004/1/29,1134.109985
2004/1/30,1131.130005
2004/2/2,1135.26001
2004/2/3,1136.030029
2004/2/4,1126.52002
2004/2/5,1128.589966
2004/2/6,1142.76001
2004/2/9,1139.810059
2004/2/10,1145.540039
2004/2/11,1157.76001
2004/2/12,1152.109985
2004/2/13,1145.810059
2004/2/17,1156.98999
2004/2/18,1151.819946
2004/2/19,1147.060059
2004/2/20,1144.109985
2004/2/23,1140.98999
2004/2/24,1139.089966
2004/2/25,1143.670044
2004/2/26,1144.910034
2004/2/27,1144.939941
2004/3/1,1155.969971
2004/3/2,1149.099976
2004/3/3,1151.030029
2004/3/4,1154.869995
2004/3/5,1156.859985
2004/3/8,1147.199951
2004/3/9,1140.579956
2004/3/10,1123.890015
2004/3/11,1106.780029
2004/3/12,1120.569946
2004/3/15,1104.48999
2004/3/16,1110.699951
2004/3/17,1123.75
2004/3/18,1122.319946
2004/3/19,1109.780029
2004/3/22,1095.400024
2004/3/23,1093.949951
2004/3/24,1091.329956
2004/3/25,1109.189941
2004/3/26,1108.060059
2004/3/29,1122.469971
2004/3/30,1127
2004/3/31,1126.209961
2004/4/1,1132.170044
2004/4/2,1141.810059
2004/4/5,1150.569946
2004/4/6,1148.160034
2004/4/7,1140.530029
2004/4/8,1139.319946
2004/4/12,1145.199951
2004/4/13,1129.439941
2004/4/14,1128.170044
2004/4/15,1128.839966
2004/4/16,1134.609985
2004/4/19,1135.819946
2004/4/20,1118.150024
2004/4/21,1124.089966
2004/4/22,1139.930054
2004/4/23,1140.599976
2004/4/26,1135.530029
2004/4/27,1138.109985
2004/4/28,1122.410034
2004/4/29,1113.890015
2004/4/30,1107.300049
2004/5/3,1117.48999
2004/5/4,1119.550049
2004/5/5,1121.530029
2004/5/6,1113.98999
2004/5/7,1098.699951
2004/5/10,1087.119995
2004/5/11,1095.449951
2004/5/12,1097.280029
2004/5/13,1096.439941
2004/5/14,1095.699951
2004/5/17,1084.099976
2004/5/18,1091.48999
2004/5/19,1088.680054
2004/5/20,1089.189941
2004/5/21,1093.560059
2004/5/24,1095.410034
2004/5/25,1113.050049
2004/5/26,1114.939941
2004/5/27,1121.280029
2004/5/28,1120.680054
2004/6/1,1121.199951
2004/6/2,1124.98999
2004/6/3,1116.640015
2004/6/4,1122.5
2004/6/7,1140.420044
2004/6/8,1142.180054
2004/6/9,1131.329956
2004/6/10,1136.469971
2004/6/14,1125.290039
2004/6/15,1132.01001
2004/6/16,1133.560059
2004/6/17,1132.050049
2004/6/18,1135.02002
2004/6/21,1130.300049
2004/6/22,1134.410034
2004/6/23,1144.060059
2004/6/24,1140.650024
2004/6/25,1134.430054
2004/6/28,1133.349976
2004/6/29,1136.199951
2004/6/30,1140.839966
2004/7/1,1128.939941
2004/7/2,1125.380005
2004/7/6,1116.209961
2004/7/7,1118.329956
2004/7/8,1109.109985
2004/7/9,1112.810059
2004/7/12,1114.349976
2004/7/13,1115.140015
2004/7/14,1111.469971
2004/7/15,1106.689941
2004/7/16,1101.390015
2004/7/19,1100.900024
2004/7/20,1108.670044
2004/7/21,1093.880005
2004/7/22,1096.839966
2004/7/23,1086.199951
2004/7/26,1084.069946
2004/7/27,1094.829956
2004/7/28,1095.420044
2004/7/29,1100.430054
2004/7/30,1101.719971
2004/8/2,1106.619995
2004/8/3,1099.689941
2004/8/4,1098.630005
2004/8/5,1080.699951
2004/8/6,1063.969971
2004/8/9,1065.219971
2004/8/10,1079.040039
2004/8/11,1075.790039
2004/8/12,1063.22998
2004/8/13,1064.800049
2004/8/16,1079.339966
2004/8/17,1081.709961
2004/8/18,1095.170044
2004/8/19,1091.22998
2004/8/20,1098.349976
2004/8/23,1095.680054
2004/8/24,1096.189941
2004/8/25,1104.959961
2004/8/26,1105.089966
2004/8/27,1107.77002
2004/8/30,1099.150024
2004/8/31,1104.23999
2004/9/1,1105.910034
2004/9/2,1118.310059
2004/9/3,1113.630005
2004/9/7,1121.300049
2004/9/8,1116.27002
2004/9/9,1118.380005
2004/9/10,1123.920044
2004/9/13,1125.819946
2004/9/14,1128.329956
2004/9/15,1120.369995
2004/9/16,1123.5
2004/9/17,1128.550049
2004/9/20,1122.199951
2004/9/21,1129.300049
2004/9/22,1113.560059
2004/9/23,1108.359985
2004/9/24,1110.109985
2004/9/27,1103.52002
2004/9/28,1110.060059
2004/9/29,1114.800049
2004/9/30,1114.579956
2004/10/1,1131.5
2004/10/4,1135.170044
2004/10/5,1134.47998
2004/10/6,1142.050049
2004/10/7,1130.650024
2004/10/8,1122.140015
2004/10/11,1124.390015
2004/10/12,1121.839966
2004/10/13,1113.650024
2004/10/14,1103.290039
2004/10/15,1108.199951
2004/10/18,1114.02002
2004/10/19,1103.22998
2004/10/20,1103.660034
2004/10/21,1106.48999
2004/10/22,1095.73999
2004/10/25,1094.800049
2004/10/26,1111.089966
2004/10/27,1125.400024
2004/10/28,1127.439941
2004/10/29,1130.199951
2004/11/1,1130.51001
2004/11/2,1130.560059
2004/11/3,1143.199951
2004/11/4,1161.670044
2004/11/5,1166.170044
2004/11/8,1164.890015
2004/11/9,1164.079956
2004/11/10,1162.910034
2004/11/11,1173.47998
2004/11/12,1184.170044
2004/11/15,1183.810059
2004/11/16,1175.430054
2004/11/17,1181.939941
2004/11/18,1183.550049
2004/11/19,1170.339966
2004/11/22,1177.23999
2004/11/23,1176.939941
2004/11/24,1181.76001
2004/11/26,1182.650024
2004/11/29,1178.569946
2004/11/30,1173.819946
2004/12/1,1191.369995
2004/12/2,1190.329956
2004/12/3,1191.170044
2004/12/6,1190.25
2004/12/7,1177.069946
2004/12/8,1182.810059
2004/12/9,1189.23999
2004/12/10,1188
2004/12/13,1198.680054
2004/12/14,1203.380005
2004/12/15,1205.719971
2004/12/16,1203.209961
2004/12/17,1194.199951
2004/12/20,1194.650024
2004/12/21,1205.449951
2004/12/22,1209.569946
2004/12/23,1210.130005
2004/12/27,1204.920044
2004/12/28,1213.540039
2004/12/29,1213.449951
2004/12/30,1213.550049
2004/12/31,1211.920044
2005/1/3,1202.079956
2005/1/4,1188.050049
2005/1/5,1183.73999
2005/1/6,1187.890015
2005/1/7,1186.189941
2005/1/10,1190.25
2005/1/11,1182.98999
2005/1/12,1187.699951
2005/1/13,1177.449951
2005/1/14,1184.52002
2005/1/18,1195.97998
2005/1/19,1184.630005
2005/1/20,1175.410034
2005/1/21,1167.869995
2005/1/24,1163.75
2005/1/25,1168.410034
2005/1/26,1174.069946
2005/1/27,1174.550049
2005/1/28,1171.359985
2005/1/31,1181.27002
2005/2/1,1189.410034
2005/2/2,1193.189941
2005/2/3,1189.890015
2005/2/4,1203.030029
2005/2/7,1201.719971
2005/2/8,1202.300049
2005/2/9,1191.98999
2005/2/10,1197.01001
2005/2/11,1205.300049
2005/2/14,1206.140015
2005/2/15,1210.119995
2005/2/16,1210.339966
2005/2/17,1200.75
2005/2/18,1201.589966
2005/2/22,1184.160034
2005/2/23,1190.800049
2005/2/24,1200.199951
2005/2/25,1211.369995
2005/2/28,1203.599976
2005/3/1,1210.410034
2005/3/2,1210.079956
2005/3/3,1210.469971
2005/3/4,1222.119995
2005/3/7,1225.310059
2005/3/8,1219.430054
2005/3/9,1207.01001
2005/3/10,1209.25
2005/3/11,1200.079956
2005/3/14,1206.829956
2005/3/15,1197.75
2005/3/16,1188.069946
2005/3/17,1190.209961
2005/3/18,1189.650024
2005/3/21,1183.780029
2005/3/22,1171.709961
2005/3/23,1172.530029
2005/3/24,1171.420044
2005/3/28,1174.280029
2005/3/29,1165.359985
2005/3/30,1181.410034
2005/3/31,1180.589966
2005/4/1,1172.920044
2005/4/4,1176.119995
2005/4/5,1181.390015
2005/4/6,1184.069946
2005/4/7,1191.140015
2005/4/8,1181.199951
2005/4/11,1181.209961
2005/4/12,1187.76001
2005/4/13,1173.790039
2005/4/14,1162.050049
2005/4/15,1142.619995
2005/4/18,1145.97998
2005/4/19,1152.780029
2005/4/20,1137.5
2005/4/21,1159.949951
2005/4/22,1152.119995
2005/4/25,1162.099976
2005/4/26,1151.829956
2005/4/27,1156.380005
2005/4/28,1143.219971
2005/4/29,1156.849976
2005/5/2,1162.160034
2005/5/3,1161.170044
2005/5/4,1175.650024
2005/5/5,1172.630005
2005/5/6,1171.349976
2005/5/9,1178.839966
2005/5/10,1166.219971
2005/5/11,1171.109985
2005/5/12,1159.359985
2005/5/13,1154.050049
2005/5/16,1165.689941
2005/5/17,1173.800049
2005/5/18,1185.560059
2005/5/19,1191.079956
2005/5/20,1189.280029
2005/5/23,1193.859985
2005/5/24,1194.069946
2005/5/25,1190.01001
2005/5/26,1197.619995
2005/5/27,1198.780029
2005/5/31,1191.5
2005/6/1,1202.219971
2005/6/2,1204.290039
2005/6/3,1196.02002
2005/6/6,1197.51001
2005/6/7,1197.26001
2005/6/8,1194.670044
2005/6/9,1200.930054
2005/6/10,1198.109985
2005/6/13,1200.819946
2005/6/14,1203.910034
2005/6/15,1206.579956
2005/6/16,1210.959961
2005/6/17,1216.959961
2005/6/20,1216.099976
2005/6/21,1213.609985
2005/6/22,1213.880005
2005/6/23,1200.72998
2005/6/24,1191.569946
2005/6/27,1190.689941
2005/6/28,1201.569946
2005/6/29,1199.849976
2005/6/30,1191.329956
2005/7/1,1194.439941
2005/7/5,1204.98999
2005/7/6,1194.939941
2005/7/7,1197.869995
2005/7/8,1211.859985
2005/7/11,1219.439941
2005/7/12,1222.209961
2005/7/13,1223.290039
2005/7/14,1226.5
2005/7/15,1227.920044
2005/7/18,1221.130005
2005/7/19,1229.349976
2005/7/20,1235.199951
2005/7/21,1227.040039
2005/7/22,1233.680054
2005/7/25,1229.030029
2005/7/26,1231.160034
2005/7/27,1236.790039
2005/7/28,1243.719971
2005/7/29,1234.180054
2005/8/1,1235.349976
2005/8/2,1244.119995
2005/8/3,1245.040039
2005/8/4,1235.859985
2005/8/5,1226.420044
2005/8/8,1223.130005
2005/8/9,1231.380005
2005/8/10,1229.130005
2005/8/11,1237.810059
2005/8/12,1230.390015
2005/8/15,1233.869995
2005/8/16,1219.339966
2005/8/17,1220.23999
2005/8/18,1219.02002
2005/8/19,1219.709961
2005/8/22,1221.72998
2005/8/23,1217.589966
2005/8/24,1209.589966
2005/8/25,1212.369995
2005/8/26,1205.099976
2005/8/29,1212.280029
2005/8/30,1208.410034
2005/8/31,1220.329956
2005/9/1,1221.589966
2005/9/2,1218.02002
2005/9/6,1233.390015
2005/9/7,1236.359985
2005/9/8,1231.670044
2005/9/9,1241.47998
2005/9/12,1240.560059
2005/9/13,1231.199951
2005/9/14,1227.160034
2005/9/15,1227.72998
2005/9/16,1237.910034
2005/9/19,1231.02002
2005/9/20,1221.339966
2005/9/21,1210.199951
2005/9/22,1214.619995
2005/9/23,1215.290039
2005/9/26,1215.630005
2005/9/27,1215.660034
2005/9/28,1216.890015
2005/9/29,1227.680054
2005/9/30,1228.810059
2005/10/3,1226.699951
2005/10/4,1214.469971
2005/10/5,1196.390015
2005/10/6,1191.48999
2005/10/7,1195.900024
2005/10/10,1187.329956
2005/10/11,1184.869995
2005/10/12,1177.680054
2005/10/13,1176.839966
2005/10/14,1186.569946
2005/10/17,1190.099976
2005/10/18,1178.140015
2005/10/19,1195.76001
2005/10/20,1177.800049
2005/10/21,1179.589966
2005/10/24,1199.380005
2005/10/25,1196.540039
2005/10/26,1191.380005
2005/10/27,1178.900024
2005/10/28,1198.410034
2005/10/31,1207.01001
2005/11/1,1202.76001
2005/11/2,1214.76001
2005/11/3,1219.939941
2005/11/4,1220.140015
2005/11/7,1222.810059
2005/11/8,1218.589966
2005/11/9,1220.650024
2005/11/10,1230.959961
2005/11/11,1234.719971
2005/11/14,1233.76001
2005/11/15,1229.01001
2005/11/16,1231.209961
2005/11/17,1242.800049
2005/11/18,1248.27002
2005/11/21,1254.849976
2005/11/22,1261.22998
2005/11/23,1265.609985
2005/11/25,1268.25
2005/11/28,1257.459961
2005/11/29,1257.47998
2005/11/30,1249.47998
2005/12/1,1264.670044
2005/12/2,1265.079956
2005/12/5,1262.089966
2005/12/6,1263.699951
2005/12/7,1257.369995
2005/12/8,1255.839966
2005/12/9,1259.369995
2005/12/12,1260.430054
2005/12/13,1267.430054
2005/12/14,1272.73999
2005/12/15,1270.939941
2005/12/16,1267.319946
2005/12/19,1259.920044
2005/12/20,1259.619995
2005/12/21,1262.790039
2005/12/22,1268.119995
2005/12/23,1268.660034
2005/12/27,1256.540039
2005/12/28,1258.170044
2005/12/29,1254.420044
2005/12/30,1248.290039
2006/1/3,1268.800049
2006/1/4,1273.459961
2006/1/5,1273.47998
2006/1/6,1285.449951
2006/1/9,1290.150024
2006/1/10,1289.689941
2006/1/11,1294.180054
2006/1/12,1286.060059
2006/1/13,1287.609985
2006/1/17,1282.930054
2006/1/18,1277.930054
2006/1/19,1285.040039
2006/1/20,1261.48999
2006/1/23,1263.819946
2006/1/24,1266.859985
2006/1/25,1264.680054
2006/1/26,1273.829956
2006/1/27,1283.719971
2006/1/30,1285.189941
2006/1/31,1280.079956
2006/2/1,1282.459961
2006/2/2,1270.839966
2006/2/3,1264.030029
2006/2/6,1265.02002
2006/2/7,1254.780029
2006/2/8,1265.650024
2006/2/9,1263.780029
2006/2/10,1266.98999
2006/2/13,1262.859985
2006/2/14,1275.530029
2006/2/15,1280
2006/2/16,1289.380005
2006/2/17,1287.23999
2006/2/21,1283.030029
2006/2/22,1292.670044
2006/2/23,1287.790039
2006/2/24,1289.430054
2006/2/27,1294.119995
2006/2/28,1280.660034
2006/3/1,1291.23999
2006/3/2,1289.140015
2006/3/3,1287.22998
2006/3/6,1278.26001
2006/3/7,1275.880005
2006/3/8,1278.469971
2006/3/9,1272.22998
2006/3/10,1281.420044
2006/3/13,1284.130005
2006/3/14,1297.47998
2006/3/15,1303.02002
2006/3/16,1305.329956
2006/3/17,1307.25
2006/3/20,1305.079956
2006/3/21,1297.22998
2006/3/22,1305.040039
2006/3/23,1301.670044
2006/3/24,1302.949951
2006/3/27,1301.609985
2006/3/28,1293.22998
2006/3/29,1302.890015
2006/3/30,1300.25
2006/3/31,1294.869995
2006/4/3,1297.810059
2006/4/4,1305.930054
2006/4/5,1311.560059
2006/4/6,1309.040039
2006/4/7,1295.5
2006/4/10,1296.619995
2006/4/11,1286.569946
2006/4/12,1288.119995
2006/4/13,1289.119995
2006/4/17,1285.329956
2006/4/18,1307.280029
2006/4/19,1309.930054
2006/4/20,1311.459961
2006/4/21,1311.280029
2006/4/24,1308.109985
2006/4/25,1301.73999
2006/4/26,1305.410034
2006/4/27,1309.719971
2006/4/28,1310.609985
2006/5/1,1305.189941
2006/5/2,1313.209961
2006/5/3,1308.119995
2006/5/4,1312.25
2006/5/5,1325.76001
2006/5/8,1324.660034
2006/5/9,1325.140015
2006/5/10,1322.849976
2006/5/11,1305.920044
2006/5/12,1291.23999
2006/5/15,1294.5
2006/5/16,1292.079956
2006/5/17,1270.319946
2006/5/18,1261.810059
2006/5/19,1267.030029
2006/5/22,1262.069946
2006/5/23,1256.579956
2006/5/24,1258.569946
2006/5/25,1272.880005
2006/5/26,1280.160034
2006/5/30,1259.869995
2006/5/31,1270.089966
2006/6/1,1285.709961
2006/6/2,1288.219971
2006/6/5,1265.290039
2006/6/6,1263.849976
2006/6/7,1256.150024
2006/6/8,1257.930054
2006/6/9,1252.300049
2006/6/12,1237.439941
2006/6/13,1223.689941
2006/6/14,1230.040039
2006/6/15,1256.160034
2006/6/16,1251.540039
2006/6/19,1240.130005
2006/6/20,1240.119995
2006/6/21,1252.199951
2006/6/22,1245.599976
2006/6/23,1244.5
2006/6/26,1250.560059
2006/6/27,1239.199951
2006/6/28,1246
2006/6/29,1272.869995
2006/6/30,1270.199951
2006/7/3,1280.189941
2006/7/5,1270.910034
2006/7/6,1274.079956
2006/7/7,1265.47998
2006/7/10,1267.339966
2006/7/11,1272.430054
2006/7/12,1258.599976
2006/7/13,1242.280029
2006/7/14,1236.199951
2006/7/17,1234.48999
2006/7/18,1236.859985
2006/7/19,1259.810059
2006/7/20,1249.130005
2006/7/21,1240.290039
2006/7/24,1260.910034
2006/7/25,1268.880005
2006/7/26,1268.400024
2006/7/27,1263.199951
2006/7/28,1278.550049
2006/7/31,1276.660034
2006/8/1,1270.920044
2006/8/2,1277.410034
2006/8/3,1280.27002
2006/8/4,1279.359985
2006/8/7,1275.77002
2006/8/8,1271.47998
2006/8/9,1265.949951
2006/8/10,1271.810059
2006/8/11,1266.73999
2006/8/14,1268.209961
2006/8/15,1285.579956
2006/8/16,1295.430054
2006/8/17,1297.47998
2006/8/18,1302.300049
2006/8/21,1297.52002
2006/8/22,1298.819946
2006/8/23,1292.98999
2006/8/24,1296.060059
2006/8/25,1295.089966
2006/8/28,1301.780029
2006/8/29,1304.280029
2006/8/30,1305.369995
2006/8/31,1303.819946
2006/9/1,1311.01001
2006/9/5,1313.25
2006/9/6,1300.26001
2006/9/7,1294.02002
2006/9/8,1298.920044
2006/9/11,1299.540039
2006/9/12,1313
2006/9/13,1318.069946
2006/9/14,1316.280029
2006/9/15,1319.660034
2006/9/18,1321.180054
2006/9/19,1317.640015
2006/9/20,1325.180054
2006/9/21,1318.030029
2006/9/22,1314.780029
2006/9/25,1326.369995
2006/9/26,1336.349976
2006/9/27,1336.589966
2006/9/28,1338.880005
2006/9/29,1335.849976
2006/10/2,1331.319946
2006/10/3,1334.109985
2006/10/4,1350.199951
2006/10/5,1353.219971
2006/10/6,1349.589966
2006/10/9,1350.660034
2006/10/10,1353.420044
2006/10/11,1349.949951
2006/10/12,1362.829956
2006/10/13,1365.619995
2006/10/16,1369.060059
2006/10/17,1364.050049
2006/10/18,1365.800049
2006/10/19,1366.959961
2006/10/20,1368.599976
2006/10/23,1377.02002
2006/10/24,1377.380005
2006/10/25,1382.219971
2006/10/26,1389.079956
2006/10/27,1377.339966
2006/10/30,1377.930054
2006/10/31,1377.939941
2006/11/1,1367.810059
2006/11/2,1367.339966
2006/11/3,1364.300049
2006/11/6,1379.780029
2006/11/7,1382.839966
2006/11/8,1385.719971
2006/11/9,1378.329956
2006/11/10,1380.900024
2006/11/13,1384.420044
2006/11/14,1393.219971
2006/11/15,1396.569946
2006/11/16,1399.76001
2006/11/17,1401.199951
2006/11/20,1400.5
2006/11/21,1402.810059
2006/11/22,1406.089966
2006/11/24,1400.949951
2006/11/27,1381.959961
2006/11/28,1386.719971
2006/11/29,1399.47998
2006/11/30,1400.630005
2006/12/1,1396.709961
2006/12/4,1409.119995
2006/12/5,1414.76001
2006/12/6,1412.900024
2006/12/7,1407.290039
2006/12/8,1409.839966
2006/12/11,1413.040039
2006/12/12,1411.560059
2006/12/13,1413.209961
2006/12/14,1425.48999
2006/12/15,1427.089966
2006/12/18,1422.47998
2006/12/19,1425.550049
2006/12/20,1423.530029
2006/12/21,1418.300049
2006/12/22,1410.76001
2006/12/26,1416.900024
2006/12/27,1426.839966
2006/12/28,1424.72998
2006/12/29,1418.300049
2007/1/3,1416.599976
2007/1/4,1418.339966
2007/1/5,1409.709961
2007/1/8,1412.839966
2007/1/9,1412.109985
2007/1/10,1414.849976
2007/1/11,1423.819946
2007/1/12,1430.72998
2007/1/16,1431.900024
2007/1/17,1430.619995
2007/1/18,1426.369995
2007/1/19,1430.5
2007/1/22,1422.949951
2007/1/23,1427.98999
2007/1/24,1440.130005
2007/1/25,1423.900024
2007/1/26,1422.180054
2007/1/29,1420.619995
2007/1/30,1428.819946
2007/1/31,1438.23999
2007/2/1,1445.939941
2007/2/2,1448.390015
2007/2/5,1446.98999
2007/2/6,1448
2007/2/7,1450.02002
2007/2/8,1448.310059
2007/2/9,1438.060059
2007/2/12,1433.369995
2007/2/13,1444.26001
2007/2/14,1455.300049
2007/2/15,1456.810059
2007/2/16,1455.540039
2007/2/20,1459.680054
2007/2/21,1457.630005
2007/2/22,1456.380005
2007/2/23,1451.189941
2007/2/26,1449.369995
2007/2/27,1399.040039
2007/2/28,1406.819946
2007/3/1,1403.170044
2007/3/2,1387.170044
2007/3/5,1374.119995
2007/3/6,1395.410034
2007/3/7,1391.969971
2007/3/8,1401.890015
2007/3/9,1402.839966
2007/3/12,1406.599976
2007/3/13,1377.949951
2007/3/14,1387.170044
2007/3/15,1392.280029
2007/3/16,1386.949951
2007/3/19,1402.060059
2007/3/20,1410.939941
2007/3/21,1435.040039
2007/3/22,1434.540039
2007/3/23,1436.109985
2007/3/26,1437.5
2007/3/27,1428.609985
2007/3/28,1417.22998
2007/3/29,1422.530029
2007/3/30,1420.859985
2007/4/2,1424.550049
2007/4/3,1437.77002
2007/4/4,1439.369995
2007/4/5,1443.76001
2007/4/9,1444.609985
2007/4/10,1448.390015
2007/4/11,1438.869995
2007/4/12,1447.800049
2007/4/13,1452.849976
2007/4/16,1468.329956
2007/4/17,1471.47998
2007/4/18,1472.5
2007/4/19,1470.72998
2007/4/20,1484.349976
2007/4/23,1480.930054
2007/4/24,1480.410034
2007/4/25,1495.420044
2007/4/26,1494.25
2007/4/27,1494.069946
2007/4/30,1482.369995
2007/5/1,1486.300049
2007/5/2,1495.920044
2007/5/3,1502.390015
2007/5/4,1505.619995
2007/5/7,1509.47998
2007/5/8,1507.719971
2007/5/9,1512.579956
2007/5/10,1491.469971
2007/5/11,1505.849976
2007/5/14,1503.150024
2007/5/15,1501.189941
2007/5/16,1514.140015
2007/5/17,1512.75
2007/5/18,1522.75
2007/5/21,1525.099976
2007/5/22,1524.119995
2007/5/23,1522.280029
2007/5/24,1507.51001
2007/5/25,1515.72998
2007/5/29,1518.109985
2007/5/30,1530.22998
2007/5/31,1530.619995
2007/6/1,1536.339966
2007/6/4,1539.180054
2007/6/5,1530.949951
2007/6/6,1517.380005
2007/6/7,1490.719971
2007/6/8,1507.670044
2007/6/11,1509.119995
2007/6/12,1493
2007/6/13,1515.670044
2007/6/14,1522.969971
2007/6/15,1532.910034
2007/6/18,1531.050049
2007/6/19,1533.699951
2007/6/20,1512.839966
2007/6/21,1522.189941
2007/6/22,1502.560059
2007/6/25,1497.73999
2007/6/26,1492.890015
2007/6/27,1506.339966
2007/6/28,1505.709961
2007/6/29,1503.349976
2007/7/2,1519.430054
2007/7/3,1524.869995
2007/7/5,1525.400024
2007/7/6,1530.439941
2007/7/9,1531.849976
2007/7/10,1510.119995
2007/7/11,1518.76001
2007/7/12,1547.699951
2007/7/13,1552.5
2007/7/16,1549.52002
2007/7/17,1549.369995
2007/7/18,1546.170044
2007/7/19,1553.079956
2007/7/20,1534.099976
2007/7/23,1541.569946
2007/7/24,1511.040039
2007/7/25,1518.089966
2007/7/26,1482.660034
2007/7/27,1458.949951
2007/7/30,1473.910034
2007/7/31,1455.27002
2007/8/1,1465.810059
2007/8/2,1472.199951
2007/8/3,1433.060059
2007/8/6,1467.670044
2007/8/7,1476.709961
2007/8/8,1497.48999
2007/8/9,1453.089966
2007/8/10,1453.640015
2007/8/13,1452.920044
2007/8/14,1426.540039
2007/8/15,1406.699951
2007/8/16,1411.27002
2007/8/17,1445.939941
2007/8/20,1445.550049
2007/8/21,1447.119995
2007/8/22,1464.069946
2007/8/23,1462.5
2007/8/24,1479.369995
2007/8/27,1466.790039
2007/8/28,1432.359985
2007/8/29,1463.76001
2007/8/30,1457.640015
2007/8/31,1473.98999
2007/9/4,1489.420044
2007/9/5,1472.290039
2007/9/6,1478.550049
2007/9/7,1453.550049
2007/9/10,1451.699951
2007/9/11,1471.48999
2007/9/12,1471.560059
2007/9/13,1483.949951
2007/9/14,1484.25
2007/9/17,1476.650024
2007/9/18,1519.780029
2007/9/19,1529.030029
2007/9/20,1518.75
2007/9/21,1525.75
2007/9/24,1517.72998
2007/9/25,1517.209961
2007/9/26,1525.420044
2007/9/27,1531.380005
2007/9/28,1526.75
2007/10/1,1547.040039
2007/10/2,1546.630005
2007/10/3,1539.589966
2007/10/4,1542.839966
2007/10/5,1557.589966
2007/10/8,1552.579956
2007/10/9,1565.150024
2007/10/10,1562.469971
2007/10/11,1554.410034
2007/10/12,1561.800049
2007/10/15,1548.709961
2007/10/16,1538.530029
2007/10/17,1541.23999
2007/10/18,1540.079956
2007/10/19,1500.630005
2007/10/22,1506.329956
2007/10/23,1519.589966
2007/10/24,1515.880005
2007/10/25,1514.400024
2007/10/26,1535.280029
2007/10/29,1540.97998
2007/10/30,1531.02002
2007/10/31,1549.380005
2007/11/1,1508.439941
2007/11/2,1509.650024
2007/11/5,1502.170044
2007/11/6,1520.27002
2007/11/7,1475.619995
2007/11/8,1474.77002
2007/11/9,1453.699951
2007/11/12,1439.180054
2007/11/13,1481.050049
2007/11/14,1470.579956
2007/11/15,1451.150024
2007/11/16,1458.73999
2007/11/19,1433.27002
2007/11/20,1439.699951
2007/11/21,1416.77002
2007/11/23,1440.699951
2007/11/26,1407.219971
2007/11/27,1428.22998
2007/11/28,1469.02002
2007/11/29,1469.719971
2007/11/30,1481.140015
2007/12/3,1472.420044
2007/12/4,1462.790039
2007/12/5,1485.01001
2007/12/6,1507.339966
2007/12/7,1504.660034
2007/12/10,1515.959961
2007/12/11,1477.650024
2007/12/12,1486.589966
2007/12/13,1488.410034
2007/12/14,1467.949951
2007/12/17,1445.900024
2007/12/18,1454.97998
2007/12/19,1453
2007/12/20,1460.119995
2007/12/21,1484.459961
2007/12/24,1496.449951
2007/12/26,1497.660034
2007/12/27,1476.27002
2007/12/28,1478.48999
2007/12/31,1468.359985
2008/1/2,1447.160034
2008/1/3,1447.160034
2008/1/4,1411.630005
2008/1/7,1416.180054
2008/1/8,1390.189941
2008/1/9,1409.130005
2008/1/10,1420.329956
2008/1/11,1401.02002
2008/1/14,1416.25
2008/1/15,1380.949951
2008/1/16,1373.199951
2008/1/17,1333.25
2008/1/18,1325.189941
2008/1/22,1310.5
2008/1/23,1338.599976
2008/1/24,1352.069946
2008/1/25,1330.609985
2008/1/28,1353.959961
2008/1/29,1362.300049
2008/1/30,1355.810059
2008/1/31,1378.550049
2008/2/1,1395.420044
2008/2/4,1380.819946
2008/2/5,1336.640015
2008/2/6,1326.449951
2008/2/7,1336.910034
2008/2/8,1331.290039
2008/2/11,1339.130005
2008/2/12,1348.859985
2008/2/13,1367.209961
2008/2/14,1348.859985
2008/2/15,1349.98999
2008/2/19,1348.780029
2008/2/20,1360.030029
2008/2/21,1342.530029
2008/2/22,1353.109985
2008/2/25,1371.800049
2008/2/26,1381.290039
2008/2/27,1380.02002
2008/2/28,1367.680054
2008/2/29,1330.630005
2008/3/3,1331.339966
2008/3/4,1326.75
2008/3/5,1333.699951
2008/3/6,1304.339966
2008/3/7,1293.369995
2008/3/10,1273.369995
2008/3/11,1320.650024
2008/3/12,1308.77002
2008/3/13,1315.47998
2008/3/14,1288.140015
2008/3/17,1276.599976
2008/3/18,1330.73999
2008/3/19,1298.420044
2008/3/20,1329.51001
2008/3/24,1349.880005
2008/3/25,1352.98999
2008/3/26,1341.130005
2008/3/27,1325.76001
2008/3/28,1315.219971
2008/3/31,1322.699951
2008/4/1,1370.180054
2008/4/2,1367.530029
2008/4/3,1369.310059
2008/4/4,1370.400024
2008/4/7,1372.540039
2008/4/8,1365.540039
2008/4/9,1354.48999
2008/4/10,1360.550049
2008/4/11,1332.829956
2008/4/14,1328.319946
2008/4/15,1334.430054
2008/4/16,1364.709961
2008/4/17,1365.560059
2008/4/18,1390.329956
2008/4/21,1388.170044
2008/4/22,1375.939941
2008/4/23,1379.930054
2008/4/24,1388.819946
2008/4/25,1397.839966
2008/4/28,1396.369995
2008/4/29,1390.939941
2008/4/30,1385.589966
2008/5/1,1409.339966
2008/5/2,1413.900024
2008/5/5,1407.48999
2008/5/6,1418.26001
2008/5/7,1392.569946
2008/5/8,1397.680054
2008/5/9,1388.280029
2008/5/12,1403.579956
2008/5/13,1403.040039
2008/5/14,1408.660034
2008/5/15,1423.569946
2008/5/16,1425.349976
2008/5/19,1426.630005
2008/5/20,1413.400024
2008/5/21,1390.709961
2008/5/22,1394.349976
2008/5/23,1375.930054
2008/5/27,1385.349976
2008/5/28,1390.839966
2008/5/29,1398.26001
2008/5/30,1400.380005
2008/6/2,1385.670044
2008/6/3,1377.650024
2008/6/4,1377.199951
2008/6/5,1404.050049
2008/6/6,1360.680054
2008/6/9,1361.76001
2008/6/10,1358.439941
2008/6/11,1335.48999
2008/6/12,1339.869995
2008/6/13,1360.030029
2008/6/16,1360.140015
2008/6/17,1350.930054
2008/6/18,1337.810059
2008/6/19,1342.829956
2008/6/20,1317.930054
2008/6/23,1318
2008/6/24,1314.290039
2008/6/25,1321.969971
2008/6/26,1283.150024
2008/6/27,1278.380005
2008/6/30,1280
2008/7/1,1284.910034
2008/7/2,1261.52002
2008/7/3,1262.900024
2008/7/7,1252.310059
2008/7/8,1273.699951
2008/7/9,1244.689941
2008/7/10,1253.390015
2008/7/11,1239.48999
2008/7/14,1228.300049
2008/7/15,1214.910034
2008/7/16,1245.359985
2008/7/17,1260.319946
2008/7/18,1260.680054
2008/7/21,1260
2008/7/22,1277
2008/7/23,1282.189941
2008/7/24,1252.540039
2008/7/25,1257.76001
2008/7/28,1234.369995
2008/7/29,1263.199951
2008/7/30,1284.26001
2008/7/31,1267.380005
2008/8/1,1260.310059
2008/8/4,1249.01001
2008/8/5,1284.880005
2008/8/6,1289.189941
2008/8/7,1266.069946
2008/8/8,1296.319946
2008/8/11,1305.319946
2008/8/12,1289.589966
2008/8/13,1285.829956
2008/8/14,1292.930054
2008/8/15,1298.199951
2008/8/18,1278.599976
2008/8/19,1266.689941
2008/8/20,1274.540039
2008/8/21,1277.719971
2008/8/22,1292.199951
2008/8/25,1266.839966
2008/8/26,1271.51001
2008/8/27,1281.660034
2008/8/28,1300.680054
2008/8/29,1282.829956
2008/9/2,1277.579956
2008/9/3,1274.97998
2008/9/4,1236.829956
2008/9/5,1242.310059
2008/9/8,1267.790039
2008/9/9,1224.51001
2008/9/10,1232.040039
2008/9/11,1249.050049
2008/9/12,1251.699951
2008/9/15,1192.699951
2008/9/16,1213.599976
2008/9/17,1156.390015
2008/9/18,1206.51001
2008/9/19,1255.079956
2008/9/22,1207.089966
2008/9/23,1188.219971
2008/9/24,1185.869995
2008/9/25,1209.180054
2008/9/26,1213.27002
2008/9/29,1106.420044
2008/9/30,1166.359985
2008/10/1,1161.060059
2008/10/2,1114.280029
2008/10/3,1099.22998
2008/10/6,1056.890015
2008/10/7,996.2299805
2008/10/8,984.9400024
2008/10/9,909.9199829
2008/10/10,899.2199707
2008/10/13,1003.349976
2008/10/14,998.0100098
2008/10/15,907.8400269
2008/10/16,946.4299927
2008/10/17,940.5499878
2008/10/20,985.4000244
2008/10/21,955.0499878
2008/10/22,896.7800293
2008/10/23,908.1099854
2008/10/24,876.7700195
2008/10/27,848.9199829
2008/10/28,940.5100098
2008/10/29,930.0900269
2008/10/30,954.0900269
2008/10/31,968.75
2008/11/3,966.2999878
2008/11/4,1005.75
2008/11/5,952.7700195
2008/11/6,904.8800049
2008/11/7,930.9899902
2008/11/10,919.210022
2008/11/11,898.9500122
2008/11/12,852.2999878
2008/11/13,911.289978
2008/11/14,873.289978
2008/11/17,850.75
2008/11/18,859.1199951
2008/11/19,806.5800171
2008/11/20,752.4400024
2008/11/21,800.0300293
2008/11/24,851.8099976
2008/11/25,857.3900146
2008/11/26,887.6799927
2008/11/28,896.2399902
2008/12/1,816.210022
2008/12/2,848.8099976
2008/12/3,870.7399902
2008/12/4,845.2199707
2008/12/5,876.0700073
2008/12/8,909.7000122
2008/12/9,888.6699829
2008/12/10,899.2399902
2008/12/11,873.5900269
2008/12/12,879.7299805
2008/12/15,868.5700073
2008/12/16,913.1799927
2008/12/17,904.4199829
2008/12/18,885.2800293
2008/12/19,887.8800049
2008/12/22,871.6300049
2008/12/23,863.1599731
2008/12/24,868.1500244
2008/12/26,872.7999878
2008/12/29,869.4199829
2008/12/30,890.6400146
2008/12/31,903.25
2009/1/2,931.7999878
2009/1/5,927.4500122
2009/1/6,934.7000122
2009/1/7,906.6500244
2009/1/8,909.7299805
2009/1/9,890.3499756
2009/1/12,870.2600098
2009/1/13,871.789978
2009/1/14,842.6199951
2009/1/15,843.7399902
2009/1/16,850.1199951
2009/1/20,805.2199707
2009/1/21,840.2399902
2009/1/22,827.5
2009/1/23,831.9500122
2009/1/26,836.5700073
2009/1/27,845.710022
2009/1/28,874.0900269
2009/1/29,845.1400146
2009/1/30,825.8800049
2009/2/2,825.4400024
2009/2/3,838.5100098
2009/2/4,832.2299805
2009/2/5,845.8499756
2009/2/6,868.5999756
2009/2/9,869.8900146
2009/2/10,827.1599731
2009/2/11,833.7399902
2009/2/12,835.1900024
2009/2/13,826.8400269
2009/2/17,789.1699829
2009/2/18,788.4199829
2009/2/19,778.9400024
2009/2/20,770.0499878
2009/2/23,743.3300171
2009/2/24,773.1400146
2009/2/25,764.9000244
2009/2/26,752.8300171
2009/2/27,735.0900269
2009/3/2,700.8200073
2009/3/3,696.3300171
2009/3/4,712.8699951
2009/3/5,682.5499878
2009/3/6,683.3800049
2009/3/9,676.5300293
2009/3/10,719.5999756
2009/3/11,721.3599854
2009/3/12,750.7399902
2009/3/13,756.5499878
2009/3/16,753.8900146
2009/3/17,778.1199951
2009/3/18,794.3499756
2009/3/19,784.039978
2009/3/20,768.539978
2009/3/23,822.9199829
2009/3/24,806.1199951
2009/3/25,813.8800049
2009/3/26,832.8599854
2009/3/27,815.9400024
2009/3/30,787.5300293
2009/3/31,797.8699951
2009/4/1,811.0800171
2009/4/2,834.3800049
2009/4/3,842.5
2009/4/6,835.4799805
2009/4/7,815.5499878
2009/4/8,825.1599731
2009/4/9,856.5599976
2009/4/13,858.7299805
2009/4/14,841.5
2009/4/15,852.0599976
2009/4/16,865.2999878
2009/4/17,869.5999756
2009/4/20,832.3900146
2009/4/21,850.0800171
2009/4/22,843.5499878
2009/4/23,851.9199829
2009/4/24,866.2299805
2009/4/27,857.5100098
2009/4/28,855.1599731
2009/4/29,873.6400146
2009/4/30,872.8099976
2009/5/1,877.5200195
2009/5/4,907.2399902
2009/5/5,903.7999878
2009/5/6,919.5300293
2009/5/7,907.3900146
2009/5/8,929.2299805
2009/5/11,909.2399902
2009/5/12,908.3499756
2009/5/13,883.9199829
2009/5/14,893.0700073
2009/5/15,882.8800049
2009/5/18,909.710022
2009/5/19,908.1300049
2009/5/20,903.4699707
2009/5/21,888.3300171
2009/5/22,887
2009/5/26,910.3300171
2009/5/27,893.0599976
2009/5/28,906.8300171
2009/5/29,919.1400146
2009/6/1,942.8699951
2009/6/2,944.7399902
2009/6/3,931.7600098
2009/6/4,942.460022
2009/6/5,940.0900269
2009/6/8,939.1400146
2009/6/9,942.4299927
2009/6/10,939.1500244
2009/6/11,944.8900146
2009/6/12,946.210022
2009/6/15,923.7199707
2009/6/16,911.9699707
2009/6/17,910.710022
2009/6/18,918.3699951
2009/6/19,921.2299805
2009/6/22,893.039978
2009/6/23,895.0999756
2009/6/24,900.9400024
2009/6/25,920.2600098
2009/6/26,918.9000244
2009/6/29,927.2299805
2009/6/30,919.3200073
2009/7/1,923.3300171
2009/7/2,896.4199829
2009/7/6,898.7199707
2009/7/7,881.0300293
2009/7/8,879.5599976
2009/7/9,882.6799927
2009/7/10,879.1300049
2009/7/13,901.0499878
2009/7/14,905.8400269
2009/7/15,932.6799927
2009/7/16,940.7399902
2009/7/17,940.3800049
2009/7/20,951.1300049
2009/7/21,954.5800171
2009/7/22,954.0700073
2009/7/23,976.289978
2009/7/24,979.2600098
2009/7/27,982.1799927
2009/7/28,979.6199951
2009/7/29,975.1500244
2009/7/30,986.75
2009/7/31,987.4799805
2009/8/3,1002.630005
2009/8/4,1005.650024
2009/8/5,1002.719971
2009/8/6,997.0800171
2009/8/7,1010.47998
2009/8/10,1007.099976
2009/8/11,994.3499756
2009/8/12,1005.809998
2009/8/13,1012.72998
2009/8/14,1004.090027
2009/8/17,979.7299805
2009/8/18,989.6699829
2009/8/19,996.460022
2009/8/20,1007.369995
2009/8/21,1026.130005
2009/8/24,1025.569946
2009/8/25,1028
2009/8/26,1028.119995
2009/8/27,1030.97998
2009/8/28,1028.930054
2009/8/31,1020.619995
2009/9/1,998.039978
2009/9/2,994.75
2009/9/3,1003.23999
2009/9/4,1016.400024
2009/9/8,1025.390015
2009/9/9,1033.369995
2009/9/10,1044.140015
2009/9/11,1042.72998
2009/9/14,1049.339966
2009/9/15,1052.630005
2009/9/16,1068.76001
2009/9/17,1065.48999
2009/9/18,1068.300049
2009/9/21,1064.660034
2009/9/22,1071.660034
2009/9/23,1060.869995
2009/9/24,1050.780029
2009/9/25,1044.380005
2009/9/28,1062.97998
2009/9/29,1060.609985
2009/9/30,1057.079956
2009/10/1,1029.849976
2009/10/2,1025.209961
2009/10/5,1040.459961
2009/10/6,1054.719971
2009/10/7,1057.579956
2009/10/8,1065.47998
2009/10/9,1071.48999
2009/10/12,1076.189941
2009/10/13,1073.189941
2009/10/14,1092.02002
2009/10/15,1096.560059
2009/10/16,1087.680054
2009/10/19,1097.910034
2009/10/20,1091.060059
2009/10/21,1081.400024
2009/10/22,1092.910034
2009/10/23,1079.599976
2009/10/26,1066.949951
2009/10/27,1063.410034
2009/10/28,1042.630005
2009/10/29,1066.109985
2009/10/30,1036.189941
2009/11/2,1042.880005
2009/11/3,1045.410034
2009/11/4,1046.5
2009/11/5,1066.630005
2009/11/6,1069.300049
2009/11/9,1093.079956
2009/11/10,1093.01001
2009/11/11,1098.51001
2009/11/12,1087.23999
2009/11/13,1093.47998
2009/11/16,1109.300049
2009/11/17,1110.319946
2009/11/18,1109.800049
2009/11/19,1094.900024
2009/11/20,1091.380005
2009/11/23,1106.23999
2009/11/24,1105.650024
2009/11/25,1110.630005
2009/11/27,1091.48999
2009/11/30,1095.630005
2009/12/1,1108.859985
2009/12/2,1109.23999
2009/12/3,1099.920044
2009/12/4,1105.97998
2009/12/7,1103.25
2009/12/8,1091.939941
2009/12/9,1095.949951
2009/12/10,1102.349976
2009/12/11,1106.410034
2009/12/14,1114.109985
2009/12/15,1107.930054
2009/12/16,1109.180054
2009/12/17,1096.079956
2009/12/18,1102.469971
2009/12/21,1114.050049
2009/12/22,1118.02002
2009/12/23,1120.589966
2009/12/24,1126.47998
2009/12/28,1127.780029
2009/12/29,1126.199951
2009/12/30,1126.420044
2009/12/31,1115.099976
2010/1/4,1132.98999
2010/1/5,1136.52002
2010/1/6,1137.140015
2010/1/7,1141.689941
2010/1/8,1144.97998
2010/1/11,1146.97998
2010/1/12,1136.219971
2010/1/13,1145.680054
2010/1/14,1148.459961
2010/1/15,1136.030029
2010/1/19,1150.22998
2010/1/20,1138.040039
2010/1/21,1116.47998
2010/1/22,1091.76001
2010/1/25,1096.780029
2010/1/26,1092.170044
2010/1/27,1097.5
2010/1/28,1084.530029
2010/1/29,1073.869995
2010/2/1,1089.189941
2010/2/2,1103.319946
2010/2/3,1097.280029
2010/2/4,1063.109985
2010/2/5,1066.189941
2010/2/8,1056.73999
2010/2/9,1070.52002
2010/2/10,1068.130005
2010/2/11,1078.469971
2010/2/12,1075.51001
2010/2/16,1094.869995
2010/2/17,1099.51001
2010/2/18,1106.75
2010/2/19,1109.170044
2010/2/22,1108.01001
2010/2/23,1094.599976
2010/2/24,1105.23999
2010/2/25,1102.939941
2010/2/26,1104.48999
2010/3/1,1115.709961
2010/3/2,1118.310059
2010/3/3,1118.790039
2010/3/4,1122.969971
2010/3/5,1138.699951
2010/3/8,1138.5
2010/3/9,1140.449951
2010/3/10,1145.609985
2010/3/11,1150.23999
2010/3/12,1149.98999
2010/3/15,1150.51001
2010/3/16,1159.459961
2010/3/17,1166.209961
2010/3/18,1165.829956
2010/3/19,1159.900024
2010/3/22,1165.810059
2010/3/23,1174.170044
2010/3/24,1167.719971
2010/3/25,1165.72998
2010/3/26,1166.589966
2010/3/29,1173.219971
2010/3/30,1173.27002
2010/3/31,1169.430054
2010/4/1,1178.099976
2010/4/5,1187.439941
2010/4/6,1189.439941
2010/4/7,1182.449951
2010/4/8,1186.439941
2010/4/9,1194.369995
2010/4/12,1196.47998
2010/4/13,1197.300049
2010/4/14,1210.650024
2010/4/15,1211.670044
2010/4/16,1192.130005
2010/4/19,1197.52002
2010/4/20,1207.170044
2010/4/21,1205.939941
2010/4/22,1208.670044
2010/4/23,1217.280029
2010/4/26,1212.050049
2010/4/27,1183.709961
2010/4/28,1191.359985
2010/4/29,1206.780029
2010/4/30,1186.689941
2010/5/3,1202.26001
2010/5/4,1173.599976
2010/5/5,1165.869995
2010/5/6,1128.150024
2010/5/7,1110.880005
2010/5/10,1159.72998
2010/5/11,1155.790039
2010/5/12,1171.670044
2010/5/13,1157.439941
2010/5/14,1135.680054
2010/5/17,1136.939941
2010/5/18,1120.800049
2010/5/19,1115.050049
2010/5/20,1071.589966
2010/5/21,1087.689941
2010/5/24,1073.650024
2010/5/25,1074.030029
2010/5/26,1067.949951
2010/5/27,1103.060059
2010/5/28,1089.410034
2010/6/1,1070.709961
2010/6/2,1098.380005
2010/6/3,1102.829956
2010/6/4,1064.880005
2010/6/7,1050.469971
2010/6/8,1062
2010/6/9,1055.689941
2010/6/10,1086.839966
2010/6/11,1091.599976
2010/6/14,1089.630005
2010/6/15,1115.22998
2010/6/16,1114.609985
2010/6/17,1116.040039
2010/6/18,1117.51001
2010/6/21,1113.199951
2010/6/22,1095.310059
2010/6/23,1092.040039
2010/6/24,1073.689941
2010/6/25,1076.76001
2010/6/28,1074.569946
2010/6/29,1041.23999
2010/6/30,1030.709961
2010/7/1,1027.369995
2010/7/2,1022.580017
2010/7/6,1028.060059
2010/7/7,1060.27002
2010/7/8,1070.25
2010/7/9,1077.959961
2010/7/12,1078.75
2010/7/13,1095.339966
2010/7/14,1095.170044
2010/7/15,1096.47998
2010/7/16,1064.880005
2010/7/19,1071.25
2010/7/20,1083.47998
2010/7/21,1069.589966
2010/7/22,1093.670044
2010/7/23,1102.660034
2010/7/26,1115.01001
2010/7/27,1113.839966
2010/7/28,1106.130005
2010/7/29,1101.530029
2010/7/30,1101.599976
2010/8/2,1125.859985
2010/8/3,1120.459961
2010/8/4,1127.23999
2010/8/5,1125.810059
2010/8/6,1121.640015
2010/8/9,1127.790039
2010/8/10,1121.060059
2010/8/11,1089.469971
2010/8/12,1083.609985
2010/8/13,1079.25
2010/8/16,1079.380005
2010/8/17,1092.540039
2010/8/18,1094.160034
2010/8/19,1075.630005
2010/8/20,1071.689941
2010/8/23,1067.359985
2010/8/24,1051.869995
2010/8/25,1055.329956
2010/8/26,1047.219971
2010/8/27,1064.589966
2010/8/30,1048.920044
2010/8/31,1049.329956
2010/9/1,1080.290039
2010/9/2,1090.099976
2010/9/3,1104.51001
2010/9/7,1091.839966
2010/9/8,1098.869995
2010/9/9,1104.180054
2010/9/10,1109.550049
2010/9/13,1121.900024
2010/9/14,1121.099976
2010/9/15,1125.069946
2010/9/16,1124.660034
2010/9/17,1125.589966
2010/9/20,1142.709961
2010/9/21,1139.780029
2010/9/22,1134.280029
2010/9/23,1124.829956
2010/9/24,1148.670044
2010/9/27,1142.160034
2010/9/28,1147.699951
2010/9/29,1144.72998
2010/9/30,1141.199951
2010/10/1,1146.23999
2010/10/4,1137.030029
2010/10/5,1160.75
2010/10/6,1159.969971
2010/10/7,1158.060059
2010/10/8,1165.150024
2010/10/11,1165.319946
2010/10/12,1169.77002
2010/10/13,1178.099976
2010/10/14,1173.810059
2010/10/15,1176.189941
2010/10/18,1184.709961
2010/10/19,1165.900024
2010/10/20,1178.170044
2010/10/21,1180.26001
2010/10/22,1183.079956
2010/10/25,1185.619995
2010/10/26,1185.640015
2010/10/27,1182.449951
2010/10/28,1183.780029
2010/10/29,1183.26001
2010/11/1,1184.380005
2010/11/2,1193.569946
2010/11/3,1197.959961
2010/11/4,1221.060059
2010/11/5,1225.849976
2010/11/8,1223.25
2010/11/9,1213.400024
2010/11/10,1218.709961
2010/11/11,1213.540039
2010/11/12,1199.209961
2010/11/15,1197.75
2010/11/16,1178.339966
2010/11/17,1178.589966
2010/11/18,1196.689941
2010/11/19,1199.72998
2010/11/22,1197.839966
2010/11/23,1180.72998
2010/11/24,1198.349976
2010/11/26,1189.400024
2010/11/29,1187.76001
2010/11/30,1180.550049
2010/12/1,1206.069946
2010/12/2,1221.530029
2010/12/3,1224.709961
2010/12/6,1223.119995
2010/12/7,1223.75
2010/12/8,1228.280029
2010/12/9,1233
2010/12/10,1240.400024
2010/12/13,1240.459961
2010/12/14,1241.589966
2010/12/15,1235.22998
2010/12/16,1242.869995
2010/12/17,1243.910034
2010/12/20,1247.079956
2010/12/21,1254.599976
2010/12/22,1258.839966
2010/12/23,1256.77002
2010/12/27,1257.540039
2010/12/28,1258.51001
2010/12/29,1259.780029
2010/12/30,1257.880005
2010/12/31,1257.640015
2011/1/3,1271.869995
2011/1/4,1270.199951
2011/1/5,1276.560059
2011/1/6,1273.849976
2011/1/7,1271.5
2011/1/10,1269.75
2011/1/11,1274.47998
2011/1/12,1285.959961
2011/1/13,1283.76001
2011/1/14,1293.23999
2011/1/18,1295.02002
2011/1/19,1281.920044
2011/1/20,1280.26001
2011/1/21,1283.349976
2011/1/24,1290.839966
2011/1/25,1291.180054
2011/1/26,1296.630005
2011/1/27,1299.540039
2011/1/28,1276.339966
2011/1/31,1286.119995
2011/2/1,1307.589966
2011/2/2,1304.030029
2011/2/3,1307.099976
2011/2/4,1310.869995
2011/2/7,1319.050049
2011/2/8,1324.569946
2011/2/9,1320.880005
2011/2/10,1321.869995
2011/2/11,1329.150024
2011/2/14,1332.319946
2011/2/15,1328.01001
2011/2/16,1336.319946
2011/2/17,1340.430054
2011/2/18,1343.01001
2011/2/22,1315.439941
2011/2/23,1307.400024
2011/2/24,1306.099976
2011/2/25,1319.880005
2011/2/28,1327.219971
2011/3/1,1306.329956
2011/3/2,1308.439941
2011/3/3,1330.969971
2011/3/4,1321.150024
2011/3/7,1310.130005
2011/3/8,1321.819946
2011/3/9,1320.02002
2011/3/10,1295.109985
2011/3/11,1304.280029
2011/3/14,1296.390015
2011/3/15,1281.869995
2011/3/16,1256.880005
2011/3/17,1273.719971
2011/3/18,1279.209961
2011/3/21,1298.380005
2011/3/22,1293.77002
2011/3/23,1297.540039
2011/3/24,1309.660034
2011/3/25,1313.800049
2011/3/28,1310.189941
2011/3/29,1319.439941
2011/3/30,1328.26001
2011/3/31,1325.829956
2011/4/1,1332.410034
2011/4/4,1332.869995
2011/4/5,1332.630005
2011/4/6,1335.540039
2011/4/7,1333.51001
2011/4/8,1328.170044
2011/4/11,1324.459961
2011/4/12,1314.160034
2011/4/13,1314.410034
2011/4/14,1314.52002
2011/4/15,1319.680054
2011/4/18,1305.140015
2011/4/19,1312.619995
2011/4/20,1330.359985
2011/4/21,1337.380005
2011/4/25,1335.25
2011/4/26,1347.23999
2011/4/27,1355.660034
2011/4/28,1360.47998
2011/4/29,1363.609985
2011/5/2,1361.219971
2011/5/3,1356.619995
2011/5/4,1347.319946
2011/5/5,1335.099976
2011/5/6,1340.199951
2011/5/9,1346.290039
2011/5/10,1357.160034
2011/5/11,1342.079956
2011/5/12,1348.650024
2011/5/13,1337.77002
2011/5/16,1329.469971
2011/5/17,1328.97998
2011/5/18,1340.680054
2011/5/19,1343.599976
2011/5/20,1333.27002
2011/5/23,1317.369995
2011/5/24,1316.280029
2011/5/25,1320.469971
2011/5/26,1325.689941
2011/5/27,1331.099976
2011/5/31,1345.199951
2011/6/1,1314.550049
2011/6/2,1312.939941
2011/6/3,1300.160034
2011/6/6,1286.170044
2011/6/7,1284.939941
2011/6/8,1279.560059
2011/6/9,1289
2011/6/10,1270.97998
2011/6/13,1271.829956
2011/6/14,1287.869995
2011/6/15,1265.420044
2011/6/16,1267.640015
2011/6/17,1271.5
2011/6/20,1278.359985
2011/6/21,1295.52002
2011/6/22,1287.140015
2011/6/23,1283.5
2011/6/24,1268.449951
2011/6/27,1280.099976
2011/6/28,1296.670044
2011/6/29,1307.410034
2011/6/30,1320.640015
2011/7/1,1339.670044
2011/7/5,1337.880005
2011/7/6,1339.219971
2011/7/7,1353.219971
2011/7/8,1343.800049
2011/7/11,1319.48999
2011/7/12,1313.640015
2011/7/13,1317.719971
2011/7/14,1308.869995
2011/7/15,1316.140015
2011/7/18,1305.439941
2011/7/19,1326.72998
2011/7/20,1325.839966
2011/7/21,1343.800049
2011/7/22,1345.02002
2011/7/25,1337.430054
2011/7/26,1331.939941
2011/7/27,1304.890015
2011/7/28,1300.670044
2011/7/29,1292.280029
2011/8/1,1286.939941
2011/8/2,1254.050049
2011/8/3,1260.339966
2011/8/4,1200.069946
2011/8/5,1199.380005
2011/8/8,1119.459961
2011/8/9,1172.530029
2011/8/10,1120.76001
2011/8/11,1172.640015
2011/8/12,1178.810059
2011/8/15,1204.48999
2011/8/16,1192.76001
2011/8/17,1193.890015
2011/8/18,1140.650024
2011/8/19,1123.530029
2011/8/22,1123.819946
2011/8/23,1162.349976
2011/8/24,1177.599976
2011/8/25,1159.27002
2011/8/26,1176.800049
2011/8/29,1210.079956
2011/8/30,1212.920044
2011/8/31,1218.890015
2011/9/1,1204.420044
2011/9/2,1173.969971
2011/9/6,1165.23999
2011/9/7,1198.619995
2011/9/8,1185.900024
2011/9/9,1154.22998
2011/9/12,1162.27002
2011/9/13,1172.869995
2011/9/14,1188.680054
2011/9/15,1209.109985
2011/9/16,1216.01001
2011/9/19,1204.089966
2011/9/20,1202.089966
2011/9/21,1166.76001
2011/9/22,1129.560059
2011/9/23,1136.430054
2011/9/26,1162.949951
2011/9/27,1175.380005
2011/9/28,1151.060059
2011/9/29,1160.400024
2011/9/30,1131.420044
2011/10/3,1099.22998
2011/10/4,1123.949951
2011/10/5,1144.030029
2011/10/6,1164.969971
2011/10/7,1155.459961
2011/10/10,1194.890015
2011/10/11,1195.540039
2011/10/12,1207.25
2011/10/13,1203.660034
2011/10/14,1224.579956
2011/10/17,1200.859985
2011/10/18,1225.380005
2011/10/19,1209.880005
2011/10/20,1215.390015
2011/10/21,1238.25
2011/10/24,1254.189941
2011/10/25,1229.050049
2011/10/26,1242
2011/10/27,1284.589966
2011/10/28,1285.089966
2011/10/31,1253.300049
2011/11/1,1218.280029
2011/11/2,1237.900024
2011/11/3,1261.150024
2011/11/4,1253.22998
2011/11/7,1261.119995
2011/11/8,1275.920044
2011/11/9,1229.099976
2011/11/10,1239.699951
2011/11/11,1263.849976
2011/11/14,1251.780029
2011/11/15,1257.810059
2011/11/16,1236.910034
2011/11/17,1216.130005
2011/11/18,1215.650024
2011/11/21,1192.97998
2011/11/22,1188.040039
2011/11/23,1161.790039
2011/11/25,1158.670044
2011/11/28,1192.550049
2011/11/29,1195.189941
2011/11/30,1246.959961
2011/12/1,1244.579956
2011/12/2,1244.280029
2011/12/5,1257.079956
2011/12/6,1258.469971
2011/12/7,1261.01001
2011/12/8,1234.349976
2011/12/9,1255.189941
2011/12/12,1236.469971
2011/12/13,1225.72998
2011/12/14,1211.819946
2011/12/15,1215.75
2011/12/16,1219.660034
2011/12/19,1205.349976
2011/12/20,1241.300049
2011/12/21,1243.719971
2011/12/22,1254
2011/12/23,1265.329956
2011/12/27,1265.430054
2011/12/28,1249.640015
2011/12/29,1263.02002
2011/12/30,1257.599976
2012/1/3,1277.060059
2012/1/4,1277.300049
2012/1/5,1281.060059
2012/1/6,1277.810059
2012/1/9,1280.699951
2012/1/10,1292.079956
2012/1/11,1292.47998
2012/1/12,1295.5
2012/1/13,1289.089966
2012/1/17,1293.670044
2012/1/18,1308.040039
2012/1/19,1314.5
2012/1/20,1315.380005
2012/1/23,1316
2012/1/24,1314.650024
2012/1/25,1326.060059
2012/1/26,1318.430054
2012/1/27,1316.329956
2012/1/30,1313.01001
2012/1/31,1312.410034
2012/2/1,1324.089966
2012/2/2,1325.540039
2012/2/3,1344.900024
2012/2/6,1344.329956
2012/2/7,1347.050049
2012/2/8,1349.959961
2012/2/9,1351.949951
2012/2/10,1342.640015
2012/2/13,1351.77002
2012/2/14,1350.5
2012/2/15,1343.22998
2012/2/16,1358.040039
2012/2/17,1361.22998
2012/2/21,1362.209961
2012/2/22,1357.660034
2012/2/23,1363.459961
2012/2/24,1365.73999
2012/2/27,1367.589966
2012/2/28,1372.180054
2012/2/29,1365.680054
2012/3/1,1374.089966
2012/3/2,1369.630005
2012/3/5,1364.329956
2012/3/6,1343.359985
2012/3/7,1352.630005
2012/3/8,1365.910034
2012/3/9,1370.869995
2012/3/12,1371.089966
2012/3/13,1395.949951
2012/3/14,1394.280029
2012/3/15,1402.599976
2012/3/16,1404.170044
2012/3/19,1409.75
2012/3/20,1405.52002
2012/3/21,1402.890015
2012/3/22,1392.780029
2012/3/23,1397.109985
2012/3/26,1416.51001
2012/3/27,1412.52002
2012/3/28,1405.540039
2012/3/29,1403.280029
2012/3/30,1408.469971
2012/4/2,1419.040039
2012/4/3,1413.380005
2012/4/4,1398.959961
2012/4/5,1398.079956
2012/4/9,1382.199951
2012/4/10,1358.589966
2012/4/11,1368.709961
2012/4/12,1387.569946
2012/4/13,1370.26001
2012/4/16,1369.569946
2012/4/17,1390.780029
2012/4/18,1385.140015
2012/4/19,1376.920044
2012/4/20,1378.530029
2012/4/23,1366.939941
2012/4/24,1371.969971
2012/4/25,1390.689941
2012/4/26,1399.97998
2012/4/27,1403.359985
2012/4/30,1397.910034
2012/5/1,1405.819946
2012/5/2,1402.310059
2012/5/3,1391.569946
2012/5/4,1369.099976
2012/5/7,1369.579956
2012/5/8,1363.719971
2012/5/9,1354.579956
2012/5/10,1357.98999
2012/5/11,1353.390015
2012/5/14,1338.349976
2012/5/15,1330.660034
2012/5/16,1324.800049
2012/5/17,1304.859985
2012/5/18,1295.219971
2012/5/21,1315.98999
2012/5/22,1316.630005
2012/5/23,1318.859985
2012/5/24,1320.680054
2012/5/25,1317.819946
2012/5/29,1332.420044
2012/5/30,1313.319946
2012/5/31,1310.329956
2012/6/1,1278.040039
2012/6/4,1278.180054
2012/6/5,1285.5
2012/6/6,1315.130005
2012/6/7,1314.98999
2012/6/8,1325.660034
2012/6/11,1308.930054
2012/6/12,1324.180054
2012/6/13,1314.880005
2012/6/14,1329.099976
2012/6/15,1342.839966
2012/6/18,1344.780029
2012/6/19,1357.97998
2012/6/20,1355.689941
2012/6/21,1325.51001
2012/6/22,1335.02002
2012/6/25,1313.719971
2012/6/26,1319.98999
2012/6/27,1331.849976
2012/6/28,1329.040039
2012/6/29,1362.160034
2012/7/2,1365.51001
2012/7/3,1374.02002
2012/7/5,1367.579956
2012/7/6,1354.680054
2012/7/9,1352.459961
2012/7/10,1341.469971
2012/7/11,1341.449951
2012/7/12,1334.76001
2012/7/13,1356.780029
2012/7/16,1353.640015
2012/7/17,1363.670044
2012/7/18,1372.780029
2012/7/19,1376.51001
2012/7/20,1362.660034
2012/7/23,1350.52002
2012/7/24,1338.310059
2012/7/25,1337.890015
2012/7/26,1360.02002
2012/7/27,1385.969971
2012/7/30,1385.300049
2012/7/31,1379.319946
2012/8/1,1375.319946
2012/8/2,1365
2012/8/3,1390.98999
2012/8/6,1394.22998
2012/8/7,1401.349976
2012/8/8,1402.219971
2012/8/9,1402.800049
2012/8/10,1405.869995
2012/8/13,1404.109985
2012/8/14,1403.930054
2012/8/15,1405.530029
2012/8/16,1415.51001
2012/8/17,1418.160034
2012/8/20,1418.130005
2012/8/21,1413.170044
2012/8/22,1413.48999
2012/8/23,1402.079956
2012/8/24,1411.130005
2012/8/27,1410.439941
2012/8/28,1409.300049
2012/8/29,1410.48999
2012/8/30,1399.47998
2012/8/31,1406.579956
2012/9/4,1404.939941
2012/9/5,1403.439941
2012/9/6,1432.119995
2012/9/7,1437.920044
2012/9/10,1429.079956
2012/9/11,1433.560059
2012/9/12,1436.560059
2012/9/13,1459.98999
2012/9/14,1465.77002
2012/9/17,1461.189941
2012/9/18,1459.319946
2012/9/19,1461.050049
2012/9/20,1460.26001
2012/9/21,1460.150024
2012/9/24,1456.890015
2012/9/25,1441.589966
2012/9/26,1433.319946
2012/9/27,1447.150024
2012/9/28,1440.670044
2012/10/1,1444.48999
2012/10/2,1445.75
2012/10/3,1450.98999
2012/10/4,1461.400024
2012/10/5,1460.930054
2012/10/8,1455.880005
2012/10/9,1441.47998
2012/10/10,1432.560059
2012/10/11,1432.839966
2012/10/12,1428.589966
2012/10/15,1440.130005
2012/10/16,1454.920044
2012/10/17,1460.910034
2012/10/18,1457.339966
2012/10/19,1433.189941
2012/10/22,1433.819946
2012/10/23,1413.109985
2012/10/24,1408.75
2012/10/25,1412.969971
2012/10/26,1411.939941
2012/10/31,1412.160034
2012/11/1,1427.589966
2012/11/2,1414.199951
2012/11/5,1417.26001
2012/11/6,1428.390015
2012/11/7,1394.530029
2012/11/8,1377.51001
2012/11/9,1379.849976
2012/11/12,1380.030029
2012/11/13,1374.530029
2012/11/14,1355.48999
2012/11/15,1353.329956
2012/11/16,1359.880005
2012/11/19,1386.890015
2012/11/20,1387.810059
2012/11/21,1391.030029
2012/11/23,1409.150024
2012/11/26,1406.290039
2012/11/27,1398.939941
2012/11/28,1409.930054
2012/11/29,1415.949951
2012/11/30,1416.180054
2012/12/3,1409.459961
2012/12/4,1407.050049
2012/12/5,1409.280029
2012/12/6,1413.939941
2012/12/7,1418.069946
2012/12/10,1418.550049
2012/12/11,1427.839966
2012/12/12,1428.47998
2012/12/13,1419.449951
2012/12/14,1413.579956
2012/12/17,1430.359985
2012/12/18,1446.790039
2012/12/19,1435.810059
2012/12/20,1443.689941
2012/12/21,1430.150024
2012/12/24,1426.660034
2012/12/26,1419.829956
2012/12/27,1418.099976
2012/12/28,1402.430054
2012/12/31,1426.189941
2013/1/2,1462.420044
2013/1/3,1459.369995
2013/1/4,1466.469971
2013/1/7,1461.890015
2013/1/8,1457.150024
2013/1/9,1461.02002
2013/1/10,1472.119995
2013/1/11,1472.050049
2013/1/14,1470.680054
2013/1/15,1472.339966
2013/1/16,1472.630005
2013/1/17,1480.939941
2013/1/18,1485.97998
2013/1/22,1492.560059
2013/1/23,1494.810059
2013/1/24,1494.819946
2013/1/25,1502.959961
2013/1/28,1500.180054
2013/1/29,1507.839966
2013/1/30,1501.959961
2013/1/31,1498.109985
2013/2/1,1513.170044
2013/2/4,1495.709961
2013/2/5,1511.290039
2013/2/6,1512.119995
2013/2/7,1509.390015
2013/2/8,1517.930054
2013/2/11,1517.01001
2013/2/12,1519.430054
2013/2/13,1520.329956
2013/2/14,1521.380005
2013/2/15,1519.790039
2013/2/19,1530.939941
2013/2/20,1511.949951
2013/2/21,1502.420044
2013/2/22,1515.599976
2013/2/25,1487.849976
2013/2/26,1496.939941
2013/2/27,1515.98999
2013/2/28,1514.680054
2013/3/1,1518.199951
2013/3/4,1525.199951
2013/3/5,1539.790039
2013/3/6,1541.459961
2013/3/7,1544.26001
2013/3/8,1551.180054
2013/3/11,1556.219971
2013/3/12,1552.47998
2013/3/13,1554.52002
2013/3/14,1563.22998
2013/3/15,1560.699951
2013/3/18,1552.099976
2013/3/19,1548.339966
2013/3/20,1558.709961
2013/3/21,1545.800049
2013/3/22,1556.890015
2013/3/25,1551.689941
2013/3/26,1563.77002
2013/3/27,1562.849976
2013/3/28,1569.189941
2013/4/1,1562.170044
2013/4/2,1570.25
2013/4/3,1553.689941
2013/4/4,1559.97998
2013/4/5,1553.280029
2013/4/8,1563.069946
2013/4/9,1568.609985
2013/4/10,1587.72998
2013/4/11,1593.369995
2013/4/12,1588.849976
2013/4/15,1552.359985
2013/4/16,1574.569946
2013/4/17,1552.01001
2013/4/18,1541.609985
2013/4/19,1555.25
2013/4/22,1562.5
2013/4/23,1578.780029
2013/4/24,1578.790039
2013/4/25,1585.160034
2013/4/26,1582.23999
2013/4/29,1593.609985
2013/4/30,1597.569946
2013/5/1,1582.699951
2013/5/2,1597.589966
2013/5/3,1614.420044
2013/5/6,1617.5
2013/5/7,1625.959961
2013/5/8,1632.689941
2013/5/9,1626.670044
2013/5/10,1633.699951
2013/5/13,1633.77002
2013/5/14,1650.339966
2013/5/15,1658.780029
2013/5/16,1650.469971
2013/5/17,1667.469971
2013/5/20,1666.290039
2013/5/21,1669.160034
2013/5/22,1655.349976
2013/5/23,1650.51001
2013/5/24,1649.599976
2013/5/28,1660.060059
2013/5/29,1648.359985
2013/5/30,1654.410034
2013/5/31,1630.73999
2013/6/3,1640.420044
2013/6/4,1631.380005
2013/6/5,1608.900024
2013/6/6,1622.560059
2013/6/7,1643.380005
2013/6/10,1642.810059
2013/6/11,1626.130005
2013/6/12,1612.52002
2013/6/13,1636.359985
2013/6/14,1626.72998
2013/6/17,1639.040039
2013/6/18,1651.810059
2013/6/19,1628.930054
2013/6/20,1588.189941
2013/6/21,1592.430054
2013/6/24,1573.089966
2013/6/25,1588.030029
2013/6/26,1603.26001
2013/6/27,1613.199951
2013/6/28,1606.280029
2013/7/1,1614.959961
2013/7/2,1614.079956
2013/7/3,1615.410034
2013/7/5,1631.890015
2013/7/8,1640.459961
2013/7/9,1652.319946
2013/7/10,1652.619995
2013/7/11,1675.02002
2013/7/12,1680.189941
2013/7/15,1682.5
2013/7/16,1676.26001
2013/7/17,1680.910034
2013/7/18,1689.369995
2013/7/19,1692.089966
2013/7/22,1695.530029
2013/7/23,1692.390015
2013/7/24,1685.939941
2013/7/25,1690.25
2013/7/26,1691.650024
2013/7/29,1685.329956
2013/7/30,1685.959961
2013/7/31,1685.72998
2013/8/1,1706.869995
2013/8/2,1709.670044
2013/8/5,1707.140015
2013/8/6,1697.369995
2013/8/7,1690.910034
2013/8/8,1697.47998
2013/8/9,1691.420044
2013/8/12,1689.469971
2013/8/13,1694.160034
2013/8/14,1685.390015
2013/8/15,1661.319946
2013/8/16,1655.829956
2013/8/19,1646.060059
2013/8/20,1652.349976
2013/8/21,1642.800049
2013/8/22,1656.959961
2013/8/23,1663.5
2013/8/26,1656.780029
2013/8/27,1630.47998
2013/8/28,1634.959961
2013/8/29,1638.170044
2013/8/30,1632.969971
2013/9/3,1639.77002
2013/9/4,1653.079956
2013/9/5,1655.079956
2013/9/6,1655.170044
2013/9/9,1671.709961
2013/9/10,1683.98999
2013/9/11,1689.130005
2013/9/12,1683.420044
2013/9/13,1687.98999
2013/9/16,1697.599976
2013/9/17,1704.76001
2013/9/18,1725.52002
2013/9/19,1722.339966
2013/9/20,1709.910034
2013/9/23,1701.839966
2013/9/24,1697.420044
2013/9/25,1692.77002
2013/9/26,1698.670044
2013/9/27,1691.75
2013/9/30,1681.550049
2013/10/1,1695
2013/10/2,1693.869995
2013/10/3,1678.660034
2013/10/4,1690.5
2013/10/7,1676.119995
2013/10/8,1655.449951
2013/10/9,1656.400024
2013/10/10,1692.560059
2013/10/11,1703.199951
2013/10/14,1710.140015
2013/10/15,1698.060059
2013/10/16,1721.540039
2013/10/17,1733.150024
2013/10/18,1744.5
2013/10/21,1744.660034
2013/10/22,1754.670044
2013/10/23,1746.380005
2013/10/24,1752.069946
2013/10/25,1759.77002
2013/10/28,1762.109985
2013/10/29,1771.949951
2013/10/30,1763.310059
2013/10/31,1756.540039
2013/11/1,1761.640015
2013/11/4,1767.930054
2013/11/5,1762.969971
2013/11/6,1770.48999
2013/11/7,1747.150024
2013/11/8,1770.609985
2013/11/11,1771.890015
2013/11/12,1767.689941
2013/11/13,1782
2013/11/14,1790.619995
2013/11/15,1798.180054
2013/11/18,1791.530029
2013/11/19,1787.869995
2013/11/20,1781.369995
2013/11/21,1795.849976
2013/11/22,1804.76001
2013/11/25,1802.47998
2013/11/26,1802.75
2013/11/27,1807.22998
2013/11/29,1805.810059
2013/12/2,1800.900024
2013/12/3,1795.150024
2013/12/4,1792.810059
2013/12/5,1785.030029
2013/12/6,1805.089966
2013/12/9,1808.369995
2013/12/10,1802.619995
2013/12/11,1782.219971
2013/12/12,1775.5
2013/12/13,1775.319946
2013/12/16,1786.540039
2013/12/17,1781
2013/12/18,1810.650024
2013/12/19,1809.599976
2013/12/20,1818.319946
2013/12/23,1827.98999
2013/12/24,1833.319946
2013/12/26,1842.02002
2013/12/27,1841.400024
2013/12/30,1841.069946
2013/12/31,1848.359985
2014/1/2,1831.97998
2014/1/3,1831.369995
2014/1/6,1826.77002
2014/1/7,1837.880005
2014/1/8,1837.48999
2014/1/9,1838.130005
2014/1/10,1842.369995
2014/1/13,1819.199951
2014/1/14,1838.880005
2014/1/15,1848.380005
2014/1/16,1845.890015
2014/1/17,1838.699951
2014/1/21,1843.800049
2014/1/22,1844.859985
2014/1/23,1828.459961
2014/1/24,1790.290039
2014/1/27,1781.560059
2014/1/28,1792.5
2014/1/29,1774.199951
2014/1/30,1794.189941
2014/1/31,1782.589966
2014/2/3,1741.890015
2014/2/4,1755.199951
2014/2/5,1751.640015
2014/2/6,1773.430054
2014/2/7,1797.02002
2014/2/10,1799.839966
2014/2/11,1819.75
2014/2/12,1819.26001
2014/2/13,1829.829956
2014/2/14,1838.630005
2014/2/18,1840.76001
2014/2/19,1828.75
2014/2/20,1839.780029
2014/2/21,1836.25
2014/2/24,1847.609985
2014/2/25,1845.119995
2014/2/26,1845.160034
2014/2/27,1854.290039
2014/2/28,1859.449951
2014/3/3,1845.72998
2014/3/4,1873.910034
2014/3/5,1873.810059
2014/3/6,1877.030029
2014/3/7,1878.040039
2014/3/10,1877.170044
2014/3/11,1867.630005
2014/3/12,1868.199951
2014/3/13,1846.339966
2014/3/14,1841.130005
2014/3/17,1858.829956
2014/3/18,1872.25
2014/3/19,1860.77002
2014/3/20,1872.01001
2014/3/21,1866.52002
2014/3/24,1857.439941
2014/3/25,1865.619995
2014/3/26,1852.560059
2014/3/27,1849.040039
2014/3/28,1857.619995
2014/3/31,1872.339966
2014/4/1,1885.52002
2014/4/2,1890.900024
2014/4/3,1888.77002
2014/4/4,1865.089966
2014/4/7,1845.040039
2014/4/8,1851.959961
2014/4/9,1872.180054
2014/4/10,1833.079956
2014/4/11,1815.689941
2014/4/14,1830.609985
2014/4/15,1842.97998
2014/4/16,1862.310059
2014/4/17,1864.849976
2014/4/21,1871.890015
2014/4/22,1879.550049
2014/4/23,1875.390015
2014/4/24,1878.609985
2014/4/25,1863.400024
2014/4/28,1869.430054
2014/4/29,1878.329956
2014/4/30,1883.949951
2014/5/1,1883.680054
2014/5/2,1881.140015
2014/5/5,1884.660034
2014/5/6,1867.719971
2014/5/7,1878.209961
2014/5/8,1875.630005
2014/5/9,1878.47998
2014/5/12,1896.650024
2014/5/13,1897.449951
2014/5/14,1888.530029
2014/5/15,1870.849976
2014/5/16,1877.859985
2014/5/19,1885.079956
2014/5/20,1872.829956
2014/5/21,1888.030029
2014/5/22,1892.48999
2014/5/23,1900.530029
2014/5/27,1911.910034
2014/5/28,1909.780029
2014/5/29,1920.030029
2014/5/30,1923.569946
2014/6/2,1924.969971
2014/6/3,1924.23999
2014/6/4,1927.880005
2014/6/5,1940.459961
2014/6/6,1949.439941
2014/6/9,1951.27002
2014/6/10,1950.790039
2014/6/11,1943.890015
2014/6/12,1930.109985
2014/6/13,1936.160034
2014/6/16,1937.780029
2014/6/17,1941.98999
2014/6/18,1956.97998
2014/6/19,1959.47998
2014/6/20,1962.869995
2014/6/23,1962.609985
2014/6/24,1949.97998
2014/6/25,1959.530029
2014/6/26,1957.219971
2014/6/27,1960.959961
2014/6/30,1960.22998
2014/7/1,1973.319946
2014/7/2,1974.619995
2014/7/3,1985.439941
2014/7/7,1977.650024
2014/7/8,1963.709961
2014/7/9,1972.829956
2014/7/10,1964.680054
2014/7/11,1967.569946
2014/7/14,1977.099976
2014/7/15,1973.280029
2014/7/16,1981.569946
2014/7/17,1958.119995
2014/7/18,1978.219971
2014/7/21,1973.630005
2014/7/22,1983.530029
2014/7/23,1987.01001
2014/7/24,1987.97998
2014/7/25,1978.339966
2014/7/28,1978.910034
2014/7/29,1969.949951
2014/7/30,1970.069946
2014/7/31,1930.670044
2014/8/1,1925.150024
2014/8/4,1938.98999
2014/8/5,1920.209961
2014/8/6,1920.23999
2014/8/7,1909.569946
2014/8/8,1931.589966
2014/8/11,1936.920044
2014/8/12,1933.75
2014/8/13,1946.719971
2014/8/14,1955.180054
2014/8/15,1955.060059
2014/8/18,1971.73999
2014/8/19,1981.599976
2014/8/20,1986.51001
2014/8/21,1992.369995
2014/8/22,1988.400024
2014/8/25,1997.920044
2014/8/26,2000.02002
2014/8/27,2000.119995
2014/8/28,1996.73999
2014/8/29,2003.369995
2014/9/2,2002.280029
2014/9/3,2000.719971
2014/9/4,1997.650024
2014/9/5,2007.709961
2014/9/8,2001.540039
2014/9/9,1988.439941
2014/9/10,1995.689941
2014/9/11,1997.449951
2014/9/12,1985.540039
2014/9/15,1984.130005
2014/9/16,1998.97998
2014/9/17,2001.569946
2014/9/18,2011.359985
2014/9/19,2010.400024
2014/9/22,1994.290039
2014/9/23,1982.77002
2014/9/24,1998.300049
2014/9/25,1965.98999
2014/9/26,1982.849976
2014/9/29,1977.800049
2014/9/30,1972.290039
2014/10/1,1946.160034
2014/10/2,1946.170044
2014/10/3,1967.900024
2014/10/6,1964.819946
2014/10/7,1935.099976
2014/10/8,1968.890015
2014/10/9,1928.209961
2014/10/10,1906.130005
2014/10/13,1874.73999
2014/10/14,1877.699951
2014/10/15,1862.48999
2014/10/16,1862.76001
2014/10/17,1886.76001
2014/10/20,1904.01001
2014/10/21,1941.280029
2014/10/22,1927.109985
2014/10/23,1950.819946
2014/10/24,1964.579956
2014/10/27,1961.630005
2014/10/28,1985.050049
2014/10/29,1982.300049
2014/10/30,1994.650024
2014/10/31,2018.050049
2014/11/3,2017.810059
2014/11/4,2012.099976
2014/11/5,2023.569946
2014/11/6,2031.209961
2014/11/7,2031.920044
2014/11/10,2038.26001
2014/11/11,2039.680054
2014/11/12,2038.25
2014/11/13,2039.329956
2014/11/14,2039.819946
2014/11/17,2041.319946
2014/11/18,2051.800049
2014/11/19,2048.719971
2014/11/20,2052.75
2014/11/21,2063.5
2014/11/24,2069.409912
2014/11/25,2067.030029
2014/11/26,2072.830078
2014/11/28,2067.560059
2014/12/1,2053.439941
2014/12/2,2066.550049
2014/12/3,2074.330078
2014/12/4,2071.919922
2014/12/5,2075.370117
2014/12/8,2060.310059
2014/12/9,2059.820068
2014/12/10,2026.140015
2014/12/11,2035.329956
2014/12/12,2002.329956
2014/12/15,1989.630005
2014/12/16,1972.73999
2014/12/17,2012.890015
2014/12/18,2061.22998
2014/12/19,2070.649902
2014/12/22,2078.540039
2014/12/23,2082.169922
2014/12/24,2081.879883
2014/12/26,2088.77002
2014/12/29,2090.570068
2014/12/30,2080.350098
2014/12/31,2058.899902
2015/1/2,2058.199951
2015/1/5,2020.579956
2015/1/6,2002.609985
2015/1/7,2025.900024
2015/1/8,2062.139893
2015/1/9,2044.810059
2015/1/12,2028.26001
2015/1/13,2023.030029
2015/1/14,2011.27002
2015/1/15,1992.670044
2015/1/16,2019.420044
2015/1/20,2022.550049
2015/1/21,2032.119995
2015/1/22,2063.149902
2015/1/23,2051.820068
2015/1/26,2057.090088
2015/1/27,2029.550049
2015/1/28,2002.160034
2015/1/29,2021.25
2015/1/30,1994.98999
2015/2/2,2020.849976
2015/2/3,2050.030029
2015/2/4,2041.51001
2015/2/5,2062.52002
2015/2/6,2055.469971
2015/2/9,2046.73999
2015/2/10,2068.590088
2015/2/11,2068.530029
2015/2/12,2088.47998
2015/2/13,2096.98999
2015/2/17,2100.340088
2015/2/18,2099.679932
2015/2/19,2097.449951
2015/2/20,2110.300049
2015/2/23,2109.659912
2015/2/24,2115.47998
2015/2/25,2113.860107
2015/2/26,2110.73999
2015/2/27,2104.5
2015/3/2,2117.389893
2015/3/3,2107.780029
2015/3/4,2098.530029
2015/3/5,2101.040039
2015/3/6,2071.26001
2015/3/9,2079.429932
2015/3/10,2044.160034
2015/3/11,2040.23999
2015/3/12,2065.949951
2015/3/13,2053.399902
2015/3/16,2081.189941
2015/3/17,2074.280029
2015/3/18,2099.5
2015/3/19,2089.27002
2015/3/20,2108.100098
2015/3/23,2104.419922
2015/3/24,2091.5
2015/3/25,2061.050049
2015/3/26,2056.149902
2015/3/27,2061.02002
2015/3/30,2086.23999
2015/3/31,2067.889893
2015/4/1,2059.689941
2015/4/2,2066.959961
2015/4/6,2080.620117
2015/4/7,2076.330078
2015/4/8,2081.899902
2015/4/9,2091.179932
2015/4/10,2102.060059
2015/4/13,2092.429932
2015/4/14,2095.840088
2015/4/15,2106.629883
2015/4/16,2104.98999
2015/4/17,2081.179932
2015/4/20,2100.399902
2015/4/21,2097.290039
2015/4/22,2107.959961
2015/4/23,2112.929932
2015/4/24,2117.689941
2015/4/27,2108.919922
2015/4/28,2114.76001
2015/4/29,2106.850098
2015/4/30,2085.51001
2015/5/1,2108.290039
2015/5/4,2114.48999
2015/5/5,2089.459961
2015/5/6,2080.149902
2015/5/7,2088
2015/5/8,2116.100098
2015/5/11,2105.330078
2015/5/12,2099.120117
2015/5/13,2098.47998
2015/5/14,2121.100098
2015/5/15,2122.72998
2015/5/18,2129.199951
2015/5/19,2127.830078
2015/5/20,2125.850098
2015/5/21,2130.820068
2015/5/22,2126.060059
2015/5/26,2104.199951
2015/5/27,2123.47998
2015/5/28,2120.790039
2015/5/29,2107.389893
2015/6/1,2111.72998
2015/6/2,2109.600098
2015/6/3,2114.070068
2015/6/4,2095.840088
2015/6/5,2092.830078
2015/6/8,2079.280029
2015/6/9,2080.149902
2015/6/10,2105.199951
2015/6/11,2108.860107
2015/6/12,2094.110107
2015/6/15,2084.429932
2015/6/16,2096.290039
2015/6/17,2100.439941
2015/6/18,2121.23999
2015/6/19,2109.98999
2015/6/22,2122.850098
2015/6/23,2124.199951
2015/6/24,2108.580078
2015/6/25,2102.310059
2015/6/26,2101.48999
2015/6/29,2057.639893
2015/6/30,2063.110107
2015/7/1,2077.419922
2015/7/2,2076.780029
2015/7/6,2068.76001
2015/7/7,2081.340088
2015/7/8,2046.680054
2015/7/9,2051.310059
2015/7/10,2076.620117
2015/7/13,2099.600098
2015/7/14,2108.949951
2015/7/15,2107.399902
2015/7/16,2124.290039
2015/7/17,2126.639893
2015/7/20,2128.280029
2015/7/21,2119.209961
2015/7/22,2114.149902
2015/7/23,2102.149902
2015/7/24,2079.649902
2015/7/27,2067.639893
2015/7/28,2093.25
2015/7/29,2108.570068
2015/7/30,2108.629883
2015/7/31,2103.840088
2015/8/3,2098.040039
2015/8/4,2093.320068
2015/8/5,2099.840088
2015/8/6,2083.560059
2015/8/7,2077.570068
2015/8/10,2104.179932
2015/8/11,2084.070068
2015/8/12,2086.050049
2015/8/13,2083.389893
2015/8/14,2091.540039
2015/8/17,2102.439941
2015/8/18,2096.919922
2015/8/19,2079.610107
2015/8/20,2035.72998
2015/8/21,1970.890015
2015/8/24,1893.209961
2015/8/25,1867.609985
2015/8/26,1940.51001
2015/8/27,1987.660034
2015/8/28,1988.869995
2015/8/31,1972.180054
2015/9/1,1913.849976
2015/9/2,1948.859985
2015/9/3,1951.130005
2015/9/4,1921.219971
2015/9/8,1969.410034
2015/9/9,1942.040039
2015/9/10,1952.290039
2015/9/11,1961.050049
2015/9/14,1953.030029
2015/9/15,1978.089966
2015/9/16,1995.310059
2015/9/17,1990.199951
2015/9/18,1958.030029
2015/9/21,1966.969971
2015/9/22,1942.73999
2015/9/23,1938.76001
2015/9/24,1932.23999
2015/9/25,1931.339966
2015/9/28,1881.77002
2015/9/29,1884.089966
2015/9/30,1920.030029
2015/10/1,1923.819946
2015/10/2,1951.359985
2015/10/5,1987.050049
2015/10/6,1979.920044
2015/10/7,1995.829956
2015/10/8,2013.430054
2015/10/9,2014.890015
2015/10/12,2017.459961
2015/10/13,2003.689941
2015/10/14,1994.23999
2015/10/15,2023.859985
2015/10/16,2033.109985
2015/10/19,2033.660034
2015/10/20,2030.77002
2015/10/21,2018.939941
2015/10/22,2052.51001
2015/10/23,2075.149902
2015/10/26,2071.179932
2015/10/27,2065.889893
2015/10/28,2090.350098
2015/10/29,2089.409912
2015/10/30,2079.360107
2015/11/2,2104.050049
2015/11/3,2109.790039
2015/11/4,2102.310059
2015/11/5,2099.929932
2015/11/6,2099.199951
2015/11/9,2078.580078
2015/11/10,2081.719971
2015/11/11,2075
2015/11/12,2045.969971
2015/11/13,2023.040039
2015/11/16,2053.189941
2015/11/17,2050.439941
2015/11/18,2083.580078
2015/11/19,2081.23999
2015/11/20,2089.169922
2015/11/23,2086.590088
2015/11/24,2089.139893
2015/11/25,2088.870117
2015/11/27,2090.110107
2015/11/30,2080.409912
2015/12/1,2102.629883
2015/12/2,2079.51001
2015/12/3,2049.620117
2015/12/4,2091.689941
2015/12/7,2077.070068
2015/12/8,2063.590088
2015/12/9,2047.619995
2015/12/10,2052.22998
2015/12/11,2012.369995
2015/12/14,2021.939941
2015/12/15,2043.410034
2015/12/16,2073.070068
2015/12/17,2041.890015
2015/12/18,2005.550049
2015/12/21,2021.150024
2015/12/22,2038.969971
2015/12/23,2064.290039
2015/12/24,2060.98999
2015/12/28,2056.5
2015/12/29,2078.360107
2015/12/30,2063.360107
2015/12/31,2043.939941
2016/1/4,2012.660034
2016/1/5,2016.709961
2016/1/6,1990.26001
2016/1/7,1943.089966
2016/1/8,1922.030029
2016/1/11,1923.670044
2016/1/12,1938.680054
2016/1/13,1890.280029
2016/1/14,1921.839966
2016/1/15,1880.329956
2016/1/19,1881.329956
2016/1/20,1859.329956
2016/1/21,1868.98999
2016/1/22,1906.900024
2016/1/25,1877.079956
2016/1/26,1903.630005
2016/1/27,1882.949951
2016/1/28,1893.359985
2016/1/29,1940.23999
2016/2/1,1939.380005
2016/2/2,1903.030029
2016/2/3,1912.530029
2016/2/4,1915.449951
2016/2/5,1880.050049
2016/2/8,1853.439941
2016/2/9,1852.209961
2016/2/10,1851.859985
2016/2/11,1829.079956
2016/2/12,1864.780029
2016/2/16,1895.579956
2016/2/17,1926.819946
2016/2/18,1917.829956
2016/2/19,1917.780029
2016/2/22,1945.5
2016/2/23,1921.27002
2016/2/24,1929.800049
2016/2/25,1951.699951
2016/2/26,1948.050049
2016/2/29,1932.22998
2016/3/1,1978.349976
2016/3/2,1986.449951
2016/3/3,1993.400024
2016/3/4,1999.98999
2016/3/7,2001.76001
2016/3/8,1979.26001
2016/3/9,1989.26001
2016/3/10,1989.569946
2016/3/11,2022.189941
2016/3/14,2019.640015
2016/3/15,2015.930054
2016/3/16,2027.219971
2016/3/17,2040.589966
2016/3/18,2049.580078
2016/3/21,2051.600098
2016/3/22,2049.800049
2016/3/23,2036.709961
2016/3/24,2035.939941
2016/3/28,2037.050049
2016/3/29,2055.01001
2016/3/30,2063.949951
2016/3/31,2059.73999
2016/4/1,2072.780029
2016/4/4,2066.129883
2016/4/5,2045.170044
2016/4/6,2066.659912
2016/4/7,2041.910034
2016/4/8,2047.599976
2016/4/11,2041.98999
2016/4/12,2061.719971
2016/4/13,2082.419922
2016/4/14,2082.780029
2016/4/15,2080.72998
2016/4/18,2094.340088
2016/4/19,2100.800049
2016/4/20,2102.399902
2016/4/21,2091.47998
2016/4/22,2091.580078
2016/4/25,2087.790039
2016/4/26,2091.699951
2016/4/27,2095.149902
2016/4/28,2075.810059
2016/4/29,2065.300049
2016/5/2,2081.429932
2016/5/3,2063.370117
2016/5/4,2051.120117
2016/5/5,2050.629883
2016/5/6,2057.139893
2016/5/9,2058.689941
2016/5/10,2084.389893
2016/5/11,2064.459961
2016/5/12,2064.110107
2016/5/13,2046.609985
2016/5/16,2066.659912
2016/5/17,2047.209961
2016/5/18,2047.630005
2016/5/19,2040.040039
2016/5/20,2052.320068
2016/5/23,2048.040039
2016/5/24,2076.060059
2016/5/25,2090.540039
2016/5/26,2090.100098
2016/5/27,2099.060059
2016/5/31,2096.949951
2016/6/1,2099.330078
2016/6/2,2105.26001
2016/6/3,2099.129883
2016/6/6,2109.409912
2016/6/7,2112.129883
2016/6/8,2119.120117
2016/6/9,2115.47998
2016/6/10,2096.070068
2016/6/13,2079.060059
2016/6/14,2075.320068
2016/6/15,2071.5
2016/6/16,2077.98999
2016/6/17,2071.219971
2016/6/20,2083.25
2016/6/21,2088.899902
2016/6/22,2085.449951
2016/6/23,2113.320068
2016/6/24,2037.410034
2016/6/27,2000.540039
2016/6/28,2036.089966
2016/6/29,2070.77002
2016/6/30,2098.860107
2016/7/1,2102.949951
2016/7/5,2088.550049
2016/7/6,2099.72998
2016/7/7,2097.899902
2016/7/8,2129.899902
2016/7/11,2137.159912
2016/7/12,2152.139893
2016/7/13,2152.429932
2016/7/14,2163.75
2016/7/15,2161.73999
2016/7/18,2166.889893
2016/7/19,2163.780029
2016/7/20,2173.02002
2016/7/21,2165.169922
2016/7/22,2175.030029
2016/7/25,2168.47998
2016/7/26,2169.179932
2016/7/27,2166.580078
2016/7/28,2170.060059
2016/7/29,2173.600098
2016/8/1,2170.840088
2016/8/2,2157.030029
2016/8/3,2163.790039
2016/8/4,2164.25
2016/8/5,2182.870117
2016/8/8,2180.889893
2016/8/9,2181.73999
2016/8/10,2175.48999
2016/8/11,2185.790039
2016/8/12,2184.050049
2016/8/15,2190.149902
2016/8/16,2178.149902
2016/8/17,2182.219971
2016/8/18,2187.02002
2016/8/19,2183.870117
2016/8/22,2182.639893
2016/8/23,2186.899902
2016/8/24,2175.439941
2016/8/25,2172.469971
2016/8/26,2169.040039
2016/8/29,2180.379883
2016/8/30,2176.120117
2016/8/31,2170.949951
2016/9/1,2170.860107
2016/9/2,2179.97998
2016/9/6,2186.47998
2016/9/7,2186.159912
2016/9/8,2181.300049
2016/9/9,2127.810059
2016/9/12,2159.040039
2016/9/13,2127.02002
2016/9/14,2125.77002
2016/9/15,2147.26001
2016/9/16,2139.159912
2016/9/19,2139.120117
2016/9/20,2139.76001
2016/9/21,2163.120117
2016/9/22,2177.179932
2016/9/23,2164.689941
2016/9/26,2146.100098
2016/9/27,2159.929932
2016/9/28,2171.370117
2016/9/29,2151.129883
2016/9/30,2168.27002
2016/10/3,2161.199951
2016/10/4,2150.48999
2016/10/5,2159.72998
2016/10/6,2160.77002
2016/10/7,2153.73999
2016/10/10,2163.659912
2016/10/11,2136.72998
2016/10/12,2139.179932
2016/10/13,2132.550049
2016/10/14,2132.97998
2016/10/17,2126.5
2016/10/18,2139.600098
2016/10/19,2144.290039
2016/10/20,2141.340088
2016/10/21,2141.159912
2016/10/24,2151.330078
2016/10/25,2143.159912
2016/10/26,2139.429932
2016/10/27,2133.040039
2016/10/28,2126.409912
2016/10/31,2126.149902
2016/11/1,2111.719971
2016/11/2,2097.939941
2016/11/3,2088.659912
2016/11/4,2085.179932
2016/11/7,2131.52002
2016/11/8,2139.560059
2016/11/9,2163.26001
2016/11/10,2167.47998
2016/11/11,2164.449951
2016/11/14,2164.199951
2016/11/15,2180.389893
2016/11/16,2176.939941
2016/11/17,2187.120117
2016/11/18,2181.899902
2016/11/21,2198.179932
2016/11/22,2202.939941
2016/11/23,2204.719971
2016/11/25,2213.350098
2016/11/28,2201.719971
2016/11/29,2204.659912
2016/11/30,2198.810059
2016/12/1,2191.080078
2016/12/2,2191.949951
2016/12/5,2204.709961
2016/12/6,2212.22998
2016/12/7,2241.350098
2016/12/8,2246.189941
2016/12/9,2259.530029
2016/12/12,2256.959961
2016/12/13,2271.719971
2016/12/14,2253.280029
2016/12/15,2262.030029
2016/12/16,2258.070068
2016/12/19,2262.530029
2016/12/20,2270.76001
2016/12/21,2265.179932
2016/12/22,2260.959961
2016/12/23,2263.790039
2016/12/27,2268.879883
2016/12/28,2249.919922
2016/12/29,2249.26001
2016/12/30,2238.830078
2017/1/3,2257.830078
2017/1/4,2270.75
2017/1/5,2269
2017/1/6,2276.97998
2017/1/9,2268.899902
2017/1/10,2268.899902
2017/1/11,2275.320068
2017/1/12,2270.439941
2017/1/13,2274.639893
2017/1/17,2267.889893
2017/1/18,2271.889893
2017/1/19,2263.689941
2017/1/20,2271.310059
2017/1/23,2265.199951
2017/1/24,2280.070068
2017/1/25,2298.370117
2017/1/26,2296.679932
2017/1/27,2294.689941
2017/1/30,2280.899902
2017/1/31,2278.870117
2017/2/1,2279.550049
2017/2/2,2280.850098
2017/2/3,2297.419922
2017/2/6,2292.560059
2017/2/7,2293.080078
2017/2/8,2294.669922
2017/2/9,2307.870117
2017/2/10,2316.100098
2017/2/13,2328.25
2017/2/14,2337.580078
2017/2/15,2349.25
2017/2/16,2347.219971
2017/2/17,2351.159912
2017/2/21,2365.379883
2017/2/22,2362.820068
2017/2/23,2363.810059
2017/2/24,2367.340088
2017/2/27,2369.75
2017/2/28,2363.639893
2017/3/1,2395.959961
2017/3/2,2381.919922
2017/3/3,2383.120117
2017/3/6,2375.310059
2017/3/7,2368.389893
2017/3/8,2362.97998
2017/3/9,2364.870117
2017/3/10,2372.600098
2017/3/13,2373.469971
2017/3/14,2365.449951
2017/3/15,2385.26001
2017/3/16,2381.379883
2017/3/17,2378.25
2017/3/20,2373.469971
2017/3/21,2344.02002
2017/3/22,2348.449951
2017/3/23,2345.959961
2017/3/24,2343.97998
2017/3/27,2341.590088
2017/3/28,2358.570068
2017/3/29,2361.129883
2017/3/30,2368.060059
2017/3/31,2362.719971
2017/4/3,2358.840088
2017/4/4,2360.159912
2017/4/5,2352.949951
2017/4/6,2357.48999
2017/4/7,2355.540039
2017/4/10,2357.159912
2017/4/11,2353.780029
2017/4/12,2344.929932
2017/4/13,2328.949951
2017/4/17,2349.01001
2017/4/18,2342.189941
2017/4/19,2338.169922
2017/4/20,2355.840088
2017/4/21,2348.689941
2017/4/24,2374.149902
2017/4/25,2388.610107
2017/4/26,2387.449951
2017/4/27,2388.77002
2017/4/28,2384.199951
2017/5/1,2388.330078
2017/5/2,2391.169922
2017/5/3,2388.129883
2017/5/4,2389.52002
2017/5/5,2399.290039
2017/5/8,2399.379883
2017/5/9,2396.919922
2017/5/10,2399.629883
2017/5/11,2394.439941
2017/5/12,2390.899902
2017/5/15,2402.320068
2017/5/16,2400.669922
2017/5/17,2357.030029
2017/5/18,2365.719971
2017/5/19,2381.72998
2017/5/22,2394.02002
2017/5/23,2398.419922
2017/5/24,2404.389893
2017/5/25,2415.070068
2017/5/26,2415.820068
2017/5/30,2412.909912
2017/5/31,2411.800049
2017/6/1,2430.060059
2017/6/2,2439.070068
2017/6/5,2436.100098
2017/6/6,2429.330078
2017/6/7,2433.139893
2017/6/8,2433.790039
2017/6/9,2431.77002
2017/6/12,2429.389893
2017/6/13,2440.350098
2017/6/14,2437.919922
2017/6/15,2432.459961
2017/6/16,2433.149902
2017/6/19,2453.459961
2017/6/20,2437.030029
2017/6/21,2435.610107
2017/6/22,2434.5
2017/6/23,2438.300049
2017/6/26,2439.070068
2017/6/27,2419.379883
2017/6/28,2440.689941
2017/6/29,2419.699951
2017/6/30,2423.409912
2017/7/3,2429.01001
2017/7/5,2432.540039
2017/7/6,2409.75
2017/7/7,2425.179932
2017/7/10,2427.429932
2017/7/11,2425.530029
2017/7/12,2443.25
2017/7/13,2447.830078
2017/7/14,2459.27002
2017/7/17,2459.139893
2017/7/18,2460.610107
2017/7/19,2473.830078
2017/7/20,2473.449951
2017/7/21,2472.540039
2017/7/24,2469.909912
2017/7/25,2477.129883
2017/7/26,2477.830078
2017/7/27,2475.419922
2017/7/28,2472.100098
2017/7/31,2470.300049
2017/8/1,2476.350098
2017/8/2,2477.570068
2017/8/3,2472.159912
2017/8/4,2476.830078
2017/8/7,2480.909912
2017/8/8,2474.919922
2017/8/9,2474.02002
2017/8/10,2438.209961
2017/8/11,2441.320068
2017/8/14,2465.840088
2017/8/15,2464.610107
2017/8/16,2468.110107
2017/8/17,2430.01001
2017/8/18,2425.550049
2017/8/21,2428.370117
2017/8/22,2452.51001
2017/8/23,2444.040039
2017/8/24,2438.969971
2017/8/25,2443.050049
2017/8/28,2444.23999
2017/8/29,2446.300049
2017/8/30,2457.590088
2017/8/31,2471.649902
2017/9/1,2476.550049
2017/9/5,2457.850098
2017/9/6,2465.540039
2017/9/7,2465.100098
2017/9/8,2461.429932
2017/9/11,2488.110107
2017/9/12,2496.47998
2017/9/13,2498.370117
2017/9/14,2495.620117
2017/9/15,2500.22998
2017/9/18,2503.870117
2017/9/19,2506.649902
2017/9/20,2508.23999
2017/9/21,2500.600098
2017/9/22,2502.219971
2017/9/25,2496.659912
2017/9/26,2496.840088
2017/9/27,2507.040039
2017/9/28,2510.060059
2017/9/29,2519.360107
2017/10/2,2529.120117
2017/10/3,2534.580078
2017/10/4,2537.73999
2017/10/5,2552.070068
2017/10/6,2549.330078
2017/10/9,2544.72998
2017/10/10,2550.639893
2017/10/11,2555.23999
2017/10/12,2550.929932
2017/10/13,2553.169922
2017/10/16,2557.639893
2017/10/17,2559.360107
2017/10/18,2561.26001
2017/10/19,2562.100098
2017/10/20,2575.209961
2017/10/23,2564.97998
2017/10/24,2569.129883
2017/10/25,2557.149902
2017/10/26,2560.399902
2017/10/27,2581.070068
2017/10/30,2572.830078
2017/10/31,2575.26001
2017/11/1,2579.360107
2017/11/2,2579.850098
2017/11/3,2587.840088
2017/11/6,2591.129883
2017/11/7,2590.639893
2017/11/8,2594.379883
2017/11/9,2584.620117
2017/11/10,2582.300049
2017/11/13,2584.840088
2017/11/14,2578.870117
2017/11/15,2564.620117
2017/11/16,2585.639893
2017/11/17,2578.850098
2017/11/20,2582.139893
2017/11/21,2599.030029
2017/11/22,2597.080078
2017/11/24,2602.419922
2017/11/27,2601.419922
2017/11/28,2627.040039
2017/11/29,2626.070068
2017/11/30,2647.580078
2017/12/1,2642.219971
2017/12/4,2639.439941
2017/12/5,2629.570068
2017/12/6,2629.27002
2017/12/7,2636.97998
2017/12/8,2651.5
2017/12/11,2659.98999
2017/12/12,2664.110107
2017/12/13,2662.850098
2017/12/14,2652.01001
2017/12/15,2675.810059
2017/12/18,2690.159912
2017/12/19,2681.469971
2017/12/20,2679.25
2017/12/21,2684.570068
2017/12/22,2683.340088
2017/12/26,2680.5
2017/12/27,2682.620117
2017/12/28,2687.540039
2017/12/29,2673.610107
2018/1/2,2695.810059
2018/1/3,2713.060059
2018/1/4,2723.98999
2018/1/5,2743.149902
2018/1/8,2747.709961
2018/1/9,2751.290039
2018/1/10,2748.22998
2018/1/11,2767.560059
2018/1/12,2786.23999
2018/1/16,2776.419922
2018/1/17,2802.560059
2018/1/18,2798.030029
2018/1/19,2810.300049
2018/1/22,2832.969971
2018/1/23,2839.129883
2018/1/24,2837.540039
2018/1/25,2839.25
2018/1/26,2872.870117
2018/1/29,2853.530029
2018/1/30,2822.429932
2018/1/31,2823.810059
2018/2/1,2821.97998
2018/2/2,2762.129883
2018/2/5,2648.939941
2018/2/6,2695.139893
2018/2/7,2681.659912
2018/2/8,2581
2018/2/9,2619.550049
2018/2/12,2656
2018/2/13,2662.939941
2018/2/14,2698.629883
2018/2/15,2731.199951
2018/2/16,2732.219971
2018/2/20,2716.26001
2018/2/21,2701.330078
2018/2/22,2703.959961
2018/2/23,2747.300049
2018/2/26,2779.600098
2018/2/27,2744.280029
2018/2/28,2713.830078
2018/3/1,2677.669922
2018/3/2,2691.25
2018/3/5,2720.939941
2018/3/6,2728.120117
2018/3/7,2726.800049
2018/3/8,2738.969971
2018/3/9,2786.570068
2018/3/12,2783.02002
2018/3/13,2765.310059
2018/3/14,2749.47998
2018/3/15,2747.330078
2018/3/16,2752.01001
2018/3/19,2712.919922
2018/3/20,2716.939941
2018/3/21,2711.929932
2018/3/22,2643.689941
2018/3/23,2588.26001
2018/3/26,2658.550049
2018/3/27,2612.620117
2018/3/28,2605
2018/3/29,2640.870117
2018/4/2,2581.879883
2018/4/3,2614.449951
2018/4/4,2644.689941
2018/4/5,2662.840088
2018/4/6,2604.469971
2018/4/9,2613.159912
2018/4/10,2656.870117
2018/4/11,2642.189941
2018/4/12,2663.98999
2018/4/13,2656.300049
2018/4/16,2677.840088
2018/4/17,2706.389893
2018/4/18,2708.639893
2018/4/19,2693.129883
2018/4/20,2670.139893
2018/4/23,2670.290039
2018/4/24,2634.560059
2018/4/25,2639.399902
2018/4/26,2666.939941
2018/4/27,2669.909912
2018/4/30,2648.050049
2018/5/1,2654.800049
2018/5/2,2635.669922
2018/5/3,2629.72998
2018/5/4,2663.419922
2018/5/7,2672.629883
2018/5/8,2671.919922
2018/5/9,2697.790039
2018/5/10,2723.070068
2018/5/11,2727.719971
2018/5/14,2730.129883
2018/5/15,2711.449951
2018/5/16,2722.459961
2018/5/17,2720.129883
2018/5/18,2712.969971
2018/5/21,2733.01001
2018/5/22,2724.439941
2018/5/23,2733.290039
2018/5/24,2727.76001
2018/5/25,2721.330078
2018/5/29,2689.860107
2018/5/30,2724.01001
2018/5/31,2705.27002
2018/6/1,2734.620117
2018/6/4,2746.870117
2018/6/5,2748.800049
2018/6/6,2772.350098
2018/6/7,2770.370117
2018/6/8,2779.030029
2018/6/11,2782
2018/6/12,2786.850098
2018/6/13,2775.629883
2018/6/14,2782.48999
2018/6/15,2779.659912
2018/6/18,2773.75
2018/6/19,2762.590088
2018/6/20,2767.320068
2018/6/21,2749.76001
2018/6/22,2754.879883
2018/6/25,2717.070068
2018/6/26,2723.060059
2018/6/27,2699.629883
2018/6/28,2716.310059
2018/6/29,2718.370117
2018/7/2,2726.709961
2018/7/3,2713.219971
2018/7/5,2736.610107
2018/7/6,2759.820068
2018/7/9,2784.169922
2018/7/10,2793.840088
2018/7/11,2774.02002
2018/7/12,2798.290039
2018/7/13,2801.310059
2018/7/16,2798.429932
2018/7/17,2809.550049
2018/7/18,2815.620117
2018/7/19,2804.48999
2018/7/20,2801.830078
2018/7/23,2806.97998
2018/7/24,2820.399902
2018/7/25,2846.070068
2018/7/26,2837.439941
2018/7/27,2818.820068
2018/7/30,2802.600098
2018/7/31,2816.290039
2018/8/1,2813.360107
2018/8/2,2827.219971
2018/8/3,2840.350098
2018/8/6,2850.399902
2018/8/7,2858.449951
2018/8/8,2857.699951
2018/8/9,2853.580078
2018/8/10,2833.280029
2018/8/13,2821.929932
2018/8/14,2839.959961
2018/8/15,2818.370117
2018/8/16,2840.689941
2018/8/17,2850.129883
2018/8/20,2857.050049
2018/8/21,2862.959961
2018/8/22,2861.820068
2018/8/23,2856.97998
2018/8/24,2874.689941
2018/8/27,2896.73999
2018/8/28,2897.52002
2018/8/29,2914.040039
2018/8/30,2901.129883
2018/8/31,2901.52002
2018/9/4,2896.719971
2018/9/5,2888.600098
2018/9/6,2878.050049
2018/9/7,2871.679932
2018/9/10,2877.129883
2018/9/11,2887.889893
2018/9/12,2888.919922
2018/9/13,2904.179932
2018/9/14,2904.97998
2018/9/17,2888.800049
2018/9/18,2904.310059
2018/9/19,2907.949951
2018/9/20,2930.75
2018/9/21,2929.669922
2018/9/24,2919.370117
2018/9/25,2915.560059
2018/9/26,2905.969971
2018/9/27,2914
2018/9/28,2913.97998
2018/10/1,2924.590088
2018/10/2,2923.429932
2018/10/3,2925.51001
2018/10/4,2901.610107
2018/10/5,2885.570068
2018/10/8,2884.429932
2018/10/9,2880.340088
2018/10/10,2785.679932
2018/10/11,2728.370117
2018/10/12,2767.129883
2018/10/15,2750.790039
2018/10/16,2809.919922
2018/10/17,2809.209961
2018/10/18,2768.780029
2018/10/19,2767.780029
2018/10/22,2755.879883
2018/10/23,2740.689941
2018/10/24,2656.100098
2018/10/25,2705.570068
2018/10/26,2658.689941
2018/10/29,2641.25
2018/10/30,2682.629883
2018/10/31,2711.73999
2018/11/1,2740.370117
2018/11/2,2723.060059
2018/11/5,2738.310059
2018/11/6,2755.449951
2018/11/7,2813.889893
2018/11/8,2806.830078
2018/11/9,2781.01001
2018/11/12,2726.219971
2018/11/13,2722.179932
2018/11/14,2701.580078
2018/11/15,2730.199951
2018/11/16,2736.27002
2018/11/19,2690.72998
2018/11/20,2641.889893
2018/11/21,2649.929932
2018/11/23,2632.560059
2018/11/26,2673.449951
2018/11/27,2682.169922
2018/11/28,2743.790039
2018/11/29,2737.800049
2018/11/30,2760.169922
2018/12/3,2790.370117
2018/12/4,2700.060059
2018/12/6,2695.949951
2018/12/7,2633.080078
2018/12/10,2637.719971
2018/12/11,2636.780029
2018/12/12,2651.070068
2018/12/13,2650.540039
2018/12/14,2599.949951
2018/12/17,2545.939941
2018/12/18,2546.159912
2018/12/19,2506.959961
2018/12/20,2467.419922
2018/12/21,2416.620117
2018/12/24,2351.100098
2018/12/26,2467.699951
2018/12/27,2488.830078
2018/12/28,2485.73999
2018/12/31,2506.850098
2019/1/2,2510.030029
2019/1/3,2447.889893
2019/1/4,2531.939941
2019/1/7,2549.689941
2019/1/8,2574.409912
2019/1/9,2584.959961
2019/1/10,2596.639893
2019/1/11,2596.26001
2019/1/14,2582.610107
2019/1/15,2610.300049
2019/1/16,2616.100098
2019/1/17,2635.959961
2019/1/18,2670.709961
2019/1/22,2632.899902
2019/1/23,2638.699951
2019/1/24,2642.330078
2019/1/25,2664.76001
2019/1/28,2643.850098
2019/1/29,2640
2019/1/30,2681.050049
2019/1/31,2704.100098
2019/2/1,2706.530029
2019/2/4,2724.870117
2019/2/5,2737.699951
2019/2/6,2731.610107
2019/2/7,2706.050049
2019/2/8,2707.879883
2019/2/11,2709.800049
2019/2/12,2744.72998
2019/2/13,2753.030029
2019/2/14,2745.72998
2019/2/15,2775.600098
2019/2/19,2779.76001
2019/2/20,2784.699951
2019/2/21,2774.879883
2019/2/22,2792.669922
2019/2/25,2796.110107
2019/2/26,2793.899902
2019/2/27,2792.379883
2019/2/28,2784.48999
2019/3/1,2803.689941
2019/3/4,2792.810059
2019/3/5,2789.649902
2019/3/6,2771.449951
2019/3/7,2748.929932
2019/3/8,2743.070068
2019/3/11,2783.300049
2019/3/12,2791.52002
2019/3/13,2810.919922
2019/3/14,2808.47998
2019/3/15,2822.47998
2019/3/18,2832.939941
2019/3/19,2832.570068
2019/3/20,2824.22998
2019/3/21,2854.879883
2019/3/22,2800.709961
2019/3/25,2798.360107
2019/3/26,2818.459961
2019/3/27,2805.370117
2019/3/28,2815.439941
2019/3/29,2834.399902
2019/4/1,2867.189941
2019/4/2,2867.23999
2019/4/3,2873.399902
2019/4/4,2879.389893
2019/4/5,2892.73999
2019/4/8,2895.77002
2019/4/9,2878.199951
2019/4/10,2888.209961
2019/4/11,2888.320068
2019/4/12,2907.409912
2019/4/15,2905.580078
2019/4/16,2907.060059
2019/4/17,2900.449951
2019/4/18,2905.030029
2019/4/22,2907.969971
2019/4/23,2933.679932
2019/4/24,2927.25
2019/4/25,2926.169922
2019/4/26,2939.879883
2019/4/29,2943.030029
2019/4/30,2945.830078
2019/5/1,2923.72998
2019/5/2,2917.52002
2019/5/3,2945.639893
2019/5/6,2932.469971
2019/5/7,2884.050049
2019/5/8,2879.419922
2019/5/9,2870.719971
2019/5/10,2881.399902
2019/5/13,2811.870117
2019/5/14,2834.409912
2019/5/15,2850.959961
2019/5/16,2876.320068
2019/5/17,2859.530029
2019/5/20,2840.22998
2019/5/21,2864.360107
2019/5/22,2856.27002
2019/5/23,2822.23999
2019/5/24,2826.060059
2019/5/28,2802.389893
2019/5/29,2783.02002
2019/5/30,2788.860107
2019/5/31,2752.060059
2019/6/3,2744.449951
2019/6/4,2803.27002
2019/6/5,2826.149902
2019/6/6,2843.48999
2019/6/7,2873.340088
2019/6/10,2886.72998
2019/6/11,2885.719971
2019/6/12,2879.840088
2019/6/13,2891.639893
2019/6/14,2886.97998
2019/6/17,2889.669922
2019/6/18,2917.75
2019/6/19,2926.459961
2019/6/20,2954.179932
2019/6/21,2950.459961
2019/6/24,2945.350098
2019/6/25,2917.379883
2019/6/26,2913.780029
2019/6/27,2924.919922
2019/6/28,2941.76001
2019/7/1,2964.330078
2019/7/2,2973.01001
2019/7/3,2995.820068
2019/7/5,2990.409912
2019/7/8,2975.949951
2019/7/9,2979.629883
2019/7/10,2993.070068
2019/7/11,2999.909912
2019/7/12,3013.77002
2019/7/15,3014.300049
2019/7/16,3004.040039
2019/7/17,2984.419922
2019/7/18,2995.110107
2019/7/19,2976.610107
2019/7/22,2985.030029
2019/7/23,3005.469971
2019/7/24,3019.560059
2019/7/25,3003.669922
2019/7/26,3025.860107
2019/7/29,3020.969971
2019/7/30,3013.179932
2019/7/31,2980.379883
2019/8/1,2953.560059
2019/8/2,2932.050049
2019/8/5,2844.73999
2019/8/6,2881.77002
2019/8/7,2883.97998
2019/8/8,2938.090088
2019/8/9,2918.649902
2019/8/12,2882.699951
2019/8/13,2926.320068
2019/8/14,2840.600098
2019/8/15,2847.600098
2019/8/16,2888.679932
2019/8/19,2923.649902
2019/8/20,2900.51001
2019/8/21,2924.429932
2019/8/22,2922.949951
2019/8/23,2847.110107
2019/8/26,2878.379883
2019/8/27,2869.159912
2019/8/28,2887.939941
2019/8/29,2924.580078
2019/8/30,2926.459961
2019/9/3,2906.27002
2019/9/4,2937.780029
2019/9/5,2976
2019/9/6,2978.709961
2019/9/9,2978.429932
2019/9/10,2979.389893
2019/9/11,3000.929932
2019/9/12,3009.570068
2019/9/13,3007.389893
2019/9/16,2997.959961
2019/9/17,3005.699951
2019/9/18,3006.72998
2019/9/19,3006.790039
2019/9/20,2992.070068
2019/9/23,2991.780029
2019/9/24,2966.600098
2019/9/25,2984.870117
2019/9/26,2977.620117
2019/9/27,2961.790039
2019/9/30,2976.73999
2019/10/1,2940.25
2019/10/2,2887.610107
2019/10/3,2910.629883
2019/10/4,2952.01001
2019/10/7,2938.790039
2019/10/8,2893.060059
2019/10/9,2919.399902
2019/10/10,2938.129883
2019/10/11,2970.27002
2019/10/14,2966.149902
2019/10/15,2995.679932
2019/10/16,2989.689941
2019/10/17,2997.949951
2019/10/18,2986.199951
2019/10/21,3006.719971
2019/10/22,2995.98999
2019/10/23,3004.52002
2019/10/24,3010.290039
2019/10/25,3022.550049
2019/10/28,3039.419922
2019/10/29,3036.889893
2019/10/30,3046.77002
2019/10/31,3037.560059
2019/11/1,3066.909912
2019/11/4,3078.27002
2019/11/5,3074.620117
2019/11/6,3076.780029
2019/11/7,3085.179932
2019/11/8,3093.080078
2019/11/11,3087.01001
2019/11/12,3091.840088
2019/11/13,3094.040039
2019/11/14,3096.629883
2019/11/15,3120.459961
2019/11/18,3122.030029
2019/11/19,3120.179932
2019/11/20,3108.459961
2019/11/21,3103.540039
2019/11/22,3110.290039
2019/11/25,3133.639893
2019/11/26,3140.52002
2019/11/27,3153.629883
2019/11/29,3140.97998
2019/12/2,3113.870117
2019/12/3,3093.199951
2019/12/4,3112.76001
2019/12/5,3117.429932
2019/12/6,3145.909912
2019/12/9,3135.959961
2019/12/10,3132.52002
2019/12/11,3141.629883
2019/12/12,3168.570068
2019/12/13,3168.800049
2019/12/16,3191.449951
2019/12/17,3192.52002
2019/12/18,3191.139893
2019/12/19,3205.370117
2019/12/20,3221.219971
2019/12/23,3224.01001
2019/12/24,3223.379883
2019/12/26,3239.909912
2019/12/27,3240.02002
2019/12/30,3221.290039
2019/12/31,3230.780029
2020/1/2,3257.850098
2020/1/3,3234.850098
2020/1/6,3246.280029
2020/1/7,3237.179932
2020/1/8,3253.050049
2020/1/9,3274.699951
2020/1/10,3265.350098
2020/1/13,3288.129883
2020/1/14,3283.149902
2020/1/15,3289.290039
2020/1/16,3316.810059
2020/1/17,3329.620117
2020/1/21,3320.790039
2020/1/22,3321.75
2020/1/23,3325.540039
2020/1/24,3295.469971
2020/1/27,3243.629883
2020/1/28,3276.23999
2020/1/29,3273.399902
2020/1/30,3283.659912
2020/1/31,3225.52002
2020/2/3,3248.919922
2020/2/4,3297.590088
2020/2/5,3334.689941
2020/2/6,3345.780029
2020/2/7,3327.709961
2020/2/10,3352.090088
2020/2/11,3357.75
2020/2/12,3379.449951
2020/2/13,3373.939941
2020/2/14,3380.159912
2020/2/18,3370.290039
2020/2/19,3386.149902
2020/2/20,3373.22998
2020/2/21,3337.75
2020/2/24,3225.889893
2020/2/25,3128.209961
2020/2/26,3116.389893
2020/2/27,2978.76001
2020/2/28,2954.219971
2020/3/2,3090.22998
2020/3/3,3003.370117
2020/3/4,3130.120117
2020/3/5,3023.939941
2020/3/6,2972.370117
2020/3/9,2746.560059
2020/3/10,2882.22998
2020/3/11,2741.379883
2020/3/12,2480.639893
2020/3/13,2711.02002
2020/3/16,2386.129883
2020/3/17,2529.189941
2020/3/18,2398.100098
2020/3/19,2409.389893
2020/3/20,2304.919922
2020/3/23,2237.399902
2020/3/24,2447.330078
2020/3/25,2475.560059
2020/3/26,2630.070068
2020/3/27,2541.469971
2020/3/30,2626.649902
2020/3/31,2584.590088
2020/4/1,2470.5
2020/4/2,2526.899902
2020/4/3,2488.649902
2020/4/6,2663.679932
2020/4/7,2659.409912
2020/4/8,2749.97998
2020/4/9,2789.820068
2020/4/13,2761.629883
2020/4/14,2846.060059
2020/4/15,2783.360107
2020/4/16,2799.550049
2020/4/17,2874.560059
2020/4/20,2823.159912
2020/4/21,2736.560059
2020/4/22,2799.310059
2020/4/23,2797.800049
2020/4/24,2836.73999
2020/4/27,2878.47998
2020/4/28,2863.389893
2020/4/29,2939.51001
2020/4/30,2912.429932
2020/5/1,2830.709961
2020/5/4,2842.73999
2020/5/5,2868.439941
2020/5/6,2848.419922
2020/5/7,2881.189941
2020/5/8,2929.800049
2020/5/11,2930.189941
2020/5/12,2870.120117
2020/5/13,2820
2020/5/14,2852.5
2020/5/15,2863.699951
2020/5/18,2953.909912
2020/5/19,2922.939941
2020/5/20,2971.610107
2020/5/21,2948.51001
2020/5/22,2955.449951
2020/5/26,2991.77002
2020/5/27,3036.129883
2020/5/28,3029.72998
2020/5/29,3044.310059
2020/6/1,3055.72998
2020/6/2,3080.820068
2020/6/3,3122.870117
2020/6/4,3112.350098
2020/6/5,3193.929932
2020/6/8,3232.389893
2020/6/9,3207.179932
2020/6/10,3190.139893
2020/6/11,3002.100098
2020/6/12,3041.310059
2020/6/15,3066.590088
2020/6/16,3124.73999
2020/6/17,3113.48999
2020/6/18,3115.340088
2020/6/19,3097.73999
2020/6/22,3117.860107
2020/6/23,3131.290039
2020/6/24,3050.330078
2020/6/25,3083.76001
2020/6/26,3009.050049
2020/6/29,3053.23999
2020/6/30,3100.290039
2020/7/1,3115.860107
2020/7/2,3130.01001
2020/7/6,3179.719971
2020/7/7,3145.320068
2020/7/8,3169.939941
2020/7/9,3152.050049
2020/7/10,3185.040039
2020/7/13,3155.219971
2020/7/14,3197.52002
2020/7/15,3226.560059
2020/7/16,3215.570068
2020/7/17,3224.72998
2020/7/20,3251.840088
2020/7/21,3257.300049
2020/7/22,3276.02002
2020/7/23,3235.659912
2020/7/24,3215.629883
2020/7/27,3239.409912
2020/7/28,3218.439941
2020/7/29,3258.439941
2020/7/30,3246.219971
2020/7/31,3271.120117
2020/8/3,3294.610107
2020/8/4,3306.51001
2020/8/5,3327.77002
2020/8/6,3349.159912
2020/8/7,3351.280029
2020/8/10,3360.469971
2020/8/11,3333.689941
2020/8/12,3380.350098
2020/8/13,3373.429932
2020/8/14,3372.850098
2020/8/17,3381.98999
2020/8/18,3389.780029
2020/8/19,3374.850098
2020/8/20,3385.51001
2020/8/21,3397.159912
2020/8/24,3431.280029
2020/8/25,3443.620117
2020/8/26,3478.72998
2020/8/27,3484.550049
2020/8/28,3508.01001
2020/8/31,3500.310059
2020/9/1,3526.649902
2020/9/2,3580.840088
2020/9/3,3455.060059
2020/9/4,3426.959961
2020/9/8,3331.840088
2020/9/9,3398.959961
2020/9/10,3339.189941
2020/9/11,3340.969971
2020/9/14,3383.540039
2020/9/15,3401.199951
2020/9/16,3385.48999
2020/9/17,3357.01001
2020/9/18,3319.469971
2020/9/21,3281.060059
2020/9/22,3315.570068
2020/9/23,3236.919922
2020/9/24,3246.590088
2020/9/25,3298.459961
2020/9/28,3351.600098
2020/9/29,3335.469971
2020/9/30,3363
2020/10/1,3380.800049
2020/10/2,3348.419922
2020/10/5,3408.600098
2020/10/6,3360.969971
2020/10/7,3419.439941
2020/10/8,3446.830078
2020/10/9,3477.139893
2020/10/12,3534.219971
2020/10/13,3511.929932
2020/10/14,3488.669922
2020/10/15,3483.340088
2020/10/16,3483.810059
2020/10/19,3426.919922
2020/10/20,3443.120117
2020/10/21,3435.560059
2020/10/22,3453.48999
2020/10/23,3465.389893
2020/10/26,3400.969971
2020/10/27,3390.679932
2020/10/28,3271.030029
2020/10/29,3310.110107
2020/10/30,3269.959961
2020/11/2,3310.23999
2020/11/3,3369.159912
2020/11/4,3443.439941
2020/11/5,3510.449951
2020/11/6,3509.439941
2020/11/9,3550.5
2020/11/10,3545.530029
2020/11/11,3572.659912
2020/11/12,3537.01001
2020/11/13,3585.149902
2020/11/16,3626.909912
2020/11/17,3609.530029
2020/11/18,3567.790039
2020/11/19,3581.870117
2020/11/20,3557.540039
2020/11/23,3577.590088
2020/11/24,3635.409912
2020/11/25,3629.649902
2020/11/27,3638.350098
2020/11/30,3621.629883
2020/12/1,3662.449951
2020/12/2,3669.01001
2020/12/3,3666.719971
2020/12/4,3699.120117
2020/12/7,3691.959961
2020/12/8,3702.25
2020/12/9,3672.820068
2020/12/10,3668.100098
2020/12/11,3663.459961
2020/12/14,3647.48999
2020/12/15,3694.620117
2020/12/16,3701.169922
2020/12/17,3722.47998
2020/12/18,3709.409912
2020/12/21,3694.919922
2020/12/22,3687.26001
2020/12/23,3690.01001
2020/12/24,3703.060059
2020/12/28,3735.360107
2020/12/29,3727.040039
2020/12/30,3732.040039
2020/12/31,3756.070068
2021/1/4,3700.649902
2021/1/5,3726.860107
2021/1/6,3748.139893
2021/1/7,3803.790039
2021/1/8,3824.679932
2021/1/11,3799.610107
2021/1/12,3801.189941
2021/1/13,3809.840088
2021/1/14,3795.540039
2021/1/15,3768.25
2021/1/19,3798.909912
2021/1/20,3851.850098
2021/1/21,3853.070068
2021/1/22,3841.469971
2021/1/25,3855.360107
2021/1/26,3849.620117
2021/1/27,3750.77002
2021/1/28,3787.379883
2021/1/29,3714.23999
2021/2/1,3773.860107
2021/2/2,3826.310059
2021/2/3,3830.169922
2021/2/4,3871.73999
2021/2/5,3886.830078
2021/2/8,3915.590088
2021/2/9,3911.22998
2021/2/10,3909.879883
2021/2/11,3916.379883
2021/2/12,3934.830078
2021/2/16,3932.590088
2021/2/17,3931.330078
2021/2/18,3913.969971
2021/2/19,3906.709961
2021/2/22,3876.5
2021/2/23,3881.370117
2021/2/24,3925.429932
2021/2/25,3829.340088
2021/2/26,3811.149902
2021/3/1,3901.820068
2021/3/2,3870.290039
2021/3/3,3819.719971
2021/3/4,3768.469971
2021/3/5,3841.939941
2021/3/8,3821.350098
2021/3/9,3875.439941
2021/3/10,3898.810059
2021/3/11,3939.340088
2021/3/12,3943.340088
2021/3/15,3968.939941
2021/3/16,3962.709961
2021/3/17,3974.120117
2021/3/18,3915.459961
2021/3/19,3913.100098
2021/3/22,3940.590088
2021/3/23,3910.52002
2021/3/24,3889.139893
2021/3/25,3909.52002
2021/3/26,3974.540039
2021/3/29,3971.090088
2021/3/30,3958.550049
2021/3/31,3972.889893
2021/4/1,4019.870117
2021/4/5,4077.909912
2021/4/6,4073.939941
2021/4/7,4079.949951
2021/4/8,4097.169922
2021/4/9,4128.799805
2021/4/12,4127.990234
2021/4/13,4141.589844
2021/4/14,4124.660156
2021/4/15,4170.419922
2021/4/16,4185.470215
2021/4/19,4163.259766
2021/4/20,4134.939941
2021/4/21,4173.419922
2021/4/22,4134.97998
2021/4/23,4180.169922
2021/4/26,4187.620117
2021/4/27,4186.720215
2021/4/28,4183.180176
2021/4/29,4211.470215
2021/4/30,4181.169922
2021/5/3,4192.660156
2021/5/4,4164.660156
2021/5/5,4167.589844
2021/5/6,4201.620117
2021/5/7,4232.600098
2021/5/10,4188.430176
2021/5/11,4152.100098
2021/5/12,4063.040039
2021/5/13,4112.5
2021/5/14,4173.850098
2021/5/17,4163.290039
2021/5/18,4127.830078
2021/5/19,4115.680176
2021/5/20,4159.120117
2021/5/21,4155.859863
2021/5/24,4197.049805
2021/5/25,4188.129883
2021/5/26,4195.990234
2021/5/27,4200.879883
2021/5/28,4204.109863
2021/6/1,4202.040039
2021/6/2,4208.120117
2021/6/3,4192.850098
2021/6/4,4229.890137
2021/6/7,4226.52002
2021/6/8,4227.259766
2021/6/9,4219.549805
2021/6/10,4239.180176
2021/6/11,4247.439941
2021/6/14,4255.149902
2021/6/15,4246.589844
2021/6/16,4223.700195
2021/6/17,4221.859863
2021/6/18,4166.450195
2021/6/21,4224.790039
2021/6/22,4246.439941
2021/6/23,4241.839844
2021/6/24,4266.490234
2021/6/25,4280.700195
2021/6/28,4290.609863
2021/6/29,4291.799805
2021/6/30,4297.5
2021/7/1,4319.939941
2021/7/2,4352.339844
2021/7/6,4343.540039
2021/7/7,4358.129883
2021/7/8,4320.819824
2021/7/9,4369.549805
2021/7/12,4384.629883
2021/7/13,4369.209961
2021/7/14,4374.299805
2021/7/15,4360.029785
2021/7/16,4327.160156
2021/7/19,4258.490234
2021/7/20,4323.060059
2021/7/21,4358.689941
2021/7/22,4367.47998
2021/7/23,4411.790039
2021/7/26,4422.299805
2021/7/27,4401.459961
2021/7/28,4400.640137
2021/7/29,4419.149902
2021/7/30,4395.259766
2021/8/2,4387.160156
2021/8/3,4423.149902
2021/8/4,4402.660156
2021/8/5,4429.100098
2021/8/6,4436.52002
2021/8/9,4432.350098
2021/8/10,4436.75
2021/8/11,4442.410156
2021/8/12,4460.830078
2021/8/13,4468
2021/8/16,4479.709961
2021/8/17,4448.080078
2021/8/18,4400.27002
2021/8/19,4405.799805
2021/8/20,4441.669922
2021/8/23,4479.529785
2021/8/24,4486.22998
2021/8/25,4496.189941
2021/8/26,4470
2021/8/27,4509.370117
2021/8/30,4528.790039
2021/8/31,4522.680176
2021/9/1,4524.089844
2021/9/2,4536.950195
2021/9/3,4535.430176
2021/9/7,4520.029785
2021/9/8,4514.069824
2021/9/9,4493.279785
2021/9/10,4458.580078
2021/9/13,4468.72998
2021/9/14,4443.049805
2021/9/15,4480.700195
2021/9/16,4473.75
2021/9/17,4432.990234
2021/9/20,4357.72998
2021/9/21,4354.189941
2021/9/22,4395.640137
2021/9/23,4448.97998
2021/9/24,4455.47998
2021/9/27,4443.109863
2021/9/28,4352.629883
2021/9/29,4359.459961
2021/9/30,4307.540039
2021/10/1,4357.040039
2021/10/4,4300.459961
2021/10/5,4345.720215
2021/10/6,4363.549805
2021/10/7,4399.759766
2021/10/8,4391.339844
2021/10/11,4361.189941
2021/10/12,4350.649902
2021/10/13,4363.799805
2021/10/14,4438.259766
2021/10/15,4471.370117
2021/10/18,4486.459961
2021/10/19,4519.629883
2021/10/20,4536.189941
2021/10/21,4549.779785
2021/10/22,4544.899902
2021/10/25,4566.47998
2021/10/26,4574.790039
2021/10/27,4551.680176
2021/10/28,4596.419922
2021/10/29,4605.379883
2021/11/1,4613.669922
2021/11/2,4630.649902
2021/11/3,4660.569824
2021/11/4,4680.060059
2021/11/5,4697.529785
2021/11/8,4701.700195
2021/11/9,4685.25
2021/11/10,4646.709961
2021/11/11,4649.27002
2021/11/12,4682.850098
2021/11/15,4682.799805
2021/11/16,4700.899902
2021/11/17,4688.669922
2021/11/18,4704.540039
2021/11/19,4697.959961
2021/11/22,4682.939941
2021/11/23,4690.700195
2021/11/24,4701.459961
2021/11/26,4594.620117
2021/11/29,4655.27002
2021/11/30,4567
2021/12/1,4513.040039
2021/12/2,4577.100098
2021/12/3,4538.430176
2021/12/6,4591.669922
2021/12/7,4686.75
2021/12/8,4701.209961
2021/12/9,4667.450195
2021/12/10,4712.02002
2021/12/13,4668.970215
2021/12/14,4634.089844
2021/12/15,4709.850098
2021/12/16,4668.669922
2021/12/17,4620.640137
2021/12/20,4568.02002
2021/12/21,4649.22998
2021/12/22,4696.560059
2021/12/23,4725.790039
2021/12/27,4791.189941
2021/12/28,4786.350098
2021/12/29,4793.060059
2021/12/30,4778.72998
2021/12/31,4766.180176
2022/1/3,4796.560059
2022/1/4,4793.540039
2022/1/5,4700.580078
2022/1/6,4696.049805
2022/1/7,4677.029785
2022/1/10,4670.290039
2022/1/11,4713.069824
2022/1/12,4726.350098
2022/1/13,4659.029785
2022/1/14,4662.850098
2022/1/18,4577.109863
2022/1/19,4532.759766
2022/1/20,4482.72998
2022/1/21,4397.939941
2022/1/24,4410.129883
2022/1/25,4356.450195
2022/1/26,4349.930176
2022/1/27,4326.509766
2022/1/28,4431.850098
2022/1/31,4515.549805
2022/2/1,4546.540039
2022/2/2,4589.379883
2022/2/3,4477.439941
2022/2/4,4500.529785
2022/2/7,4483.870117
2022/2/8,4521.540039
2022/2/9,4587.180176
2022/2/10,4504.080078
2022/2/11,4418.640137
2022/2/14,4401.669922
2022/2/15,4471.069824
2022/2/16,4475.009766
2022/2/17,4380.259766
2022/2/18,4348.870117
2022/2/22,4304.759766
2022/2/23,4225.5
2022/2/24,4288.700195
2022/2/25,4384.649902
2022/2/28,4373.939941
2022/3/1,4306.259766
2022/3/2,4386.540039
2022/3/3,4363.490234
2022/3/4,4328.870117
2022/3/7,4201.089844
2022/3/8,4170.700195
2022/3/9,4277.879883
2022/3/10,4259.52002
2022/3/11,4204.310059
2022/3/14,4173.109863
2022/3/15,4262.450195
2022/3/16,4357.859863
2022/3/17,4411.669922
2022/3/18,4463.120117
2022/3/21,4461.180176
2022/3/22,4511.609863
2022/3/23,4456.240234
2022/3/24,4520.160156
2022/3/25,4543.060059
2022/3/28,4575.52002
2022/3/29,4631.600098
2022/3/30,4602.450195
2022/3/31,4530.410156
2022/4/1,4545.859863
2022/4/4,4582.640137
2022/4/5,4525.120117
2022/4/6,4481.149902
2022/4/7,4500.209961
2022/4/8,4488.279785
2022/4/11,4412.529785
2022/4/12,4397.450195
2022/4/13,4446.589844
2022/4/14,4392.589844
2022/4/18,4391.689941
2022/4/19,4462.209961
2022/4/20,4459.450195
2022/4/21,4393.660156
2022/4/22,4271.779785
2022/4/25,4296.120117
2022/4/26,4175.200195
2022/4/27,4183.959961
2022/4/28,4287.5
2022/4/29,4131.930176
2022/5/2,4155.379883
2022/5/3,4175.47998
2022/5/4,4300.169922
2022/5/5,4146.870117
2022/5/6,4123.339844
2022/5/9,3991.23999
2022/5/10,4001.050049
2022/5/11,3935.179932
2022/5/12,3930.080078
2022/5/13,4023.889893
2022/5/16,4008.01001
2022/5/17,4088.850098
2022/5/18,3923.679932
2022/5/19,3900.790039
2022/5/20,3901.360107
2022/5/23,3973.75
2022/5/24,3941.47998
2022/5/25,3978.72998
2022/5/26,4057.840088
2022/5/27,4158.240234
2022/5/31,4132.149902
2022/6/1,4101.22998
2022/6/2,4176.819824
2022/6/3,4108.540039
2022/6/6,4121.430176
2022/6/7,4160.680176
2022/6/8,4115.77002
2022/6/9,4017.820068
2022/6/10,3900.860107
2022/6/13,3749.629883
2022/6/14,3735.47998
2022/6/15,3789.98999
2022/6/16,3666.77002
2022/6/17,3674.840088
2022/6/21,3764.790039
2022/6/22,3759.889893
2022/6/23,3795.72998
2022/6/24,3911.73999
2022/6/27,3900.110107
2022/6/28,3821.550049
2022/6/29,3818.830078
2022/6/30,3785.379883
2022/7/1,3825.330078
2022/7/5,3831.389893
2022/7/6,3845.080078
2022/7/7,3902.620117
2022/7/8,3899.379883
2022/7/11,3854.429932
2022/7/12,3818.800049
2022/7/13,3801.780029
2022/7/14,3790.379883
2022/7/15,3863.159912
2022/7/18,3830.850098
2022/7/19,3936.689941
2022/7/20,3959.899902
2022/7/21,3998.949951
2022/7/22,3961.629883
2022/7/25,3966.840088
2022/7/26,3921.050049
2022/7/27,4023.610107
2022/7/28,4072.429932
2022/7/29,4130.290039
2022/8/1,4118.629883
2022/8/2,4091.189941
2022/8/3,4155.169922
2022/8/4,4151.939941
2022/8/5,4145.189941
2022/8/8,4140.060059
2022/8/9,4122.470215
2022/8/10,4210.240234
2022/8/11,4207.27002
2022/8/12,4280.149902
2022/8/15,4297.140137
2022/8/16,4305.200195
2022/8/17,4274.040039
2022/8/18,4283.740234
2022/8/19,4228.47998
2022/8/22,4137.990234
2022/8/23,4128.72998
2022/8/24,4140.77002
2022/8/25,4199.120117
2022/8/26,4057.659912
2022/8/29,4030.610107
2022/8/30,3986.159912
2022/8/31,3955
2022/9/1,3966.850098
2022/9/2,3924.26001
2022/9/6,3908.189941
2022/9/7,3979.870117
2022/9/8,4006.179932
2022/9/9,4067.360107
2022/9/12,4110.410156
2022/9/13,3932.689941
2022/9/14,3946.01001
2022/9/15,3901.350098
2022/9/16,3873.330078
2022/9/19,3899.889893
2022/9/20,3855.929932
2022/9/21,3789.929932
2022/9/22,3757.98999
2022/9/23,3693.22998
2022/9/26,3655.040039
2022/9/27,3647.290039
2022/9/28,3719.040039
2022/9/29,3640.469971
2022/9/30,3585.620117
2022/10/3,3678.429932
2022/10/4,3790.929932
2022/10/5,3783.280029
2022/10/6,3744.52002
2022/10/7,3639.659912
2022/10/10,3612.389893
2022/10/11,3588.840088
2022/10/12,3577.030029
2022/10/13,3669.909912
2022/10/14,3583.070068
2022/10/17,3677.949951
2022/10/18,3719.97998
2022/10/19,3695.159912
2022/10/20,3665.780029
2022/10/21,3752.75
2022/10/24,3797.340088
2022/10/25,3859.110107
2022/10/26,3830.600098
2022/10/27,3807.300049
2022/10/28,3901.060059
2022/10/31,3871.97998
2022/11/1,3856.100098
2022/11/2,3759.689941
2022/11/3,3719.889893
2022/11/4,3770.550049
2022/11/7,3806.800049
2022/11/8,3828.110107
2022/11/9,3748.570068
2022/11/10,3956.370117
2022/11/11,3992.929932
2022/11/14,3957.25
2022/11/15,3991.72998
2022/11/16,3958.790039
2022/11/17,3946.560059
2022/11/18,3965.340088
2022/11/21,3949.939941
2022/11/22,4003.580078
2022/11/23,4027.26001
2022/11/25,4026.120117
2022/11/28,3963.939941
2022/11/29,3957.629883
2022/11/30,4080.110107
2022/12/1,4076.570068
2022/12/2,4071.699951
2022/12/5,3998.840088
2022/12/6,3941.26001
2022/12/7,3933.919922
2022/12/8,3963.51001
2022/12/9,3934.379883
2022/12/12,3990.560059
2022/12/13,4019.649902
2022/12/14,3995.320068
2022/12/15,3895.75
2022/12/16,3852.360107
2022/12/19,3817.659912
2022/12/20,3821.620117
2022/12/21,3878.439941
2022/12/22,3822.389893
2022/12/23,3844.820068
2022/12/27,3829.25
2022/12/28,3783.219971
2022/12/29,3849.280029
2022/12/30,3839.5
2023/1/3,3824.139893
2023/1/4,3852.969971
2023/1/5,3808.100098
2023/1/6,3895.080078
2023/1/9,3892.090088
2023/1/10,3919.25
2023/1/11,3969.610107
2023/1/12,3983.169922
2023/1/13,3999.090088
2023/1/17,3990.969971
2023/1/18,3928.860107
2023/1/19,3898.850098
2023/1/20,3972.610107
2023/1/23,4019.810059
2023/1/24,4016.949951
2023/1/25,4016.219971
2023/1/26,4060.429932
2023/1/27,4070.560059
2023/1/30,4017.77002
2023/1/31,4076.600098
2023/2/1,4119.209961
2023/2/2,4179.759766
2023/2/3,4136.47998
2023/2/6,4111.080078
2023/2/7,4164
2023/2/8,4117.859863
2023/2/9,4081.5
2023/2/10,4090.459961
2023/2/13,4137.290039
2023/2/14,4136.129883
2023/2/15,4147.600098
2023/2/16,4090.409912
2023/2/17,4079.090088
2023/2/21,3997.340088
2023/2/22,3991.050049
2023/2/23,4012.320068
2023/2/24,3970.040039
2023/2/27,3982.23999
2023/2/28,3970.149902
2023/3/1,3951.389893
2023/3/2,3981.350098
2023/3/3,4045.639893
2023/3/6,4048.419922
2023/3/7,3986.370117
2023/3/8,3992.01001
2023/3/9,3918.320068
2023/3/10,3861.590088
2023/3/13,3855.76001
2023/3/14,3919.290039
2023/3/15,3891.929932
2023/3/16,3960.280029
2023/3/17,3916.639893
2023/3/20,3951.570068
2023/3/21,4002.870117
2023/3/22,3936.969971
2023/3/23,3948.719971
2023/3/24,3970.98999
2023/3/27,3977.530029
2023/3/28,3971.27002
2023/3/29,4027.810059
2023/3/30,4050.830078
2023/3/31,4109.310059
2023/4/3,4124.509766
2023/4/4,4100.600098
2023/4/5,4090.379883
2023/4/6,4105.02002
2023/4/10,4109.109863
2023/4/11,4108.939941
2023/4/12,4091.949951
2023/4/13,4146.220215
2023/4/14,4137.640137
2023/4/17,4151.319824
2023/4/18,4154.870117
2023/4/19,4154.52002
2023/4/20,4129.790039
2023/4/21,4133.52002
2023/4/24,4137.040039
2023/4/25,4071.629883
2023/4/26,4055.98999
2023/4/27,4135.350098
2023/4/28,4169.47998
2023/5/1,4167.870117
2023/5/2,4119.580078
2023/5/3,4090.75
2023/5/4,4061.219971
2023/5/5,4136.25
2023/5/8,4138.120117
2023/5/9,4119.169922
2023/5/10,4137.640137
2023/5/11,4130.620117
2023/5/12,4124.080078
2023/5/15,4136.279785
2023/5/16,4109.899902
2023/5/17,4158.77002
2023/5/18,4198.049805
2023/5/19,4191.97998
2023/5/22,4192.629883
2023/5/23,4145.580078
2023/5/24,4115.240234
2023/5/25,4151.279785
2023/5/26,4205.450195
2023/5/30,4205.52002
2023/5/31,4179.830078
2023/6/1,4221.02002
2023/6/2,4282.370117
2023/6/5,4273.790039
2023/6/6,4283.850098
2023/6/7,4267.52002
2023/6/8,4293.930176
2023/6/9,4298.859863
2023/6/12,4338.930176
2023/6/13,4369.009766
2023/6/14,4372.589844
2023/6/15,4425.839844
2023/6/16,4409.589844
2023/6/20,4388.709961
2023/6/21,4365.689941
2023/6/22,4381.890137
2023/6/23,4348.330078
2023/6/26,4328.819824
2023/6/27,4378.410156
2023/6/28,4376.859863
2023/6/29,4396.439941
2023/6/30,4450.379883
2023/7/3,4455.589844
2023/7/5,4446.819824
2023/7/6,4411.589844
2023/7/7,4398.950195
2023/7/10,4409.529785
2023/7/11,4439.259766
2023/7/12,4472.160156
2023/7/13,4510.040039
2023/7/14,4505.419922
2023/7/17,4522.790039
2023/7/18,4554.97998
2023/7/19,4565.720215
2023/7/20,4534.870117
2023/7/21,4536.339844
2023/7/24,4554.640137
2023/7/25,4567.459961
2023/7/26,4566.75
2023/7/27,4537.410156
2023/7/28,4582.22998
2023/7/31,4588.959961
2023/8/1,4576.72998
2023/8/2,4513.390137
2023/8/3,4501.890137
2023/8/4,4478.029785
2023/8/7,4518.439941
2023/8/8,4499.379883
2023/8/9,4467.709961
2023/8/10,4468.830078
2023/8/11,4464.049805
2023/8/14,4489.720215
2023/8/15,4437.859863
2023/8/16,4404.330078
2023/8/17,4370.359863
2023/8/18,4369.709961
2023/8/21,4399.77002
2023/8/22,4387.549805
2023/8/23,4436.009766
2023/8/24,4376.310059
2023/8/25,4405.709961
2023/8/28,4433.310059
2023/8/29,4497.629883
2023/8/30,4514.870117
2023/8/31,4507.660156
2023/9/1,4515.77002
2023/9/5,4496.830078
2023/9/6,4465.47998
2023/9/7,4451.140137
2023/9/8,4457.490234
2023/9/11,4487.459961
2023/9/12,4461.899902
2023/9/13,4467.439941
2023/9/14,4505.100098
2023/9/15,4450.319824
2023/9/18,4453.529785
2023/9/19,4443.950195
2023/9/20,4402.200195
2023/9/21,4330
2023/9/22,4320.060059
2023/9/25,4337.439941
2023/9/26,4273.529785
2023/9/27,4274.509766
2023/9/28,4299.700195
2023/9/29,4288.049805
2023/10/2,4288.390137
2023/10/3,4229.450195
2023/10/4,4263.75
2023/10/5,4258.189941
2023/10/6,4308.5
2023/10/9,4335.660156
2023/10/10,4358.240234
2023/10/11,4376.950195
2023/10/12,4349.609863
2023/10/13,4327.779785
2023/10/16,4373.629883
2023/10/17,4373.200195
2023/10/18,4314.600098
2023/10/19,4278
2023/10/20,4224.160156
2023/10/23,4217.040039
2023/10/24,4247.680176
2023/10/25,4186.77002
2023/10/26,4137.22998
2023/10/27,4117.370117
2023/10/30,4166.819824
2023/10/31,4193.799805
2023/11/1,4237.859863
2023/11/2,4317.779785
2023/11/3,4358.339844
2023/11/6,4365.97998
2023/11/7,4378.379883
2023/11/8,4382.779785
2023/11/9,4347.350098
2023/11/10,4415.240234
2023/11/13,4411.549805
2023/11/14,4495.700195
2023/11/15,4502.879883
2023/11/16,4508.240234
2023/11/17,4514.02002
2023/11/20,4547.379883
2023/11/21,4538.189941
2023/11/22,4556.620117
2023/11/24,4559.339844
2023/11/27,4550.430176
2023/11/28,4554.890137
2023/11/29,4550.580078
2023/11/30,4567.799805
2023/12/1,4594.629883
2023/12/4,4569.779785
2023/12/5,4567.180176
2023/12/6,4549.339844
2023/12/7,4585.589844
2023/12/8,4604.370117
2023/12/11,4622.439941
2023/12/12,4643.700195
2023/12/13,4707.089844
2023/12/14,4719.549805
2023/12/15,4719.189941
2023/12/18,4740.560059
2023/12/19,4768.370117
2023/12/20,4698.350098
2023/12/21,4746.75
2023/12/22,4754.629883
2023/12/26,4774.75
2023/12/27,4781.580078
2023/12/28,4783.350098
2023/12/29,4769.830078
2024/1/2,4742.830078
2024/1/3,4704.810059
2024/1/4,4688.680176
2024/1/5,4697.240234
2024/1/8,4763.540039
2024/1/9,4756.5
2024/1/10,4783.450195
2024/1/11,4780.240234
2024/1/12,4783.830078
2024/1/16,4765.97998
2024/1/17,4739.209961
2024/1/18,4780.939941
2024/1/19,4839.810059
2024/1/22,4850.430176
2024/1/23,4864.600098
2024/1/24,4868.549805
2024/1/25,4894.160156
2024/1/26,4890.970215
2024/1/29,4927.930176
2024/1/30,4924.970215
2024/1/31,4845.649902
2024/2/1,4906.189941
2024/2/2,4958.609863
2024/2/5,4942.810059
2024/2/6,4954.22998
2024/2/7,4995.060059
2024/2/8,4997.910156
2024/2/9,5026.609863
2024/2/12,5021.839844
2024/2/13,4953.169922
2024/2/14,5000.620117
2024/2/15,5029.72998
2024/2/16,5005.569824
2024/2/20,4975.509766
2024/2/21,4981.799805
2024/2/22,5087.029785
2024/2/23,5088.799805
2024/2/26,5069.529785
2024/2/27,5078.180176
2024/2/28,5069.759766
2024/2/29,5096.27002
2024/3/1,5137.080078
2024/3/4,5130.950195
2024/3/5,5078.649902
2024/3/6,5104.759766
2024/3/7,5157.359863
2024/3/8,5123.689941
2024/3/11,5117.939941
2024/3/12,5175.27002
2024/3/13,5165.310059
2024/3/14,5150.47998
2024/3/15,5117.089844
2024/3/18,5149.419922
2024/3/19,5178.509766
2024/3/20,5224.620117
2024/3/21,5241.529785
2024/3/22,5234.180176
2024/3/25,5218.189941
2024/3/26,5203.580078
2024/3/27,5248.490234
2024/3/28,5254.350098
2024/4/1,5243.77002
2024/4/2,5205.810059
2024/4/3,5211.490234
2024/4/4,5147.209961
2024/4/5,5204.339844
2024/4/8,5202.390137
2024/4/9,5209.910156
2024/4/10,5160.640137
2024/4/11,5199.060059
2024/4/12,5123.410156
2024/4/15,5061.819824
2024/4/16,5051.410156
2024/4/17,5022.209961
2024/4/18,5011.120117
2024/4/19,4967.22998
2024/4/22,5010.600098
2024/4/23,5070.549805
2024/4/24,5071.629883
2024/4/25,5048.419922
2024/4/26,5099.959961
2024/4/29,5116.169922
2024/4/30,5035.689941
2024/5/1,5018.390137
2024/5/2,5064.200195
2024/5/3,5127.790039
2024/5/6,5180.740234
2024/5/7,5187.700195
2024/5/8,5187.669922
2024/5/9,5214.080078
2024/5/10,5222.680176
2024/5/13,5221.419922
2024/5/14,5246.680176
2024/5/15,5308.149902
2024/5/16,5297.100098
2024/5/17,5303.27002
2024/5/20,5308.129883
2024/5/21,5321.410156
2024/5/22,5307.009766
2024/5/23,5267.839844
2024/5/24,5304.720215
2024/5/28,5306.040039
2024/5/29,5266.950195
2024/5/30,5235.47998
2024/5/31,5277.509766
2024/6/3,5283.399902
2024/6/4,5291.339844
2024/6/5,5354.029785
2024/6/6,5352.959961
2024/6/7,5346.990234
2024/6/10,5360.790039
2024/6/11,5375.319824
2024/6/12,5421.029785
2024/6/13,5433.740234
2024/6/14,5431.600098
2024/6/17,5473.22998
2024/6/18,5487.029785
2024/6/20,5473.169922
2024/6/21,5464.620117
2024/6/24,5447.870117
2024/6/25,5469.299805
2024/6/26,5477.899902
2024/6/27,5482.870117
2024/6/28,5460.47998
2024/7/1,5475.089844
2024/7/2,5509.009766
2024/7/3,5537.02002
2024/7/5,5567.189941
2024/7/8,5572.850098
2024/7/9,5576.97998
2024/7/10,5633.910156
2024/7/11,5584.540039
2024/7/12,5615.350098
2024/7/15,5631.220215
2024/7/16,5667.200195
2024/7/17,5588.27002
2024/7/18,5544.589844
2024/7/19,5505
2024/7/22,5564.410156
2024/7/23,5555.740234
2024/7/24,5427.129883
2024/7/25,5399.220215
2024/7/26,5459.100098
2024/7/29,5463.540039
2024/7/30,5436.439941
2024/7/31,5522.299805
2024/8/1,5446.680176
2024/8/2,5346.560059
2024/8/5,5186.330078
2024/8/6,5240.029785
2024/8/7,5199.5
2024/8/8,5319.310059
2024/8/9,5344.160156
2024/8/12,5344.390137
2024/8/13,5434.430176
2024/8/14,5455.209961
2024/8/15,5543.220215
2024/8/16,5554.25
2024/8/19,5608.25
2024/8/20,5597.120117
2024/8/21,5620.850098
2024/8/22,5570.640137
2024/8/23,5634.609863
2024/8/26,5616.839844
2024/8/27,5625.799805
2024/8/28,5592.180176
2024/8/29,5591.959961
2024/8/30,5648.399902
2024/9/3,5528.930176
2024/9/4,5520.069824
2024/9/5,5503.410156
2024/9/6,5408.419922
2024/9/9,5471.049805
2024/9/10,5495.52002
2024/9/11,5554.129883
2024/9/12,5595.759766
2024/9/13,5626.02002
2024/9/16,5633.089844
2024/9/17,5634.580078
2024/9/18,5618.259766
2024/9/19,5713.640137
2024/9/20,5702.549805
2024/9/23,5718.569824
2024/9/24,5732.930176
2024/9/25,5722.259766
2024/9/26,5745.370117
2024/9/27,5738.169922
2024/9/30,5762.47998
2024/10/1,5708.75
2024/10/2,5709.540039
2024/10/3,5699.939941
2024/10/4,5751.069824
2024/10/7,5695.939941
2024/10/8,5751.129883
2024/10/9,5792.040039
2024/10/10,5780.049805
2024/10/11,5815.029785
2024/10/14,5859.850098
2024/10/15,5815.259766
2024/10/16,5842.470215
2024/10/17,5841.470215
2024/10/18,5864.669922
2024/10/21,5853.97998
2024/10/22,5851.200195
2024/10/23,5797.419922
2024/10/24,5809.859863
2024/10/25,5808.120117
2024/10/28,5823.52002
2024/10/29,5832.919922
2024/10/30,5813.669922
2024/10/31,5705.450195
2024/11/1,5728.799805
2024/11/4,5712.689941
2024/11/5,5782.759766
2024/11/6,5929.040039
2024/11/7,5973.100098
2024/11/8,5995.540039
2024/11/11,6001.350098
2024/11/12,5983.990234
2024/11/13,5985.379883
2024/11/14,5949.169922
2024/11/15,5870.620117
2024/11/18,5893.620117
2024/11/19,5916.97998
2024/11/20,5917.109863
2024/11/21,5948.709961
2024/11/22,5969.339844
2024/11/25,5987.370117
2024/11/26,6021.629883
2024/11/27,5998.740234
2024/11/29,6032.379883
2024/12/2,6047.149902
2024/12/3,6049.879883
2024/12/4,6086.490234
2024/12/5,6075.109863
2024/12/6,6090.27002
2024/12/9,6052.850098
2024/12/10,6034.910156
2024/12/11,6084.189941
2024/12/12,6051.25
2024/12/13,6051.089844
2024/12/16,6074.080078
2024/12/17,6050.609863
2024/12/18,5872.160156
2024/12/19,5867.080078
2024/12/20,5930.850098
2024/12/23,5974.069824
2024/12/24,6040.040039
2024/12/26,6037.589844
2024/12/27,5970.839844
2024/12/30,5906.939941
2024/12/31,5881.629883
2025/1/2,5868.549805
2025/1/3,5942.470215
2025/1/6,5975.379883
2025/1/7,5909.029785
2025/1/8,5918.25
2025/1/10,5827.040039
2025/1/13,5836.220215
2025/1/14,5842.910156
2025/1/15,5949.910156
2025/1/16,5937.339844
2025/1/17,5996.660156
2025/1/21,6049.240234
2025/1/22,6086.370117
2025/1/23,6118.709961
2025/1/24,6101.240234
2025/1/27,6012.279785
2025/1/28,6067.700195
2025/1/29,6039.310059
2025/1/30,6071.169922
2025/1/31,6040.529785
2025/2/3,5994.569824
2025/2/4,6037.879883
2025/2/5,6061.47998
2025/2/6,6083.569824
2025/2/7,6025.990234
2025/2/10,6066.439941
2025/2/11,6068.5
2025/2/12,6051.970215
2025/2/13,6115.069824
2025/2/14,6114.629883
2025/2/18,6129.580078
2025/2/19,6144.149902
2025/2/20,6117.52002
2025/2/21,6013.129883
2025/2/24,5983.25
2025/2/25,5955.25
2025/2/26,5956.060059
2025/2/27,5861.569824
2025/2/28,5954.5
2025/3/3,5849.720215
2025/3/4,5778.149902
2025/3/5,5842.629883
2025/3/6,5738.52002
2025/3/7,5770.200195
2025/3/10,5614.560059
2025/3/11,5572.069824
2025/3/12,5599.299805
2025/3/13,5521.52002
2025/3/14,5638.939941
2025/3/17,5675.120117
2025/3/18,5614.660156
2025/3/19,5675.290039
2025/3/20,5662.890137
2025/3/21,5667.560059
2025/3/24,5767.569824
2025/3/25,5776.649902
2025/3/26,5712.200195
2025/3/27,5693.310059
2025/3/28,5580.939941
2025/3/31,5611.850098
2025/4/1,5633.069824
2025/4/2,5670.970215
2025/4/3,5396.52002
2025/4/4,5074.080078
2025/4/7,5062.25
2025/4/8,4982.77002
2025/4/9,5456.899902
2025/4/10,5268.049805
2025/4/11,5363.359863
2025/4/14,5405.970215
2025/4/15,5396.629883
2025/4/16,5275.700195
2025/4/17,5282.700195
2025/4/21,5158.200195
2025/4/22,5287.759766
2025/4/23,5375.859863
2025/4/24,5484.77002
2025/4/25,5525.209961
2025/4/28,5528.75
2025/4/29,5560.830078
2025/4/30,5569.060059
2025/5/1,5604.140137
2025/5/2,5686.669922
2025/5/5,5650.379883
2025/5/6,5606.910156
2025/5/7,5631.279785
2025/5/8,5663.939941
2025/5/9,5659.910156
2025/5/12,5844.189941
2025/5/13,5886.549805
2025/5/14,5892.580078
2025/5/15,5916.930176
2025/5/16,5958.379883
2025/5/19,5963.600098
2025/5/20,5940.459961
